X1,X2,X3,X4,X5,X6,y
0.0,1.0,0.01695,0.06239,0.96552,0.0,0.94086
0.0,1.0,0.01695,0.47943,0.65517,0.0,0.52222
0.0,1.0,0.0339,0.12738,0.7931,0.0,0.65724
0.0,1.0,0.0339,0.29902,0.7931,0.0,0.65724
0.0,1.0,0.0339,0.33048,0.34483,0.0,0.65724
0.0,1.0,0.0339,0.39623,0.03448,0.0,0.52222
0.0,1.0,0.0678,0.08813,0.75862,0.0,0.90426
0.0,1.0,0.0678,0.21253,0.62069,0.0,0.65724
0.0,1.0,0.0678,0.97489,0.13793,0.0,0.60596
0.0,1.0,0.08475,0.24928,0.48276,0.0,0.90426
0.0,1.0,0.10169,0.00195,0.82759,0.0,0.80699
0.0,1.0,0.11864,0.20571,0.13793,0.0,0.90426
0.0,1.0,0.18644,0.31736,0.03448,0.0,0.65724
0.0,1.0,0.18644,0.48305,0.03448,0.0,0.65724
0.0,1.0,0.18644,0.49682,0.34483,0.0,0.65724
0.0,1.0,0.18644,0.86605,0.0,1.0,0.52222
0.0,1.0,0.20339,0.38399,0.44828,0.0,0.65724
0.0,1.0,0.22034,0.0857,0.37931,0.0,0.65724
0.0,1.0,0.22034,0.17462,0.68966,0.0,0.65724
0.0,1.0,0.22034,0.50375,0.34483,0.0,0.65724
0.0,1.0,0.23729,0.86807,1.0,0.0,0.65724
0.0,1.0,0.25424,0.08615,0.72414,0.0,0.90426
0.0,1.0,0.25424,0.68809,0.96552,0.0,0.60596
0.0,1.0,0.27119,0.59272,0.06897,0.0,0.65724
0.0,1.0,0.28814,0.22352,0.96552,0.0,0.65724
0.0,1.0,0.28814,0.97647,0.10345,0.0,0.65724
0.0,1.0,0.30508,0.26891,0.51724,0.0,0.65724
0.0,1.0,0.30508,0.35843,0.48276,0.0,0.65724
0.0,1.0,0.30508,0.80449,0.96552,0.0,0.60596
0.0,1.0,0.32203,0.0372,0.82759,0.0,0.66556
0.0,1.0,0.32203,0.05581,0.89655,0.0,0.65724
0.0,1.0,0.32203,0.98139,0.7931,0.0,0.65724
0.0,1.0,0.37288,0.41818,0.0,1.0,0.65104
0.0,1.0,0.37288,0.95041,0.44828,0.0,0.60596
0.0,1.0,0.38983,0.94447,0.86207,0.0,0.60596
0.0,1.0,0.40678,0.48527,0.51724,0.0,0.60596
0.0,1.0,0.42373,0.59643,0.24138,0.0,0.65724
0.0,1.0,0.42373,0.9063,0.93103,0.0,0.60596
0.0,1.0,0.44068,0.82591,0.27586,0.0,0.65724
0.0,1.0,0.45763,0.02373,0.31034,0.0,0.65724
0.0,1.0,0.47458,0.55087,0.72414,0.0,0.65724
0.0,1.0,0.47458,0.69346,0.34483,0.0,0.65724
0.0,1.0,0.47458,0.75664,0.62069,0.0,0.60596
0.0,1.0,0.47458,0.78751,1.0,0.0,0.52222
0.0,1.0,0.50847,0.476,0.48276,0.0,0.70659
0.0,1.0,0.50847,0.84603,0.03448,0.0,0.52222
0.0,1.0,0.52542,0.71944,0.58621,0.0,0.65724
0.0,1.0,0.54237,0.88878,0.31034,0.0,0.65724
0.0,1.0,0.57627,0.18516,0.06897,0.0,0.65724
0.0,1.0,0.57627,0.28225,0.03448,0.0,0.77983
0.0,1.0,0.59322,0.84677,0.89655,0.0,0.65724
0.0,1.0,0.61017,0.02455,0.44828,0.0,0.65724
0.0,1.0,0.62712,0.16299,0.65517,0.0,0.65724
0.0,1.0,0.62712,0.75506,0.72414,0.0,0.65104
0.0,1.0,0.64407,0.69731,0.51724,0.0,0.65724
0.0,1.0,0.64407,0.79589,0.0,1.0,0.65724
0.0,1.0,0.67797,0.09077,0.31034,0.0,0.90426
0.0,1.0,0.69492,0.06702,0.27586,0.0,0.83373
0.0,1.0,0.69492,0.31654,0.65517,0.0,0.65724
0.0,1.0,0.71186,0.19471,0.93103,0.0,0.65345
0.0,1.0,0.72881,0.25831,0.24138,0.0,0.65724
0.0,1.0,0.72881,0.79776,0.24138,0.0,0.65724
0.0,1.0,0.76271,0.05979,0.17241,0.0,0.94086
0.0,1.0,0.76271,0.79373,0.72414,0.0,0.65724
0.0,1.0,0.77966,0.03317,0.86207,0.0,0.65724
0.0,1.0,0.79661,0.3391,0.51724,0.0,0.65724
0.0,1.0,0.79661,0.99189,0.17241,0.0,0.65724
0.0,1.0,0.81356,0.49417,0.31034,0.0,0.65724
0.0,1.0,0.81356,0.63894,0.17241,0.0,0.65724
0.0,1.0,0.83051,0.78276,0.0,1.0,0.52222
0.0,1.0,0.86441,0.22322,0.89655,0.0,0.65724
0.0,1.0,0.88136,0.64548,0.55172,0.0,0.65724
0.0,1.0,0.89831,0.0071,0.13793,0.0,0.63727
0.0,1.0,0.89831,0.397,0.86207,0.0,0.65724
0.0,1.0,0.91525,0.08394,0.10345,0.0,0.65724
0.0,1.0,0.9322,0.82552,0.37931,0.0,0.60596
0.0,1.0,0.94915,0.72947,0.48276,0.0,0.52222
0.0,1.0,0.9661,0.34793,1.0,0.0,0.65724
0.01667,0.0,0.01695,0.22981,1.0,0.0,0.90426
0.01667,0.0,0.0678,0.10857,0.31034,0.0,0.80939
0.01667,0.0,0.08475,0.39741,0.89655,0.0,0.52222
0.01667,0.0,0.08475,0.67502,0.13793,0.0,0.65724
0.01667,0.0,0.10169,0.1589,0.89655,0.0,0.90426
0.01667,0.0,0.10169,0.23192,0.03448,0.0,0.65724
0.01667,0.0,0.10169,0.95151,0.34483,0.0,0.65104
0.01667,0.0,0.11864,0.37124,0.24138,0.0,0.65724
0.01667,0.0,0.13559,0.44382,0.48276,0.0,0.52222
0.01667,0.0,0.13559,0.47079,0.65517,0.0,0.65104
0.01667,0.0,0.13559,0.88003,0.65517,0.0,0.52222
0.01667,0.0,0.15254,0.4777,1.0,0.0,0.69028
0.01667,0.0,0.15254,0.54571,0.96552,0.0,0.65104
0.01667,0.0,0.15254,0.61707,0.62069,0.0,0.52222
0.01667,0.0,0.16949,0.16392,0.48276,0.0,0.65724
0.01667,0.0,0.16949,0.282,0.27586,0.0,0.77983
0.01667,0.0,0.16949,0.62319,0.0,1.0,0.65724
0.01667,0.0,0.20339,0.00834,0.58621,0.0,0.74542
0.01667,0.0,0.20339,0.5571,0.0,1.0,0.52222
0.01667,0.0,0.20339,0.74957,0.96552,0.0,0.52222
0.01667,0.0,0.20339,0.93328,0.2069,0.0,0.65724
0.01667,0.0,0.22034,0.92455,0.58621,0.0,0.52222
0.01667,0.0,0.23729,0.39755,0.27586,0.0,0.65724
0.01667,0.0,0.25424,0.21331,0.72414,0.0,0.77983
0.01667,0.0,0.25424,0.90276,0.41379,0.0,0.65724
0.01667,0.0,0.27119,0.3441,0.68966,0.0,0.52222
0.01667,0.0,0.28814,0.24119,0.27586,0.0,0.65724
0.01667,0.0,0.28814,0.62461,0.55172,0.0,0.60596
0.01667,0.0,0.30508,0.75254,0.75862,0.0,0.65724
0.01667,0.0,0.32203,0.30979,0.89655,0.0,0.52222
0.01667,0.0,0.32203,0.37759,0.24138,0.0,0.52222
0.01667,0.0,0.32203,0.41478,0.96552,0.0,0.65724
0.01667,0.0,0.32203,0.83943,0.93103,0.0,0.60596
0.01667,0.0,0.33898,0.15365,0.13793,0.0,0.71745
0.01667,0.0,0.35593,0.29363,0.41379,0.0,0.77983
0.01667,0.0,0.35593,0.65941,0.55172,0.0,0.65724
0.01667,0.0,0.38983,0.12555,0.31034,0.0,0.88928
0.01667,0.0,0.38983,0.8146,0.51724,0.0,0.65724
0.01667,0.0,0.44068,0.07288,0.51724,0.0,0.81504
0.01667,0.0,0.44068,0.54892,0.34483,0.0,0.52222
0.01667,0.0,0.45763,0.71687,0.65517,0.0,0.60596
0.01667,0.0,0.45763,0.8871,0.27586,0.0,0.65104
0.01667,0.0,0.47458,0.11637,0.2069,0.0,0.80939
0.01667,0.0,0.47458,0.31861,0.51724,0.0,0.77983
0.01667,0.0,0.50847,0.19952,0.93103,0.0,0.71745
0.01667,0.0,0.52542,0.89285,0.93103,0.0,0.65724
0.01667,0.0,0.54237,0.68761,0.51724,0.0,0.65724
0.01667,0.0,0.55932,0.96893,0.96552,0.0,0.65724
0.01667,0.0,0.57627,0.86805,0.58621,0.0,0.52222
0.01667,0.0,0.57627,0.98123,0.62069,0.0,0.52222
0.01667,0.0,0.62712,0.39974,0.44828,0.0,0.65104
0.01667,0.0,0.62712,0.64858,0.44828,0.0,0.52222
0.01667,0.0,0.62712,0.89818,0.48276,0.0,0.52222
0.01667,0.0,0.64407,0.20374,0.72414,0.0,0.71745
0.01667,0.0,0.66102,0.06182,0.58621,0.0,0.74479
0.01667,0.0,0.66102,0.36301,0.72414,0.0,0.77983
0.01667,0.0,0.69492,0.34856,0.31034,0.0,0.77983
0.01667,0.0,0.69492,0.43743,0.55172,0.0,0.77983
0.01667,0.0,0.69492,0.47555,0.13793,0.0,0.65724
0.01667,0.0,0.69492,0.68921,0.62069,0.0,0.60596
0.01667,0.0,0.71186,0.9228,0.10345,0.0,0.52222
0.01667,0.0,0.72881,0.38512,0.44828,0.0,0.52222
0.01667,0.0,0.72881,0.91028,0.27586,0.0,0.52222
0.01667,0.0,0.74576,0.59479,0.37931,0.0,0.60596
0.01667,0.0,0.77966,0.07479,0.93103,0.0,0.80917
0.01667,0.0,0.77966,0.43413,0.24138,0.0,0.65724
0.01667,0.0,0.77966,0.68342,0.82759,0.0,0.52222
0.01667,0.0,0.83051,0.70525,0.2069,0.0,0.65724
0.01667,0.0,0.84746,0.1496,0.2069,0.0,0.65724
0.01667,0.0,0.84746,0.30239,0.48276,0.0,0.65724
0.01667,0.0,0.86441,0.88834,0.75862,0.0,0.52222
0.01667,0.0,0.88136,0.41251,0.17241,0.0,0.65724
0.01667,0.0,0.88136,0.5518,0.89655,0.0,0.65104
0.01667,0.0,0.88136,0.69508,0.93103,0.0,0.65724
0.01667,0.0,0.88136,0.76477,0.89655,0.0,0.60596
0.01667,0.0,0.89831,0.52056,0.58621,0.0,0.65724
0.01667,0.0,0.91525,0.37554,0.72414,0.0,0.65724
0.01667,0.0,0.9322,0.33786,0.51724,0.0,0.77983
0.01667,0.0,0.94915,0.11155,0.82759,0.0,0.65724
0.01667,0.0,0.94915,0.69446,0.31034,0.0,0.60596
0.01667,0.0,0.9661,0.31025,0.10345,0.0,0.65724
0.01667,0.0,0.98305,0.42689,0.65517,0.0,0.65724
0.01667,0.0,0.98305,0.63722,0.48276,0.0,0.65724
0.01667,0.0,1.0,0.81795,0.55172,0.0,0.52222
0.03333,0.0,0.0,0.98213,0.65517,0.0,0.60596
0.03333,0.0,0.01695,0.16749,0.75862,0.0,0.90426
0.03333,0.0,0.01695,0.82967,0.44828,0.0,0.65724
0.03333,0.0,0.0339,0.79373,0.03448,0.0,0.52222
0.03333,0.0,0.05085,0.16057,0.13793,0.0,0.90426
0.03333,0.0,0.05085,0.38102,0.55172,0.0,0.52222
0.03333,0.0,0.05085,0.40516,0.34483,0.0,0.65724
0.03333,0.0,0.0678,0.00149,0.62069,0.0,0.89684
0.03333,0.0,0.0678,0.9607,0.0,1.0,0.52222
0.03333,0.0,0.10169,0.2756,0.7931,0.0,0.65724
0.03333,0.0,0.11864,0.86365,0.27586,0.0,0.65724
0.03333,0.0,0.13559,0.3828,0.2069,0.0,0.65724
0.03333,0.0,0.13559,0.86017,0.31034,0.0,0.65724
0.03333,0.0,0.16949,0.00508,0.03448,0.0,0.65724
0.03333,0.0,0.16949,0.72743,0.68966,0.0,0.65724
0.03333,0.0,0.16949,0.83344,0.03448,0.0,0.65104
0.03333,0.0,0.18644,0.06293,0.27586,0.0,0.65724
0.03333,0.0,0.18644,0.88614,0.24138,0.0,0.52222
0.03333,0.0,0.20339,0.0216,0.41379,0.0,0.8822
0.03333,0.0,0.20339,0.59449,0.0,1.0,0.65724
0.03333,0.0,0.22034,0.13837,1.0,0.0,0.80939
0.03333,0.0,0.23729,0.53738,0.03448,0.0,0.65104
0.03333,0.0,0.23729,0.85657,1.0,0.0,0.52222
0.03333,0.0,0.23729,0.99233,0.86207,0.0,0.65724
0.03333,0.0,0.25424,0.04823,0.27586,0.0,0.94086
0.03333,0.0,0.28814,0.7038,0.24138,0.0,0.60596
0.03333,0.0,0.28814,0.70877,0.06897,0.0,0.65724
0.03333,0.0,0.28814,0.73632,0.17241,0.0,0.65724
0.03333,0.0,0.28814,0.99958,0.55172,0.0,0.65724
0.03333,0.0,0.32203,0.76303,0.93103,0.0,0.52222
0.03333,0.0,0.33898,0.77334,0.06897,0.0,0.65724
0.03333,0.0,0.35593,0.90342,0.7931,0.0,0.60596
0.03333,0.0,0.38983,0.15069,0.44828,0.0,0.90426
0.03333,0.0,0.38983,0.75305,0.27586,0.0,0.60596
0.03333,0.0,0.42373,0.37702,0.41379,0.0,0.65724
0.03333,0.0,0.42373,0.51034,0.89655,0.0,0.52222
0.03333,0.0,0.44068,0.18976,0.68966,0.0,0.65724
0.03333,0.0,0.45763,0.32755,0.96552,0.0,0.65724
0.03333,0.0,0.45763,0.39203,0.65517,0.0,0.65724
0.03333,0.0,0.45763,0.90107,0.13793,0.0,0.52222
0.03333,0.0,0.49153,0.90706,0.96552,0.0,0.65724
0.03333,0.0,0.50847,0.67191,0.2069,0.0,0.52222
0.03333,0.0,0.52542,0.13483,0.82759,0.0,0.65724
0.03333,0.0,0.52542,0.65773,0.0,1.0,0.52222
0.03333,0.0,0.54237,0.28157,0.06897,0.0,0.65724
0.03333,0.0,0.55932,0.16066,0.96552,0.0,0.77983
0.03333,0.0,0.55932,0.63913,1.0,0.0,0.65724
0.03333,0.0,0.55932,0.66765,0.65517,0.0,0.65724
0.03333,0.0,0.55932,0.77015,0.2069,0.0,0.65724
0.03333,0.0,0.57627,0.86353,0.24138,0.0,0.65104
0.03333,0.0,0.59322,0.23546,0.55172,0.0,0.65724
0.03333,0.0,0.59322,0.38069,0.55172,0.0,0.52222
0.03333,0.0,0.59322,0.55804,0.51724,0.0,0.65724
0.03333,0.0,0.61017,0.21536,0.41379,0.0,0.65724
0.03333,0.0,0.64407,0.55879,0.93103,0.0,0.60596
0.03333,0.0,0.64407,0.7002,0.7931,0.0,0.60596
0.03333,0.0,0.64407,0.72333,0.13793,0.0,0.65724
0.03333,0.0,0.66102,0.04128,0.7931,0.0,0.85416
0.03333,0.0,0.66102,0.18606,0.96552,0.0,0.90426
0.03333,0.0,0.67797,0.49324,0.24138,0.0,0.65104
0.03333,0.0,0.67797,0.87627,0.68966,0.0,0.52222
0.03333,0.0,0.67797,0.96542,0.48276,0.0,0.60596
0.03333,0.0,0.69492,0.69085,0.10345,0.0,0.52222
0.03333,0.0,0.69492,0.86354,0.10345,0.0,0.65724
0.03333,0.0,0.77966,0.15403,0.10345,0.0,0.65724
0.03333,0.0,0.77966,0.54573,0.24138,0.0,0.65724
0.03333,0.0,0.77966,0.85308,0.13793,0.0,0.65724
0.03333,0.0,0.79661,0.6649,0.58621,0.0,0.65724
0.03333,0.0,0.81356,0.51374,0.93103,0.0,0.65104
0.03333,0.0,0.83051,0.95292,0.24138,0.0,0.52222
0.03333,0.0,0.84746,0.41052,0.10345,0.0,0.65724
0.03333,0.0,0.86441,0.80675,0.0,1.0,0.52222
0.03333,0.0,0.86441,0.82356,0.10345,0.0,0.60596
0.03333,0.0,0.88136,0.42669,0.0,1.0,0.65724
0.03333,0.0,0.91525,0.62751,0.24138,0.0,0.60596
0.03333,0.0,0.9322,0.588,0.93103,0.0,0.52222
0.03333,0.0,0.9661,0.4245,0.27586,0.0,0.52222
0.03333,0.0,0.98305,0.51229,0.65517,0.0,0.65724
0.03333,0.0,0.98305,0.58209,0.65517,0.0,0.52222
0.03333,0.0,1.0,0.01338,0.58621,0.0,0.88916
0.03333,0.0,1.0,0.09094,0.86207,0.0,0.80939
0.03333,0.0,1.0,0.53713,0.27586,0.0,0.52222
0.05,0.0,0.01695,0.09799,0.37931,0.0,0.90426
0.05,0.0,0.01695,0.89552,0.31034,0.0,0.60596
0.05,0.0,0.05085,0.10289,0.44828,0.0,0.90426
0.05,0.0,0.05085,0.56763,0.13793,0.0,0.60596
0.05,0.0,0.05085,0.80167,1.0,0.0,0.65724
0.05,0.0,0.0678,0.89057,0.68966,0.0,0.65724
0.05,0.0,0.08475,0.362,0.44828,0.0,0.65104
0.05,0.0,0.08475,0.58033,0.55172,0.0,0.65724
0.05,0.0,0.10169,0.67378,0.27586,0.0,0.65724
0.05,0.0,0.10169,0.95497,0.44828,0.0,0.60596
0.05,0.0,0.11864,0.01326,0.55172,0.0,0.77704
0.05,0.0,0.11864,0.33208,0.96552,0.0,0.65724
0.05,0.0,0.11864,0.66872,0.37931,0.0,0.65724
0.05,0.0,0.13559,0.78392,0.55172,0.0,0.65724
0.05,0.0,0.15254,0.06614,0.37931,0.0,0.83851
0.05,0.0,0.22034,0.12361,0.75862,0.0,0.65724
0.05,0.0,0.23729,0.51503,0.34483,0.0,0.65724
0.05,0.0,0.23729,0.59323,0.82759,0.0,0.65724
0.05,0.0,0.25424,0.6403,0.2069,0.0,0.65724
0.05,0.0,0.27119,0.05399,0.34483,0.0,0.65724
0.05,0.0,0.27119,0.08835,0.89655,0.0,0.90426
0.05,0.0,0.28814,0.62869,0.62069,0.0,0.65724
0.05,0.0,0.28814,0.6806,0.10345,0.0,0.65104
0.05,0.0,0.28814,0.74368,1.0,0.0,0.60596
0.05,0.0,0.30508,0.14458,0.03448,0.0,0.65724
0.05,0.0,0.32203,0.17151,0.27586,0.0,0.77983
0.05,0.0,0.32203,0.88052,0.0,1.0,0.60596
0.05,0.0,0.33898,0.26523,0.37931,0.0,0.77983
0.05,0.0,0.33898,0.93009,0.72414,0.0,0.65724
0.05,0.0,0.35593,0.18258,0.93103,0.0,0.90426
0.05,0.0,0.35593,0.27612,0.13793,0.0,0.65724
0.05,0.0,0.35593,0.61391,0.17241,0.0,0.65724
0.05,0.0,0.37288,0.37576,0.89655,0.0,0.65724
0.05,0.0,0.37288,0.51039,0.68966,0.0,0.65724
0.05,0.0,0.37288,0.76466,0.27586,0.0,0.52222
0.05,0.0,0.38983,0.35279,0.7931,0.0,0.65724
0.05,0.0,0.38983,0.66924,0.82759,0.0,0.65104
0.05,0.0,0.40678,0.20728,0.96552,0.0,0.90426
0.05,0.0,0.40678,0.6821,0.51724,0.0,0.65724
0.05,0.0,0.42373,0.01292,0.51724,0.0,0.89111
0.05,0.0,0.44068,0.44334,0.10345,0.0,0.65724
0.05,0.0,0.44068,0.88791,0.96552,0.0,0.60596
0.05,0.0,0.44068,0.9419,0.75862,0.0,0.65724
0.05,0.0,0.45763,0.7858,0.31034,0.0,0.65724
0.05,0.0,0.45763,0.95361,0.10345,0.0,0.60596
0.05,0.0,0.47458,0.06737,0.65517,0.0,0.82917
0.05,0.0,0.49153,0.72998,0.68966,0.0,0.65104
0.05,0.0,0.50847,0.97043,0.17241,0.0,0.65724
0.05,0.0,0.52542,0.46515,0.10345,0.0,0.77983
0.05,0.0,0.52542,0.76592,0.03448,0.0,0.52222
0.05,0.0,0.54237,0.09869,0.37931,0.0,0.72656
0.05,0.0,0.54237,0.67313,0.41379,0.0,0.65724
0.05,0.0,0.54237,0.73147,0.62069,0.0,0.60596
0.05,0.0,0.57627,0.41488,0.31034,0.0,0.77983
0.05,0.0,0.57627,0.95506,0.55172,0.0,0.65724
0.05,0.0,0.62712,0.43529,0.72414,0.0,0.65724
0.05,0.0,0.66102,0.49152,0.37931,0.0,0.60596
0.05,0.0,0.66102,0.58364,0.72414,0.0,0.65724
0.05,0.0,0.66102,0.98771,0.37931,0.0,0.52222
0.05,0.0,0.67797,0.66837,0.13793,0.0,0.60596
0.05,0.0,0.67797,0.89389,0.55172,0.0,0.52222
0.05,0.0,0.69492,0.45773,0.51724,0.0,0.65724
0.05,0.0,0.71186,0.56633,0.86207,0.0,0.52222
0.05,0.0,0.72881,0.1614,0.17241,0.0,0.65724
0.05,0.0,0.74576,0.45662,0.62069,0.0,0.65724
0.05,0.0,0.74576,0.88817,0.13793,0.0,0.60596
0.05,0.0,0.76271,0.46938,0.89655,0.0,0.65724
0.05,0.0,0.76271,0.71512,0.65517,0.0,0.60596
0.05,0.0,0.76271,0.83945,0.27586,0.0,0.65724
0.05,0.0,0.81356,0.28947,0.2069,0.0,0.65724
0.05,0.0,0.81356,0.68029,0.7931,0.0,0.65724
0.05,0.0,0.83051,0.02821,0.03448,0.0,0.77983
0.05,0.0,0.83051,0.25604,0.03448,0.0,0.77983
0.05,0.0,0.83051,0.65138,0.82759,0.0,0.52222
0.05,0.0,0.84746,0.9357,0.37931,0.0,0.65724
0.05,0.0,0.86441,0.18274,0.37931,0.0,0.71745
0.05,0.0,0.86441,0.63315,0.82759,0.0,0.60596
0.05,0.0,0.88136,0.23327,0.48276,0.0,0.77983
0.05,0.0,0.88136,0.88138,0.89655,0.0,0.60596
0.05,0.0,0.89831,0.36455,0.51724,0.0,0.65724
0.05,0.0,0.94915,0.66149,0.17241,0.0,0.65724
0.05,0.0,0.98305,0.25751,0.17241,0.0,0.65724
0.06667,0.0,0.0,0.00159,0.0,1.0,0.99334
0.06667,0.0,0.0,0.74855,0.62069,0.0,0.65724
0.06667,0.0,0.01695,0.07852,0.65517,0.0,0.65724
0.06667,0.0,0.01695,0.19243,0.75862,0.0,0.65724
0.06667,0.0,0.01695,0.4637,0.06897,0.0,0.65724
0.06667,0.0,0.0339,0.09011,0.93103,0.0,0.73438
0.06667,0.0,0.05085,0.93168,0.82759,0.0,0.52222
0.06667,0.0,0.0678,0.68895,0.31034,0.0,0.52222
0.06667,0.0,0.10169,0.98729,0.44828,0.0,0.60596
0.06667,0.0,0.13559,0.68782,0.17241,0.0,0.52222
0.06667,0.0,0.16949,0.59158,0.03448,0.0,0.65724
0.06667,0.0,0.16949,0.76055,0.65517,0.0,0.52222
0.06667,0.0,0.16949,0.90628,0.65517,0.0,0.65724
0.06667,0.0,0.18644,0.41411,0.41379,0.0,0.77983
0.06667,0.0,0.20339,0.09468,0.75862,0.0,0.65724
0.06667,0.0,0.20339,0.2545,0.93103,0.0,0.79975
0.06667,0.0,0.23729,0.27596,0.24138,0.0,0.65724
0.06667,0.0,0.25424,0.023,0.51724,0.0,0.8822
0.06667,0.0,0.27119,0.1066,0.58621,0.0,0.65724
0.06667,0.0,0.28814,0.31624,0.0,1.0,0.65724
0.06667,0.0,0.30508,0.68298,0.93103,0.0,0.52222
0.06667,0.0,0.30508,0.71678,0.51724,0.0,0.60596
0.06667,0.0,0.30508,0.84409,0.55172,0.0,0.65724
0.06667,0.0,0.33898,0.784,0.41379,0.0,0.65724
0.06667,0.0,0.33898,0.83984,0.27586,0.0,0.65724
0.06667,0.0,0.38983,0.40973,0.72414,0.0,0.52222
0.06667,0.0,0.40678,0.0269,0.10345,0.0,0.65724
0.06667,0.0,0.42373,0.34724,0.96552,0.0,0.52222
0.06667,0.0,0.42373,0.92686,0.72414,0.0,0.60596
0.06667,0.0,0.44068,0.18085,0.55172,0.0,0.65724
0.06667,0.0,0.44068,0.65113,0.17241,0.0,0.65724
0.06667,0.0,0.45763,0.32762,0.0,1.0,0.65724
0.06667,0.0,0.45763,0.37342,0.27586,0.0,0.65724
0.06667,0.0,0.45763,0.53049,0.2069,0.0,0.52222
0.06667,0.0,0.47458,0.4274,0.13793,0.0,0.52222
0.06667,0.0,0.49153,0.28965,0.31034,0.0,0.65724
0.06667,0.0,0.49153,0.40861,0.44828,0.0,0.65724
0.06667,0.0,0.54237,0.30464,0.72414,0.0,0.65724
0.06667,0.0,0.54237,0.92518,0.65517,0.0,0.60596
0.06667,0.0,0.57627,0.39935,0.03448,0.0,0.65724
0.06667,0.0,0.57627,0.80248,0.13793,0.0,0.52222
0.06667,0.0,0.64407,0.96957,0.89655,0.0,0.65724
0.06667,0.0,0.66102,0.31008,0.7931,0.0,0.65724
0.06667,0.0,0.66102,0.35433,0.10345,0.0,0.52222
0.06667,0.0,0.67797,0.32907,0.31034,0.0,0.65724
0.06667,0.0,0.67797,0.37803,0.03448,0.0,0.52222
0.06667,0.0,0.67797,0.37881,0.06897,0.0,0.52222
0.06667,0.0,0.69492,0.78027,0.2069,0.0,0.65724
0.06667,0.0,0.71186,0.84452,0.2069,0.0,0.65724
0.06667,0.0,0.71186,0.92122,0.44828,0.0,0.60596
0.06667,0.0,0.74576,0.43515,0.96552,0.0,0.65724
0.06667,0.0,0.74576,0.67561,0.55172,0.0,0.52222
0.06667,0.0,0.74576,0.93855,0.86207,0.0,0.65724
0.06667,0.0,0.76271,0.27708,0.55172,0.0,0.65724
0.06667,0.0,0.77966,0.23009,0.75862,0.0,0.65724
0.06667,0.0,0.79661,0.2252,0.55172,0.0,0.65724
0.06667,0.0,0.79661,0.53399,0.48276,0.0,0.52222
0.06667,0.0,0.79661,0.54571,0.93103,0.0,0.65724
0.06667,0.0,0.79661,0.74144,0.75862,0.0,0.65724
0.06667,0.0,0.79661,0.83273,0.06897,0.0,0.52222
0.06667,0.0,0.83051,0.45431,0.0,1.0,0.77983
0.06667,0.0,0.84746,0.43924,0.41379,0.0,0.65724
0.06667,0.0,0.84746,0.5256,0.03448,0.0,0.65724
0.06667,0.0,0.84746,0.76206,0.34483,0.0,0.65724
0.06667,0.0,0.86441,0.01551,0.72414,0.0,0.94086
0.06667,0.0,0.86441,0.28407,0.27586,0.0,0.77983
0.06667,0.0,0.86441,0.43746,0.65517,0.0,0.65724
0.06667,0.0,0.88136,0.19154,0.96552,0.0,0.65724
0.06667,0.0,0.88136,0.24015,1.0,0.0,0.65724
0.06667,0.0,0.88136,0.84595,0.2069,0.0,0.60596
0.06667,0.0,0.89831,0.44626,0.31034,0.0,0.65724
0.06667,0.0,0.89831,0.76585,0.44828,0.0,0.65724
0.06667,0.0,0.89831,0.84084,0.31034,0.0,0.65724
0.06667,0.0,0.9322,0.01338,0.48276,0.0,0.63894
0.06667,0.0,0.94915,0.11047,0.2069,0.0,0.65724
0.06667,0.0,0.94915,0.16475,0.0,1.0,0.77983
0.06667,0.0,0.94915,0.36971,0.13793,0.0,0.65724
0.06667,0.0,0.94915,0.46587,0.58621,0.0,0.52222
0.06667,0.0,0.94915,0.84623,0.03448,0.0,0.65724
0.06667,0.0,0.98305,0.20133,0.58621,0.0,0.65724
0.06667,0.0,0.98305,0.71122,1.0,0.0,0.52222
0.06667,0.0,0.98305,0.88229,0.37931,0.0,0.65724
0.06667,0.0,1.0,0.09818,1.0,0.0,0.90426
0.06667,0.0,1.0,0.87984,0.58621,0.0,0.65724
0.08333,0.0,0.0,0.05984,0.72414,0.0,0.94086
0.08333,0.0,0.0,0.21914,0.0,1.0,0.65724
0.08333,0.0,0.0,0.78521,0.17241,0.0,0.52222
0.08333,0.0,0.01695,0.74297,0.2069,0.0,0.52222
0.08333,0.0,0.01695,0.86829,0.86207,0.0,0.65724
0.08333,0.0,0.0339,0.01914,0.86207,0.0,0.94086
0.08333,0.0,0.0339,0.99839,0.72414,0.0,0.65104
0.08333,0.0,0.05085,0.12652,0.7931,0.0,0.65724
0.08333,0.0,0.05085,0.32123,0.75862,0.0,0.65724
0.08333,0.0,0.05085,0.65603,0.55172,0.0,0.65724
0.08333,0.0,0.08475,0.01465,0.65517,0.0,0.89133
0.08333,0.0,0.08475,0.39737,0.68966,0.0,0.65724
0.08333,0.0,0.08475,0.74502,0.72414,0.0,0.65724
0.08333,0.0,0.08475,0.78706,0.7931,0.0,0.65724
0.08333,0.0,0.08475,0.8323,0.86207,0.0,0.65724
0.08333,0.0,0.10169,0.13654,1.0,0.0,0.65724
0.08333,0.0,0.13559,0.07796,0.7931,0.0,0.65724
0.08333,0.0,0.15254,0.66993,0.75862,0.0,0.65104
0.08333,0.0,0.16949,0.66364,0.10345,0.0,0.65724
0.08333,0.0,0.16949,0.94105,0.2069,0.0,0.65724
0.08333,0.0,0.18644,0.28719,0.24138,0.0,0.65724
0.08333,0.0,0.18644,0.52787,0.86207,0.0,0.65724
0.08333,0.0,0.20339,0.79902,0.37931,0.0,0.65724
0.08333,0.0,0.22034,0.80924,0.51724,0.0,0.65724
0.08333,0.0,0.23729,0.24001,0.48276,0.0,0.65724
0.08333,0.0,0.23729,0.25124,0.24138,0.0,0.77983
0.08333,0.0,0.27119,0.82769,0.2069,0.0,0.65724
0.08333,0.0,0.28814,0.1718,0.72414,0.0,0.77983
0.08333,0.0,0.28814,0.49371,0.17241,0.0,0.65724
0.08333,0.0,0.28814,0.68877,0.96552,0.0,0.65724
0.08333,0.0,0.32203,0.30399,0.17241,0.0,0.77983
0.08333,0.0,0.32203,0.35088,0.2069,0.0,0.65724
0.08333,0.0,0.32203,0.5151,0.93103,0.0,0.52222
0.08333,0.0,0.33898,0.02531,0.10345,0.0,0.90426
0.08333,0.0,0.38983,0.19065,0.34483,0.0,0.90426
0.08333,0.0,0.38983,0.79622,0.27586,0.0,0.60596
0.08333,0.0,0.44068,0.16455,0.62069,0.0,0.65724
0.08333,0.0,0.44068,0.22949,0.51724,0.0,0.77983
0.08333,0.0,0.44068,0.75128,0.58621,0.0,0.65724
0.08333,0.0,0.47458,0.49948,0.27586,0.0,0.65724
0.08333,0.0,0.47458,0.4995,0.48276,0.0,0.52222
0.08333,0.0,0.52542,0.17297,0.51724,0.0,0.65724
0.08333,0.0,0.52542,0.77633,0.48276,0.0,0.60596
0.08333,0.0,0.52542,0.84499,0.58621,0.0,0.60596
0.08333,0.0,0.54237,0.35212,0.75862,0.0,0.65724
0.08333,0.0,0.55932,0.48714,0.17241,0.0,0.52222
0.08333,0.0,0.55932,0.65828,0.72414,0.0,0.52222
0.08333,0.0,0.57627,0.59566,0.03448,0.0,0.65724
0.08333,0.0,0.57627,0.62413,1.0,0.0,0.60596
0.08333,0.0,0.62712,0.13166,0.03448,0.0,0.66051
0.08333,0.0,0.62712,0.44942,0.68966,0.0,0.65724
0.08333,0.0,0.62712,0.89567,0.17241,0.0,0.60596
0.08333,0.0,0.64407,0.26012,1.0,0.0,0.77983
0.08333,0.0,0.66102,0.51815,0.34483,0.0,0.65724
0.08333,0.0,0.66102,0.63953,0.13793,0.0,0.65724
0.08333,0.0,0.67797,0.83634,0.41379,0.0,0.52222
0.08333,0.0,0.67797,0.92202,0.86207,0.0,0.60596
0.08333,0.0,0.69492,0.95756,0.06897,0.0,0.52222
0.08333,0.0,0.71186,0.33976,0.96552,0.0,0.65724
0.08333,0.0,0.74576,0.44401,0.75862,0.0,0.65724
0.08333,0.0,0.74576,0.69739,0.86207,0.0,0.65724
0.08333,0.0,0.76271,0.71779,1.0,0.0,0.65724
0.08333,0.0,0.81356,0.51931,0.10345,0.0,0.52222
0.08333,0.0,0.83051,0.95833,0.41379,0.0,0.60596
0.08333,0.0,0.84746,0.80161,0.37931,0.0,0.65724
0.08333,0.0,0.84746,0.92177,0.51724,0.0,0.60596
0.08333,0.0,0.88136,0.03519,0.17241,0.0,0.65724
0.08333,0.0,0.88136,0.47661,0.93103,0.0,0.52222
0.08333,0.0,0.88136,0.66154,0.86207,0.0,0.60596
0.08333,0.0,0.89831,0.60299,0.58621,0.0,0.52222
0.08333,0.0,0.9322,0.99388,0.44828,0.0,0.60596
0.08333,0.0,0.94915,0.17995,0.82759,0.0,0.77983
0.08333,0.0,0.9661,0.84283,0.86207,0.0,0.65724
0.08333,0.0,0.98305,0.51861,0.58621,0.0,0.65724
0.1,0.0,0.0,0.85032,0.44828,0.0,0.65724
0.1,0.0,0.0339,0.07524,0.58621,0.0,0.74479
0.1,0.0,0.0339,0.27302,0.7931,0.0,0.77983
0.1,0.0,0.0678,0.00294,0.65517,0.0,0.89518
0.1,0.0,0.08475,0.17207,0.96552,0.0,0.65724
0.1,0.0,0.08475,0.17897,0.13793,0.0,0.65724
0.1,0.0,0.10169,0.23985,0.2069,0.0,0.65724
0.1,0.0,0.11864,0.42655,0.68966,0.0,0.65724
0.1,0.0,0.11864,0.90468,0.48276,0.0,0.65724
0.1,0.0,0.11864,0.96207,0.03448,0.0,0.65724
0.1,0.0,0.13559,0.68487,0.93103,0.0,0.60596
0.1,0.0,0.15254,0.37992,0.27586,0.0,0.77983
0.1,0.0,0.15254,0.48854,0.31034,0.0,0.52222
0.1,0.0,0.18644,0.32088,0.27586,0.0,0.65724
0.1,0.0,0.22034,0.51128,0.34483,0.0,0.65724
0.1,0.0,0.25424,0.09396,0.10345,0.0,0.80939
0.1,0.0,0.25424,0.41478,0.44828,0.0,0.65724
0.1,0.0,0.25424,0.78086,0.2069,0.0,0.52222
0.1,0.0,0.28814,0.09856,0.10345,0.0,0.90426
0.1,0.0,0.30508,0.92187,0.24138,0.0,0.60596
0.1,0.0,0.32203,0.11275,0.75862,0.0,0.65724
0.1,0.0,0.32203,0.11747,0.7931,0.0,0.65724
0.1,0.0,0.32203,0.33837,0.41379,0.0,0.77983
0.1,0.0,0.35593,0.0934,0.65517,0.0,0.80939
0.1,0.0,0.35593,0.60342,0.37931,0.0,0.65724
0.1,0.0,0.35593,0.80566,0.62069,0.0,0.52222
0.1,0.0,0.35593,0.93195,0.03448,0.0,0.65724
0.1,0.0,0.37288,0.71191,0.93103,0.0,0.60596
0.1,0.0,0.37288,0.85664,0.06897,0.0,0.52222
0.1,0.0,0.38983,0.02816,0.37931,0.0,0.65724
0.1,0.0,0.38983,0.68367,0.2069,0.0,0.52222
0.1,0.0,0.38983,0.98877,0.65517,0.0,0.65724
0.1,0.0,0.40678,0.22438,0.86207,0.0,0.65724
0.1,0.0,0.42373,0.10929,0.68966,0.0,0.90426
0.1,0.0,0.42373,0.23913,0.0,1.0,0.65724
0.1,0.0,0.42373,0.45568,0.10345,0.0,0.52222
0.1,0.0,0.47458,0.4668,0.51724,0.0,0.65724
0.1,0.0,0.47458,0.84603,0.93103,0.0,0.60596
0.1,0.0,0.47458,0.93504,0.7931,0.0,0.65724
0.1,0.0,0.49153,0.03942,0.89655,0.0,0.86133
0.1,0.0,0.49153,0.5331,0.2069,0.0,0.65724
0.1,0.0,0.55932,0.45495,0.31034,0.0,0.65724
0.1,0.0,0.55932,0.52004,0.03448,0.0,0.65104
0.1,0.0,0.57627,0.956,0.68966,0.0,0.65724
0.1,0.0,0.61017,0.2476,0.55172,0.0,0.90426
0.1,0.0,0.62712,0.2321,0.96552,0.0,0.65724
0.1,0.0,0.62712,0.2542,0.27586,0.0,0.77983
0.1,0.0,0.64407,0.04986,0.2069,0.0,0.65724
0.1,0.0,0.64407,0.20746,0.96552,0.0,0.71745
0.1,0.0,0.64407,0.99632,0.55172,0.0,0.52222
0.1,0.0,0.66102,0.25966,0.7931,0.0,0.65724
0.1,0.0,0.67797,0.96965,0.03448,0.0,0.65724
0.1,0.0,0.69492,0.16223,0.10345,0.0,0.71745
0.1,0.0,0.69492,0.57631,0.58621,0.0,0.52222
0.1,0.0,0.72881,0.31882,0.62069,0.0,0.52222
0.1,0.0,0.72881,0.80885,0.13793,0.0,0.65724
0.1,0.0,0.76271,0.72421,0.17241,0.0,0.60596
0.1,0.0,0.77966,0.49515,0.55172,0.0,0.52222
0.1,0.0,0.77966,0.49976,0.03448,0.0,0.65724
0.1,0.0,0.79661,0.48409,0.48276,0.0,0.52222
0.1,0.0,0.83051,0.00779,0.41379,0.0,0.89111
0.1,0.0,0.83051,0.25194,0.31034,0.0,0.65724
0.1,0.0,0.84746,0.45803,0.93103,0.0,0.65724
0.1,0.0,0.84746,0.47538,0.31034,0.0,0.65724
0.1,0.0,0.84746,0.68674,0.34483,0.0,0.60596
0.1,0.0,0.86441,0.12647,0.03448,0.0,0.66051
0.1,0.0,0.86441,0.46872,0.2069,0.0,0.52222
0.1,0.0,0.88136,0.92804,0.13793,0.0,0.65724
0.1,0.0,0.91525,0.23087,0.72414,0.0,0.90426
0.1,0.0,0.9322,0.53279,0.86207,0.0,0.60596
0.1,0.0,0.94915,0.21906,0.72414,0.0,0.65724
0.1,0.0,0.94915,0.76754,0.68966,0.0,0.65724
0.1,0.0,0.98305,0.88233,0.31034,0.0,0.60596
0.1,0.0,1.0,0.32349,0.51724,0.0,0.77983
0.1,0.0,1.0,0.71996,0.13793,0.0,0.60596
0.11667,0.0,0.0,0.39338,0.34483,0.0,0.65724
0.11667,0.0,0.0,0.86118,0.7931,0.0,0.52222
0.11667,0.0,0.01695,0.9082,0.89655,0.0,0.60596
0.11667,0.0,0.05085,0.83109,0.44828,0.0,0.60596
0.11667,0.0,0.0678,0.13817,0.41379,0.0,0.90426
0.11667,0.0,0.0678,0.59467,0.86207,0.0,0.65724
0.11667,0.0,0.08475,0.6515,0.82759,0.0,0.65724
0.11667,0.0,0.10169,0.08405,0.72414,0.0,0.73438
0.11667,0.0,0.10169,0.67104,0.24138,0.0,0.52222
0.11667,0.0,0.11864,0.60622,0.55172,0.0,0.65724
0.11667,0.0,0.13559,0.00122,0.72414,0.0,0.77704
0.11667,0.0,0.16949,0.43828,0.55172,0.0,0.52222
0.11667,0.0,0.20339,0.02794,0.7931,0.0,0.73378
0.11667,0.0,0.23729,0.20773,0.03448,0.0,0.77983
0.11667,0.0,0.25424,0.75527,0.37931,0.0,0.65724
0.11667,0.0,0.27119,0.60177,0.37931,0.0,0.60596
0.11667,0.0,0.33898,0.03693,0.65517,0.0,0.65724
0.11667,0.0,0.33898,0.87626,0.7931,0.0,0.65724
0.11667,0.0,0.37288,0.15844,0.93103,0.0,0.77983
0.11667,0.0,0.37288,0.25723,1.0,0.0,0.65724
0.11667,0.0,0.38983,0.67882,0.48276,0.0,0.52222
0.11667,0.0,0.38983,0.74081,0.7931,0.0,0.52222
0.11667,0.0,0.42373,0.43662,0.31034,0.0,0.65724
0.11667,0.0,0.44068,0.72077,0.24138,0.0,0.65724
0.11667,0.0,0.45763,0.9839,0.55172,0.0,0.60596
0.11667,0.0,0.47458,0.15406,0.75862,0.0,0.90426
0.11667,0.0,0.47458,0.15523,0.93103,0.0,0.65724
0.11667,0.0,0.47458,0.61488,0.44828,0.0,0.65724
0.11667,0.0,0.49153,0.06891,1.0,0.0,0.82917
0.11667,0.0,0.49153,0.42557,0.27586,0.0,0.52222
0.11667,0.0,0.49153,0.87823,0.0,1.0,0.65724
0.11667,0.0,0.54237,0.10104,0.17241,0.0,0.65724
0.11667,0.0,0.54237,0.10363,0.31034,0.0,0.90426
0.11667,0.0,0.54237,0.98231,0.0,1.0,0.65724
0.11667,0.0,0.55932,0.75168,0.72414,0.0,0.65724
0.11667,0.0,0.55932,0.94804,0.2069,0.0,0.65724
0.11667,0.0,0.57627,0.25184,0.0,1.0,0.65724
0.11667,0.0,0.57627,0.50075,0.0,1.0,0.65724
0.11667,0.0,0.59322,0.21011,0.06897,0.0,0.77983
0.11667,0.0,0.59322,0.32133,0.72414,0.0,0.65724
0.11667,0.0,0.61017,0.52064,0.34483,0.0,0.52222
0.11667,0.0,0.62712,0.63427,0.31034,0.0,0.65724
0.11667,0.0,0.62712,0.82703,0.44828,0.0,0.65724
0.11667,0.0,0.64407,0.97698,0.37931,0.0,0.60596
0.11667,0.0,0.71186,0.30012,0.65517,0.0,0.65724
0.11667,0.0,0.71186,0.7842,0.72414,0.0,0.52222
0.11667,0.0,0.76271,0.16192,0.44828,0.0,0.65724
0.11667,0.0,0.77966,0.63755,1.0,0.0,0.52222
0.11667,0.0,0.79661,0.24635,0.82759,0.0,0.90426
0.11667,0.0,0.81356,0.06929,0.0,1.0,0.65724
0.11667,0.0,0.81356,0.71083,0.82759,0.0,0.52222
0.11667,0.0,0.83051,0.38252,0.7931,0.0,0.65724
0.11667,0.0,0.86441,0.16649,0.10345,0.0,0.77983
0.11667,0.0,0.89831,0.50247,0.17241,0.0,0.65724
0.11667,0.0,0.89831,0.86073,1.0,0.0,0.52222
0.11667,0.0,0.91525,0.13504,0.31034,0.0,0.80939
0.11667,0.0,0.91525,0.15319,0.55172,0.0,0.65724
0.11667,0.0,0.94915,0.58155,0.7931,0.0,0.60596
0.11667,0.0,0.94915,0.67324,0.10345,0.0,0.60596
0.11667,0.0,0.98305,0.2602,0.55172,0.0,0.66051
0.11667,0.0,0.98305,0.37515,0.37931,0.0,0.65724
0.11667,0.0,0.98305,0.8813,0.37931,0.0,0.65724
0.11667,0.0,1.0,0.25217,0.58621,0.0,0.65724
0.11667,0.0,1.0,0.46396,0.62069,0.0,0.65724
0.11667,0.0,1.0,0.91628,0.55172,0.0,0.65104
0.13333,0.0,0.01695,0.02385,0.62069,0.0,0.77371
0.13333,0.0,0.01695,0.27311,0.93103,0.0,0.65724
0.13333,0.0,0.0339,0.13242,0.72414,0.0,0.90426
0.13333,0.0,0.0339,0.23115,0.0,1.0,0.90426
0.13333,0.0,0.0339,0.73572,0.13793,0.0,0.60596
0.13333,0.0,0.05085,0.34741,0.41379,0.0,0.74157
0.13333,0.0,0.05085,0.5265,0.27586,0.0,0.52222
0.13333,0.0,0.0678,0.0,0.37931,0.0,0.89684
0.13333,0.0,0.0678,0.35289,0.86207,0.0,0.65724
0.13333,0.0,0.08475,0.39162,0.96552,0.0,0.65724
0.13333,0.0,0.10169,0.4749,0.17241,0.0,0.65104
0.13333,0.0,0.11864,0.8991,0.10345,0.0,0.65724
0.13333,0.0,0.15254,0.1021,0.13793,0.0,0.80939
0.13333,0.0,0.15254,0.51438,0.17241,0.0,0.65104
0.13333,0.0,0.18644,0.30023,0.10345,0.0,0.65724
0.13333,0.0,0.22034,0.02182,0.93103,0.0,0.73877
0.13333,0.0,0.22034,0.41302,0.24138,0.0,0.65724
0.13333,0.0,0.23729,0.04676,0.41379,0.0,0.65724
0.13333,0.0,0.23729,0.3743,0.0,1.0,0.65724
0.13333,0.0,0.23729,0.60153,0.89655,0.0,0.60596
0.13333,0.0,0.25424,0.0377,0.89655,0.0,0.68719
0.13333,0.0,0.25424,0.61188,0.0,1.0,0.52222
0.13333,0.0,0.25424,0.71969,0.06897,0.0,0.65724
0.13333,0.0,0.25424,0.83684,0.27586,0.0,0.65724
0.13333,0.0,0.28814,0.15233,0.41379,0.0,0.65724
0.13333,0.0,0.30508,0.30348,0.48276,0.0,0.77983
0.13333,0.0,0.30508,0.49332,0.7931,0.0,0.65724
0.13333,0.0,0.32203,0.68007,0.7931,0.0,0.60596
0.13333,0.0,0.33898,0.33121,0.13793,0.0,0.65724
0.13333,0.0,0.33898,0.91057,0.44828,0.0,0.65724
0.13333,0.0,0.35593,0.68812,0.75862,0.0,0.65724
0.13333,0.0,0.35593,0.74036,0.7931,0.0,0.60596
0.13333,0.0,0.37288,0.4711,0.89655,0.0,0.65724
0.13333,0.0,0.38983,0.60968,0.82759,0.0,0.60596
0.13333,0.0,0.38983,0.92709,0.37931,0.0,0.60596
0.13333,0.0,0.42373,0.37267,0.41379,0.0,0.77983
0.13333,0.0,0.44068,0.70136,0.51724,0.0,0.65724
0.13333,0.0,0.45763,0.56024,0.24138,0.0,0.65724
0.13333,0.0,0.49153,0.57798,0.75862,0.0,0.60596
0.13333,0.0,0.49153,0.61825,0.68966,0.0,0.52222
0.13333,0.0,0.52542,0.26406,0.58621,0.0,0.65724
0.13333,0.0,0.52542,0.44469,0.7931,0.0,0.65724
0.13333,0.0,0.52542,0.98964,1.0,0.0,0.52222
0.13333,0.0,0.54237,0.45325,0.55172,0.0,0.65724
0.13333,0.0,0.54237,0.63091,0.31034,0.0,0.65724
0.13333,0.0,0.55932,0.31138,0.82759,0.0,0.65724
0.13333,0.0,0.55932,0.45481,0.06897,0.0,0.52222
0.13333,0.0,0.55932,0.90279,0.51724,0.0,0.52222
0.13333,0.0,0.57627,0.51977,0.2069,0.0,0.65724
0.13333,0.0,0.67797,0.84462,0.44828,0.0,0.65724
0.13333,0.0,0.69492,0.55509,0.27586,0.0,0.52222
0.13333,0.0,0.74576,0.55892,0.93103,0.0,0.65724
0.13333,0.0,0.77966,0.3041,0.75862,0.0,0.65724
0.13333,0.0,0.79661,0.44504,0.2069,0.0,0.65724
0.13333,0.0,0.79661,0.7527,0.03448,0.0,0.60596
0.13333,0.0,0.81356,0.10586,0.7931,0.0,0.90426
0.13333,0.0,0.81356,0.54951,0.17241,0.0,0.65724
0.13333,0.0,0.83051,0.33724,0.2069,0.0,0.65724
0.13333,0.0,0.86441,0.86903,0.13793,0.0,0.65724
0.13333,0.0,0.86441,0.97356,1.0,0.0,0.60596
0.13333,0.0,0.89831,0.36742,0.82759,0.0,0.52222
0.13333,0.0,0.91525,0.22525,0.2069,0.0,0.65724
0.13333,0.0,0.9661,0.8703,1.0,0.0,0.60596
0.13333,0.0,0.9661,0.92892,0.86207,0.0,0.65724
0.13333,0.0,0.9661,0.99029,0.03448,0.0,0.65724
0.13333,0.0,0.98305,0.03863,0.82759,0.0,0.65724
0.13333,0.0,0.98305,0.22128,0.93103,0.0,0.65724
0.13333,0.0,0.98305,0.31014,0.68966,0.0,0.65724
0.13333,0.0,1.0,0.35295,0.06897,0.0,0.65724
0.13333,0.0,1.0,0.71753,0.31034,0.0,0.65724
0.15,0.0,0.0,0.50381,0.93103,0.0,0.52222
0.15,0.0,0.01695,0.15074,0.37931,0.0,0.65724
0.15,0.0,0.01695,0.38784,0.41379,0.0,0.65724
0.15,0.0,0.0339,0.23445,0.44828,0.0,0.65724
0.15,0.0,0.0339,0.36277,0.89655,0.0,0.65724
0.15,0.0,0.05085,0.86003,0.62069,0.0,0.52222
0.15,0.0,0.0678,0.20555,0.41379,0.0,0.90426
0.15,0.0,0.0678,0.51031,0.75862,0.0,0.65724
0.15,0.0,0.0678,0.68497,0.62069,0.0,0.65724
0.15,0.0,0.08475,0.69788,0.13793,0.0,0.65724
0.15,0.0,0.10169,0.8785,0.06897,0.0,0.52222
0.15,0.0,0.11864,0.58905,0.10345,0.0,0.52222
0.15,0.0,0.13559,0.90365,0.48276,0.0,0.65724
0.15,0.0,0.15254,0.13473,0.7931,0.0,0.80939
0.15,0.0,0.16949,0.14876,0.31034,0.0,0.65724
0.15,0.0,0.16949,0.23566,0.58621,0.0,0.65724
0.15,0.0,0.16949,0.57498,0.82759,0.0,0.65724
0.15,0.0,0.18644,0.19992,0.03448,0.0,0.66051
0.15,0.0,0.18644,0.2493,0.17241,0.0,0.65724
0.15,0.0,0.20339,0.80935,0.86207,0.0,0.60596
0.15,0.0,0.22034,0.0414,0.7931,0.0,0.74479
0.15,0.0,0.22034,0.6801,0.44828,0.0,0.65724
0.15,0.0,0.23729,0.57004,0.13793,0.0,0.60596
0.15,0.0,0.25424,0.51856,0.89655,0.0,0.60596
0.15,0.0,0.27119,0.94968,0.41379,0.0,0.65724
0.15,0.0,0.32203,0.48998,0.31034,0.0,0.60596
0.15,0.0,0.33898,0.5873,0.31034,0.0,0.65724
0.15,0.0,0.35593,0.99607,0.86207,0.0,0.65724
0.15,0.0,0.37288,0.34041,0.13793,0.0,0.65104
0.15,0.0,0.40678,0.69133,0.0,1.0,0.65724
0.15,0.0,0.40678,0.82261,0.24138,0.0,0.65724
0.15,0.0,0.42373,0.32621,0.82759,0.0,0.65724
0.15,0.0,0.42373,0.61722,0.17241,0.0,0.65724
0.15,0.0,0.44068,0.15693,0.37931,0.0,0.71745
0.15,0.0,0.45763,0.3199,0.68966,0.0,0.65724
0.15,0.0,0.45763,0.34042,0.65517,0.0,0.65724
0.15,0.0,0.45763,0.95847,0.0,1.0,0.52222
0.15,0.0,0.47458,0.28923,0.34483,0.0,0.65724
0.15,0.0,0.47458,0.60156,0.75862,0.0,0.65724
0.15,0.0,0.49153,0.38362,0.48276,0.0,0.65724
0.15,0.0,0.49153,0.78408,0.34483,0.0,0.60596
0.15,0.0,0.52542,0.33036,0.68966,0.0,0.65724
0.15,0.0,0.54237,0.39287,0.0,1.0,0.65724
0.15,0.0,0.54237,0.67256,0.41379,0.0,0.52222
0.15,0.0,0.55932,0.12692,0.82759,0.0,0.65724
0.15,0.0,0.55932,0.37972,0.34483,0.0,0.65724
0.15,0.0,0.61017,0.34145,0.48276,0.0,0.65724
0.15,0.0,0.61017,0.47261,0.75862,0.0,0.65724
0.15,0.0,0.61017,0.75942,0.10345,0.0,0.52222
0.15,0.0,0.64407,0.19666,0.48276,0.0,0.65724
0.15,0.0,0.64407,0.73762,0.7931,0.0,0.52222
0.15,0.0,0.66102,0.52124,0.37931,0.0,0.52222
0.15,0.0,0.67797,0.37729,0.44828,0.0,0.77983
0.15,0.0,0.69492,0.86603,0.86207,0.0,0.52222
0.15,0.0,0.71186,0.03863,0.55172,0.0,0.65724
0.15,0.0,0.71186,0.68414,0.62069,0.0,0.60596
0.15,0.0,0.72881,0.16551,0.34483,0.0,0.65724
0.15,0.0,0.72881,0.34108,0.41379,0.0,0.65724
0.15,0.0,0.74576,0.06263,0.17241,0.0,0.84373
0.15,0.0,0.74576,0.09594,0.89655,0.0,0.65724
0.15,0.0,0.76271,0.80916,0.62069,0.0,0.52222
0.15,0.0,0.79661,0.07464,0.27586,0.0,0.80917
0.15,0.0,0.79661,0.1115,0.89655,0.0,0.65724
0.15,0.0,0.79661,0.61006,0.0,1.0,0.65724
0.15,0.0,0.81356,0.98316,0.0,1.0,0.65724
0.15,0.0,0.83051,0.43486,0.31034,0.0,0.65724
0.15,0.0,0.84746,0.01315,0.58621,0.0,0.63894
0.15,0.0,0.84746,0.307,0.51724,0.0,0.65724
0.15,0.0,0.86441,0.70246,1.0,0.0,0.52222
0.15,0.0,0.88136,0.84894,0.48276,0.0,0.52222
0.15,0.0,0.91525,0.22776,1.0,0.0,0.65724
0.15,0.0,0.91525,0.67271,0.58621,0.0,0.65724
0.15,0.0,0.91525,0.71233,0.7931,0.0,0.52222
0.15,0.0,0.9322,0.62713,0.03448,0.0,0.60596
0.15,0.0,0.9661,0.05511,0.0,1.0,0.94086
0.15,0.0,0.9661,0.36289,0.31034,0.0,0.65724
0.15,0.0,0.98305,0.02052,0.44828,0.0,0.94086
0.15,0.0,0.98305,0.95596,0.0,1.0,0.65724
0.15,0.0,1.0,0.37842,0.31034,0.0,0.77983
0.16667,0.0,0.01695,0.37849,0.41379,0.0,0.65724
0.16667,0.0,0.01695,0.69401,0.96552,0.0,0.52222
0.16667,0.0,0.05085,0.30826,0.06897,0.0,0.65104
0.16667,0.0,0.0678,0.57216,0.13793,0.0,0.65724
0.16667,0.0,0.0678,0.6166,0.48276,0.0,0.65724
0.16667,0.0,0.08475,0.61265,0.72414,0.0,0.65724
0.16667,0.0,0.08475,0.85367,0.93103,0.0,0.65724
0.16667,0.0,0.08475,0.93624,0.72414,0.0,0.65724
0.16667,0.0,0.11864,0.49415,0.41379,0.0,0.65724
0.16667,0.0,0.11864,0.65234,0.03448,0.0,0.52222
0.16667,0.0,0.15254,0.63361,0.17241,0.0,0.60596
0.16667,0.0,0.20339,0.60827,0.72414,0.0,0.65724
0.16667,0.0,0.20339,0.7022,0.86207,0.0,0.65104
0.16667,0.0,0.20339,0.70545,0.03448,0.0,0.60596
0.16667,0.0,0.22034,0.87532,0.89655,0.0,0.65724
0.16667,0.0,0.23729,0.82775,0.7931,0.0,0.65724
0.16667,0.0,0.27119,0.6684,0.58621,0.0,0.65724
0.16667,0.0,0.28814,0.5753,0.03448,0.0,0.60596
0.16667,0.0,0.30508,0.85772,0.72414,0.0,0.52222
0.16667,0.0,0.32203,0.07522,0.51724,0.0,0.65724
0.16667,0.0,0.32203,0.61435,0.65517,0.0,0.60596
0.16667,0.0,0.33898,0.62938,0.62069,0.0,0.60596
0.16667,0.0,0.33898,0.65443,0.58621,0.0,0.52222
0.16667,0.0,0.33898,0.86063,0.37931,0.0,0.65724
0.16667,0.0,0.37288,0.51258,0.24138,0.0,0.65724
0.16667,0.0,0.38983,0.88791,0.48276,0.0,0.65724
0.16667,0.0,0.40678,0.46553,0.72414,0.0,0.65104
0.16667,0.0,0.40678,0.66826,0.65517,0.0,0.60596
0.16667,0.0,0.42373,0.26659,0.27586,0.0,0.65724
0.16667,0.0,0.44068,0.33778,0.93103,0.0,0.65724
0.16667,0.0,0.44068,0.64603,0.68966,0.0,0.65724
0.16667,0.0,0.45763,0.03509,0.44828,0.0,0.65724
0.16667,0.0,0.47458,0.67774,0.75862,0.0,0.52222
0.16667,0.0,0.49153,0.48974,0.89655,0.0,0.65724
0.16667,0.0,0.49153,0.51557,0.93103,0.0,0.65724
0.16667,0.0,0.50847,0.44497,0.27586,0.0,0.77983
0.16667,0.0,0.50847,0.83701,0.27586,0.0,0.65724
0.16667,0.0,0.54237,0.08579,0.51724,0.0,0.65724
0.16667,0.0,0.59322,0.63571,0.72414,0.0,0.52222
0.16667,0.0,0.61017,0.66689,0.86207,0.0,0.65104
0.16667,0.0,0.61017,0.97843,0.68966,0.0,0.60596
0.16667,0.0,0.62712,0.82535,0.44828,0.0,0.65724
0.16667,0.0,0.64407,0.4562,0.2069,0.0,0.65724
0.16667,0.0,0.69492,0.82278,0.51724,0.0,0.65724
0.16667,0.0,0.69492,0.86587,0.44828,0.0,0.65724
0.16667,0.0,0.74576,0.25571,0.48276,0.0,0.75094
0.16667,0.0,0.74576,0.94412,0.89655,0.0,0.52222
0.16667,0.0,0.81356,0.46013,0.7931,0.0,0.65724
0.16667,0.0,0.81356,0.74063,0.68966,0.0,0.60596
0.16667,0.0,0.83051,0.3045,0.51724,0.0,0.52222
0.16667,0.0,0.83051,0.70068,0.2069,0.0,0.65724
0.16667,0.0,0.84746,0.84554,0.7931,0.0,0.65724
0.16667,0.0,0.84746,0.91383,0.10345,0.0,0.52222
0.16667,0.0,0.86441,0.51035,0.27586,0.0,0.65724
0.16667,0.0,0.86441,0.51329,0.82759,0.0,0.52222
0.16667,0.0,0.88136,0.87582,0.0,1.0,0.65724
0.16667,0.0,0.89831,0.07218,0.31034,0.0,0.81939
0.16667,0.0,0.89831,0.78354,0.65517,0.0,0.65104
0.16667,0.0,0.91525,0.76726,0.62069,0.0,0.65724
0.16667,0.0,0.91525,0.80016,0.37931,0.0,0.52222
0.16667,0.0,0.9322,0.58164,0.68966,0.0,0.65724
0.16667,0.0,0.94915,0.10825,0.93103,0.0,0.65724
0.16667,0.0,0.94915,0.38189,0.75862,0.0,0.52222
0.16667,0.0,0.94915,0.54578,0.06897,0.0,0.65724
0.16667,0.0,0.9661,0.65295,0.41379,0.0,0.52222
0.16667,0.0,0.9661,0.68545,0.2069,0.0,0.65724
0.16667,0.0,0.98305,0.56457,0.68966,0.0,0.65724
0.16667,0.0,1.0,0.7374,0.24138,0.0,0.65724
0.18333,0.0,0.0,0.10183,0.55172,0.0,0.65724
0.18333,0.0,0.01695,0.28552,0.75862,0.0,0.77983
0.18333,0.0,0.0339,0.7169,0.37931,0.0,0.65724
0.18333,0.0,0.05085,0.89271,0.10345,0.0,0.60596
0.18333,0.0,0.0678,0.95164,0.17241,0.0,0.65724
0.18333,0.0,0.08475,0.37184,0.96552,0.0,0.77983
0.18333,0.0,0.10169,0.97119,0.24138,0.0,0.52222
0.18333,0.0,0.11864,0.53212,0.06897,0.0,0.65724
0.18333,0.0,0.13559,0.39038,0.0,1.0,0.52222
0.18333,0.0,0.13559,0.49064,1.0,0.0,0.60596
0.18333,0.0,0.13559,0.72156,0.10345,0.0,0.51685
0.18333,0.0,0.13559,0.98832,0.86207,0.0,0.52222
0.18333,0.0,0.15254,0.10232,0.7931,0.0,0.80939
0.18333,0.0,0.15254,0.36513,0.34483,0.0,0.77983
0.18333,0.0,0.16949,0.20958,0.37931,0.0,0.90426
0.18333,0.0,0.16949,0.73572,0.10345,0.0,0.65724
0.18333,0.0,0.18644,0.23433,0.75862,0.0,0.65724
0.18333,0.0,0.18644,0.3266,0.10345,0.0,0.52222
0.18333,0.0,0.20339,0.43795,0.31034,0.0,0.65724
0.18333,0.0,0.22034,0.15726,0.34483,0.0,0.90426
0.18333,0.0,0.22034,0.30945,0.51724,0.0,0.77983
0.18333,0.0,0.22034,0.87843,0.31034,0.0,0.65724
0.18333,0.0,0.28814,0.4833,0.37931,0.0,0.65724
0.18333,0.0,0.30508,0.04189,0.27586,0.0,0.85416
0.18333,0.0,0.30508,0.13051,0.27586,0.0,0.80939
0.18333,0.0,0.30508,0.46965,0.75862,0.0,0.65724
0.18333,0.0,0.30508,0.86201,0.27586,0.0,0.65724
0.18333,0.0,0.32203,0.73666,0.13793,0.0,0.65104
0.18333,0.0,0.33898,0.09973,0.89655,0.0,0.80939
0.18333,0.0,0.33898,0.99867,1.0,0.0,0.65724
0.18333,0.0,0.35593,0.26841,0.27586,0.0,0.65724
0.18333,0.0,0.37288,0.32157,0.58621,0.0,0.65724
0.18333,0.0,0.37288,0.38496,0.41379,0.0,0.77983
0.18333,0.0,0.37288,0.43235,0.7931,0.0,0.77983
0.18333,0.0,0.37288,0.5319,0.06897,0.0,0.60596
0.18333,0.0,0.38983,0.54902,0.44828,0.0,0.65724
0.18333,0.0,0.40678,0.8416,0.55172,0.0,0.65724
0.18333,0.0,0.44068,0.16834,0.65517,0.0,0.65724
0.18333,0.0,0.44068,0.52899,0.41379,0.0,0.65724
0.18333,0.0,0.44068,0.56764,0.48276,0.0,0.65724
0.18333,0.0,0.45763,0.62454,0.93103,0.0,0.65724
0.18333,0.0,0.47458,0.44415,0.7931,0.0,0.65724
0.18333,0.0,0.50847,0.33306,0.86207,0.0,0.65104
0.18333,0.0,0.50847,0.34627,0.75862,0.0,0.77983
0.18333,0.0,0.50847,0.56466,0.13793,0.0,0.52222
0.18333,0.0,0.50847,0.94428,0.13793,0.0,0.65724
0.18333,0.0,0.52542,0.1914,0.7931,0.0,0.90426
0.18333,0.0,0.52542,0.4411,0.44828,0.0,0.65724
0.18333,0.0,0.52542,0.75265,0.17241,0.0,0.60596
0.18333,0.0,0.54237,0.29443,0.27586,0.0,0.65724
0.18333,0.0,0.54237,0.38201,0.17241,0.0,0.65724
0.18333,0.0,0.54237,0.53024,0.10345,0.0,0.65724
0.18333,0.0,0.57627,0.55418,0.27586,0.0,0.65724
0.18333,0.0,0.61017,0.61189,0.06897,0.0,0.65724
0.18333,0.0,0.62712,0.51817,0.65517,0.0,0.65724
0.18333,0.0,0.62712,0.73589,0.27586,0.0,0.65724
0.18333,0.0,0.62712,0.75403,0.58621,0.0,0.65724
0.18333,0.0,0.64407,0.08077,0.72414,0.0,0.74479
0.18333,0.0,0.66102,0.2527,0.34483,0.0,0.85044
0.18333,0.0,0.66102,0.44784,0.13793,0.0,0.77983
0.18333,0.0,0.69492,0.18381,0.51724,0.0,0.65724
0.18333,0.0,0.74576,0.35263,0.55172,0.0,0.74157
0.18333,0.0,0.74576,0.48552,0.10345,0.0,0.65724
0.18333,0.0,0.76271,0.2145,0.51724,0.0,0.65724
0.18333,0.0,0.76271,0.23599,0.27586,0.0,0.65724
0.18333,0.0,0.76271,0.86252,0.34483,0.0,0.65724
0.18333,0.0,0.77966,0.99597,0.2069,0.0,0.65724
0.18333,0.0,0.81356,0.45972,0.37931,0.0,0.65724
0.18333,0.0,0.86441,0.91545,0.06897,0.0,0.60596
0.18333,0.0,0.88136,0.04419,0.44828,0.0,0.94086
0.18333,0.0,0.88136,0.22951,0.7931,0.0,0.65724
0.18333,0.0,0.88136,0.78992,0.51724,0.0,0.60596
0.18333,0.0,0.89831,0.26295,0.41379,0.0,0.65724
0.18333,0.0,0.91525,0.28313,0.17241,0.0,0.64362
0.18333,0.0,0.91525,0.63821,0.34483,0.0,0.60596
0.18333,0.0,0.91525,0.81949,0.34483,0.0,0.65724
0.18333,0.0,0.9322,0.01301,0.89655,0.0,0.63894
0.18333,0.0,0.9322,0.46607,0.0,1.0,0.65724
0.18333,0.0,0.94915,0.34971,0.51724,0.0,0.52222
0.18333,0.0,0.94915,0.52347,0.96552,0.0,0.60596
0.18333,0.0,0.94915,0.81972,0.58621,0.0,0.65724
0.18333,0.0,0.9661,0.7545,0.75862,0.0,0.65104
0.18333,0.0,0.9661,0.9265,0.24138,0.0,0.60596
0.18333,0.0,0.98305,0.34759,0.48276,0.0,0.65724
0.18333,0.0,0.98305,0.57182,0.82759,0.0,0.65724
0.18333,0.0,0.98305,0.99374,0.24138,0.0,0.60596
0.18333,0.0,1.0,0.17636,0.17241,0.0,0.65724
0.18333,0.0,1.0,0.89873,0.55172,0.0,0.52222
0.2,0.0,0.0,0.49755,0.10345,0.0,0.60596
0.2,0.0,0.0,0.95514,0.27586,0.0,0.65724
0.2,0.0,0.0,0.95609,0.75862,0.0,0.60596
0.2,0.0,0.01695,0.61301,1.0,0.0,0.65724
0.2,0.0,0.0339,0.28557,0.93103,0.0,0.65724
0.2,0.0,0.0339,0.67622,0.55172,0.0,0.65724
0.2,0.0,0.05085,0.38168,0.75862,0.0,0.65724
0.2,0.0,0.0678,0.37046,0.68966,0.0,0.77983
0.2,0.0,0.10169,0.09783,0.62069,0.0,0.65724
0.2,0.0,0.10169,0.66865,0.72414,0.0,0.65724
0.2,0.0,0.11864,0.69201,0.65517,0.0,0.65724
0.2,0.0,0.16949,0.28763,0.51724,0.0,0.65724
0.2,0.0,0.16949,0.54864,0.51724,0.0,0.52222
0.2,0.0,0.18644,0.27362,0.31034,0.0,0.77983
0.2,0.0,0.18644,0.36819,0.31034,0.0,0.65724
0.2,0.0,0.22034,0.3196,1.0,0.0,0.52222
0.2,0.0,0.22034,0.44208,0.10345,0.0,0.77983
0.2,0.0,0.22034,0.77136,0.41379,0.0,0.65724
0.2,0.0,0.23729,0.06199,0.27586,0.0,0.74479
0.2,0.0,0.23729,0.88832,0.93103,0.0,0.65724
0.2,0.0,0.27119,0.13625,0.86207,0.0,0.65724
0.2,0.0,0.27119,0.56482,0.44828,0.0,0.65724
0.2,0.0,0.28814,0.86386,0.51724,0.0,0.60596
0.2,0.0,0.32203,0.00141,0.41379,0.0,0.67388
0.2,0.0,0.32203,0.24734,0.62069,0.0,0.77983
0.2,0.0,0.33898,0.31604,0.96552,0.0,0.65724
0.2,0.0,0.33898,0.7003,0.03448,0.0,0.65724
0.2,0.0,0.35593,0.186,0.44828,0.0,0.65724
0.2,0.0,0.35593,0.90675,0.51724,0.0,0.52222
0.2,0.0,0.37288,0.11404,0.51724,0.0,0.65724
0.2,0.0,0.37288,0.14579,0.58621,0.0,0.65724
0.2,0.0,0.37288,0.51978,0.03448,0.0,0.65724
0.2,0.0,0.38983,0.38825,0.93103,0.0,0.65724
0.2,0.0,0.38983,0.54916,0.89655,0.0,0.65724
0.2,0.0,0.42373,0.30839,0.37931,0.0,0.52222
0.2,0.0,0.42373,0.65552,0.13793,0.0,0.52222
0.2,0.0,0.42373,0.71684,0.41379,0.0,0.52222
0.2,0.0,0.45763,0.10727,0.65517,0.0,0.80939
0.2,0.0,0.50847,0.29334,0.17241,0.0,0.77983
0.2,0.0,0.50847,0.53971,0.58621,0.0,0.65724
0.2,0.0,0.55932,0.18889,0.44828,0.0,0.65724
0.2,0.0,0.55932,0.56867,0.93103,0.0,0.52222
0.2,0.0,0.57627,0.61299,0.03448,0.0,0.65724
0.2,0.0,0.61017,0.73813,0.13793,0.0,0.52222
0.2,0.0,0.69492,0.28498,0.48276,0.0,0.64362
0.2,0.0,0.71186,0.29608,0.7931,0.0,0.65724
0.2,0.0,0.71186,0.41539,0.24138,0.0,0.77983
0.2,0.0,0.71186,0.79835,0.0,1.0,0.52222
0.2,0.0,0.72881,0.2568,0.96552,0.0,0.70432
0.2,0.0,0.76271,0.74929,0.27586,0.0,0.52222
0.2,0.0,0.77966,0.74149,0.0,1.0,0.52222
0.2,0.0,0.77966,0.81102,0.17241,0.0,0.65724
0.2,0.0,0.77966,0.83302,0.27586,0.0,0.52222
0.2,0.0,0.77966,0.97953,0.7931,0.0,0.65724
0.2,0.0,0.79661,0.87818,0.06897,0.0,0.65724
0.2,0.0,0.79661,0.98299,0.27586,0.0,0.52222
0.2,0.0,0.81356,0.80811,0.24138,0.0,0.52222
0.2,0.0,0.81356,0.95179,0.89655,0.0,0.65104
0.2,0.0,0.84746,0.1375,0.68966,0.0,0.65724
0.2,0.0,0.84746,0.70922,0.44828,0.0,0.65724
0.2,0.0,0.84746,0.92943,0.65517,0.0,0.65724
0.2,0.0,0.86441,0.15654,0.65517,0.0,0.65724
0.2,0.0,0.86441,0.58654,0.55172,0.0,0.65724
0.2,0.0,0.86441,0.69763,0.10345,0.0,0.60596
0.2,0.0,0.88136,0.41884,0.62069,0.0,0.65724
0.2,0.0,0.88136,0.49921,0.89655,0.0,0.65724
0.2,0.0,0.89831,0.7369,0.72414,0.0,0.52222
0.2,0.0,0.9322,0.50321,0.41379,0.0,0.65724
0.2,0.0,1.0,0.21647,0.55172,0.0,0.65724
0.2,0.0,1.0,0.89905,0.96552,0.0,0.65724
0.21667,0.0,0.0,0.54816,0.93103,0.0,0.65724
0.21667,0.0,0.0339,0.48197,0.17241,0.0,0.63769
0.21667,0.0,0.05085,0.27242,0.37931,0.0,0.77983
0.21667,0.0,0.05085,0.6611,0.65517,0.0,0.88928
0.21667,0.0,0.0678,0.79036,0.13793,0.0,0.60596
0.21667,0.0,0.08475,0.02577,0.31034,0.0,0.94086
0.21667,0.0,0.10169,0.57225,0.03448,0.0,0.65724
0.21667,0.0,0.11864,0.043,0.48276,0.0,0.85416
0.21667,0.0,0.11864,0.07463,0.96552,0.0,0.93085
0.21667,0.0,0.11864,0.24544,0.44828,0.0,0.77983
0.21667,0.0,0.11864,0.41817,0.03448,0.0,0.77983
0.21667,0.0,0.11864,0.73208,0.06897,0.0,0.60596
0.21667,0.0,0.11864,0.99915,0.31034,0.0,0.65724
0.21667,0.0,0.15254,0.67912,0.06897,0.0,0.65724
0.21667,0.0,0.16949,0.05514,0.89655,0.0,0.65724
0.21667,0.0,0.16949,0.21015,0.51724,0.0,0.77983
0.21667,0.0,0.16949,0.3823,0.62069,0.0,0.65724
0.21667,0.0,0.16949,0.68075,0.93103,0.0,0.65104
0.21667,0.0,0.18644,0.4313,0.82759,0.0,0.77983
0.21667,0.0,0.18644,0.48757,0.13793,0.0,0.60596
0.21667,0.0,0.18644,0.50397,0.37931,0.0,0.52222
0.21667,0.0,0.22034,0.24517,0.82759,0.0,0.69401
0.21667,0.0,0.22034,0.41579,0.48276,0.0,0.65724
0.21667,0.0,0.23729,0.07787,1.0,0.0,0.65724
0.21667,0.0,0.23729,0.17049,0.27586,0.0,0.77983
0.21667,0.0,0.23729,0.89525,0.03448,0.0,0.60596
0.21667,0.0,0.25424,0.50747,0.31034,0.0,0.65724
0.21667,0.0,0.27119,0.47889,0.51724,0.0,0.52222
0.21667,0.0,0.27119,0.93832,0.06897,0.0,0.65724
0.21667,0.0,0.30508,0.3645,0.89655,0.0,0.52222
0.21667,0.0,0.30508,0.77918,0.86207,0.0,0.65724
0.21667,0.0,0.32203,0.25073,0.55172,0.0,0.65724
0.21667,0.0,0.33898,0.25807,0.44828,0.0,0.65724
0.21667,0.0,0.33898,0.29269,0.13793,0.0,0.65724
0.21667,0.0,0.33898,0.93748,0.96552,0.0,0.65724
0.21667,0.0,0.37288,0.30226,0.7931,0.0,0.65724
0.21667,0.0,0.37288,0.95602,0.75862,0.0,0.65724
0.21667,0.0,0.44068,0.26553,0.41379,0.0,0.65724
0.21667,0.0,0.45763,0.98662,0.72414,0.0,0.60596
0.21667,0.0,0.47458,0.57013,0.62069,0.0,0.65724
0.21667,0.0,0.47458,0.63141,0.75862,0.0,0.65724
0.21667,0.0,0.49153,0.10853,0.55172,0.0,0.65724
0.21667,0.0,0.50847,0.80512,1.0,0.0,0.65104
0.21667,0.0,0.55932,0.52129,0.06897,0.0,0.52222
0.21667,0.0,0.59322,0.50947,0.48276,0.0,0.65724
0.21667,0.0,0.61017,0.09204,0.31034,0.0,0.72656
0.21667,0.0,0.61017,0.24744,0.58621,0.0,0.65724
0.21667,0.0,0.62712,0.91106,0.34483,0.0,0.52222
0.21667,0.0,0.66102,0.95971,0.41379,0.0,0.65724
0.21667,0.0,0.67797,0.38995,0.68966,0.0,0.65724
0.21667,0.0,0.69492,0.38004,0.03448,0.0,0.77983
0.21667,0.0,0.71186,0.25265,0.7931,0.0,0.65724
0.21667,0.0,0.71186,0.46445,0.27586,0.0,0.65724
0.21667,0.0,0.71186,0.97278,0.44828,0.0,0.65724
0.21667,0.0,0.71186,0.98828,0.31034,0.0,0.52222
0.21667,0.0,0.77966,0.10008,0.0,1.0,0.72656
0.21667,0.0,0.79661,0.67508,0.44828,0.0,0.65724
0.21667,0.0,0.81356,0.69991,0.51724,0.0,0.65104
0.21667,0.0,0.81356,0.94715,0.72414,0.0,0.65724
0.21667,0.0,0.83051,0.18118,0.13793,0.0,0.65724
0.21667,0.0,0.86441,0.0282,0.34483,0.0,0.94086
0.21667,0.0,0.86441,0.14694,0.62069,0.0,0.71745
0.21667,0.0,0.88136,0.83621,0.34483,0.0,0.52222
0.21667,0.0,0.89831,0.98524,0.41379,0.0,0.65724
0.21667,0.0,0.91525,0.3695,0.55172,0.0,0.52222
0.21667,0.0,0.9322,0.17923,0.96552,0.0,0.77983
0.21667,0.0,0.94915,0.94489,0.72414,0.0,0.65104
0.21667,0.0,0.9661,0.04884,0.17241,0.0,0.65724
0.21667,0.0,0.9661,0.42718,0.24138,0.0,0.52222
0.21667,0.0,0.9661,0.6118,0.0,1.0,0.65724
0.21667,0.0,0.9661,0.82321,0.24138,0.0,0.60596
0.21667,0.0,0.98305,0.10442,0.27586,0.0,0.80939
0.23333,0.0,0.0339,0.15646,0.58621,0.0,0.65724
0.23333,0.0,0.05085,0.11804,0.13793,0.0,0.71745
0.23333,0.0,0.08475,0.08307,0.62069,0.0,0.65724
0.23333,0.0,0.08475,0.32863,0.34483,0.0,0.65724
0.23333,0.0,0.08475,0.4888,0.65517,0.0,0.60596
0.23333,0.0,0.10169,0.65991,0.75862,0.0,0.65724
0.23333,0.0,0.11864,0.10185,1.0,0.0,0.80939
0.23333,0.0,0.13559,0.09033,0.41379,0.0,0.65724
0.23333,0.0,0.15254,0.41477,0.86207,0.0,0.65724
0.23333,0.0,0.16949,0.48973,0.41379,0.0,0.60596
0.23333,0.0,0.16949,0.87524,0.17241,0.0,0.52222
0.23333,0.0,0.20339,0.40944,0.93103,0.0,0.52222
0.23333,0.0,0.22034,0.51754,0.62069,0.0,0.60596
0.23333,0.0,0.22034,0.66293,0.62069,0.0,0.65724
0.23333,0.0,0.23729,0.25074,0.86207,0.0,0.65724
0.23333,0.0,0.25424,0.56859,0.41379,0.0,0.65104
0.23333,0.0,0.25424,0.86021,0.27586,0.0,0.65104
0.23333,0.0,0.28814,0.94103,0.13793,0.0,0.65724
0.23333,0.0,0.30508,0.38513,0.2069,0.0,0.52222
0.23333,0.0,0.30508,0.42237,0.10345,0.0,0.65724
0.23333,0.0,0.32203,0.10112,0.68966,0.0,0.65724
0.23333,0.0,0.35593,0.53958,0.03448,0.0,0.60596
0.23333,0.0,0.37288,0.99081,0.41379,0.0,0.65104
0.23333,0.0,0.38983,0.8126,0.31034,0.0,0.65724
0.23333,0.0,0.40678,0.04525,0.82759,0.0,0.85177
0.23333,0.0,0.40678,0.13549,0.62069,0.0,0.80939
0.23333,0.0,0.45763,0.24189,0.58621,0.0,0.65724
0.23333,0.0,0.45763,0.48837,0.72414,0.0,0.65724
0.23333,0.0,0.47458,0.42606,0.89655,0.0,0.65724
0.23333,0.0,0.47458,0.48615,0.68966,0.0,0.60596
0.23333,0.0,0.49153,0.55411,0.86207,0.0,0.52222
0.23333,0.0,0.49153,0.86613,0.55172,0.0,0.65724
0.23333,0.0,0.52542,0.08846,0.51724,0.0,0.65724
0.23333,0.0,0.52542,0.13019,0.89655,0.0,0.90426
0.23333,0.0,0.52542,0.88486,0.24138,0.0,0.60596
0.23333,0.0,0.54237,0.02993,0.72414,0.0,0.65724
0.23333,0.0,0.54237,0.04787,0.86207,0.0,0.65724
0.23333,0.0,0.54237,0.39165,0.13793,0.0,0.52222
0.23333,0.0,0.54237,0.74957,0.13793,0.0,0.65724
0.23333,0.0,0.55932,0.56578,0.7931,0.0,0.65104
0.23333,0.0,0.59322,0.04435,0.93103,0.0,0.65724
0.23333,0.0,0.59322,0.30448,0.2069,0.0,0.65724
0.23333,0.0,0.59322,0.77855,0.58621,0.0,0.60596
0.23333,0.0,0.61017,0.82835,0.31034,0.0,0.65724
0.23333,0.0,0.64407,0.87129,0.96552,0.0,0.65724
0.23333,0.0,0.66102,0.35161,0.58621,0.0,0.65724
0.23333,0.0,0.69492,0.23388,0.41379,0.0,0.77983
0.23333,0.0,0.71186,0.06113,1.0,0.0,0.65724
0.23333,0.0,0.74576,0.5432,0.7931,0.0,0.65724
0.23333,0.0,0.76271,0.19955,0.41379,0.0,0.65724
0.23333,0.0,0.77966,0.14384,0.7931,0.0,0.80939
0.23333,0.0,0.77966,0.36376,0.58621,0.0,0.65724
0.23333,0.0,0.77966,0.40902,0.86207,0.0,0.65724
0.23333,0.0,0.79661,0.60638,0.17241,0.0,0.65724
0.23333,0.0,0.79661,0.73268,0.55172,0.0,0.65724
0.23333,0.0,0.83051,0.33599,0.68966,0.0,0.77983
0.23333,0.0,0.84746,0.8089,0.24138,0.0,0.65724
0.23333,0.0,0.88136,0.34449,0.7931,0.0,0.65724
0.23333,0.0,0.89831,0.46137,0.24138,0.0,0.65724
0.23333,0.0,0.89831,0.87079,0.03448,0.0,0.52222
0.23333,0.0,0.91525,0.51463,0.68966,0.0,0.65724
0.23333,0.0,0.91525,0.57272,0.44828,0.0,0.65724
0.23333,0.0,0.9322,0.82007,0.2069,0.0,0.65724
0.23333,0.0,0.94915,0.78071,0.89655,0.0,0.65724
0.23333,0.0,0.9661,0.17023,0.48276,0.0,0.65724
0.23333,0.0,0.98305,0.69854,0.89655,0.0,0.52222
0.25,0.0,0.0,0.07253,0.03448,0.0,0.66051
0.25,0.0,0.0,0.29819,0.10345,0.0,0.65724
0.25,0.0,0.0,0.40706,0.0,1.0,0.65724
0.25,0.0,0.01695,0.88525,0.65517,0.0,0.65724
0.25,0.0,0.0339,0.38837,0.17241,0.0,0.65724
0.25,0.0,0.05085,0.23497,0.7931,0.0,0.70573
0.25,0.0,0.05085,0.73784,0.41379,0.0,0.65724
0.25,0.0,0.05085,0.95663,0.96552,0.0,0.60596
0.25,0.0,0.08475,0.41496,0.48276,0.0,0.65724
0.25,0.0,0.08475,0.70153,0.62069,0.0,0.65724
0.25,0.0,0.08475,0.8822,0.24138,0.0,0.65724
0.25,0.0,0.10169,0.27438,0.62069,0.0,0.77983
0.25,0.0,0.10169,0.43617,0.62069,0.0,0.65724
0.25,0.0,0.11864,0.01299,0.06897,0.0,0.76877
0.25,0.0,0.11864,0.04986,0.82759,0.0,0.65724
0.25,0.0,0.11864,0.29754,0.55172,0.0,0.65724
0.25,0.0,0.16949,0.62534,0.82759,0.0,0.60596
0.25,0.0,0.18644,0.6747,0.58621,0.0,0.65724
0.25,0.0,0.20339,0.4104,0.03448,0.0,0.65724
0.25,0.0,0.22034,0.13353,0.37931,0.0,0.71745
0.25,0.0,0.22034,0.66165,0.03448,0.0,0.52222
0.25,0.0,0.22034,0.95003,0.34483,0.0,0.52222
0.25,0.0,0.25424,0.99533,0.27586,0.0,0.60596
0.25,0.0,0.27119,0.62428,0.06897,0.0,0.65724
0.25,0.0,0.28814,0.19187,0.75862,0.0,0.65724
0.25,0.0,0.30508,0.06131,0.27586,0.0,0.74479
0.25,0.0,0.30508,0.16769,0.62069,0.0,0.71745
0.25,0.0,0.30508,0.41216,0.24138,0.0,0.65724
0.25,0.0,0.33898,0.7139,0.48276,0.0,0.65724
0.25,0.0,0.35593,0.29145,0.58621,0.0,0.65724
0.25,0.0,0.35593,0.29739,0.06897,0.0,0.52222
0.25,0.0,0.35593,0.67256,0.82759,0.0,0.60596
0.25,0.0,0.35593,0.68653,0.41379,0.0,0.60596
0.25,0.0,0.37288,0.18981,0.62069,0.0,0.65724
0.25,0.0,0.37288,0.65192,0.86207,0.0,0.65724
0.25,0.0,0.37288,0.71385,0.37931,0.0,0.60596
0.25,0.0,0.37288,0.72311,0.31034,0.0,0.60596
0.25,0.0,0.38983,0.76955,0.72414,0.0,0.65724
0.25,0.0,0.40678,0.11878,0.0,1.0,0.80939
0.25,0.0,0.42373,0.12015,0.03448,0.0,0.65724
0.25,0.0,0.44068,0.4226,1.0,0.0,0.65724
0.25,0.0,0.44068,0.81717,0.37931,0.0,0.60596
0.25,0.0,0.45763,0.63142,0.93103,0.0,0.65104
0.25,0.0,0.45763,0.71282,0.65517,0.0,0.65724
0.25,0.0,0.50847,0.99149,1.0,0.0,0.60596
0.25,0.0,0.52542,0.47191,0.34483,0.0,0.65724
0.25,0.0,0.52542,0.62748,0.24138,0.0,0.52222
0.25,0.0,0.52542,0.67834,0.58621,0.0,0.65724
0.25,0.0,0.54237,0.12731,0.27586,0.0,0.65724
0.25,0.0,0.54237,0.32874,0.17241,0.0,0.77983
0.25,0.0,0.55932,0.63342,0.48276,0.0,0.52222
0.25,0.0,0.57627,0.24049,0.48276,0.0,0.77983
0.25,0.0,0.57627,0.27089,0.93103,0.0,0.65724
0.25,0.0,0.57627,0.88193,0.13793,0.0,0.65724
0.25,0.0,0.61017,0.08989,0.34483,0.0,0.65724
0.25,0.0,0.61017,0.25683,1.0,0.0,0.77983
0.25,0.0,0.61017,0.82016,0.48276,0.0,0.52222
0.25,0.0,0.64407,0.57804,0.7931,0.0,0.52222
0.25,0.0,0.66102,0.39659,0.2069,0.0,0.65724
0.25,0.0,0.66102,0.86698,0.10345,0.0,0.60596
0.25,0.0,0.66102,0.99393,0.51724,0.0,0.65724
0.25,0.0,0.67797,0.08549,0.89655,0.0,0.65724
0.25,0.0,0.69492,0.29763,0.55172,0.0,0.65724
0.25,0.0,0.69492,0.40345,0.62069,0.0,0.65104
0.25,0.0,0.71186,0.70469,0.24138,0.0,0.65724
0.25,0.0,0.71186,0.83912,0.65517,0.0,0.52222
0.25,0.0,0.72881,0.32845,0.41379,0.0,0.65724
0.25,0.0,0.72881,0.6552,1.0,0.0,0.60596
0.25,0.0,0.74576,0.81749,0.96552,0.0,0.52222
0.25,0.0,0.79661,0.13168,0.2069,0.0,0.80939
0.25,0.0,0.83051,0.14386,0.41379,0.0,0.65724
0.25,0.0,0.84746,0.07533,0.44828,0.0,0.65724
0.25,0.0,0.84746,0.08406,0.58621,0.0,0.65724
0.25,0.0,0.84746,0.78086,0.17241,0.0,0.52222
0.25,0.0,0.86441,0.89824,0.7931,0.0,0.65724
0.25,0.0,0.88136,0.44533,0.55172,0.0,0.65724
0.25,0.0,0.88136,0.82402,0.37931,0.0,0.60596
0.25,0.0,0.89831,0.29524,0.44828,0.0,0.65724
0.25,0.0,0.91525,0.89412,0.65517,0.0,0.60596
0.25,0.0,0.94915,0.21709,0.44828,0.0,0.90426
0.25,0.0,0.94915,0.95114,0.48276,0.0,0.65104
0.25,0.0,0.9661,0.20201,0.96552,0.0,0.90426
0.25,0.0,0.98305,0.90074,0.2069,0.0,0.65724
0.25,0.0,1.0,0.25847,0.68966,0.0,0.65724
0.25,0.0,1.0,0.48461,0.27586,0.0,0.63769
0.26667,0.0,0.0,0.35563,0.0,1.0,0.65724
0.26667,0.0,0.0,0.4113,0.41379,0.0,0.52222
0.26667,0.0,0.01695,0.15618,0.06897,0.0,0.65724
0.26667,0.0,0.0678,0.01105,0.55172,0.0,0.83528
0.26667,0.0,0.0678,0.13613,0.68966,0.0,0.80939
0.26667,0.0,0.08475,0.81081,0.03448,0.0,0.65724
0.26667,0.0,0.10169,0.87916,0.72414,0.0,0.65724
0.26667,0.0,0.11864,0.32567,0.03448,0.0,0.65724
0.26667,0.0,0.11864,0.78617,0.03448,0.0,0.65724
0.26667,0.0,0.15254,0.36231,0.34483,0.0,0.77983
0.26667,0.0,0.15254,0.37448,0.82759,0.0,0.65724
0.26667,0.0,0.15254,0.84116,0.93103,0.0,0.60596
0.26667,0.0,0.18644,0.13792,0.72414,0.0,0.80939
0.26667,0.0,0.18644,0.30073,0.13793,0.0,0.52222
0.26667,0.0,0.18644,0.41092,0.72414,0.0,0.77983
0.26667,0.0,0.18644,0.49046,0.51724,0.0,0.52222
0.26667,0.0,0.18644,0.6751,0.65517,0.0,0.65724
0.26667,0.0,0.18644,0.81736,0.44828,0.0,0.65104
0.26667,0.0,0.23729,0.07601,0.03448,0.0,0.65724
0.26667,0.0,0.23729,0.9598,0.17241,0.0,0.65104
0.26667,0.0,0.23729,0.99839,0.13793,0.0,0.60596
0.26667,0.0,0.25424,0.98181,0.06897,0.0,0.60596
0.26667,0.0,0.27119,0.23307,0.10345,0.0,0.65724
0.26667,0.0,0.27119,0.60251,0.0,1.0,0.60596
0.26667,0.0,0.27119,0.83117,0.72414,0.0,0.65724
0.26667,0.0,0.28814,0.26901,0.34483,0.0,0.65724
0.26667,0.0,0.28814,0.35501,0.17241,0.0,0.77983
0.26667,0.0,0.28814,0.44992,0.44828,0.0,0.52222
0.26667,0.0,0.28814,0.56954,0.96552,0.0,0.60596
0.26667,0.0,0.28814,0.93229,0.2069,0.0,0.52222
0.26667,0.0,0.30508,0.68206,1.0,0.0,0.60596
0.26667,0.0,0.32203,0.14849,0.65517,0.0,0.65724
0.26667,0.0,0.32203,0.53822,0.03448,0.0,0.65724
0.26667,0.0,0.32203,0.66709,0.17241,0.0,0.52222
0.26667,0.0,0.38983,0.24323,0.44828,0.0,0.65724
0.26667,0.0,0.38983,0.48311,0.13793,0.0,0.52222
0.26667,0.0,0.44068,0.00054,0.93103,0.0,0.90415
0.26667,0.0,0.44068,0.90914,0.55172,0.0,0.60596
0.26667,0.0,0.45763,0.31743,0.10345,0.0,0.77983
0.26667,0.0,0.47458,0.23065,0.68966,0.0,0.71745
0.26667,0.0,0.47458,0.60091,0.31034,0.0,0.60596
0.26667,0.0,0.50847,0.1749,0.48276,0.0,0.65724
0.26667,0.0,0.52542,0.41761,0.96552,0.0,0.65724
0.26667,0.0,0.52542,0.51087,0.41379,0.0,0.65724
0.26667,0.0,0.57627,0.26651,0.27586,0.0,0.77983
0.26667,0.0,0.57627,0.37886,0.93103,0.0,0.65724
0.26667,0.0,0.59322,0.33402,0.44828,0.0,0.52222
0.26667,0.0,0.59322,0.44019,0.68966,0.0,0.52222
0.26667,0.0,0.59322,0.5975,0.41379,0.0,0.65724
0.26667,0.0,0.61017,0.18823,0.48276,0.0,0.65724
0.26667,0.0,0.62712,0.249,0.82759,0.0,0.90426
0.26667,0.0,0.62712,0.28221,0.65517,0.0,0.65724
0.26667,0.0,0.62712,0.42445,0.03448,0.0,0.77983
0.26667,0.0,0.62712,0.73934,0.03448,0.0,0.65724
0.26667,0.0,0.62712,0.83272,0.2069,0.0,0.65724
0.26667,0.0,0.64407,0.14079,0.06897,0.0,0.76877
0.26667,0.0,0.64407,0.56917,0.82759,0.0,0.65724
0.26667,0.0,0.66102,0.33999,0.68966,0.0,0.77983
0.26667,0.0,0.66102,0.42229,0.68966,0.0,0.77983
0.26667,0.0,0.66102,0.63563,0.55172,0.0,0.52222
0.26667,0.0,0.67797,0.39818,0.0,1.0,0.52222
0.26667,0.0,0.67797,0.62931,0.72414,0.0,0.65724
0.26667,0.0,0.69492,0.57803,0.41379,0.0,0.60596
0.26667,0.0,0.71186,0.13204,0.24138,0.0,0.65724
0.26667,0.0,0.71186,0.52401,0.93103,0.0,0.65724
0.26667,0.0,0.72881,0.50341,0.72414,0.0,0.52222
0.26667,0.0,0.74576,0.25425,0.41379,0.0,0.77983
0.26667,0.0,0.74576,0.544,0.48276,0.0,0.60596
0.26667,0.0,0.77966,0.05729,0.7931,0.0,0.94086
0.26667,0.0,0.77966,0.10735,0.2069,0.0,0.80939
0.26667,0.0,0.77966,0.17698,0.2069,0.0,0.65724
0.26667,0.0,0.77966,0.44687,1.0,0.0,0.77983
0.26667,0.0,0.79661,0.51528,1.0,0.0,0.65724
0.26667,0.0,0.81356,0.55209,0.13793,0.0,0.65724
0.26667,0.0,0.81356,0.68966,0.65517,0.0,0.65104
0.26667,0.0,0.81356,0.878,0.44828,0.0,0.52222
0.26667,0.0,0.84746,0.23446,0.13793,0.0,0.65724
0.26667,0.0,0.86441,0.13373,0.75862,0.0,0.65724
0.26667,0.0,0.86441,0.30439,0.55172,0.0,0.77983
0.26667,0.0,0.88136,0.45002,0.7931,0.0,0.52222
0.26667,0.0,0.88136,0.93601,0.55172,0.0,0.65104
0.26667,0.0,0.89831,0.09433,0.93103,0.0,0.65724
0.26667,0.0,0.89831,0.55538,0.62069,0.0,0.52222
0.26667,0.0,0.89831,0.81934,0.2069,0.0,0.60596
0.26667,0.0,0.91525,0.65363,0.58621,0.0,0.65724
0.26667,0.0,0.9322,0.17417,0.27586,0.0,0.65724
0.26667,0.0,0.9322,0.65359,0.82759,0.0,0.60596
0.26667,0.0,0.94915,0.68346,0.65517,0.0,0.65724
0.26667,0.0,0.98305,0.32747,0.31034,0.0,0.52222
0.26667,0.0,1.0,0.03116,0.06897,0.0,0.76877
0.26667,0.0,1.0,0.93353,0.24138,0.0,0.60596
0.28333,0.0,0.0,0.85322,0.89655,0.0,0.65724
0.28333,0.0,0.01695,0.16054,0.06897,0.0,0.65724
0.28333,0.0,0.01695,0.42046,0.72414,0.0,0.65724
0.28333,0.0,0.01695,0.89023,0.48276,0.0,0.52222
0.28333,0.0,0.0339,0.28241,0.0,1.0,0.65724
0.28333,0.0,0.0339,0.84092,0.65517,0.0,0.60596
0.28333,0.0,0.05085,0.34182,0.13793,0.0,0.77983
0.28333,0.0,0.0678,0.73433,0.13793,0.0,0.60596
0.28333,0.0,0.08475,0.1819,0.65517,0.0,0.90426
0.28333,0.0,0.10169,0.57895,0.58621,0.0,0.65724
0.28333,0.0,0.11864,0.20283,0.24138,0.0,0.90426
0.28333,0.0,0.18644,0.81145,0.55172,0.0,0.65724
0.28333,0.0,0.20339,0.31529,0.89655,0.0,0.65724
0.28333,0.0,0.20339,0.40045,0.48276,0.0,0.65724
0.28333,0.0,0.20339,0.59983,1.0,0.0,0.65724
0.28333,0.0,0.22034,0.75136,0.44828,0.0,0.60596
0.28333,0.0,0.23729,0.89584,0.62069,0.0,0.60596
0.28333,0.0,0.25424,0.62749,0.17241,0.0,0.52222
0.28333,0.0,0.27119,0.23547,0.72414,0.0,0.77983
0.28333,0.0,0.27119,0.33311,0.58621,0.0,0.52222
0.28333,0.0,0.28814,0.89373,0.68966,0.0,0.52222
0.28333,0.0,0.35593,0.35413,0.13793,0.0,0.65724
0.28333,0.0,0.37288,0.64078,0.68966,0.0,0.52222
0.28333,0.0,0.38983,0.30081,0.62069,0.0,0.77983
0.28333,0.0,0.38983,0.58445,0.03448,0.0,0.52222
0.28333,0.0,0.40678,0.81631,0.82759,0.0,0.60596
0.28333,0.0,0.40678,0.94876,0.72414,0.0,0.65724
0.28333,0.0,0.42373,0.96446,0.24138,0.0,0.65724
0.28333,0.0,0.44068,0.12507,0.75862,0.0,0.65724
0.28333,0.0,0.45763,0.2334,0.2069,0.0,0.65724
0.28333,0.0,0.45763,0.89912,0.31034,0.0,0.65724
0.28333,0.0,0.47458,0.37751,0.58621,0.0,0.65724
0.28333,0.0,0.49153,0.21848,0.65517,0.0,0.90426
0.28333,0.0,0.50847,0.18044,0.93103,0.0,0.77983
0.28333,0.0,0.50847,0.33361,0.13793,0.0,0.52222
0.28333,0.0,0.52542,0.56236,0.93103,0.0,0.65724
0.28333,0.0,0.54237,0.20063,0.10345,0.0,0.65724
0.28333,0.0,0.54237,0.62057,0.10345,0.0,0.52222
0.28333,0.0,0.55932,0.25749,0.55172,0.0,0.65724
0.28333,0.0,0.55932,0.32222,0.96552,0.0,0.52222
0.28333,0.0,0.55932,0.8992,0.51724,0.0,0.52222
0.28333,0.0,0.57627,0.9303,0.10345,0.0,0.65724
0.28333,0.0,0.61017,0.29445,0.48276,0.0,0.65724
0.28333,0.0,0.64407,0.12882,0.93103,0.0,0.65724
0.28333,0.0,0.64407,0.75489,0.48276,0.0,0.52222
0.28333,0.0,0.64407,0.75506,0.58621,0.0,0.60596
0.28333,0.0,0.66102,0.43893,0.0,1.0,0.77983
0.28333,0.0,0.66102,0.93468,0.68966,0.0,0.60596
0.28333,0.0,0.67797,0.08646,0.62069,0.0,0.65724
0.28333,0.0,0.69492,0.67591,0.44828,0.0,0.65724
0.28333,0.0,0.74576,0.22288,0.27586,0.0,0.77983
0.28333,0.0,0.74576,0.85769,0.7931,0.0,0.60596
0.28333,0.0,0.76271,0.3457,0.68966,0.0,0.77983
0.28333,0.0,0.76271,0.39234,0.31034,0.0,0.65724
0.28333,0.0,0.77966,0.57304,0.58621,0.0,0.60596
0.28333,0.0,0.83051,0.18451,0.86207,0.0,0.65724
0.28333,0.0,0.84746,0.42076,0.0,1.0,0.65724
0.28333,0.0,0.84746,0.42846,0.0,1.0,0.65724
0.28333,0.0,0.84746,0.68279,0.96552,0.0,0.65724
0.28333,0.0,0.86441,0.58073,0.31034,0.0,0.65724
0.28333,0.0,0.86441,0.78542,0.58621,0.0,0.65724
0.28333,0.0,0.89831,0.63698,0.62069,0.0,0.60596
0.28333,0.0,0.91525,0.89196,0.7931,0.0,0.52222
0.28333,0.0,0.98305,0.34952,0.37931,0.0,0.77983
0.28333,0.0,0.98305,0.71321,0.93103,0.0,0.60596
0.28333,0.0,1.0,0.88926,0.82759,0.0,0.65724
0.3,0.0,0.0,0.1548,0.37931,0.0,0.65724
0.3,0.0,0.01695,0.89037,0.86207,0.0,0.65724
0.3,0.0,0.0339,0.05042,0.34483,0.0,0.65724
0.3,0.0,0.0339,0.22608,0.58621,0.0,0.65724
0.3,0.0,0.05085,0.66992,0.44828,0.0,0.65724
0.3,0.0,0.05085,0.73989,0.86207,0.0,0.65724
0.3,0.0,0.0678,0.03677,0.03448,0.0,0.66051
0.3,0.0,0.10169,0.21246,0.03448,0.0,0.77983
0.3,0.0,0.10169,0.26667,0.75862,0.0,0.65724
0.3,0.0,0.10169,0.73508,0.51724,0.0,0.52222
0.3,0.0,0.10169,0.90381,0.24138,0.0,0.65724
0.3,0.0,0.13559,0.49779,0.27586,0.0,0.65724
0.3,0.0,0.15254,0.05727,0.96552,0.0,0.94086
0.3,0.0,0.15254,0.606,0.82759,0.0,0.65724
0.3,0.0,0.16949,0.04178,0.48276,0.0,0.94086
0.3,0.0,0.16949,0.69953,1.0,0.0,0.65724
0.3,0.0,0.22034,0.80649,0.68966,0.0,0.60596
0.3,0.0,0.25424,0.63201,0.37931,0.0,0.65724
0.3,0.0,0.25424,0.70371,0.34483,0.0,0.65724
0.3,0.0,0.27119,0.85308,0.51724,0.0,0.60596
0.3,0.0,0.28814,0.65996,0.86207,0.0,0.65724
0.3,0.0,0.28814,0.97271,0.37931,0.0,0.60596
0.3,0.0,0.32203,0.41586,0.37931,0.0,0.65724
0.3,0.0,0.32203,0.91193,0.75862,0.0,0.65724
0.3,0.0,0.33898,0.18931,0.72414,0.0,0.65724
0.3,0.0,0.33898,0.51777,0.68966,0.0,0.60596
0.3,0.0,0.35593,0.35761,0.86207,0.0,0.77983
0.3,0.0,0.37288,0.29247,0.82759,0.0,0.53285
0.3,0.0,0.38983,0.47987,0.31034,0.0,0.65724
0.3,0.0,0.38983,0.8236,0.51724,0.0,0.65724
0.3,0.0,0.40678,0.00878,0.0,1.0,0.96777
0.3,0.0,0.42373,0.50216,0.7931,0.0,0.52222
0.3,0.0,0.44068,0.03084,0.62069,0.0,0.94086
0.3,0.0,0.44068,0.07656,0.65517,0.0,0.80917
0.3,0.0,0.44068,0.94042,0.2069,0.0,0.52222
0.3,0.0,0.45763,0.78466,1.0,0.0,0.52222
0.3,0.0,0.47458,0.32373,0.82759,0.0,0.77983
0.3,0.0,0.49153,0.06109,0.31034,0.0,0.94086
0.3,0.0,0.49153,0.94395,0.17241,0.0,0.60596
0.3,0.0,0.50847,0.03075,0.06897,0.0,0.65724
0.3,0.0,0.50847,0.31286,0.48276,0.0,0.52222
0.3,0.0,0.50847,0.37693,0.03448,0.0,0.65724
0.3,0.0,0.50847,0.87679,0.2069,0.0,0.65724
0.3,0.0,0.52542,0.49497,0.82759,0.0,0.52222
0.3,0.0,0.52542,0.78679,0.13793,0.0,0.52222
0.3,0.0,0.54237,0.38076,0.41379,0.0,0.65724
0.3,0.0,0.55932,0.07143,0.41379,0.0,0.65724
0.3,0.0,0.55932,0.07784,0.0,1.0,0.80917
0.3,0.0,0.55932,0.53358,0.37931,0.0,0.52222
0.3,0.0,0.57627,0.30687,0.55172,0.0,0.65724
0.3,0.0,0.61017,0.67064,0.86207,0.0,0.60596
0.3,0.0,0.61017,0.77466,0.17241,0.0,0.52222
0.3,0.0,0.62712,0.7993,0.75862,0.0,0.65724
0.3,0.0,0.62712,0.84545,0.2069,0.0,0.60596
0.3,0.0,0.64407,0.92551,0.93103,0.0,0.60596
0.3,0.0,0.66102,0.85286,0.06897,0.0,0.60596
0.3,0.0,0.67797,0.13096,0.0,1.0,0.65724
0.3,0.0,0.67797,0.85613,0.51724,0.0,0.65724
0.3,0.0,0.69492,0.93761,0.86207,0.0,0.65724
0.3,0.0,0.71186,0.30525,0.44828,0.0,0.65104
0.3,0.0,0.72881,0.18653,1.0,0.0,0.90426
0.3,0.0,0.74576,0.71102,0.44828,0.0,0.52222
0.3,0.0,0.74576,0.8143,0.03448,0.0,0.65724
0.3,0.0,0.76271,0.91628,0.89655,0.0,0.65724
0.3,0.0,0.79661,0.22969,0.2069,0.0,0.77983
0.3,0.0,0.79661,0.33929,0.24138,0.0,0.52222
0.3,0.0,0.79661,0.39767,0.06897,0.0,0.65724
0.3,0.0,0.81356,0.61388,0.48276,0.0,0.65724
0.3,0.0,0.83051,0.03106,0.7931,0.0,0.65724
0.3,0.0,0.83051,0.90171,0.62069,0.0,0.60596
0.3,0.0,0.86441,0.46834,0.41379,0.0,0.65724
0.3,0.0,0.86441,0.58167,0.96552,0.0,0.65724
0.3,0.0,0.88136,0.18005,0.68966,0.0,0.65724
0.3,0.0,0.88136,0.64618,0.72414,0.0,0.65724
0.3,0.0,0.89831,0.77589,0.24138,0.0,0.65724
0.3,0.0,0.91525,0.95108,0.75862,0.0,0.52222
0.3,0.0,0.9322,0.02973,0.58621,0.0,0.65724
0.3,0.0,0.9322,0.61407,0.27586,0.0,0.52222
0.3,0.0,0.94915,0.03998,0.34483,0.0,0.65724
0.3,0.0,0.94915,0.97369,0.86207,0.0,0.60596
0.3,0.0,0.9661,0.15888,0.2069,0.0,0.65724
0.3,0.0,0.9661,0.23999,0.34483,0.0,0.77983
0.3,0.0,1.0,0.28816,0.58621,0.0,0.65104
0.31667,0.0,0.01695,0.60761,0.10345,0.0,0.65724
0.31667,0.0,0.0339,0.31714,0.89655,0.0,0.52222
0.31667,0.0,0.05085,0.69656,0.75862,0.0,0.65724
0.31667,0.0,0.0678,0.07759,0.0,1.0,0.80917
0.31667,0.0,0.0678,0.23243,0.44828,0.0,0.65724
0.31667,0.0,0.08475,0.93359,0.72414,0.0,0.65724
0.31667,0.0,0.13559,0.13573,0.58621,0.0,0.90426
0.31667,0.0,0.13559,0.45062,0.13793,0.0,0.52222
0.31667,0.0,0.15254,0.42659,0.03448,0.0,0.65724
0.31667,0.0,0.16949,0.48893,0.34483,0.0,0.65724
0.31667,0.0,0.20339,0.79185,0.89655,0.0,0.65724
0.31667,0.0,0.22034,0.93074,0.48276,0.0,0.52222
0.31667,0.0,0.23729,0.60377,0.13793,0.0,0.65724
0.31667,0.0,0.25424,0.7485,0.55172,0.0,0.65724
0.31667,0.0,0.27119,0.19118,0.51724,0.0,0.65724
0.31667,0.0,0.28814,0.15653,0.51724,0.0,0.65724
0.31667,0.0,0.30508,0.62113,0.86207,0.0,0.52222
0.31667,0.0,0.35593,0.14898,0.58621,0.0,0.65724
0.31667,0.0,0.37288,0.31895,0.7931,0.0,0.65724
0.31667,0.0,0.40678,0.63437,0.31034,0.0,0.52222
0.31667,0.0,0.44068,0.20998,0.82759,0.0,0.65724
0.31667,0.0,0.44068,0.58953,0.58621,0.0,0.65724
0.31667,0.0,0.44068,0.84426,0.41379,0.0,0.65724
0.31667,0.0,0.45763,0.49409,0.2069,0.0,0.65724
0.31667,0.0,0.45763,0.8121,0.51724,0.0,0.52222
0.31667,0.0,0.45763,0.82071,0.68966,0.0,0.52222
0.31667,0.0,0.50847,0.10638,0.13793,0.0,0.65724
0.31667,0.0,0.54237,0.41505,0.62069,0.0,0.65724
0.31667,0.0,0.57627,0.5793,0.03448,0.0,0.60596
0.31667,0.0,0.59322,0.29283,0.24138,0.0,0.65724
0.31667,0.0,0.59322,0.71788,0.89655,0.0,0.65104
0.31667,0.0,0.59322,0.73147,0.24138,0.0,0.65724
0.31667,0.0,0.59322,0.83577,0.27586,0.0,0.65724
0.31667,0.0,0.59322,0.96779,0.96552,0.0,0.52222
0.31667,0.0,0.62712,0.5758,0.93103,0.0,0.65724
0.31667,0.0,0.64407,0.44289,0.2069,0.0,0.65104
0.31667,0.0,0.66102,0.09036,0.10345,0.0,0.65724
0.31667,0.0,0.66102,0.2135,0.62069,0.0,0.71745
0.31667,0.0,0.66102,0.59597,0.93103,0.0,0.60596
0.31667,0.0,0.66102,0.94856,0.31034,0.0,0.65724
0.31667,0.0,0.69492,0.08072,0.93103,0.0,0.65724
0.31667,0.0,0.71186,0.6772,0.62069,0.0,0.60596
0.31667,0.0,0.72881,0.37045,0.72414,0.0,0.77983
0.31667,0.0,0.72881,0.427,0.24138,0.0,0.77983
0.31667,0.0,0.72881,0.90137,0.89655,0.0,0.60596
0.31667,0.0,0.74576,0.1808,0.58621,0.0,0.65724
0.31667,0.0,0.74576,0.72672,0.93103,0.0,0.65724
0.31667,0.0,0.86441,0.01813,0.24138,0.0,0.94086
0.31667,0.0,0.88136,0.01745,0.03448,0.0,0.66051
0.31667,0.0,0.89831,0.44589,0.7931,0.0,0.52222
0.31667,0.0,0.89831,0.6833,0.65517,0.0,0.52222
0.31667,0.0,0.91525,0.06423,0.7931,0.0,0.65724
0.31667,0.0,0.9322,0.6723,0.24138,0.0,0.65724
0.31667,0.0,0.9322,0.77863,0.58621,0.0,0.65724
0.31667,0.0,0.98305,0.24258,0.41379,0.0,0.90426
0.31667,0.0,0.98305,0.27399,0.17241,0.0,0.66051
0.31667,0.0,0.98305,0.82979,0.7931,0.0,0.65724
0.31667,0.0,1.0,0.26565,0.24138,0.0,0.65724
0.31667,0.0,1.0,0.50705,0.96552,0.0,0.52222
0.31667,0.0,1.0,0.59245,0.62069,0.0,0.65724
0.35,0.0,0.0,0.28548,0.10345,0.0,0.62797
0.35,0.0,0.0,0.71294,0.2069,0.0,0.52222
0.35,0.0,0.01695,0.43085,0.37931,0.0,0.52222
0.35,0.0,0.01695,0.47266,0.48276,0.0,0.65724
0.35,0.0,0.01695,0.87389,0.0,1.0,0.65104
0.35,0.0,0.0678,0.11778,0.2069,0.0,0.80939
0.35,0.0,0.08475,0.7143,0.96552,0.0,0.52222
0.35,0.0,0.08475,0.96084,0.27586,0.0,0.60596
0.35,0.0,0.10169,0.03369,0.72414,0.0,0.75
0.35,0.0,0.10169,0.08043,0.58621,0.0,0.65724
0.35,0.0,0.15254,0.57564,0.41379,0.0,0.65724
0.35,0.0,0.18644,0.71131,0.06897,0.0,0.65724
0.35,0.0,0.20339,0.24645,0.0,1.0,0.65724
0.35,0.0,0.20339,0.45634,0.06897,0.0,0.77983
0.35,0.0,0.23729,0.52679,0.34483,0.0,0.65724
0.35,0.0,0.23729,0.83484,0.27586,0.0,0.65724
0.35,0.0,0.23729,0.89306,0.75862,0.0,0.65724
0.35,0.0,0.25424,0.23042,0.27586,0.0,0.65724
0.35,0.0,0.28814,0.04845,0.7931,0.0,0.65724
0.35,0.0,0.28814,0.11071,0.44828,0.0,0.80939
0.35,0.0,0.28814,0.24761,0.41379,0.0,0.65724
0.35,0.0,0.28814,0.45046,0.17241,0.0,0.52222
0.35,0.0,0.28814,0.55764,0.0,1.0,0.60596
0.35,0.0,0.30508,0.05806,0.58621,0.0,0.94086
0.35,0.0,0.30508,0.53169,0.31034,0.0,0.65724
0.35,0.0,0.30508,0.68593,0.72414,0.0,0.52222
0.35,0.0,0.30508,0.96993,0.51724,0.0,0.65724
0.35,0.0,0.33898,0.14603,0.27586,0.0,0.90426
0.35,0.0,0.33898,0.1964,0.03448,0.0,0.65724
0.35,0.0,0.33898,0.19833,0.7931,0.0,0.65724
0.35,0.0,0.33898,0.30239,0.55172,0.0,0.65724
0.35,0.0,0.37288,0.41211,0.48276,0.0,0.65104
0.35,0.0,0.37288,0.41287,0.86207,0.0,0.65724
0.35,0.0,0.37288,0.48203,0.96552,0.0,0.65724
0.35,0.0,0.38983,0.20478,0.34483,0.0,0.65724
0.35,0.0,0.38983,0.28985,0.34483,0.0,0.58511
0.35,0.0,0.38983,0.92303,0.37931,0.0,0.60596
0.35,0.0,0.40678,0.83219,0.72414,0.0,0.52222
0.35,0.0,0.44068,0.53228,0.06897,0.0,0.60596
0.35,0.0,0.44068,0.8495,0.03448,0.0,0.65724
0.35,0.0,0.44068,0.93564,0.51724,0.0,0.52222
0.35,0.0,0.45763,0.65191,1.0,0.0,0.65724
0.35,0.0,0.49153,0.19137,0.06897,0.0,0.77983
0.35,0.0,0.50847,0.12728,0.06897,0.0,0.65724
0.35,0.0,0.50847,0.68666,0.93103,0.0,0.65724
0.35,0.0,0.52542,0.26948,0.93103,0.0,0.65724
0.35,0.0,0.52542,0.27046,0.62069,0.0,0.65724
0.35,0.0,0.54237,0.5369,0.03448,0.0,0.65345
0.35,0.0,0.54237,0.55141,0.34483,0.0,0.65724
0.35,0.0,0.55932,0.12306,0.2069,0.0,0.80939
0.35,0.0,0.55932,0.61843,0.65517,0.0,0.65724
0.35,0.0,0.55932,0.83443,0.48276,0.0,0.60596
0.35,0.0,0.55932,0.88714,0.06897,0.0,0.65724
0.35,0.0,0.61017,0.2309,0.24138,0.0,0.77983
0.35,0.0,0.61017,0.82357,0.55172,0.0,0.65724
0.35,0.0,0.62712,0.85718,0.37931,0.0,0.65724
0.35,0.0,0.64407,0.25824,0.72414,0.0,0.65724
0.35,0.0,0.66102,0.23915,0.86207,0.0,0.90426
0.35,0.0,0.67797,0.06347,0.96552,0.0,0.65724
0.35,0.0,0.67797,0.39104,0.65517,0.0,0.52222
0.35,0.0,0.69492,0.24813,0.96552,0.0,0.77983
0.35,0.0,0.69492,0.34279,0.51724,0.0,0.52222
0.35,0.0,0.69492,0.93778,0.24138,0.0,0.52222
0.35,0.0,0.72881,0.58269,0.93103,0.0,0.52222
0.35,0.0,0.74576,0.10662,0.58621,0.0,0.80939
0.35,0.0,0.76271,0.0519,0.93103,0.0,0.84721
0.35,0.0,0.76271,0.23257,0.62069,0.0,0.77983
0.35,0.0,0.76271,0.87939,0.2069,0.0,0.65724
0.35,0.0,0.77966,0.41991,0.55172,0.0,0.52222
0.35,0.0,0.77966,0.54039,0.03448,0.0,0.52222
0.35,0.0,0.77966,0.55356,0.17241,0.0,0.65724
0.35,0.0,0.79661,0.17444,0.51724,0.0,0.77983
0.35,0.0,0.79661,0.84012,0.06897,0.0,0.60596
0.35,0.0,0.79661,0.85883,0.82759,0.0,0.65104
0.35,0.0,0.83051,0.16947,0.24138,0.0,0.77983
0.35,0.0,0.83051,0.21063,0.48276,0.0,0.65724
0.35,0.0,0.83051,0.74716,0.2069,0.0,0.65724
0.35,0.0,0.84746,0.20908,0.89655,0.0,0.65724
0.35,0.0,0.86441,0.16724,0.10345,0.0,0.65724
0.35,0.0,0.88136,0.16555,0.37931,0.0,0.65724
0.35,0.0,0.89831,0.34519,0.17241,0.0,0.77983
0.35,0.0,0.89831,0.42226,0.75862,0.0,0.65724
0.35,0.0,0.89831,0.49941,0.06897,0.0,0.65724
0.35,0.0,0.89831,0.58475,0.48276,0.0,0.65724
0.35,0.0,0.91525,0.3572,0.10345,0.0,0.65724
0.35,0.0,0.91525,0.60105,0.48276,0.0,0.65724
0.35,0.0,0.9322,0.03954,0.27586,0.0,0.86133
0.35,0.0,0.94915,0.1873,0.17241,0.0,0.65724
0.35,0.0,0.94915,0.20988,0.44828,0.0,0.77983
0.35,0.0,0.9661,0.06328,0.44828,0.0,0.94086
0.35,0.0,0.9661,0.15153,0.58621,0.0,0.65724
0.35,0.0,0.98305,0.41108,0.55172,0.0,0.65104
0.35,0.0,0.98305,0.77091,0.0,1.0,0.52222
0.35,0.0,0.98305,0.96881,0.34483,0.0,0.65724
0.35,0.0,1.0,0.61396,0.68966,0.0,0.60596
0.36667,0.0,0.0,0.92765,0.86207,0.0,0.60596
0.36667,0.0,0.01695,0.37511,0.96552,0.0,0.65724
0.36667,0.0,0.01695,0.44157,0.27586,0.0,0.52222
0.36667,0.0,0.01695,0.57993,0.58621,0.0,0.52222
0.36667,0.0,0.01695,0.93075,0.41379,0.0,0.65724
0.36667,0.0,0.0339,0.42614,0.27586,0.0,0.65724
0.36667,0.0,0.05085,0.06531,0.93103,0.0,0.65724
0.36667,0.0,0.11864,0.61561,0.7931,0.0,0.60596
0.36667,0.0,0.11864,0.79577,0.27586,0.0,0.52222
0.36667,0.0,0.13559,0.10731,0.24138,0.0,0.90426
0.36667,0.0,0.13559,0.26372,0.13793,0.0,0.65724
0.36667,0.0,0.15254,0.43234,0.31034,0.0,0.65724
0.36667,0.0,0.15254,0.44059,0.13793,0.0,0.65724
0.36667,0.0,0.16949,0.01728,0.72414,0.0,0.76872
0.36667,0.0,0.18644,0.50711,0.96552,0.0,0.65724
0.36667,0.0,0.22034,0.03234,0.89655,0.0,0.71714
0.36667,0.0,0.22034,0.19526,0.62069,0.0,0.65724
0.36667,0.0,0.22034,0.61685,0.0,1.0,0.60596
0.36667,0.0,0.22034,0.61718,0.37931,0.0,0.52222
0.36667,0.0,0.22034,0.79173,0.13793,0.0,0.52222
0.36667,0.0,0.23729,0.56442,0.82759,0.0,0.52222
0.36667,0.0,0.23729,0.59789,0.34483,0.0,0.65724
0.36667,0.0,0.23729,0.60326,0.96552,0.0,0.52222
0.36667,0.0,0.23729,0.98951,0.65517,0.0,0.52222
0.36667,0.0,0.27119,0.4223,0.93103,0.0,0.52222
0.36667,0.0,0.27119,0.44967,0.13793,0.0,0.65724
0.36667,0.0,0.27119,0.61542,0.96552,0.0,0.65724
0.36667,0.0,0.28814,0.22853,0.62069,0.0,0.65724
0.36667,0.0,0.32203,0.01791,0.13793,0.0,0.65724
0.36667,0.0,0.32203,0.70541,0.10345,0.0,0.52222
0.36667,0.0,0.33898,0.5919,0.75862,0.0,0.65724
0.36667,0.0,0.33898,0.72848,0.62069,0.0,0.65724
0.36667,0.0,0.33898,0.76436,0.68966,0.0,0.65724
0.36667,0.0,0.37288,0.01266,0.27586,0.0,0.68552
0.36667,0.0,0.38983,0.9499,0.82759,0.0,0.60596
0.36667,0.0,0.42373,0.01646,0.62069,0.0,0.65557
0.36667,0.0,0.42373,0.13758,0.37931,0.0,0.65724
0.36667,0.0,0.45763,0.81045,0.24138,0.0,0.65724
0.36667,0.0,0.47458,0.3048,0.10345,0.0,0.65104
0.36667,0.0,0.47458,0.44859,0.89655,0.0,0.65724
0.36667,0.0,0.50847,0.13443,1.0,0.0,0.80939
0.36667,0.0,0.50847,0.14318,0.58621,0.0,0.80939
0.36667,0.0,0.50847,0.34661,0.44828,0.0,0.65724
0.36667,0.0,0.52542,0.81764,0.62069,0.0,0.65724
0.36667,0.0,0.55932,0.34687,0.48276,0.0,0.65724
0.36667,0.0,0.61017,0.09459,0.27586,0.0,0.65724
0.36667,0.0,0.61017,0.39107,0.13793,0.0,0.65724
0.36667,0.0,0.61017,0.57203,0.62069,0.0,0.65724
0.36667,0.0,0.61017,0.58791,0.03448,0.0,0.65724
0.36667,0.0,0.62712,0.63622,0.89655,0.0,0.52222
0.36667,0.0,0.62712,0.69894,0.75862,0.0,0.65724
0.36667,0.0,0.62712,0.87241,0.72414,0.0,0.65724
0.36667,0.0,0.64407,0.12754,1.0,0.0,0.90426
0.36667,0.0,0.66102,0.30124,0.7931,0.0,0.65724
0.36667,0.0,0.67797,0.7128,0.55172,0.0,0.60596
0.36667,0.0,0.69492,0.68826,0.93103,0.0,0.52222
0.36667,0.0,0.69492,0.8484,1.0,0.0,0.65104
0.36667,0.0,0.72881,0.14579,0.55172,0.0,0.65724
0.36667,0.0,0.74576,0.87123,0.27586,0.0,0.65724
0.36667,0.0,0.77966,0.38171,0.68966,0.0,0.65724
0.36667,0.0,0.77966,0.55853,0.55172,0.0,0.65724
0.36667,0.0,0.79661,0.80502,0.68966,0.0,0.52222
0.36667,0.0,0.79661,0.82421,0.27586,0.0,0.65724
0.36667,0.0,0.81356,0.3342,0.13793,0.0,0.77983
0.36667,0.0,0.83051,0.95762,0.96552,0.0,0.60596
0.36667,0.0,0.84746,0.03857,0.68966,0.0,0.86133
0.36667,0.0,0.84746,0.24254,0.65517,0.0,0.65724
0.36667,0.0,0.88136,0.09165,0.0,1.0,0.65724
0.36667,0.0,0.88136,0.32827,0.93103,0.0,0.65724
0.36667,0.0,0.91525,0.46108,0.13793,0.0,0.52222
0.36667,0.0,0.91525,0.673,0.13793,0.0,0.60596
0.36667,0.0,0.91525,0.80592,0.48276,0.0,0.65724
0.36667,0.0,0.91525,0.92299,0.65517,0.0,0.65724
0.36667,0.0,0.91525,0.95062,0.96552,0.0,0.60596
0.36667,0.0,0.9322,0.29787,1.0,0.0,0.65724
0.36667,0.0,0.9322,0.52018,0.96552,0.0,0.52222
0.36667,0.0,0.9322,0.75301,0.37931,0.0,0.52222
0.36667,0.0,0.9322,0.98789,0.93103,0.0,0.65724
0.38333,0.0,0.01695,0.32695,0.75862,0.0,0.77983
0.38333,0.0,0.0339,0.74278,0.03448,0.0,0.60596
0.38333,0.0,0.05085,0.23589,0.41379,0.0,0.65724
0.38333,0.0,0.05085,0.60473,0.17241,0.0,0.60596
0.38333,0.0,0.05085,0.6847,0.89655,0.0,0.52222
0.38333,0.0,0.05085,0.88741,0.68966,0.0,0.65724
0.38333,0.0,0.0678,0.31714,0.65517,0.0,0.65724
0.38333,0.0,0.0678,0.65783,0.55172,0.0,0.65724
0.38333,0.0,0.0678,0.79281,1.0,0.0,0.52222
0.38333,0.0,0.08475,0.08507,0.48276,0.0,0.90426
0.38333,0.0,0.08475,0.14087,0.68966,0.0,0.65724
0.38333,0.0,0.10169,0.63533,0.75862,0.0,0.60596
0.38333,0.0,0.11864,0.03103,0.24138,0.0,0.86698
0.38333,0.0,0.11864,0.12611,0.68966,0.0,0.80939
0.38333,0.0,0.11864,0.20506,0.82759,0.0,0.65724
0.38333,0.0,0.11864,0.58605,0.89655,0.0,0.52222
0.38333,0.0,0.13559,0.2069,0.75862,0.0,0.77983
0.38333,0.0,0.13559,0.46163,0.62069,0.0,0.65724
0.38333,0.0,0.13559,0.5801,0.51724,0.0,0.65724
0.38333,0.0,0.15254,0.30198,0.44828,0.0,0.65724
0.38333,0.0,0.15254,0.48765,0.68966,0.0,0.65724
0.38333,0.0,0.16949,0.05049,0.48276,0.0,0.65724
0.38333,0.0,0.18644,0.40292,0.48276,0.0,0.65724
0.38333,0.0,0.18644,0.41183,0.0,1.0,0.77983
0.38333,0.0,0.18644,0.71543,0.55172,0.0,0.65724
0.38333,0.0,0.22034,0.30066,0.72414,0.0,0.65724
0.38333,0.0,0.22034,0.55072,0.03448,0.0,0.60596
0.38333,0.0,0.25424,0.23275,0.96552,0.0,0.65724
0.38333,0.0,0.25424,0.63134,0.68966,0.0,0.65724
0.38333,0.0,0.25424,0.96446,0.82759,0.0,0.52222
0.38333,0.0,0.27119,0.61995,0.03448,0.0,0.65104
0.38333,0.0,0.30508,0.3949,0.7931,0.0,0.52222
0.38333,0.0,0.32203,0.26678,0.72414,0.0,0.65724
0.38333,0.0,0.32203,0.33067,0.51724,0.0,0.77983
0.38333,0.0,0.32203,0.8098,0.17241,0.0,0.65724
0.38333,0.0,0.33898,0.99787,0.55172,0.0,0.65345
0.38333,0.0,0.35593,0.04511,0.37931,0.0,0.65724
0.38333,0.0,0.37288,0.61473,0.89655,0.0,0.65724
0.38333,0.0,0.38983,0.0061,0.34483,0.0,0.89546
0.38333,0.0,0.38983,0.80604,0.93103,0.0,0.65724
0.38333,0.0,0.40678,0.88496,0.48276,0.0,0.65724
0.38333,0.0,0.44068,0.27586,0.41379,0.0,0.65724
0.38333,0.0,0.44068,0.9225,0.89655,0.0,0.65724
0.38333,0.0,0.45763,0.25126,0.06897,0.0,0.66865
0.38333,0.0,0.45763,0.26124,0.44828,0.0,0.65724
0.38333,0.0,0.47458,0.30798,0.06897,0.0,0.77983
0.38333,0.0,0.47458,0.88247,0.89655,0.0,0.60596
0.38333,0.0,0.49153,0.08153,0.72414,0.0,0.65724
0.38333,0.0,0.50847,0.22476,0.96552,0.0,0.77983
0.38333,0.0,0.50847,0.39442,0.10345,0.0,0.65724
0.38333,0.0,0.52542,0.26066,0.75862,0.0,0.65724
0.38333,0.0,0.52542,0.28337,0.93103,0.0,0.65724
0.38333,0.0,0.52542,0.36516,0.93103,0.0,0.52222
0.38333,0.0,0.52542,0.44323,0.7931,0.0,0.77983
0.38333,0.0,0.52542,0.57708,0.75862,0.0,0.60596
0.38333,0.0,0.54237,0.14585,0.24138,0.0,0.65724
0.38333,0.0,0.54237,0.62771,0.89655,0.0,0.65724
0.38333,0.0,0.54237,0.99874,0.13793,0.0,0.52222
0.38333,0.0,0.55932,0.92121,0.44828,0.0,0.65724
0.38333,0.0,0.57627,0.34251,0.96552,0.0,0.65724
0.38333,0.0,0.57627,0.53661,0.51724,0.0,0.60596
0.38333,0.0,0.57627,0.88831,0.65517,0.0,0.65724
0.38333,0.0,0.59322,0.56027,0.55172,0.0,0.60596
0.38333,0.0,0.61017,0.28281,1.0,0.0,0.64362
0.38333,0.0,0.61017,0.35546,0.72414,0.0,0.65724
0.38333,0.0,0.64407,0.38965,0.06897,0.0,0.77983
0.38333,0.0,0.64407,0.98688,0.0,1.0,0.65724
0.38333,0.0,0.66102,0.79367,0.06897,0.0,0.65724
0.38333,0.0,0.69492,0.8252,0.75862,0.0,0.65724
0.38333,0.0,0.69492,0.98924,0.03448,0.0,0.60596
0.38333,0.0,0.71186,0.15803,0.31034,0.0,0.65724
0.38333,0.0,0.71186,0.41538,0.68966,0.0,0.52222
0.38333,0.0,0.71186,0.6168,0.75862,0.0,0.65724
0.38333,0.0,0.71186,0.62366,0.03448,0.0,0.65104
0.38333,0.0,0.71186,0.67755,0.13793,0.0,0.65724
0.38333,0.0,0.72881,0.44244,0.24138,0.0,0.65724
0.38333,0.0,0.72881,0.81727,0.96552,0.0,0.65724
0.38333,0.0,0.74576,0.09078,0.96552,0.0,0.90426
0.38333,0.0,0.74576,0.53719,0.93103,0.0,0.52222
0.38333,0.0,0.74576,0.55383,0.68966,0.0,0.52222
0.38333,0.0,0.76271,0.44978,0.89655,0.0,0.77983
0.38333,0.0,0.77966,0.02451,0.55172,0.0,0.65724
0.38333,0.0,0.77966,0.6436,0.17241,0.0,0.65724
0.38333,0.0,0.83051,0.36994,0.96552,0.0,0.77983
0.38333,0.0,0.84746,0.2978,0.89655,0.0,0.52222
0.38333,0.0,0.84746,0.62876,0.27586,0.0,0.60596
0.38333,0.0,0.84746,0.90766,0.68966,0.0,0.52222
0.38333,0.0,0.86441,0.72355,0.34483,0.0,0.52222
0.38333,0.0,0.89831,0.49031,0.44828,0.0,0.52222
0.38333,0.0,0.89831,0.68178,0.31034,0.0,0.65724
0.38333,0.0,0.91525,0.24547,0.31034,0.0,0.90426
0.38333,0.0,0.9322,0.1623,0.72414,0.0,0.65724
0.38333,0.0,0.94915,0.49692,0.65517,0.0,0.65724
0.38333,0.0,0.9661,0.6772,0.06897,0.0,0.52222
0.38333,0.0,0.98305,0.28198,0.48276,0.0,0.65724
0.38333,0.0,0.98305,0.838,0.48276,0.0,0.65724
0.38333,0.0,0.98305,0.87694,0.65517,0.0,0.65724
0.38333,0.0,1.0,0.1613,0.68966,0.0,0.65724
0.38333,0.0,1.0,0.47616,0.31034,0.0,0.65724
0.38333,0.0,1.0,0.49791,0.75862,0.0,0.88928
0.38333,0.0,1.0,0.63283,0.82759,0.0,0.65724
0.4,0.0,0.0,0.93772,0.89655,0.0,0.65724
0.4,0.0,0.0339,0.61873,0.62069,0.0,0.52222
0.4,0.0,0.0339,0.91775,0.51724,0.0,0.60596
0.4,0.0,0.0339,0.95108,0.58621,0.0,0.65724
0.4,0.0,0.0678,0.00946,0.82759,0.0,0.74349
0.4,0.0,0.0678,0.62025,0.86207,0.0,0.65724
0.4,0.0,0.08475,0.38473,0.58621,0.0,0.65724
0.4,0.0,0.08475,0.52331,0.13793,0.0,0.65724
0.4,0.0,0.10169,0.85345,0.89655,0.0,0.65104
0.4,0.0,0.10169,0.91786,0.0,1.0,0.60596
0.4,0.0,0.11864,0.05294,0.17241,0.0,0.65724
0.4,0.0,0.11864,0.40044,0.06897,0.0,0.65724
0.4,0.0,0.11864,0.50527,0.89655,0.0,0.60596
0.4,0.0,0.11864,0.70302,0.03448,0.0,0.65724
0.4,0.0,0.13559,0.63206,0.24138,0.0,0.65724
0.4,0.0,0.15254,0.71594,0.03448,0.0,0.52222
0.4,0.0,0.16949,0.53318,0.37931,0.0,0.65724
0.4,0.0,0.16949,0.84348,0.13793,0.0,0.52222
0.4,0.0,0.20339,0.89522,0.06897,0.0,0.65724
0.4,0.0,0.22034,0.56803,0.37931,0.0,0.52222
0.4,0.0,0.25424,0.05771,0.93103,0.0,0.84416
0.4,0.0,0.25424,0.78124,0.86207,0.0,0.65724
0.4,0.0,0.27119,0.21387,0.44828,0.0,0.65724
0.4,0.0,0.27119,0.94654,0.48276,0.0,0.65724
0.4,0.0,0.28814,0.91831,0.93103,0.0,0.65724
0.4,0.0,0.28814,0.96115,0.34483,0.0,0.65724
0.4,0.0,0.30508,0.32537,0.27586,0.0,0.65724
0.4,0.0,0.30508,0.8975,0.58621,0.0,0.65724
0.4,0.0,0.32203,0.73713,0.37931,0.0,0.65724
0.4,0.0,0.32203,0.93501,0.48276,0.0,0.60596
0.4,0.0,0.33898,0.35162,0.51724,0.0,0.65724
0.4,0.0,0.40678,0.3329,0.03448,0.0,0.52222
0.4,0.0,0.40678,0.78617,0.96552,0.0,0.65724
0.4,0.0,0.42373,0.24472,0.10345,0.0,0.65724
0.4,0.0,0.44068,0.10985,0.24138,0.0,0.65724
0.4,0.0,0.44068,0.34907,0.72414,0.0,0.65104
0.4,0.0,0.44068,0.70036,0.24138,0.0,0.52222
0.4,0.0,0.45763,0.40326,0.7931,0.0,0.77983
0.4,0.0,0.47458,0.15144,0.68966,0.0,0.65724
0.4,0.0,0.47458,0.27514,0.2069,0.0,0.66051
0.4,0.0,0.47458,0.56138,0.68966,0.0,0.65724
0.4,0.0,0.49153,0.29132,0.62069,0.0,0.65724
0.4,0.0,0.49153,0.461,0.96552,0.0,0.77983
0.4,0.0,0.49153,0.77964,0.55172,0.0,0.65724
0.4,0.0,0.49153,0.78234,0.86207,0.0,0.52222
0.4,0.0,0.52542,0.40194,0.65517,0.0,0.65724
0.4,0.0,0.54237,0.07898,0.31034,0.0,0.80917
0.4,0.0,0.54237,0.45617,0.10345,0.0,0.52222
0.4,0.0,0.54237,0.99235,0.51724,0.0,0.65724
0.4,0.0,0.55932,0.25315,0.10345,0.0,0.65724
0.4,0.0,0.55932,0.33334,0.86207,0.0,0.65724
0.4,0.0,0.59322,0.2168,0.06897,0.0,0.65724
0.4,0.0,0.59322,0.32156,0.86207,0.0,0.52222
0.4,0.0,0.61017,0.3962,0.13793,0.0,0.65724
0.4,0.0,0.62712,0.80456,0.62069,0.0,0.60596
0.4,0.0,0.66102,0.115,0.51724,0.0,0.65724
0.4,0.0,0.67797,0.26954,0.13793,0.0,0.66051
0.4,0.0,0.71186,0.29751,0.27586,0.0,0.52222
0.4,0.0,0.71186,0.69371,0.06897,0.0,0.65724
0.4,0.0,0.72881,0.97489,1.0,0.0,0.65724
0.4,0.0,0.76271,0.30346,0.10345,0.0,0.65724
0.4,0.0,0.76271,0.86618,0.37931,0.0,0.65104
0.4,0.0,0.79661,0.51245,0.37931,0.0,0.65724
0.4,0.0,0.81356,0.52195,0.89655,0.0,0.65104
0.4,0.0,0.81356,0.55547,0.72414,0.0,0.65724
0.4,0.0,0.84746,0.05787,0.10345,0.0,0.90426
0.4,0.0,0.84746,0.97292,0.27586,0.0,0.60596
0.4,0.0,0.86441,0.89475,1.0,0.0,0.65724
0.4,0.0,0.89831,0.56763,1.0,0.0,0.65724
0.4,0.0,0.91525,0.95918,0.27586,0.0,0.65724
0.4,0.0,0.9322,0.20793,0.06897,0.0,0.76377
0.4,0.0,0.9322,0.9829,0.44828,0.0,0.65724
0.4,0.0,0.94915,0.57877,0.75862,0.0,0.65724
0.4,0.0,0.94915,0.80331,0.2069,0.0,0.60596
0.4,0.0,0.9661,0.96657,0.44828,0.0,0.60596
0.41667,0.0,0.01695,0.26902,0.75862,0.0,0.65724
0.41667,0.0,0.0339,0.09707,0.13793,0.0,0.65724
0.41667,0.0,0.05085,0.51949,0.31034,0.0,0.65724
0.41667,0.0,0.0678,0.98556,0.55172,0.0,0.65724
0.41667,0.0,0.11864,0.48678,0.2069,0.0,0.60596
0.41667,0.0,0.13559,0.25166,0.03448,0.0,0.74157
0.41667,0.0,0.15254,0.1545,0.10345,0.0,0.65724
0.41667,0.0,0.15254,0.29206,0.75862,0.0,0.65104
0.41667,0.0,0.15254,0.37216,0.58621,0.0,0.65724
0.41667,0.0,0.18644,0.92777,0.82759,0.0,0.65724
0.41667,0.0,0.20339,0.35853,0.10345,0.0,0.52222
0.41667,0.0,0.22034,0.47208,0.41379,0.0,0.65724
0.41667,0.0,0.22034,0.62185,0.75862,0.0,0.60596
0.41667,0.0,0.22034,0.90766,0.89655,0.0,0.52222
0.41667,0.0,0.25424,0.81336,0.48276,0.0,0.65724
0.41667,0.0,0.25424,0.88651,0.96552,0.0,0.65104
0.41667,0.0,0.27119,0.00846,0.24138,0.0,0.95713
0.41667,0.0,0.27119,0.0889,0.58621,0.0,0.90426
0.41667,0.0,0.27119,0.62364,0.89655,0.0,0.65724
0.41667,0.0,0.30508,0.44627,0.0,1.0,0.52222
0.41667,0.0,0.32203,0.4486,0.82759,0.0,0.52222
0.41667,0.0,0.33898,0.12785,0.82759,0.0,0.71745
0.41667,0.0,0.35593,0.47073,0.13793,0.0,0.65724
0.41667,0.0,0.35593,0.67117,0.13793,0.0,0.65724
0.41667,0.0,0.37288,0.03686,0.86207,0.0,0.65724
0.41667,0.0,0.38983,0.18021,0.24138,0.0,0.65724
0.41667,0.0,0.38983,0.23142,0.0,1.0,0.90426
0.41667,0.0,0.40678,0.42789,0.96552,0.0,0.65104
0.41667,0.0,0.45763,0.23494,0.27586,0.0,0.90426
0.41667,0.0,0.45763,0.5375,0.0,1.0,0.65724
0.41667,0.0,0.47458,0.06179,0.34483,0.0,0.65724
0.41667,0.0,0.47458,0.21885,0.37931,0.0,0.77983
0.41667,0.0,0.47458,0.82326,0.93103,0.0,0.65104
0.41667,0.0,0.50847,0.30567,0.27586,0.0,0.65724
0.41667,0.0,0.52542,0.19519,1.0,0.0,0.90426
0.41667,0.0,0.54237,0.79133,0.82759,0.0,0.52222
0.41667,0.0,0.55932,0.12004,0.24138,0.0,0.80939
0.41667,0.0,0.55932,0.51621,0.72414,0.0,0.60596
0.41667,0.0,0.61017,0.24413,0.75862,0.0,0.77983
0.41667,0.0,0.61017,0.58106,0.72414,0.0,0.65724
0.41667,0.0,0.62712,0.21262,0.44828,0.0,0.65724
0.41667,0.0,0.62712,0.96689,0.0,1.0,0.52222
0.41667,0.0,0.64407,0.11647,0.68966,0.0,0.65724
0.41667,0.0,0.64407,0.61686,0.34483,0.0,0.52222
0.41667,0.0,0.64407,0.88847,0.34483,0.0,0.65724
0.41667,0.0,0.66102,0.02301,0.34483,0.0,0.65724
0.41667,0.0,0.66102,0.31654,0.7931,0.0,0.65724
0.41667,0.0,0.67797,0.10517,0.41379,0.0,0.65724
0.41667,0.0,0.67797,0.25746,0.51724,0.0,0.65724
0.41667,0.0,0.67797,0.31892,0.31034,0.0,0.77983
0.41667,0.0,0.67797,0.51443,0.2069,0.0,0.52222
0.41667,0.0,0.67797,0.93728,0.65517,0.0,0.60596
0.41667,0.0,0.69492,0.06711,0.06897,0.0,0.65724
0.41667,0.0,0.69492,0.79299,0.34483,0.0,0.65724
0.41667,0.0,0.72881,0.99464,0.89655,0.0,0.52222
0.41667,0.0,0.76271,0.67136,0.89655,0.0,0.60596
0.41667,0.0,0.76271,0.67279,0.62069,0.0,0.52222
0.41667,0.0,0.77966,0.18414,0.31034,0.0,0.65724
0.41667,0.0,0.77966,0.56102,0.10345,0.0,0.60596
0.41667,0.0,0.79661,0.11697,0.68966,0.0,0.65724
0.41667,0.0,0.81356,0.14444,0.17241,0.0,0.90426
0.41667,0.0,0.81356,0.24705,0.27586,0.0,0.90426
0.41667,0.0,0.81356,0.26638,0.06897,0.0,0.66051
0.41667,0.0,0.81356,0.40693,0.13793,0.0,0.77983
0.41667,0.0,0.81356,0.76812,0.65517,0.0,0.52222
0.41667,0.0,0.81356,0.76886,0.24138,0.0,0.60596
0.41667,0.0,0.83051,0.57028,0.7931,0.0,0.52222
0.41667,0.0,0.86441,0.28496,0.82759,0.0,0.64362
0.41667,0.0,0.88136,0.59954,0.51724,0.0,0.65724
0.41667,0.0,0.89831,0.02508,0.44828,0.0,0.65724
0.41667,0.0,0.89831,0.49418,0.96552,0.0,0.52222
0.41667,0.0,0.91525,0.13267,0.75862,0.0,0.90426
0.41667,0.0,0.91525,0.24744,0.06897,0.0,0.65724
0.41667,0.0,0.91525,0.54313,0.75862,0.0,0.65724
0.41667,0.0,0.91525,0.64246,0.7931,0.0,0.65724
0.41667,0.0,0.91525,0.6914,0.27586,0.0,0.65724
0.41667,0.0,0.91525,0.71734,0.41379,0.0,0.60596
0.41667,0.0,0.9322,0.4606,0.0,1.0,0.65724
0.41667,0.0,0.94915,0.15168,0.24138,0.0,0.65724
0.41667,0.0,1.0,0.04486,0.10345,0.0,0.65724
0.41667,0.0,1.0,0.15469,0.7931,0.0,0.65724
0.41667,0.0,1.0,0.2415,0.89655,0.0,0.65724
0.43333,0.0,0.01695,0.772,0.65517,0.0,0.65724
0.43333,0.0,0.0339,0.7637,0.17241,0.0,0.65724
0.43333,0.0,0.05085,0.44256,0.82759,0.0,0.52222
0.43333,0.0,0.05085,0.5588,0.7931,0.0,0.60596
0.43333,0.0,0.0678,0.09038,0.86207,0.0,0.80939
0.43333,0.0,0.0678,0.23762,0.75862,0.0,0.65724
0.43333,0.0,0.0678,0.28761,0.44828,0.0,0.65724
0.43333,0.0,0.10169,0.77742,0.75862,0.0,0.65724
0.43333,0.0,0.11864,0.41403,0.17241,0.0,0.77983
0.43333,0.0,0.11864,0.5873,0.2069,0.0,0.60596
0.43333,0.0,0.13559,0.24783,0.03448,0.0,0.77983
0.43333,0.0,0.13559,0.73227,0.65517,0.0,0.65724
0.43333,0.0,0.13559,0.84852,0.34483,0.0,0.52222
0.43333,0.0,0.15254,0.19029,0.89655,0.0,0.90426
0.43333,0.0,0.16949,0.1447,0.03448,0.0,0.71745
0.43333,0.0,0.16949,0.2384,0.17241,0.0,0.65724
0.43333,0.0,0.16949,0.28801,0.24138,0.0,0.65104
0.43333,0.0,0.18644,0.56039,0.27586,0.0,0.65724
0.43333,0.0,0.18644,0.56601,0.03448,0.0,0.52222
0.43333,0.0,0.20339,0.3549,0.03448,0.0,0.77983
0.43333,0.0,0.22034,0.68115,0.82759,0.0,0.65724
0.43333,0.0,0.22034,0.72336,0.0,1.0,0.60596
0.43333,0.0,0.22034,0.7494,0.55172,0.0,0.65724
0.43333,0.0,0.22034,0.96175,1.0,0.0,0.65724
0.43333,0.0,0.23729,0.33845,0.27586,0.0,0.65724
0.43333,0.0,0.25424,0.54162,0.2069,0.0,0.65724
0.43333,0.0,0.25424,0.66967,0.51724,0.0,0.52222
0.43333,0.0,0.25424,0.90604,0.48276,0.0,0.65724
0.43333,0.0,0.27119,0.44605,1.0,0.0,0.77983
0.43333,0.0,0.28814,0.22431,0.13793,0.0,0.65724
0.43333,0.0,0.30508,0.35591,0.34483,0.0,0.52222
0.43333,0.0,0.32203,0.23357,0.72414,0.0,0.90426
0.43333,0.0,0.32203,0.5736,0.37931,0.0,0.60596
0.43333,0.0,0.33898,0.74161,0.13793,0.0,0.65724
0.43333,0.0,0.35593,0.19982,0.31034,0.0,0.65724
0.43333,0.0,0.37288,0.06094,0.44828,0.0,0.65724
0.43333,0.0,0.37288,0.10324,0.24138,0.0,0.65724
0.43333,0.0,0.37288,0.26345,0.51724,0.0,0.65724
0.43333,0.0,0.37288,0.56,0.89655,0.0,0.52222
0.43333,0.0,0.38983,0.22738,0.86207,0.0,0.65724
0.43333,0.0,0.40678,0.41605,0.13793,0.0,0.77983
0.43333,0.0,0.44068,0.15603,0.93103,0.0,0.65724
0.43333,0.0,0.44068,0.76784,0.37931,0.0,0.65724
0.43333,0.0,0.45763,0.09071,0.06897,0.0,0.65724
0.43333,0.0,0.45763,0.96679,0.31034,0.0,0.65724
0.43333,0.0,0.50847,0.00376,0.89655,0.0,0.96871
0.43333,0.0,0.50847,0.13156,0.13793,0.0,0.65724
0.43333,0.0,0.50847,0.5535,0.13793,0.0,0.65724
0.43333,0.0,0.52542,0.09423,0.93103,0.0,0.65724
0.43333,0.0,0.52542,0.97865,0.89655,0.0,0.65724
0.43333,0.0,0.55932,0.71108,0.89655,0.0,0.65724
0.43333,0.0,0.55932,0.75787,0.34483,0.0,0.65724
0.43333,0.0,0.57627,0.86318,0.24138,0.0,0.60596
0.43333,0.0,0.59322,0.557,0.44828,0.0,0.65724
0.43333,0.0,0.62712,0.78573,0.44828,0.0,0.65724
0.43333,0.0,0.64407,0.29822,0.55172,0.0,0.65104
0.43333,0.0,0.64407,0.516,0.48276,0.0,0.52222
0.43333,0.0,0.66102,0.66837,0.34483,0.0,0.65724
0.43333,0.0,0.67797,0.11271,0.55172,0.0,0.80939
0.43333,0.0,0.67797,0.43994,0.13793,0.0,0.52222
0.43333,0.0,0.71186,0.37799,1.0,0.0,0.65724
0.43333,0.0,0.72881,0.72836,0.93103,0.0,0.52222
0.43333,0.0,0.72881,0.76557,1.0,0.0,0.65724
0.43333,0.0,0.74576,0.03948,0.13793,0.0,0.94086
0.43333,0.0,0.74576,0.11121,0.34483,0.0,0.90426
0.43333,0.0,0.74576,0.15383,0.82759,0.0,0.65724
0.43333,0.0,0.74576,0.18848,0.93103,0.0,0.90426
0.43333,0.0,0.74576,0.58767,0.65517,0.0,0.65724
0.43333,0.0,0.77966,0.64133,0.72414,0.0,0.52222
0.43333,0.0,0.79661,0.01964,0.17241,0.0,0.65724
0.43333,0.0,0.79661,0.36427,0.62069,0.0,0.65724
0.43333,0.0,0.81356,0.2303,0.0,1.0,0.65724
0.43333,0.0,0.81356,0.26032,0.44828,0.0,0.65724
0.43333,0.0,0.84746,0.36411,0.86207,0.0,0.65724
0.43333,0.0,0.84746,0.59501,0.58621,0.0,0.52222
0.43333,0.0,0.86441,0.32442,0.24138,0.0,0.65724
0.43333,0.0,0.86441,0.43148,0.93103,0.0,0.65724
0.43333,0.0,0.88136,0.45654,1.0,0.0,0.65724
0.43333,0.0,0.89831,0.12412,0.2069,0.0,0.65724
0.43333,0.0,0.89831,0.3365,0.0,1.0,0.65724
0.43333,0.0,0.91525,0.10902,0.10345,0.0,0.90426
0.43333,0.0,0.91525,0.39062,0.7931,0.0,0.65345
0.43333,0.0,0.91525,0.52209,0.82759,0.0,0.60596
0.43333,0.0,0.91525,0.75023,0.89655,0.0,0.52222
0.43333,0.0,0.9661,0.1749,0.17241,0.0,0.65724
0.43333,0.0,0.9661,0.20613,0.13793,0.0,0.90426
0.43333,0.0,0.9661,0.32269,0.68966,0.0,0.65724
0.43333,0.0,0.98305,0.18468,0.62069,0.0,0.77983
0.43333,0.0,0.98305,0.27354,0.72414,0.0,0.77983
0.43333,0.0,0.98305,0.3455,0.72414,0.0,0.65724
0.43333,0.0,0.98305,0.92005,0.96552,0.0,0.65724
0.43333,0.0,1.0,0.57678,0.2069,0.0,0.65724
0.45,0.0,0.0,0.4982,0.03448,0.0,0.60596
0.45,0.0,0.01695,0.28127,0.37931,0.0,0.65724
0.45,0.0,0.01695,0.31488,0.58621,0.0,0.65724
0.45,0.0,0.01695,0.85957,0.37931,0.0,0.65724
0.45,0.0,0.08475,0.12911,0.13793,0.0,0.80939
0.45,0.0,0.08475,0.5495,0.55172,0.0,0.65724
0.45,0.0,0.10169,0.19675,0.44828,0.0,0.65724
0.45,0.0,0.11864,0.65377,0.7931,0.0,0.65724
0.45,0.0,0.11864,0.77356,0.13793,0.0,0.60596
0.45,0.0,0.16949,0.29163,0.75862,0.0,0.65724
0.45,0.0,0.16949,0.56688,0.75862,0.0,0.60596
0.45,0.0,0.16949,0.73092,0.2069,0.0,0.60596
0.45,0.0,0.16949,0.9179,0.03448,0.0,0.65724
0.45,0.0,0.20339,0.1534,0.86207,0.0,0.90426
0.45,0.0,0.20339,0.26143,0.62069,0.0,0.66051
0.45,0.0,0.22034,0.25202,0.17241,0.0,0.65724
0.45,0.0,0.22034,0.35425,0.13793,0.0,0.65724
0.45,0.0,0.23729,0.21125,0.37931,0.0,0.65724
0.45,0.0,0.23729,0.79994,0.10345,0.0,0.65724
0.45,0.0,0.27119,0.12461,0.82759,0.0,0.65724
0.45,0.0,0.27119,0.62092,0.93103,0.0,0.65724
0.45,0.0,0.30508,0.42418,0.31034,0.0,0.65724
0.45,0.0,0.30508,0.6178,0.27586,0.0,0.65724
0.45,0.0,0.32203,0.03993,0.37931,0.0,0.86133
0.45,0.0,0.32203,0.19977,0.82759,0.0,0.65724
0.45,0.0,0.32203,0.22516,0.65517,0.0,0.65724
0.45,0.0,0.32203,0.7031,0.72414,0.0,0.65104
0.45,0.0,0.33898,0.78694,0.06897,0.0,0.60596
0.45,0.0,0.33898,0.90106,0.24138,0.0,0.60596
0.45,0.0,0.35593,0.5797,0.03448,0.0,0.65724
0.45,0.0,0.37288,0.33239,0.55172,0.0,0.77983
0.45,0.0,0.38983,0.40766,0.10345,0.0,0.65724
0.45,0.0,0.40678,0.18034,0.65517,0.0,0.65724
0.45,0.0,0.40678,0.96188,0.2069,0.0,0.65724
0.45,0.0,0.42373,0.22948,0.51724,0.0,0.65724
0.45,0.0,0.42373,0.3159,0.2069,0.0,0.52222
0.45,0.0,0.44068,0.24797,0.41379,0.0,0.65724
0.45,0.0,0.44068,0.81878,0.75862,0.0,0.52222
0.45,0.0,0.45763,0.4092,0.13793,0.0,0.65724
0.45,0.0,0.45763,0.51667,0.68966,0.0,0.51685
0.45,0.0,0.45763,0.561,0.44828,0.0,0.65724
0.45,0.0,0.50847,0.05164,0.41379,0.0,0.65724
0.45,0.0,0.50847,0.19056,0.89655,0.0,0.65724
0.45,0.0,0.52542,0.34047,0.34483,0.0,0.77983
0.45,0.0,0.54237,0.28228,0.37931,0.0,0.77983
0.45,0.0,0.55932,0.02543,0.51724,0.0,0.87285
0.45,0.0,0.59322,0.086,0.27586,0.0,0.80917
0.45,0.0,0.61017,0.13281,0.44828,0.0,0.65724
0.45,0.0,0.62712,0.24119,0.65517,0.0,0.65724
0.45,0.0,0.62712,0.56896,0.75862,0.0,0.52222
0.45,0.0,0.67797,0.74803,0.86207,0.0,0.52222
0.45,0.0,0.69492,0.90333,0.48276,0.0,0.52222
0.45,0.0,0.71186,0.4975,0.37931,0.0,0.65724
0.45,0.0,0.72881,0.71607,0.89655,0.0,0.52222
0.45,0.0,0.72881,0.74556,0.86207,0.0,0.65724
0.45,0.0,0.72881,0.91317,0.37931,0.0,0.65724
0.45,0.0,0.74576,0.25013,1.0,0.0,0.65724
0.45,0.0,0.74576,0.93118,0.27586,0.0,0.65724
0.45,0.0,0.77966,0.19936,0.51724,0.0,0.71745
0.45,0.0,0.79661,0.64383,0.51724,0.0,0.65104
0.45,0.0,0.81356,0.20444,0.44828,0.0,0.65724
0.45,0.0,0.84746,0.03514,0.17241,0.0,0.65724
0.45,0.0,0.84746,0.90326,0.96552,0.0,0.60596
0.45,0.0,0.88136,0.31585,0.27586,0.0,0.65724
0.45,0.0,0.88136,0.45922,0.68966,0.0,0.65724
0.45,0.0,0.89831,0.19264,0.65517,0.0,0.71745
0.45,0.0,0.89831,0.55567,0.58621,0.0,0.65724
0.45,0.0,0.91525,0.28207,0.44828,0.0,0.77983
0.45,0.0,0.91525,0.35518,0.96552,0.0,0.65724
0.45,0.0,0.91525,0.47858,0.65517,0.0,0.52222
0.45,0.0,0.91525,0.631,0.96552,0.0,0.65724
0.45,0.0,0.91525,0.65697,0.44828,0.0,0.65724
0.45,0.0,0.9322,0.27911,0.51724,0.0,0.66051
0.45,0.0,0.94915,0.94165,0.82759,0.0,0.65724
0.45,0.0,0.9661,0.15905,0.41379,0.0,0.65724
0.45,0.0,0.9661,0.18736,0.96552,0.0,0.77983
0.45,0.0,0.98305,0.43479,0.03448,0.0,0.52222
0.45,0.0,0.98305,0.77884,0.86207,0.0,0.60596
0.45,0.0,1.0,0.05417,0.51724,0.0,0.65724
0.45,0.0,1.0,0.47874,0.27586,0.0,0.69028
0.46667,0.0,0.0,0.72631,0.10345,0.0,0.52222
0.46667,0.0,0.0,0.94417,0.93103,0.0,0.65724
0.46667,0.0,0.01695,0.44242,0.72414,0.0,0.77983
0.46667,0.0,0.01695,0.46002,1.0,0.0,0.65724
0.46667,0.0,0.0339,0.84009,0.24138,0.0,0.60596
0.46667,0.0,0.0339,0.88019,0.27586,0.0,0.65724
0.46667,0.0,0.0339,0.92181,0.31034,0.0,0.52222
0.46667,0.0,0.05085,0.51424,0.75862,0.0,0.65724
0.46667,0.0,0.05085,0.8072,0.51724,0.0,0.60596
0.46667,0.0,0.0678,0.99376,0.62069,0.0,0.65724
0.46667,0.0,0.08475,0.47189,0.0,1.0,0.65724
0.46667,0.0,0.10169,0.42927,0.58621,0.0,0.65724
0.46667,0.0,0.13559,0.2152,0.13793,0.0,0.65724
0.46667,0.0,0.15254,0.54327,0.24138,0.0,0.65724
0.46667,0.0,0.15254,0.90037,0.24138,0.0,0.65724
0.46667,0.0,0.16949,0.08989,0.41379,0.0,0.80939
0.46667,0.0,0.16949,0.32805,0.75862,0.0,0.65724
0.46667,0.0,0.18644,0.39123,0.03448,0.0,0.52222
0.46667,0.0,0.18644,0.43122,0.31034,0.0,0.52222
0.46667,0.0,0.20339,0.19778,0.72414,0.0,0.65724
0.46667,0.0,0.20339,0.28242,0.0,1.0,0.65724
0.46667,0.0,0.20339,0.74623,0.27586,0.0,0.65724
0.46667,0.0,0.20339,0.75089,0.34483,0.0,0.60596
0.46667,0.0,0.22034,0.32549,0.51724,0.0,0.65724
0.46667,0.0,0.22034,0.72892,0.41379,0.0,0.60596
0.46667,0.0,0.23729,0.50087,0.13793,0.0,0.65724
0.46667,0.0,0.23729,0.56846,0.27586,0.0,0.60596
0.46667,0.0,0.27119,0.3316,0.2069,0.0,0.65724
0.46667,0.0,0.27119,0.80793,0.75862,0.0,0.65724
0.46667,0.0,0.30508,0.22053,0.31034,0.0,0.77983
0.46667,0.0,0.32203,0.55823,0.89655,0.0,0.60596
0.46667,0.0,0.32203,0.62706,0.86207,0.0,0.65724
0.46667,0.0,0.33898,0.24875,0.2069,0.0,0.77983
0.46667,0.0,0.33898,0.61551,0.82759,0.0,0.65724
0.46667,0.0,0.33898,0.77091,0.7931,0.0,0.60596
0.46667,0.0,0.33898,0.88292,0.0,1.0,0.60596
0.46667,0.0,0.33898,0.96495,0.68966,0.0,0.65724
0.46667,0.0,0.35593,0.15528,0.51724,0.0,0.65724
0.46667,0.0,0.35593,0.3257,0.24138,0.0,0.77983
0.46667,0.0,0.35593,0.89119,0.13793,0.0,0.60596
0.46667,0.0,0.37288,0.35759,0.17241,0.0,0.52222
0.46667,0.0,0.37288,0.45527,0.48276,0.0,0.52222
0.46667,0.0,0.37288,0.84086,0.13793,0.0,0.65724
0.46667,0.0,0.40678,0.45259,0.93103,0.0,0.52222
0.46667,0.0,0.44068,0.0167,0.27586,0.0,0.65557
0.46667,0.0,0.45763,0.12033,0.89655,0.0,0.65724
0.46667,0.0,0.45763,0.38083,0.51724,0.0,0.65724
0.46667,0.0,0.45763,0.9834,1.0,0.0,0.65724
0.46667,0.0,0.47458,0.52055,1.0,0.0,0.52222
0.46667,0.0,0.47458,0.70508,0.03448,0.0,0.60596
0.46667,0.0,0.49153,0.0186,0.65517,0.0,0.94086
0.46667,0.0,0.49153,0.22498,0.58621,0.0,0.65724
0.46667,0.0,0.49153,0.90501,0.31034,0.0,0.65724
0.46667,0.0,0.52542,0.22323,0.7931,0.0,0.65724
0.46667,0.0,0.52542,0.89494,0.0,1.0,0.65724
0.46667,0.0,0.54237,0.35049,0.2069,0.0,0.52222
0.46667,0.0,0.54237,0.97738,0.55172,0.0,0.60596
0.46667,0.0,0.55932,0.65774,0.17241,0.0,0.65724
0.46667,0.0,0.55932,0.84936,0.72414,0.0,0.65724
0.46667,0.0,0.57627,0.42222,0.2069,0.0,0.65724
0.46667,0.0,0.59322,0.2577,0.2069,0.0,0.65724
0.46667,0.0,0.61017,0.57099,0.41379,0.0,0.65724
0.46667,0.0,0.62712,0.37402,0.62069,0.0,0.65724
0.46667,0.0,0.62712,0.75222,0.31034,0.0,0.65724
0.46667,0.0,0.64407,0.48147,0.13793,0.0,0.65724
0.46667,0.0,0.64407,0.95324,0.65517,0.0,0.65724
0.46667,0.0,0.66102,0.86255,0.2069,0.0,0.52222
0.46667,0.0,0.69492,0.33497,0.75862,0.0,0.52222
0.46667,0.0,0.69492,0.65583,0.37931,0.0,0.65724
0.46667,0.0,0.69492,0.68121,0.37931,0.0,0.52222
0.46667,0.0,0.71186,0.24277,0.7931,0.0,0.65724
0.46667,0.0,0.74576,0.73552,0.55172,0.0,0.65724
0.46667,0.0,0.79661,0.37332,0.44828,0.0,0.65724
0.46667,0.0,0.79661,0.44989,0.27586,0.0,0.65724
0.46667,0.0,0.79661,0.78866,0.41379,0.0,0.52222
0.46667,0.0,0.84746,0.16751,0.24138,0.0,0.65724
0.46667,0.0,0.86441,0.85291,0.86207,0.0,0.65724
0.46667,0.0,0.88136,0.36559,0.37931,0.0,0.65724
0.46667,0.0,0.91525,0.43541,0.62069,0.0,0.65724
0.46667,0.0,0.91525,0.81788,0.17241,0.0,0.60596
0.46667,0.0,0.91525,0.89201,0.62069,0.0,0.52222
0.46667,0.0,0.9322,0.05541,0.68966,0.0,0.65724
0.46667,0.0,0.9322,0.93093,0.96552,0.0,0.65724
0.46667,0.0,0.94915,0.18636,0.72414,0.0,0.77983
0.46667,0.0,0.9661,0.21841,0.17241,0.0,0.71745
0.46667,0.0,0.9661,0.56967,0.58621,0.0,0.52222
0.46667,0.0,0.9661,0.66133,0.68966,0.0,0.65724
0.46667,0.0,0.98305,0.40828,0.24138,0.0,0.77983
0.48333,0.0,0.0,0.77639,0.75862,0.0,0.52222
0.48333,0.0,0.0,0.93391,0.62069,0.0,0.65724
0.48333,0.0,0.01695,0.49155,0.03448,0.0,0.65724
0.48333,0.0,0.01695,0.56472,0.24138,0.0,0.65724
0.48333,0.0,0.01695,0.89937,0.86207,0.0,0.60596
0.48333,0.0,0.0339,0.15748,0.72414,0.0,0.77983
0.48333,0.0,0.0339,0.18001,0.17241,0.0,0.65724
0.48333,0.0,0.0339,0.3289,0.44828,0.0,0.77983
0.48333,0.0,0.0339,0.72458,0.51724,0.0,0.65724
0.48333,0.0,0.05085,0.35948,0.96552,0.0,0.65724
0.48333,0.0,0.0678,0.25286,0.06897,0.0,0.65724
0.48333,0.0,0.10169,0.1979,0.10345,0.0,0.71745
0.48333,0.0,0.10169,0.89023,1.0,0.0,0.52222
0.48333,0.0,0.11864,0.35809,0.06897,0.0,0.65724
0.48333,0.0,0.11864,0.38215,0.72414,0.0,0.65724
0.48333,0.0,0.13559,0.34837,0.72414,0.0,0.52222
0.48333,0.0,0.13559,0.72984,0.37931,0.0,0.60596
0.48333,0.0,0.13559,0.75677,0.10345,0.0,0.52222
0.48333,0.0,0.18644,0.7664,0.37931,0.0,0.52222
0.48333,0.0,0.20339,0.95929,0.37931,0.0,0.65724
0.48333,0.0,0.22034,0.19531,0.31034,0.0,0.65724
0.48333,0.0,0.22034,0.56946,0.10345,0.0,0.65724
0.48333,0.0,0.25424,0.28477,0.82759,0.0,0.77983
0.48333,0.0,0.25424,0.5567,0.55172,0.0,0.60596
0.48333,0.0,0.27119,0.38742,0.55172,0.0,0.65724
0.48333,0.0,0.30508,0.73622,1.0,0.0,0.60596
0.48333,0.0,0.32203,0.35823,0.06897,0.0,0.77983
0.48333,0.0,0.32203,0.41542,1.0,0.0,0.52222
0.48333,0.0,0.33898,0.38253,0.93103,0.0,0.88928
0.48333,0.0,0.33898,0.96923,1.0,0.0,0.65724
0.48333,0.0,0.35593,0.88111,0.10345,0.0,0.65104
0.48333,0.0,0.38983,0.87238,0.93103,0.0,0.52222
0.48333,0.0,0.45763,0.20788,0.2069,0.0,0.65724
0.48333,0.0,0.45763,0.91558,0.7931,0.0,0.65724
0.48333,0.0,0.47458,0.51931,0.7931,0.0,0.65724
0.48333,0.0,0.47458,0.52026,0.55172,0.0,0.65724
0.48333,0.0,0.47458,0.52028,0.24138,0.0,0.65724
0.48333,0.0,0.47458,0.76671,1.0,0.0,0.52222
0.48333,0.0,0.49153,0.5991,0.48276,0.0,0.65724
0.48333,0.0,0.49153,0.87441,0.82759,0.0,0.65724
0.48333,0.0,0.52542,0.30824,0.06897,0.0,0.77983
0.48333,0.0,0.52542,0.45192,0.31034,0.0,0.65724
0.48333,0.0,0.54237,0.30015,0.72414,0.0,0.52222
0.48333,0.0,0.55932,0.7223,0.62069,0.0,0.52222
0.48333,0.0,0.59322,0.76946,0.2069,0.0,0.65724
0.48333,0.0,0.61017,0.92354,0.89655,0.0,0.65724
0.48333,0.0,0.62712,0.60737,0.62069,0.0,0.65724
0.48333,0.0,0.62712,0.63883,0.37931,0.0,0.65724
0.48333,0.0,0.62712,0.89701,0.82759,0.0,0.52222
0.48333,0.0,0.64407,0.05061,0.86207,0.0,0.84938
0.48333,0.0,0.64407,0.38076,0.62069,0.0,0.65724
0.48333,0.0,0.66102,0.38359,0.72414,0.0,0.77983
0.48333,0.0,0.67797,0.65947,0.06897,0.0,0.65724
0.48333,0.0,0.69492,0.09055,1.0,0.0,0.65724
0.48333,0.0,0.69492,0.43693,0.41379,0.0,0.65724
0.48333,0.0,0.72881,0.03629,0.0,1.0,0.94086
0.48333,0.0,0.72881,0.84226,0.65517,0.0,0.65724
0.48333,0.0,0.74576,0.32439,0.17241,0.0,0.77983
0.48333,0.0,0.76271,0.68437,0.68966,0.0,0.52222
0.48333,0.0,0.79661,0.1913,0.75862,0.0,0.77983
0.48333,0.0,0.79661,0.59748,0.7931,0.0,0.60596
0.48333,0.0,0.79661,0.93302,0.41379,0.0,0.65724
0.48333,0.0,0.79661,0.9729,0.96552,0.0,0.52222
0.48333,0.0,0.84746,0.13362,1.0,0.0,0.80939
0.48333,0.0,0.86441,0.95282,0.89655,0.0,0.52222
0.48333,0.0,0.86441,0.99924,0.37931,0.0,0.52222
0.48333,0.0,0.88136,0.21898,0.17241,0.0,0.90426
0.48333,0.0,0.91525,0.00112,0.44828,0.0,0.95838
0.48333,0.0,0.9322,0.81641,0.72414,0.0,0.65724
0.48333,0.0,0.98305,0.12179,0.75862,0.0,0.65724
0.48333,0.0,1.0,0.45654,0.06897,0.0,0.65724
0.5,0.0,0.0,0.95115,0.82759,0.0,0.65724
0.5,0.0,0.01695,0.63449,0.37931,0.0,0.65104
0.5,0.0,0.0678,0.05186,0.62069,0.0,0.65724
0.5,0.0,0.0678,0.57334,0.51724,0.0,0.60596
0.5,0.0,0.10169,0.82937,0.03448,0.0,0.52222
0.5,0.0,0.11864,0.08852,0.96552,0.0,0.90426
0.5,0.0,0.11864,0.18123,0.37931,0.0,0.90426
0.5,0.0,0.13559,0.55063,0.10345,0.0,0.65724
0.5,0.0,0.13559,0.7945,0.68966,0.0,0.52222
0.5,0.0,0.15254,0.47644,0.27586,0.0,0.65724
0.5,0.0,0.18644,0.05266,0.2069,0.0,0.94086
0.5,0.0,0.18644,0.1449,0.68966,0.0,0.802
0.5,0.0,0.18644,0.20321,0.44828,0.0,0.65724
0.5,0.0,0.18644,0.41596,0.68966,0.0,0.65724
0.5,0.0,0.18644,0.53839,0.72414,0.0,0.65104
0.5,0.0,0.18644,0.68677,0.13793,0.0,0.60596
0.5,0.0,0.20339,0.66035,0.51724,0.0,0.65724
0.5,0.0,0.23729,0.2818,0.13793,0.0,0.65724
0.5,0.0,0.23729,0.83781,0.58621,0.0,0.65724
0.5,0.0,0.28814,0.51536,0.37931,0.0,0.65724
0.5,0.0,0.28814,0.58971,0.06897,0.0,0.52222
0.5,0.0,0.30508,0.13479,0.13793,0.0,0.65724
0.5,0.0,0.30508,0.209,0.34483,0.0,0.65724
0.5,0.0,0.30508,0.49613,0.41379,0.0,0.65724
0.5,0.0,0.30508,0.59043,0.27586,0.0,0.65724
0.5,0.0,0.33898,0.91292,0.96552,0.0,0.65724
0.5,0.0,0.35593,0.94471,0.27586,0.0,0.65724
0.5,0.0,0.38983,0.89566,0.2069,0.0,0.60596
0.5,0.0,0.40678,0.52488,0.06897,0.0,0.65724
0.5,0.0,0.40678,0.64323,0.65517,0.0,0.65724
0.5,0.0,0.42373,0.97076,0.10345,0.0,0.65724
0.5,0.0,0.44068,0.06026,0.75862,0.0,0.65724
0.5,0.0,0.44068,0.16655,0.93103,0.0,0.65724
0.5,0.0,0.44068,0.22981,0.2069,0.0,0.65724
0.5,0.0,0.44068,0.40997,0.7931,0.0,0.65724
0.5,0.0,0.45763,0.43051,0.41379,0.0,0.65724
0.5,0.0,0.47458,0.23037,0.86207,0.0,0.71745
0.5,0.0,0.47458,0.98409,0.89655,0.0,0.60596
0.5,0.0,0.49153,0.80679,0.7931,0.0,0.60596
0.5,0.0,0.50847,0.11653,0.27586,0.0,0.65724
0.5,0.0,0.50847,0.12506,0.03448,0.0,0.66051
0.5,0.0,0.50847,0.21706,0.93103,0.0,0.90426
0.5,0.0,0.50847,0.25732,0.55172,0.0,0.65724
0.5,0.0,0.50847,0.26902,0.06897,0.0,0.77983
0.5,0.0,0.50847,0.29697,0.86207,0.0,0.53285
0.5,0.0,0.50847,0.72236,0.31034,0.0,0.65104
0.5,0.0,0.50847,0.72346,0.0,1.0,0.52222
0.5,0.0,0.52542,0.22305,0.13793,0.0,0.65724
0.5,0.0,0.54237,0.09998,0.48276,0.0,0.65724
0.5,0.0,0.54237,0.26087,0.96552,0.0,0.67578
0.5,0.0,0.54237,0.37604,0.89655,0.0,0.52222
0.5,0.0,0.54237,0.66465,0.13793,0.0,0.65724
0.5,0.0,0.55932,0.44479,0.58621,0.0,0.65724
0.5,0.0,0.57627,0.05357,0.0,1.0,0.84416
0.5,0.0,0.57627,0.7694,0.65517,0.0,0.65724
0.5,0.0,0.57627,0.90485,0.75862,0.0,0.52222
0.5,0.0,0.59322,0.02202,0.93103,0.0,0.65724
0.5,0.0,0.59322,0.41773,0.03448,0.0,0.52222
0.5,0.0,0.64407,0.0907,0.31034,0.0,0.90426
0.5,0.0,0.64407,0.13249,0.86207,0.0,0.65724
0.5,0.0,0.64407,0.80232,0.41379,0.0,0.65345
0.5,0.0,0.64407,0.88291,0.48276,0.0,0.52222
0.5,0.0,0.66102,0.19055,0.41379,0.0,0.71745
0.5,0.0,0.66102,0.34936,0.17241,0.0,0.77983
0.5,0.0,0.66102,0.90777,0.24138,0.0,0.52222
0.5,0.0,0.67797,0.29247,0.44828,0.0,0.77983
0.5,0.0,0.67797,0.76072,0.48276,0.0,0.52222
0.5,0.0,0.69492,0.62218,0.03448,0.0,0.60596
0.5,0.0,0.72881,0.91493,1.0,0.0,0.65724
0.5,0.0,0.77966,0.07891,0.13793,0.0,0.80917
0.5,0.0,0.79661,0.78553,0.44828,0.0,0.65724
0.5,0.0,0.81356,0.48671,0.62069,0.0,0.60596
0.5,0.0,0.81356,0.55577,0.31034,0.0,0.65724
0.5,0.0,0.83051,0.00642,0.03448,0.0,0.65724
0.5,0.0,0.83051,0.27735,0.62069,0.0,0.77983
0.5,0.0,0.84746,0.14847,0.96552,0.0,0.65724
0.5,0.0,0.84746,0.39991,0.51724,0.0,0.52222
0.5,0.0,0.84746,0.82345,1.0,0.0,0.52222
0.5,0.0,0.86441,0.45087,0.13793,0.0,0.65724
0.5,0.0,0.88136,0.07345,0.65517,0.0,0.93586
0.5,0.0,0.91525,0.96547,0.27586,0.0,0.51685
0.5,0.0,0.91525,0.97692,0.65517,0.0,0.65724
0.5,0.0,0.9322,0.87549,0.24138,0.0,0.65104
0.5,0.0,0.94915,0.70471,0.86207,0.0,0.65724
0.5,0.0,0.94915,0.73738,0.03448,0.0,0.65724
0.5,0.0,0.94915,0.95024,0.34483,0.0,0.60596
0.5,0.0,0.9661,0.06795,0.82759,0.0,0.65724
0.51667,0.0,0.0,0.5154,0.41379,0.0,0.65724
0.51667,0.0,0.01695,0.40462,0.24138,0.0,0.65724
0.51667,0.0,0.01695,0.52658,0.37931,0.0,0.60596
0.51667,0.0,0.0339,0.95593,0.03448,0.0,0.60596
0.51667,0.0,0.05085,0.45383,0.72414,0.0,0.77983
0.51667,0.0,0.05085,0.57699,0.75862,0.0,0.60596
0.51667,0.0,0.0678,0.31915,0.2069,0.0,0.52222
0.51667,0.0,0.08475,0.59631,0.62069,0.0,0.65724
0.51667,0.0,0.10169,0.63077,0.72414,0.0,0.60596
0.51667,0.0,0.11864,0.28011,0.86207,0.0,0.65724
0.51667,0.0,0.11864,0.70573,0.68966,0.0,0.60596
0.51667,0.0,0.13559,0.61109,0.96552,0.0,0.65724
0.51667,0.0,0.15254,0.06354,0.75862,0.0,0.65724
0.51667,0.0,0.16949,0.96851,0.75862,0.0,0.65724
0.51667,0.0,0.18644,0.12781,0.75862,0.0,0.80939
0.51667,0.0,0.18644,0.27619,0.03448,0.0,0.77983
0.51667,0.0,0.18644,0.81579,0.93103,0.0,0.60596
0.51667,0.0,0.23729,0.14516,0.34483,0.0,0.65724
0.51667,0.0,0.23729,0.21351,0.55172,0.0,0.65724
0.51667,0.0,0.25424,0.42955,0.0,1.0,0.65724
0.51667,0.0,0.25424,0.4766,0.2069,0.0,0.65724
0.51667,0.0,0.27119,0.55107,0.7931,0.0,0.52222
0.51667,0.0,0.28814,0.94218,0.48276,0.0,0.65724
0.51667,0.0,0.32203,0.86772,0.48276,0.0,0.65724
0.51667,0.0,0.32203,0.94805,0.72414,0.0,0.52222
0.51667,0.0,0.33898,0.10168,0.93103,0.0,0.80939
0.51667,0.0,0.33898,0.34123,0.96552,0.0,0.65724
0.51667,0.0,0.33898,0.60962,0.2069,0.0,0.60596
0.51667,0.0,0.33898,0.80544,0.89655,0.0,0.60596
0.51667,0.0,0.33898,0.99931,0.86207,0.0,0.52222
0.51667,0.0,0.35593,0.32179,0.27586,0.0,0.77983
0.51667,0.0,0.35593,0.80881,0.58621,0.0,0.60596
0.51667,0.0,0.40678,0.8387,0.55172,0.0,0.65724
0.51667,0.0,0.40678,0.95193,0.93103,0.0,0.65724
0.51667,0.0,0.44068,0.01831,0.34483,0.0,0.65557
0.51667,0.0,0.47458,0.41078,0.03448,0.0,0.77983
0.51667,0.0,0.49153,0.24449,0.75862,0.0,0.77983
0.51667,0.0,0.49153,0.33792,0.10345,0.0,0.65724
0.51667,0.0,0.49153,0.67346,0.89655,0.0,0.65724
0.51667,0.0,0.50847,0.94437,0.31034,0.0,0.65724
0.51667,0.0,0.52542,0.32561,1.0,0.0,0.77983
0.51667,0.0,0.52542,0.98316,0.7931,0.0,0.65724
0.51667,0.0,0.54237,0.92291,0.44828,0.0,0.60596
0.51667,0.0,0.57627,0.40953,0.03448,0.0,0.65724
0.51667,0.0,0.57627,0.81251,0.17241,0.0,0.65724
0.51667,0.0,0.59322,0.08456,0.27586,0.0,0.65724
0.51667,0.0,0.61017,0.41047,0.51724,0.0,0.65724
0.51667,0.0,0.61017,0.67184,0.03448,0.0,0.65724
0.51667,0.0,0.62712,0.09913,0.96552,0.0,0.72656
0.51667,0.0,0.62712,0.49554,0.06897,0.0,0.65104
0.51667,0.0,0.62712,0.72535,0.82759,0.0,0.60596
0.51667,0.0,0.64407,0.17281,0.34483,0.0,0.65724
0.51667,0.0,0.64407,0.66161,0.82759,0.0,0.65724
0.51667,0.0,0.66102,0.01313,0.51724,0.0,0.65391
0.51667,0.0,0.66102,0.87496,0.58621,0.0,0.65724
0.51667,0.0,0.67797,0.71132,0.44828,0.0,0.65724
0.51667,0.0,0.69492,0.79376,0.03448,0.0,0.52222
0.51667,0.0,0.71186,0.39912,0.31034,0.0,0.65724
0.51667,0.0,0.71186,0.83952,0.24138,0.0,0.65724
0.51667,0.0,0.72881,0.07571,0.58621,0.0,0.93085
0.51667,0.0,0.74576,0.30215,0.10345,0.0,0.77983
0.51667,0.0,0.74576,0.45484,0.0,1.0,0.65724
0.51667,0.0,0.77966,0.549,0.41379,0.0,0.65724
0.51667,0.0,0.77966,0.94665,0.2069,0.0,0.65724
0.51667,0.0,0.79661,0.43951,0.58621,0.0,0.65104
0.51667,0.0,0.79661,0.57269,0.62069,0.0,0.52222
0.51667,0.0,0.81356,0.40232,0.93103,0.0,0.77983
0.51667,0.0,0.81356,0.88392,0.82759,0.0,0.65724
0.51667,0.0,0.83051,0.15088,0.41379,0.0,0.90426
0.51667,0.0,0.83051,0.2975,0.75862,0.0,0.77983
0.51667,0.0,0.84746,0.28074,0.75862,0.0,0.65724
0.51667,0.0,0.84746,0.43307,0.89655,0.0,0.65724
0.51667,0.0,0.84746,0.5995,0.03448,0.0,0.52222
0.51667,0.0,0.86441,0.01879,0.27586,0.0,0.75781
0.51667,0.0,0.86441,0.66772,0.10345,0.0,0.60596
0.51667,0.0,0.88136,0.52419,0.27586,0.0,0.52222
0.51667,0.0,0.88136,0.66607,0.58621,0.0,0.52222
0.51667,0.0,0.88136,0.73647,0.65517,0.0,0.52222
0.51667,0.0,0.89831,0.56919,0.03448,0.0,0.52222
0.51667,0.0,0.91525,0.8258,0.65517,0.0,0.65724
0.51667,0.0,0.9322,0.1525,0.72414,0.0,0.65724
0.51667,0.0,0.9322,0.28203,0.51724,0.0,0.65724
0.51667,0.0,0.9322,0.72302,0.62069,0.0,0.52222
0.51667,0.0,0.94915,0.28506,0.7931,0.0,0.64362
0.51667,0.0,0.98305,0.46166,0.44828,0.0,0.77983
0.51667,0.0,0.98305,0.54289,0.41379,0.0,0.52222
0.51667,0.0,0.98305,0.93085,0.0,1.0,0.60596
0.51667,0.0,1.0,0.26952,0.68966,0.0,0.66051
0.53333,0.0,0.0,0.27812,0.10345,0.0,0.65724
0.53333,0.0,0.01695,0.88121,0.41379,0.0,0.52222
0.53333,0.0,0.0339,0.19413,0.10345,0.0,0.65724
0.53333,0.0,0.05085,0.67228,0.89655,0.0,0.65724
0.53333,0.0,0.0678,0.18959,0.10345,0.0,0.77983
0.53333,0.0,0.11864,0.5156,1.0,0.0,0.65724
0.53333,0.0,0.15254,0.17074,0.13793,0.0,0.65724
0.53333,0.0,0.15254,0.42392,0.17241,0.0,0.77983
0.53333,0.0,0.16949,0.35511,0.41379,0.0,0.52222
0.53333,0.0,0.18644,0.50147,0.72414,0.0,0.52222
0.53333,0.0,0.20339,0.71835,0.96552,0.0,0.65724
0.53333,0.0,0.20339,0.96226,1.0,0.0,0.65724
0.53333,0.0,0.22034,0.16862,0.58621,0.0,0.77983
0.53333,0.0,0.22034,0.42545,0.65517,0.0,0.65724
0.53333,0.0,0.23729,0.45852,0.10345,0.0,0.52222
0.53333,0.0,0.23729,0.74182,0.86207,0.0,0.60596
0.53333,0.0,0.25424,0.05389,0.96552,0.0,0.94086
0.53333,0.0,0.27119,0.73386,0.86207,0.0,0.60596
0.53333,0.0,0.27119,0.88184,0.89655,0.0,0.65724
0.53333,0.0,0.28814,0.65774,0.65517,0.0,0.60596
0.53333,0.0,0.28814,0.86863,0.2069,0.0,0.65724
0.53333,0.0,0.33898,0.59461,0.27586,0.0,0.52222
0.53333,0.0,0.35593,0.16791,0.48276,0.0,0.77983
0.53333,0.0,0.35593,0.78764,0.44828,0.0,0.52222
0.53333,0.0,0.35593,0.8354,0.55172,0.0,0.52222
0.53333,0.0,0.35593,0.96672,0.93103,0.0,0.52222
0.53333,0.0,0.37288,0.07833,0.93103,0.0,0.65724
0.53333,0.0,0.37288,0.69007,0.03448,0.0,0.65724
0.53333,0.0,0.38983,0.49215,0.34483,0.0,0.65724
0.53333,0.0,0.40678,0.07754,0.41379,0.0,0.74479
0.53333,0.0,0.40678,0.43653,0.72414,0.0,0.65724
0.53333,0.0,0.40678,0.79055,0.34483,0.0,0.65724
0.53333,0.0,0.42373,0.32312,0.44828,0.0,0.77983
0.53333,0.0,0.42373,0.69204,0.17241,0.0,0.60596
0.53333,0.0,0.44068,0.48097,0.17241,0.0,0.52222
0.53333,0.0,0.50847,0.27973,0.82759,0.0,0.65724
0.53333,0.0,0.50847,0.36053,0.72414,0.0,0.65724
0.53333,0.0,0.50847,0.83864,0.7931,0.0,0.65104
0.53333,0.0,0.52542,0.28159,0.62069,0.0,0.65724
0.53333,0.0,0.52542,0.54344,0.96552,0.0,0.60596
0.53333,0.0,0.54237,0.20419,0.93103,0.0,0.77983
0.53333,0.0,0.54237,0.97349,0.24138,0.0,0.65724
0.53333,0.0,0.55932,0.09952,0.93103,0.0,0.65724
0.53333,0.0,0.55932,0.38021,0.62069,0.0,0.65724
0.53333,0.0,0.57627,0.03937,0.68966,0.0,0.94086
0.53333,0.0,0.57627,0.4172,0.7931,0.0,0.65104
0.53333,0.0,0.59322,0.49559,0.0,1.0,0.65104
0.53333,0.0,0.59322,0.61251,0.17241,0.0,0.60596
0.53333,0.0,0.66102,0.25872,0.44828,0.0,0.65724
0.53333,0.0,0.66102,0.37217,0.34483,0.0,0.65724
0.53333,0.0,0.67797,0.22383,0.72414,0.0,0.90426
0.53333,0.0,0.67797,0.57967,0.65517,0.0,0.65724
0.53333,0.0,0.67797,0.62653,0.96552,0.0,0.65724
0.53333,0.0,0.67797,0.64401,0.17241,0.0,0.65724
0.53333,0.0,0.69492,0.22278,0.37931,0.0,0.65724
0.53333,0.0,0.69492,0.42519,0.68966,0.0,0.65724
0.53333,0.0,0.69492,0.82627,0.13793,0.0,0.60596
0.53333,0.0,0.69492,0.89341,1.0,0.0,0.65724
0.53333,0.0,0.71186,0.48492,0.41379,0.0,0.60596
0.53333,0.0,0.71186,0.74873,0.89655,0.0,0.52222
0.53333,0.0,0.77966,0.80408,0.37931,0.0,0.65724
0.53333,0.0,0.83051,0.39911,0.89655,0.0,0.65724
0.53333,0.0,0.84746,0.72317,0.37931,0.0,0.65724
0.53333,0.0,0.84746,0.86189,0.51724,0.0,0.65724
0.53333,0.0,0.86441,0.24207,0.24138,0.0,0.65724
0.53333,0.0,0.86441,0.37923,0.37931,0.0,0.65724
0.53333,0.0,0.88136,0.85222,0.31034,0.0,0.65724
0.53333,0.0,0.89831,0.0078,0.2069,0.0,0.89024
0.53333,0.0,0.89831,0.1486,0.37931,0.0,0.65724
0.53333,0.0,0.89831,0.27462,0.96552,0.0,0.65724
0.53333,0.0,0.91525,0.73317,0.86207,0.0,0.60596
0.53333,0.0,0.9322,0.16138,0.82759,0.0,0.90426
0.53333,0.0,0.9322,0.53445,0.0,1.0,0.65724
0.53333,0.0,0.9322,0.62,0.58621,0.0,0.60596
0.53333,0.0,0.9322,0.72556,0.24138,0.0,0.65724
0.53333,0.0,0.94915,0.61934,0.82759,0.0,0.60596
0.53333,0.0,0.9661,0.23669,0.62069,0.0,0.77983
0.53333,0.0,0.9661,0.50861,0.86207,0.0,0.52222
0.53333,0.0,0.98305,0.95187,0.37931,0.0,0.52222
0.53333,0.0,1.0,0.29682,0.37931,0.0,0.65724
0.53333,0.0,1.0,0.46119,0.48276,0.0,0.77983
0.55,0.0,0.01695,0.30266,0.86207,0.0,0.65724
0.55,0.0,0.01695,0.40469,0.82759,0.0,0.77983
0.55,0.0,0.05085,0.04507,0.31034,0.0,0.65724
0.55,0.0,0.05085,0.7775,0.24138,0.0,0.65724
0.55,0.0,0.11864,0.01739,0.7931,0.0,0.76706
0.55,0.0,0.11864,0.27475,0.51724,0.0,0.77983
0.55,0.0,0.15254,0.80698,0.51724,0.0,0.60596
0.55,0.0,0.16949,0.07218,0.68966,0.0,0.94086
0.55,0.0,0.16949,0.62394,0.55172,0.0,0.65724
0.55,0.0,0.18644,0.60309,0.75862,0.0,0.65724
0.55,0.0,0.18644,0.88317,0.44828,0.0,0.65724
0.55,0.0,0.20339,0.39267,0.37931,0.0,0.65724
0.55,0.0,0.20339,0.80045,0.10345,0.0,0.65724
0.55,0.0,0.22034,0.24138,0.44828,0.0,0.65724
0.55,0.0,0.23729,0.36664,0.89655,0.0,0.65724
0.55,0.0,0.23729,0.64926,0.68966,0.0,0.65724
0.55,0.0,0.25424,0.21516,0.55172,0.0,0.74157
0.55,0.0,0.25424,0.6298,1.0,0.0,0.65724
0.55,0.0,0.25424,0.83728,0.34483,0.0,0.60596
0.55,0.0,0.27119,0.22459,0.2069,0.0,0.77983
0.55,0.0,0.30508,0.29901,0.62069,0.0,0.77983
0.55,0.0,0.32203,0.93286,0.2069,0.0,0.65724
0.55,0.0,0.33898,0.56468,0.55172,0.0,0.65724
0.55,0.0,0.37288,0.29196,0.17241,0.0,0.65724
0.55,0.0,0.37288,0.34603,0.62069,0.0,0.65724
0.55,0.0,0.38983,0.37549,0.17241,0.0,0.77983
0.55,0.0,0.38983,0.65009,0.41379,0.0,0.60596
0.55,0.0,0.40678,0.15296,0.58621,0.0,0.65724
0.55,0.0,0.40678,0.50944,0.51724,0.0,0.60596
0.55,0.0,0.40678,0.99218,0.7931,0.0,0.52222
0.55,0.0,0.45763,0.0953,0.24138,0.0,0.90426
0.55,0.0,0.47458,0.62505,0.44828,0.0,0.60596
0.55,0.0,0.49153,0.01093,1.0,0.0,0.96871
0.55,0.0,0.50847,0.10018,0.68966,0.0,0.65724
0.55,0.0,0.50847,0.50347,0.48276,0.0,0.65724
0.55,0.0,0.50847,0.63879,0.89655,0.0,0.65724
0.55,0.0,0.52542,0.5751,0.7931,0.0,0.60596
0.55,0.0,0.52542,0.59695,0.82759,0.0,0.52222
0.55,0.0,0.54237,0.14127,0.48276,0.0,0.80939
0.55,0.0,0.54237,0.16973,0.03448,0.0,0.65724
0.55,0.0,0.54237,0.44514,0.89655,0.0,0.65724
0.55,0.0,0.55932,0.71115,0.34483,0.0,0.60596
0.55,0.0,0.57627,0.1267,0.89655,0.0,0.90426
0.55,0.0,0.57627,0.43824,0.24138,0.0,0.65724
0.55,0.0,0.61017,0.16327,0.31034,0.0,0.65724
0.55,0.0,0.61017,0.55139,0.37931,0.0,0.60596
0.55,0.0,0.62712,0.54739,0.24138,0.0,0.60596
0.55,0.0,0.64407,0.07061,0.03448,0.0,0.66051
0.55,0.0,0.64407,0.23579,0.82759,0.0,0.77983
0.55,0.0,0.66102,0.24777,0.13793,0.0,0.65724
0.55,0.0,0.67797,0.09887,0.0,1.0,0.65724
0.55,0.0,0.67797,0.98889,0.17241,0.0,0.60596
0.55,0.0,0.69492,0.2779,0.58621,0.0,0.66051
0.55,0.0,0.69492,0.84878,0.03448,0.0,0.60596
0.55,0.0,0.71186,0.30224,0.13793,0.0,0.65724
0.55,0.0,0.71186,0.30764,0.17241,0.0,0.65724
0.55,0.0,0.71186,0.72125,0.7931,0.0,0.65724
0.55,0.0,0.72881,0.20586,0.82759,0.0,0.65724
0.55,0.0,0.72881,0.2817,1.0,0.0,0.65724
0.55,0.0,0.72881,0.31551,0.72414,0.0,0.65724
0.55,0.0,0.72881,0.58768,0.0,1.0,0.52222
0.55,0.0,0.72881,0.97922,0.82759,0.0,0.65724
0.55,0.0,0.76271,0.97847,0.10345,0.0,0.65724
0.55,0.0,0.77966,0.80109,0.89655,0.0,0.65724
0.55,0.0,0.77966,0.90262,0.2069,0.0,0.65724
0.55,0.0,0.81356,0.50371,0.58621,0.0,0.65724
0.55,0.0,0.81356,0.90632,0.55172,0.0,0.65724
0.55,0.0,0.83051,0.03095,0.31034,0.0,0.86698
0.55,0.0,0.83051,0.46919,0.34483,0.0,0.7594
0.55,0.0,0.83051,0.54855,0.06897,0.0,0.65724
0.55,0.0,0.83051,0.87138,0.72414,0.0,0.65724
0.55,0.0,0.84746,0.53554,0.55172,0.0,0.65724
0.55,0.0,0.84746,0.61501,0.62069,0.0,0.65724
0.55,0.0,0.86441,0.58896,0.41379,0.0,0.65724
0.55,0.0,0.89831,0.95934,0.0,1.0,0.65724
0.55,0.0,0.91525,0.48095,0.7931,0.0,0.65724
0.55,0.0,0.94915,0.03485,0.13793,0.0,0.65724
0.55,0.0,0.9661,0.06463,0.75862,0.0,0.65724
0.55,0.0,0.9661,0.34962,0.17241,0.0,0.65724
0.55,0.0,0.9661,0.93429,0.96552,0.0,0.60596
0.55,0.0,0.98305,0.91369,1.0,0.0,0.65724
0.55,0.0,1.0,0.03264,0.72414,0.0,0.65724
0.56667,0.0,0.0,0.21088,0.93103,0.0,0.77983
0.56667,0.0,0.0,0.51302,0.93103,0.0,0.52222
0.56667,0.0,0.0,0.88366,0.7931,0.0,0.65724
0.56667,0.0,0.01695,0.77747,0.10345,0.0,0.52222
0.56667,0.0,0.01695,0.97972,0.37931,0.0,0.65724
0.56667,0.0,0.0339,0.79434,0.7931,0.0,0.65724
0.56667,0.0,0.0339,0.97577,0.24138,0.0,0.52222
0.56667,0.0,0.05085,0.75053,0.51724,0.0,0.65724
0.56667,0.0,0.0678,0.77186,0.75862,0.0,0.52222
0.56667,0.0,0.08475,0.42542,0.89655,0.0,0.65104
0.56667,0.0,0.10169,0.58897,0.51724,0.0,0.65724
0.56667,0.0,0.10169,0.62178,0.37931,0.0,0.60596
0.56667,0.0,0.11864,0.47361,0.0,1.0,0.52222
0.56667,0.0,0.13559,0.18447,0.86207,0.0,0.65724
0.56667,0.0,0.13559,0.55472,0.06897,0.0,0.65104
0.56667,0.0,0.13559,0.57388,0.96552,0.0,0.60596
0.56667,0.0,0.13559,0.77601,0.62069,0.0,0.65724
0.56667,0.0,0.16949,0.97231,0.82759,0.0,0.65724
0.56667,0.0,0.18644,0.88734,0.55172,0.0,0.60596
0.56667,0.0,0.20339,0.34115,1.0,0.0,0.65724
0.56667,0.0,0.22034,0.83351,0.34483,0.0,0.52222
0.56667,0.0,0.25424,0.42907,1.0,0.0,0.77983
0.56667,0.0,0.25424,0.55738,0.06897,0.0,0.60596
0.56667,0.0,0.27119,0.13102,0.24138,0.0,0.90426
0.56667,0.0,0.27119,0.73172,0.93103,0.0,0.65724
0.56667,0.0,0.28814,0.23349,1.0,0.0,0.90426
0.56667,0.0,0.30508,0.14203,0.89655,0.0,0.65724
0.56667,0.0,0.30508,0.21874,0.65517,0.0,0.65724
0.56667,0.0,0.30508,0.58099,0.51724,0.0,0.65724
0.56667,0.0,0.32203,0.53989,0.7931,0.0,0.65724
0.56667,0.0,0.33898,0.41427,0.62069,0.0,0.65104
0.56667,0.0,0.33898,0.79257,0.55172,0.0,0.65724
0.56667,0.0,0.38983,0.20576,0.51724,0.0,0.65724
0.56667,0.0,0.38983,0.53379,0.03448,0.0,0.52222
0.56667,0.0,0.38983,0.92054,0.72414,0.0,0.65724
0.56667,0.0,0.40678,0.54596,0.65517,0.0,0.52222
0.56667,0.0,0.42373,0.07334,0.89655,0.0,0.65724
0.56667,0.0,0.44068,0.77654,0.31034,0.0,0.60596
0.56667,0.0,0.45763,0.91991,0.96552,0.0,0.52222
0.56667,0.0,0.47458,0.71725,0.89655,0.0,0.65724
0.56667,0.0,0.49153,0.54938,0.58621,0.0,0.65724
0.56667,0.0,0.50847,0.30999,0.82759,0.0,0.65724
0.56667,0.0,0.52542,0.01301,0.82759,0.0,0.66722
0.56667,0.0,0.55932,0.25185,0.86207,0.0,0.65724
0.56667,0.0,0.55932,0.35889,0.55172,0.0,0.77983
0.56667,0.0,0.55932,0.46947,0.96552,0.0,0.65724
0.56667,0.0,0.57627,0.06849,0.24138,0.0,0.65724
0.56667,0.0,0.57627,0.30545,0.03448,0.0,0.52222
0.56667,0.0,0.57627,0.44178,0.86207,0.0,0.65104
0.56667,0.0,0.59322,0.99848,0.86207,0.0,0.65724
0.56667,0.0,0.61017,0.55217,0.2069,0.0,0.52222
0.56667,0.0,0.62712,0.93603,0.68966,0.0,0.60596
0.56667,0.0,0.64407,0.28811,0.55172,0.0,0.65724
0.56667,0.0,0.64407,0.50227,0.17241,0.0,0.65724
0.56667,0.0,0.64407,0.53649,0.58621,0.0,0.52222
0.56667,0.0,0.66102,0.31968,0.24138,0.0,0.65724
0.56667,0.0,0.66102,0.927,0.89655,0.0,0.60596
0.56667,0.0,0.67797,0.72011,0.62069,0.0,0.65104
0.56667,0.0,0.71186,0.54792,0.93103,0.0,0.60596
0.56667,0.0,0.71186,0.85221,0.7931,0.0,0.65724
0.56667,0.0,0.74576,0.74975,0.82759,0.0,0.65724
0.56667,0.0,0.77966,0.65322,0.2069,0.0,0.60596
0.56667,0.0,0.79661,0.4074,0.03448,0.0,0.52222
0.56667,0.0,0.83051,0.87082,0.65517,0.0,0.65724
0.56667,0.0,0.84746,0.6463,0.86207,0.0,0.65724
0.56667,0.0,0.84746,0.80543,0.48276,0.0,0.60596
0.56667,0.0,0.86441,0.08058,0.62069,0.0,0.65724
0.56667,0.0,0.89831,0.70748,0.13793,0.0,0.65724
0.56667,0.0,0.89831,0.87033,0.10345,0.0,0.52222
0.56667,0.0,0.91525,0.23038,0.68966,0.0,0.65724
0.56667,0.0,0.91525,0.54711,0.48276,0.0,0.60596
0.56667,0.0,0.91525,0.76188,0.17241,0.0,0.52222
0.56667,0.0,0.9322,0.74779,0.72414,0.0,0.65724
0.56667,0.0,0.9661,0.5972,0.65517,0.0,0.65724
0.56667,0.0,0.9661,0.77853,0.10345,0.0,0.52222
0.56667,0.0,0.98305,0.21612,0.7931,0.0,0.77983
0.56667,0.0,0.98305,0.36444,0.68966,0.0,0.65724
0.56667,0.0,1.0,0.43793,0.31034,0.0,0.65724
0.58333,0.0,0.0,0.19444,0.65517,0.0,0.65724
0.58333,0.0,0.0,0.41447,0.55172,0.0,0.65724
0.58333,0.0,0.0,0.84115,0.24138,0.0,0.65724
0.58333,0.0,0.01695,0.48147,0.48276,0.0,0.52222
0.58333,0.0,0.0339,0.25963,0.55172,0.0,0.65724
0.58333,0.0,0.0339,0.42414,0.82759,0.0,0.52222
0.58333,0.0,0.05085,0.03642,0.06897,0.0,0.76877
0.58333,0.0,0.05085,0.61356,0.13793,0.0,0.60596
0.58333,0.0,0.08475,0.90235,0.89655,0.0,0.60596
0.58333,0.0,0.10169,0.24569,0.48276,0.0,0.65724
0.58333,0.0,0.11864,0.98439,0.89655,0.0,0.65724
0.58333,0.0,0.13559,0.02484,0.37931,0.0,0.87481
0.58333,0.0,0.13559,0.62572,0.37931,0.0,0.65724
0.58333,0.0,0.13559,0.67449,0.34483,0.0,0.60596
0.58333,0.0,0.15254,0.57445,1.0,0.0,0.60596
0.58333,0.0,0.16949,0.36186,0.86207,0.0,0.65724
0.58333,0.0,0.18644,0.04914,0.55172,0.0,0.94086
0.58333,0.0,0.18644,0.66801,0.82759,0.0,0.52222
0.58333,0.0,0.22034,0.78052,0.48276,0.0,0.52222
0.58333,0.0,0.22034,0.97302,0.24138,0.0,0.60596
0.58333,0.0,0.23729,0.40434,0.13793,0.0,0.65724
0.58333,0.0,0.25424,0.99327,0.93103,0.0,0.65724
0.58333,0.0,0.27119,0.06121,0.34483,0.0,0.65724
0.58333,0.0,0.27119,0.13708,0.82759,0.0,0.65724
0.58333,0.0,0.27119,0.32846,0.44828,0.0,0.65724
0.58333,0.0,0.27119,0.79086,0.17241,0.0,0.60596
0.58333,0.0,0.28814,0.41367,0.89655,0.0,0.77983
0.58333,0.0,0.30508,0.03671,0.27586,0.0,0.69218
0.58333,0.0,0.32203,0.99291,0.27586,0.0,0.65724
0.58333,0.0,0.33898,0.09578,0.37931,0.0,0.65724
0.58333,0.0,0.33898,0.65773,0.48276,0.0,0.60596
0.58333,0.0,0.33898,0.85409,0.0,1.0,0.52222
0.58333,0.0,0.37288,0.75408,0.06897,0.0,0.60596
0.58333,0.0,0.40678,0.99019,0.58621,0.0,0.52222
0.58333,0.0,0.42373,0.3117,0.72414,0.0,0.65724
0.58333,0.0,0.42373,0.43043,0.31034,0.0,0.65724
0.58333,0.0,0.42373,0.60594,0.7931,0.0,0.65724
0.58333,0.0,0.45763,0.50049,0.44828,0.0,0.65724
0.58333,0.0,0.49153,0.06173,0.27586,0.0,0.65724
0.58333,0.0,0.49153,0.38915,0.44828,0.0,0.52222
0.58333,0.0,0.49153,0.68325,0.58621,0.0,0.60596
0.58333,0.0,0.49153,0.75469,0.96552,0.0,0.52222
0.58333,0.0,0.52542,0.11353,0.03448,0.0,0.65724
0.58333,0.0,0.52542,0.3814,0.51724,0.0,0.52222
0.58333,0.0,0.55932,0.16252,0.96552,0.0,0.65724
0.58333,0.0,0.55932,0.17081,0.2069,0.0,0.65724
0.58333,0.0,0.57627,0.30278,0.13793,0.0,0.77983
0.58333,0.0,0.57627,0.42313,0.65517,0.0,0.65724
0.58333,0.0,0.59322,0.03232,0.0,1.0,0.65724
0.58333,0.0,0.62712,0.19827,0.89655,0.0,0.77983
0.58333,0.0,0.64407,0.71924,0.51724,0.0,0.65724
0.58333,0.0,0.64407,0.75299,0.17241,0.0,0.52222
0.58333,0.0,0.66102,0.86076,0.44828,0.0,0.60596
0.58333,0.0,0.69492,0.13455,0.68966,0.0,0.65724
0.58333,0.0,0.72881,0.71489,0.06897,0.0,0.65724
0.58333,0.0,0.74576,0.96864,0.86207,0.0,0.65724
0.58333,0.0,0.77966,0.01448,0.06897,0.0,0.65724
0.58333,0.0,0.79661,0.42681,0.0,1.0,0.65724
0.58333,0.0,0.81356,0.15771,0.03448,0.0,0.77983
0.58333,0.0,0.81356,0.43295,0.41379,0.0,0.52222
0.58333,0.0,0.81356,0.76782,0.58621,0.0,0.52222
0.58333,0.0,0.83051,0.23533,0.62069,0.0,0.65724
0.58333,0.0,0.83051,0.39015,0.51724,0.0,0.52222
0.58333,0.0,0.83051,0.78245,0.13793,0.0,0.65724
0.58333,0.0,0.88136,0.52815,0.96552,0.0,0.65724
0.58333,0.0,0.88136,0.77958,0.86207,0.0,0.65724
0.58333,0.0,0.89831,0.33304,0.34483,0.0,0.65104
0.58333,0.0,0.89831,0.71996,1.0,0.0,0.60596
0.58333,0.0,0.91525,0.3383,0.10345,0.0,0.65724
0.58333,0.0,0.9322,0.72294,0.2069,0.0,0.65724
0.58333,0.0,0.9322,0.73297,0.44828,0.0,0.65724
0.58333,0.0,0.94915,0.60322,0.82759,0.0,0.65724
0.58333,0.0,0.9661,0.89805,0.65517,0.0,0.65724
0.58333,0.0,0.9661,0.94831,0.34483,0.0,0.65724
0.58333,0.0,0.98305,0.21682,0.62069,0.0,0.77983
0.58333,0.0,0.98305,0.70792,0.72414,0.0,0.65104
0.58333,0.0,1.0,0.55384,0.55172,0.0,0.65724
0.6,0.0,0.0,0.34808,0.17241,0.0,0.77983
0.6,0.0,0.0,0.70072,0.13793,0.0,0.65724
0.6,0.0,0.0,0.74272,0.51724,0.0,0.65724
0.6,0.0,0.0339,0.59389,0.03448,0.0,0.65724
0.6,0.0,0.05085,0.13526,0.75862,0.0,0.65724
0.6,0.0,0.05085,0.50576,0.65517,0.0,0.65724
0.6,0.0,0.0678,0.14807,0.65517,0.0,0.90426
0.6,0.0,0.0678,0.66026,0.75862,0.0,0.52222
0.6,0.0,0.08475,0.3248,0.03448,0.0,0.65724
0.6,0.0,0.15254,0.41337,0.62069,0.0,0.65724
0.6,0.0,0.15254,0.53788,0.86207,0.0,0.65724
0.6,0.0,0.16949,0.06196,1.0,0.0,0.65724
0.6,0.0,0.18644,0.38095,0.51724,0.0,0.77983
0.6,0.0,0.18644,0.80445,0.48276,0.0,0.65724
0.6,0.0,0.20339,0.64881,0.34483,0.0,0.65724
0.6,0.0,0.20339,0.85437,0.24138,0.0,0.60596
0.6,0.0,0.22034,0.07548,0.2069,0.0,0.65724
0.6,0.0,0.22034,0.09962,0.48276,0.0,0.65724
0.6,0.0,0.22034,0.1464,0.2069,0.0,0.65724
0.6,0.0,0.23729,0.15629,0.51724,0.0,0.65724
0.6,0.0,0.23729,0.69098,0.0,1.0,0.52222
0.6,0.0,0.25424,0.17595,1.0,0.0,0.65724
0.6,0.0,0.25424,0.82743,0.06897,0.0,0.60596
0.6,0.0,0.27119,0.61676,0.0,1.0,0.52222
0.6,0.0,0.28814,0.71462,0.72414,0.0,0.65724
0.6,0.0,0.30508,0.40181,0.10345,0.0,0.77983
0.6,0.0,0.33898,0.44097,0.34483,0.0,0.52222
0.6,0.0,0.37288,0.25867,0.86207,0.0,0.68148
0.6,0.0,0.38983,0.782,0.31034,0.0,0.52222
0.6,0.0,0.40678,0.40923,0.58621,0.0,0.65724
0.6,0.0,0.42373,0.2568,0.62069,0.0,0.65724
0.6,0.0,0.42373,0.35672,0.27586,0.0,0.65724
0.6,0.0,0.44068,0.25783,0.31034,0.0,0.65724
0.6,0.0,0.44068,0.72809,0.17241,0.0,0.65104
0.6,0.0,0.44068,0.85123,0.72414,0.0,0.60596
0.6,0.0,0.44068,0.86775,0.31034,0.0,0.65724
0.6,0.0,0.45763,0.20553,0.44828,0.0,0.65724
0.6,0.0,0.45763,0.59669,0.2069,0.0,0.65724
0.6,0.0,0.47458,0.03005,1.0,0.0,0.94086
0.6,0.0,0.47458,0.43626,0.7931,0.0,0.65724
0.6,0.0,0.47458,0.55742,0.2069,0.0,0.65724
0.6,0.0,0.50847,0.70886,0.62069,0.0,0.60596
0.6,0.0,0.50847,0.90745,0.72414,0.0,0.65104
0.6,0.0,0.52542,0.60081,0.31034,0.0,0.65724
0.6,0.0,0.52542,0.88172,0.58621,0.0,0.60596
0.6,0.0,0.54237,0.17852,0.17241,0.0,0.90426
0.6,0.0,0.54237,0.27927,0.55172,0.0,0.66051
0.6,0.0,0.55932,0.24977,0.51724,0.0,0.65724
0.6,0.0,0.57627,0.27009,0.41379,0.0,0.65724
0.6,0.0,0.57627,0.35918,0.24138,0.0,0.65724
0.6,0.0,0.57627,0.54399,0.51724,0.0,0.65724
0.6,0.0,0.59322,0.07372,0.48276,0.0,0.65724
0.6,0.0,0.59322,0.36995,0.62069,0.0,0.77983
0.6,0.0,0.64407,0.76841,0.31034,0.0,0.65724
0.6,0.0,0.66102,0.00058,0.93103,0.0,0.63228
0.6,0.0,0.66102,0.37066,0.2069,0.0,0.52222
0.6,0.0,0.66102,0.46308,0.2069,0.0,0.65724
0.6,0.0,0.69492,0.06596,0.24138,0.0,0.65724
0.6,0.0,0.69492,0.62453,0.65517,0.0,0.65724
0.6,0.0,0.77966,0.0379,0.17241,0.0,0.86133
0.6,0.0,0.77966,0.62496,0.27586,0.0,0.65724
0.6,0.0,0.77966,0.66694,1.0,0.0,0.60596
0.6,0.0,0.79661,0.77808,0.82759,0.0,0.65724
0.6,0.0,0.79661,0.93435,0.72414,0.0,0.65724
0.6,0.0,0.81356,0.06659,0.13793,0.0,0.65724
0.6,0.0,0.83051,0.33861,0.37931,0.0,0.65724
0.6,0.0,0.83051,0.56603,0.82759,0.0,0.65724
0.6,0.0,0.84746,0.06591,0.34483,0.0,0.65724
0.6,0.0,0.84746,0.16272,0.65517,0.0,0.65724
0.6,0.0,0.86441,0.32267,0.44828,0.0,0.77983
0.6,0.0,0.88136,0.00339,0.31034,0.0,0.6223
0.6,0.0,0.89831,0.38264,0.75862,0.0,0.65724
0.6,0.0,0.91525,0.10417,0.34483,0.0,0.65724
0.6,0.0,0.9322,0.49553,0.96552,0.0,0.65104
0.6,0.0,1.0,0.09812,0.48276,0.0,0.65724
0.6,0.0,1.0,0.46644,0.06897,0.0,0.65724
0.61667,0.0,0.0,0.70529,0.0,1.0,0.65724
0.61667,0.0,0.01695,0.12409,0.96552,0.0,0.65724
0.61667,0.0,0.0339,0.48868,0.06897,0.0,0.65724
0.61667,0.0,0.05085,0.10317,0.58621,0.0,0.80939
0.61667,0.0,0.0678,0.1892,0.72414,0.0,0.65724
0.61667,0.0,0.10169,0.09611,0.34483,0.0,0.65724
0.61667,0.0,0.10169,0.90486,0.31034,0.0,0.65104
0.61667,0.0,0.10169,0.93818,0.31034,0.0,0.52222
0.61667,0.0,0.11864,0.16038,0.37931,0.0,0.65724
0.61667,0.0,0.11864,0.33051,0.65517,0.0,0.52222
0.61667,0.0,0.22034,0.83405,0.13793,0.0,0.65724
0.61667,0.0,0.23729,0.97373,0.68966,0.0,0.65724
0.61667,0.0,0.25424,0.6223,0.55172,0.0,0.52222
0.61667,0.0,0.27119,0.33752,0.75862,0.0,0.65104
0.61667,0.0,0.27119,0.63497,0.62069,0.0,0.65724
0.61667,0.0,0.28814,0.06209,0.68966,0.0,0.94086
0.61667,0.0,0.32203,0.37812,0.89655,0.0,0.65724
0.61667,0.0,0.32203,0.43446,0.2069,0.0,0.77983
0.61667,0.0,0.32203,0.53824,0.65517,0.0,0.65724
0.61667,0.0,0.37288,0.38467,0.68966,0.0,0.65724
0.61667,0.0,0.37288,0.84802,0.72414,0.0,0.65724
0.61667,0.0,0.38983,0.16649,0.48276,0.0,0.77983
0.61667,0.0,0.38983,0.45282,0.0,1.0,0.65724
0.61667,0.0,0.38983,0.53686,0.93103,0.0,0.65724
0.61667,0.0,0.40678,0.89152,0.7931,0.0,0.65724
0.61667,0.0,0.42373,0.39246,0.55172,0.0,0.65724
0.61667,0.0,0.45763,0.07289,0.96552,0.0,0.81287
0.61667,0.0,0.45763,0.11182,0.24138,0.0,0.80939
0.61667,0.0,0.45763,0.19126,0.37931,0.0,0.65724
0.61667,0.0,0.47458,0.92452,0.27586,0.0,0.52222
0.61667,0.0,0.49153,0.69983,0.10345,0.0,0.65724
0.61667,0.0,0.50847,0.41477,0.06897,0.0,0.65104
0.61667,0.0,0.55932,0.06492,0.62069,0.0,0.65724
0.61667,0.0,0.55932,0.79825,0.55172,0.0,0.52222
0.61667,0.0,0.55932,0.98817,0.62069,0.0,0.65724
0.61667,0.0,0.57627,0.54399,0.7931,0.0,0.52222
0.61667,0.0,0.57627,0.78482,0.72414,0.0,0.52222
0.61667,0.0,0.59322,0.4872,0.24138,0.0,0.65724
0.61667,0.0,0.59322,0.68162,0.27586,0.0,0.65724
0.61667,0.0,0.62712,0.36524,0.62069,0.0,0.52222
0.61667,0.0,0.62712,0.59746,0.68966,0.0,0.65104
0.61667,0.0,0.62712,0.79163,0.72414,0.0,0.65724
0.61667,0.0,0.64407,0.24451,0.24138,0.0,0.65724
0.61667,0.0,0.66102,0.12677,0.48276,0.0,0.90426
0.61667,0.0,0.67797,0.02986,0.62069,0.0,0.65724
0.61667,0.0,0.67797,0.22626,0.55172,0.0,0.65724
0.61667,0.0,0.67797,0.3602,0.48276,0.0,0.65724
0.61667,0.0,0.69492,0.16875,0.58621,0.0,0.65724
0.61667,0.0,0.69492,0.27826,0.13793,0.0,0.65724
0.61667,0.0,0.69492,0.61827,0.0,1.0,0.65724
0.61667,0.0,0.71186,0.54695,0.24138,0.0,0.52222
0.61667,0.0,0.72881,0.37485,0.55172,0.0,0.65724
0.61667,0.0,0.72881,0.57243,0.44828,0.0,0.52222
0.61667,0.0,0.72881,0.70088,0.68966,0.0,0.60596
0.61667,0.0,0.72881,0.7745,0.03448,0.0,0.65724
0.61667,0.0,0.72881,0.93624,0.10345,0.0,0.65724
0.61667,0.0,0.74576,0.22141,0.17241,0.0,0.65724
0.61667,0.0,0.74576,0.97664,0.31034,0.0,0.52222
0.61667,0.0,0.76271,0.13096,0.55172,0.0,0.65724
0.61667,0.0,0.76271,0.48787,0.37931,0.0,0.65724
0.61667,0.0,0.77966,0.31489,0.06897,0.0,0.52222
0.61667,0.0,0.77966,0.56795,0.27586,0.0,0.65724
0.61667,0.0,0.77966,0.88749,0.7931,0.0,0.52222
0.61667,0.0,0.79661,0.85795,0.86207,0.0,0.65724
0.61667,0.0,0.81356,0.22833,0.93103,0.0,0.90426
0.61667,0.0,0.81356,0.61158,0.03448,0.0,0.60596
0.61667,0.0,0.83051,0.06635,0.34483,0.0,0.94086
0.61667,0.0,0.83051,0.25229,0.27586,0.0,0.6875
0.61667,0.0,0.83051,0.79341,0.89655,0.0,0.65724
0.61667,0.0,0.83051,0.96422,0.96552,0.0,0.65724
0.61667,0.0,0.86441,0.7887,0.0,1.0,0.52222
0.61667,0.0,0.88136,0.36056,0.44828,0.0,0.77983
0.61667,0.0,0.88136,0.5256,0.13793,0.0,0.65104
0.61667,0.0,0.9322,0.12398,0.06897,0.0,0.65724
0.61667,0.0,0.9322,0.62507,0.72414,0.0,0.65724
0.61667,0.0,0.9661,0.57057,0.7931,0.0,0.65724
0.63333,0.0,0.01695,0.34464,0.72414,0.0,0.65724
0.63333,0.0,0.01695,0.3912,0.55172,0.0,0.52222
0.63333,0.0,0.01695,0.41389,0.93103,0.0,0.65724
0.63333,0.0,0.01695,0.66135,0.2069,0.0,0.60596
0.63333,0.0,0.0339,0.13749,0.31034,0.0,0.65724
0.63333,0.0,0.0339,0.39112,0.82759,0.0,0.77983
0.63333,0.0,0.0339,0.76101,0.96552,0.0,0.60596
0.63333,0.0,0.05085,0.28907,0.03448,0.0,0.65724
0.63333,0.0,0.05085,0.88173,0.72414,0.0,0.65724
0.63333,0.0,0.0678,0.05387,0.68966,0.0,0.65724
0.63333,0.0,0.0678,0.11671,0.7931,0.0,0.65724
0.63333,0.0,0.08475,0.01311,0.55172,0.0,0.94086
0.63333,0.0,0.08475,0.0158,0.10345,0.0,0.64559
0.63333,0.0,0.13559,0.3933,0.34483,0.0,0.65724
0.63333,0.0,0.13559,0.43456,0.27586,0.0,0.52222
0.63333,0.0,0.13559,0.75101,0.62069,0.0,0.60596
0.63333,0.0,0.15254,0.18457,0.0,1.0,0.65724
0.63333,0.0,0.15254,0.27262,0.2069,0.0,0.65724
0.63333,0.0,0.15254,0.53923,1.0,0.0,0.65104
0.63333,0.0,0.20339,0.33414,0.34483,0.0,0.65724
0.63333,0.0,0.22034,0.0203,0.13793,0.0,0.94086
0.63333,0.0,0.22034,0.0506,1.0,0.0,0.84938
0.63333,0.0,0.22034,0.11271,0.96552,0.0,0.90426
0.63333,0.0,0.22034,0.54885,0.72414,0.0,0.65724
0.63333,0.0,0.23729,0.91873,0.86207,0.0,0.65724
0.63333,0.0,0.27119,0.49549,0.86207,0.0,0.65724
0.63333,0.0,0.27119,0.73865,0.55172,0.0,0.65724
0.63333,0.0,0.28814,0.3709,0.03448,0.0,0.52222
0.63333,0.0,0.32203,0.05738,0.17241,0.0,0.84416
0.63333,0.0,0.38983,0.41128,0.86207,0.0,0.52222
0.63333,0.0,0.40678,0.92855,0.62069,0.0,0.65724
0.63333,0.0,0.42373,0.22655,0.41379,0.0,0.65724
0.63333,0.0,0.42373,0.48682,0.41379,0.0,0.52222
0.63333,0.0,0.42373,0.60751,0.17241,0.0,0.52222
0.63333,0.0,0.42373,0.89911,0.72414,0.0,0.65724
0.63333,0.0,0.45763,0.33645,0.0,1.0,0.65724
0.63333,0.0,0.45763,0.66256,0.86207,0.0,0.60596
0.63333,0.0,0.47458,0.78883,0.0,1.0,0.65724
0.63333,0.0,0.49153,0.26956,0.13793,0.0,0.65724
0.63333,0.0,0.49153,0.32615,0.31034,0.0,0.65724
0.63333,0.0,0.55932,0.4797,0.93103,0.0,0.65724
0.63333,0.0,0.57627,0.72081,0.96552,0.0,0.65724
0.63333,0.0,0.59322,0.28124,0.2069,0.0,0.65724
0.63333,0.0,0.61017,0.10424,0.86207,0.0,0.90426
0.63333,0.0,0.61017,0.14525,0.13793,0.0,0.65724
0.63333,0.0,0.62712,0.15035,0.89655,0.0,0.71745
0.63333,0.0,0.64407,0.06143,1.0,0.0,0.84373
0.63333,0.0,0.64407,0.32567,0.10345,0.0,0.65724
0.63333,0.0,0.66102,0.24587,0.06897,0.0,0.65724
0.63333,0.0,0.66102,0.42267,0.51724,0.0,0.65724
0.63333,0.0,0.66102,0.73478,0.06897,0.0,0.65724
0.63333,0.0,0.67797,0.27219,0.48276,0.0,0.65755
0.63333,0.0,0.69492,0.67936,0.72414,0.0,0.65724
0.63333,0.0,0.69492,0.82732,0.17241,0.0,0.65724
0.63333,0.0,0.71186,0.62634,0.31034,0.0,0.65724
0.63333,0.0,0.72881,0.2171,0.96552,0.0,0.65724
0.63333,0.0,0.77966,0.20879,0.86207,0.0,0.90426
0.63333,0.0,0.79661,0.298,0.75862,0.0,0.52222
0.63333,0.0,0.79661,0.71127,0.96552,0.0,0.60596
0.63333,0.0,0.81356,0.95324,0.68966,0.0,0.60596
0.63333,0.0,0.83051,0.36628,0.31034,0.0,0.52222
0.63333,0.0,0.83051,0.81084,0.62069,0.0,0.60596
0.63333,0.0,0.88136,0.49923,0.65517,0.0,0.65724
0.63333,0.0,0.88136,0.84905,0.17241,0.0,0.52222
0.63333,0.0,0.89831,0.04111,0.06897,0.0,0.76877
0.63333,0.0,0.89831,0.78533,0.03448,0.0,0.60596
0.63333,0.0,0.91525,0.41537,0.37931,0.0,0.77983
0.63333,0.0,0.91525,0.74264,0.24138,0.0,0.65724
0.63333,0.0,0.9661,0.15221,0.51724,0.0,0.65724
0.63333,0.0,0.9661,0.54833,0.72414,0.0,0.65724
0.63333,0.0,0.98305,0.32912,0.72414,0.0,0.65104
0.63333,0.0,0.98305,0.52519,0.13793,0.0,0.60596
0.63333,0.0,0.98305,0.72117,0.37931,0.0,0.51685
0.63333,0.0,0.98305,0.93113,0.06897,0.0,0.65724
0.63333,0.0,1.0,0.77357,0.55172,0.0,0.65724
0.65,0.0,0.0,0.61776,0.0,1.0,0.60596
0.65,0.0,0.0,0.65586,0.62069,0.0,0.60596
0.65,0.0,0.05085,0.63007,0.44828,0.0,0.52222
0.65,0.0,0.05085,0.85825,0.86207,0.0,0.60596
0.65,0.0,0.0678,0.20583,0.48276,0.0,0.77983
0.65,0.0,0.0678,0.49502,1.0,0.0,0.52222
0.65,0.0,0.0678,0.67021,0.93103,0.0,0.60596
0.65,0.0,0.0678,0.79153,0.65517,0.0,0.65724
0.65,0.0,0.10169,0.6842,0.51724,0.0,0.60596
0.65,0.0,0.13559,0.75761,0.55172,0.0,0.60596
0.65,0.0,0.15254,0.37107,0.0,1.0,0.77983
0.65,0.0,0.15254,0.47968,0.03448,0.0,0.65724
0.65,0.0,0.15254,0.51345,0.89655,0.0,0.60596
0.65,0.0,0.20339,0.65838,0.75862,0.0,0.60596
0.65,0.0,0.22034,0.60014,0.34483,0.0,0.52222
0.65,0.0,0.23729,0.35511,0.55172,0.0,0.65724
0.65,0.0,0.25424,0.62279,0.41379,0.0,0.52222
0.65,0.0,0.27119,0.06488,0.13793,0.0,0.65724
0.65,0.0,0.27119,0.71825,0.24138,0.0,0.65724
0.65,0.0,0.28814,0.04132,0.2069,0.0,0.65724
0.65,0.0,0.28814,0.15061,0.06897,0.0,0.65724
0.65,0.0,0.28814,0.39051,0.41379,0.0,0.52222
0.65,0.0,0.30508,0.74448,0.58621,0.0,0.65724
0.65,0.0,0.32203,0.31374,0.96552,0.0,0.65724
0.65,0.0,0.37288,0.3107,0.34483,0.0,0.65104
0.65,0.0,0.38983,0.75606,0.86207,0.0,0.65724
0.65,0.0,0.38983,0.89913,0.13793,0.0,0.65724
0.65,0.0,0.40678,0.83748,0.75862,0.0,0.65724
0.65,0.0,0.42373,0.31087,0.75862,0.0,0.65104
0.65,0.0,0.44068,0.00647,0.86207,0.0,0.89502
0.65,0.0,0.44068,0.31957,0.75862,0.0,0.65724
0.65,0.0,0.45763,0.00109,0.31034,0.0,0.97028
0.65,0.0,0.45763,0.35347,0.72414,0.0,0.52222
0.65,0.0,0.45763,0.77073,0.75862,0.0,0.65724
0.65,0.0,0.47458,0.49303,0.44828,0.0,0.52222
0.65,0.0,0.49153,0.93369,0.2069,0.0,0.52222
0.65,0.0,0.50847,5e-05,0.2069,0.0,0.63727
0.65,0.0,0.50847,0.54949,0.44828,0.0,0.60596
0.65,0.0,0.54237,0.3841,0.44828,0.0,0.77983
0.65,0.0,0.57627,0.03904,0.68966,0.0,0.65724
0.65,0.0,0.57627,0.5668,0.13793,0.0,0.65724
0.65,0.0,0.59322,0.73458,0.55172,0.0,0.65724
0.65,0.0,0.61017,0.30706,0.89655,0.0,0.65724
0.65,0.0,0.61017,0.9502,1.0,0.0,0.65724
0.65,0.0,0.64407,0.21985,0.0,1.0,0.77983
0.65,0.0,0.66102,0.93069,0.51724,0.0,0.65724
0.65,0.0,0.67797,0.32002,0.27586,0.0,0.65724
0.65,0.0,0.71186,0.04254,0.75862,0.0,0.65724
0.65,0.0,0.71186,0.20615,0.0,1.0,0.65724
0.65,0.0,0.71186,0.27191,0.31034,0.0,0.65724
0.65,0.0,0.71186,0.84549,0.72414,0.0,0.60596
0.65,0.0,0.72881,0.22919,0.13793,0.0,0.65724
0.65,0.0,0.72881,0.4383,0.44828,0.0,0.65724
0.65,0.0,0.72881,0.93543,0.62069,0.0,0.65724
0.65,0.0,0.74576,0.17093,0.0,1.0,0.65724
0.65,0.0,0.76271,0.86825,0.65517,0.0,0.65724
0.65,0.0,0.76271,0.91843,0.89655,0.0,0.65104
0.65,0.0,0.77966,0.26036,0.96552,0.0,0.66051
0.65,0.0,0.79661,0.59607,0.0,1.0,0.65724
0.65,0.0,0.79661,0.96555,0.68966,0.0,0.65724
0.65,0.0,0.81356,0.15767,0.0,1.0,0.90426
0.65,0.0,0.84746,0.16631,0.75862,0.0,0.77983
0.65,0.0,0.84746,0.63991,0.10345,0.0,0.60596
0.65,0.0,0.88136,0.32138,0.03448,0.0,0.77983
0.65,0.0,0.88136,0.50482,0.75862,0.0,0.52222
0.65,0.0,0.91525,0.3705,0.93103,0.0,0.65104
0.65,0.0,0.91525,0.5063,0.03448,0.0,0.65104
0.65,0.0,0.91525,0.71871,0.89655,0.0,0.52222
0.65,0.0,0.9322,0.29926,0.27586,0.0,0.52222
0.65,0.0,0.94915,0.25554,0.82759,0.0,0.6875
0.65,0.0,0.9661,0.28743,0.41379,0.0,0.65724
0.65,0.0,0.9661,0.43628,0.55172,0.0,0.52222
0.65,0.0,0.9661,0.99403,0.65517,0.0,0.60596
0.65,0.0,0.98305,0.64114,0.82759,0.0,0.65724
0.65,0.0,1.0,0.2161,0.2069,0.0,0.65724
0.65,0.0,1.0,0.40563,0.62069,0.0,0.52222
0.65,0.0,1.0,0.43489,0.27586,0.0,0.52222
0.65,0.0,1.0,0.83883,0.44828,0.0,0.60596
0.66667,0.0,0.0,0.20144,0.82759,0.0,0.77983
0.66667,0.0,0.0,0.52514,0.82759,0.0,0.60596
0.66667,0.0,0.0,0.74738,0.86207,0.0,0.60596
0.66667,0.0,0.0339,0.15787,0.58621,0.0,0.65724
0.66667,0.0,0.0339,0.92715,0.82759,0.0,0.65104
0.66667,0.0,0.10169,0.67166,0.72414,0.0,0.52222
0.66667,0.0,0.15254,0.38656,0.75862,0.0,0.65724
0.66667,0.0,0.15254,0.90667,0.03448,0.0,0.60596
0.66667,0.0,0.16949,0.02573,0.0,1.0,0.87285
0.66667,0.0,0.16949,0.84043,0.27586,0.0,0.65724
0.66667,0.0,0.18644,0.19457,0.62069,0.0,0.90426
0.66667,0.0,0.18644,0.48456,0.37931,0.0,0.65724
0.66667,0.0,0.20339,0.49088,0.75862,0.0,0.65724
0.66667,0.0,0.20339,0.77781,1.0,0.0,0.88928
0.66667,0.0,0.22034,0.48014,0.31034,0.0,0.65724
0.66667,0.0,0.22034,0.91503,0.06897,0.0,0.65724
0.66667,0.0,0.25424,0.2774,0.72414,0.0,0.77983
0.66667,0.0,0.25424,0.80802,0.24138,0.0,0.65724
0.66667,0.0,0.27119,0.4687,0.68966,0.0,0.52222
0.66667,0.0,0.27119,0.64377,1.0,0.0,0.65724
0.66667,0.0,0.27119,0.65912,0.10345,0.0,0.65724
0.66667,0.0,0.32203,0.22593,0.17241,0.0,0.65724
0.66667,0.0,0.33898,0.42444,0.55172,0.0,0.65724
0.66667,0.0,0.33898,0.70571,0.68966,0.0,0.65724
0.66667,0.0,0.35593,0.1189,0.75862,0.0,0.65724
0.66667,0.0,0.37288,0.53009,0.58621,0.0,0.65724
0.66667,0.0,0.37288,0.69708,0.41379,0.0,0.60596
0.66667,0.0,0.38983,0.2397,0.31034,0.0,0.65724
0.66667,0.0,0.38983,0.56567,0.65517,0.0,0.52222
0.66667,0.0,0.38983,0.61873,0.48276,0.0,0.65724
0.66667,0.0,0.40678,0.65909,0.62069,0.0,0.60596
0.66667,0.0,0.44068,0.54772,0.17241,0.0,0.52222
0.66667,0.0,0.45763,0.05253,0.55172,0.0,0.84721
0.66667,0.0,0.45763,0.61408,0.93103,0.0,0.65724
0.66667,0.0,0.49153,0.146,0.62069,0.0,0.802
0.66667,0.0,0.49153,0.51614,0.86207,0.0,0.52222
0.66667,0.0,0.50847,0.77844,0.17241,0.0,0.65724
0.66667,0.0,0.55932,0.15298,0.17241,0.0,0.65724
0.66667,0.0,0.57627,0.09734,0.34483,0.0,0.90426
0.66667,0.0,0.67797,0.67335,0.34483,0.0,0.65104
0.66667,0.0,0.69492,0.23895,0.65517,0.0,0.77983
0.66667,0.0,0.69492,0.29536,0.82759,0.0,0.53285
0.66667,0.0,0.71186,0.91526,0.96552,0.0,0.65724
0.66667,0.0,0.77966,0.12479,0.31034,0.0,0.65724
0.66667,0.0,0.81356,0.23763,0.65517,0.0,0.77983
0.66667,0.0,0.81356,0.80587,0.96552,0.0,0.60596
0.66667,0.0,0.81356,0.85317,0.96552,0.0,0.65724
0.66667,0.0,0.83051,0.36638,0.24138,0.0,0.65724
0.66667,0.0,0.83051,0.63059,0.51724,0.0,0.52222
0.66667,0.0,0.84746,0.51686,0.65517,0.0,0.65724
0.66667,0.0,0.86441,0.03081,0.55172,0.0,0.65724
0.66667,0.0,0.86441,0.30622,0.62069,0.0,0.65724
0.66667,0.0,0.89831,0.09321,0.34483,0.0,0.80939
0.66667,0.0,0.89831,0.58759,0.0,1.0,0.65724
0.66667,0.0,0.91525,0.95921,0.31034,0.0,0.65724
0.66667,0.0,0.91525,0.99572,0.86207,0.0,0.52222
0.66667,0.0,0.94915,0.41615,0.65517,0.0,0.65724
0.66667,0.0,0.9661,0.39787,0.41379,0.0,0.65724
0.66667,0.0,0.9661,0.62436,0.93103,0.0,0.65724
0.66667,0.0,0.98305,0.24737,0.34483,0.0,0.77983
0.66667,0.0,0.98305,0.25682,0.10345,0.0,0.68148
0.66667,0.0,1.0,0.75573,0.03448,0.0,0.65724
0.66667,0.0,1.0,0.87209,0.93103,0.0,0.65724
0.68333,0.0,0.0,0.22039,0.58621,0.0,0.90426
0.68333,0.0,0.05085,0.45672,0.89655,0.0,0.65724
0.68333,0.0,0.05085,0.55945,0.27586,0.0,0.60596
0.68333,0.0,0.05085,0.56837,0.68966,0.0,0.60596
0.68333,0.0,0.0678,0.20367,0.48276,0.0,0.77983
0.68333,0.0,0.08475,0.43027,1.0,0.0,0.65724
0.68333,0.0,0.10169,0.31044,0.2069,0.0,0.65724
0.68333,0.0,0.13559,0.11549,0.72414,0.0,0.74157
0.68333,0.0,0.13559,0.49953,0.75862,0.0,0.65724
0.68333,0.0,0.13559,0.53997,0.72414,0.0,0.60596
0.68333,0.0,0.15254,0.26416,0.72414,0.0,0.77983
0.68333,0.0,0.15254,0.5427,0.7931,0.0,0.52222
0.68333,0.0,0.16949,0.64976,0.2069,0.0,0.52222
0.68333,0.0,0.18644,0.49408,0.72414,0.0,0.60596
0.68333,0.0,0.18644,0.91076,0.75862,0.0,0.65724
0.68333,0.0,0.20339,0.51049,0.72414,0.0,0.65104
0.68333,0.0,0.20339,0.59588,0.51724,0.0,0.65724
0.68333,0.0,0.23729,0.08883,0.62069,0.0,0.90426
0.68333,0.0,0.23729,0.23012,0.93103,0.0,0.90426
0.68333,0.0,0.23729,0.87383,0.37931,0.0,0.65724
0.68333,0.0,0.23729,0.93855,0.44828,0.0,0.65724
0.68333,0.0,0.27119,0.10909,0.58621,0.0,0.90426
0.68333,0.0,0.33898,0.33182,0.34483,0.0,0.65724
0.68333,0.0,0.33898,0.55556,0.06897,0.0,0.52222
0.68333,0.0,0.33898,0.95701,0.0,1.0,0.65724
0.68333,0.0,0.33898,0.96955,0.41379,0.0,0.60596
0.68333,0.0,0.35593,0.37674,0.31034,0.0,0.65724
0.68333,0.0,0.35593,0.5331,0.55172,0.0,0.65724
0.68333,0.0,0.35593,0.54728,0.2069,0.0,0.52222
0.68333,0.0,0.38983,0.48772,0.0,1.0,0.60596
0.68333,0.0,0.40678,0.73191,0.27586,0.0,0.65724
0.68333,0.0,0.40678,0.81,0.72414,0.0,0.65724
0.68333,0.0,0.42373,0.26877,0.75862,0.0,0.77983
0.68333,0.0,0.42373,0.32939,0.27586,0.0,0.77983
0.68333,0.0,0.42373,0.91551,0.0,1.0,0.65724
0.68333,0.0,0.47458,0.96953,0.62069,0.0,0.52222
0.68333,0.0,0.49153,0.43359,0.31034,0.0,0.65724
0.68333,0.0,0.50847,0.53244,0.48276,0.0,0.65724
0.68333,0.0,0.54237,0.3019,0.41379,0.0,0.77983
0.68333,0.0,0.54237,0.88627,0.51724,0.0,0.65724
0.68333,0.0,0.55932,0.33999,0.65517,0.0,0.52222
0.68333,0.0,0.55932,0.54309,0.7931,0.0,0.60596
0.68333,0.0,0.55932,0.91171,0.68966,0.0,0.52222
0.68333,0.0,0.57627,0.77635,0.03448,0.0,0.60596
0.68333,0.0,0.57627,0.93815,0.96552,0.0,0.65724
0.68333,0.0,0.59322,0.05996,0.2069,0.0,0.74479
0.68333,0.0,0.59322,0.63935,0.7931,0.0,0.65724
0.68333,0.0,0.61017,0.00859,0.58621,0.0,0.6589
0.68333,0.0,0.61017,0.21702,0.82759,0.0,0.65724
0.68333,0.0,0.61017,0.82697,0.72414,0.0,0.52222
0.68333,0.0,0.66102,0.5838,0.68966,0.0,0.60596
0.68333,0.0,0.67797,0.43404,0.51724,0.0,0.65724
0.68333,0.0,0.67797,0.99234,0.82759,0.0,0.65724
0.68333,0.0,0.69492,0.6323,0.41379,0.0,0.52222
0.68333,0.0,0.71186,0.47635,0.17241,0.0,0.69028
0.68333,0.0,0.74576,0.25507,0.58621,0.0,0.65724
0.68333,0.0,0.74576,0.89495,0.44828,0.0,0.65724
0.68333,0.0,0.76271,0.48045,0.55172,0.0,0.65724
0.68333,0.0,0.77966,0.45216,0.96552,0.0,0.52222
0.68333,0.0,0.79661,0.25193,0.62069,0.0,0.65724
0.68333,0.0,0.79661,0.42921,0.41379,0.0,0.65724
0.68333,0.0,0.81356,0.94815,0.0,1.0,0.52222
0.68333,0.0,0.83051,0.45006,0.86207,0.0,0.52222
0.68333,0.0,0.83051,0.60628,0.06897,0.0,0.65724
0.68333,0.0,0.84746,0.21224,0.86207,0.0,0.65724
0.68333,0.0,0.84746,0.23755,0.48276,0.0,0.90426
0.68333,0.0,0.86441,0.63685,0.55172,0.0,0.65724
0.68333,0.0,0.86441,0.7676,0.0,1.0,0.52222
0.68333,0.0,0.88136,0.6171,0.37931,0.0,0.65724
0.68333,0.0,0.88136,0.91929,0.75862,0.0,0.60596
0.68333,0.0,0.91525,0.34917,0.7931,0.0,0.65724
0.68333,0.0,0.9322,0.79167,0.86207,0.0,0.60596
0.68333,0.0,0.94915,0.20705,0.41379,0.0,0.65724
0.68333,0.0,0.94915,0.23724,0.65517,0.0,0.65724
0.68333,0.0,0.94915,0.24236,0.06897,0.0,0.65724
0.68333,0.0,0.94915,0.92889,0.10345,0.0,0.52222
0.68333,0.0,0.9661,0.33525,0.96552,0.0,0.52222
0.68333,0.0,1.0,0.96798,1.0,0.0,0.65724
0.7,0.0,0.0,0.47894,1.0,0.0,0.65724
0.7,0.0,0.0,0.60147,0.7931,0.0,0.60596
0.7,0.0,0.0339,0.48426,0.7931,0.0,0.65724
0.7,0.0,0.0339,0.86293,0.96552,0.0,0.52222
0.7,0.0,0.0339,0.90993,0.86207,0.0,0.65724
0.7,0.0,0.0678,0.07747,0.24138,0.0,0.65724
0.7,0.0,0.08475,0.7599,0.0,1.0,0.65104
0.7,0.0,0.08475,0.80823,0.10345,0.0,0.65724
0.7,0.0,0.10169,0.37465,0.75862,0.0,0.77983
0.7,0.0,0.10169,0.93321,0.58621,0.0,0.52222
0.7,0.0,0.11864,0.25029,0.31034,0.0,0.77983
0.7,0.0,0.13559,0.29671,0.86207,0.0,0.77983
0.7,0.0,0.15254,0.18504,0.89655,0.0,0.77983
0.7,0.0,0.15254,0.65602,0.93103,0.0,0.65724
0.7,0.0,0.15254,0.93826,0.2069,0.0,0.60596
0.7,0.0,0.20339,0.00575,0.62069,0.0,0.72213
0.7,0.0,0.20339,0.4831,0.62069,0.0,0.65104
0.7,0.0,0.22034,0.87626,0.62069,0.0,0.52222
0.7,0.0,0.23729,0.45104,0.0,1.0,0.52222
0.7,0.0,0.25424,0.24812,0.37931,0.0,0.77983
0.7,0.0,0.25424,0.35988,0.24138,0.0,0.65724
0.7,0.0,0.27119,0.88706,0.89655,0.0,0.65724
0.7,0.0,0.28814,0.56862,0.31034,0.0,0.65724
0.7,0.0,0.30508,0.81477,0.27586,0.0,0.65724
0.7,0.0,0.32203,0.54409,0.75862,0.0,0.65724
0.7,0.0,0.33898,0.47142,0.93103,0.0,0.65724
0.7,0.0,0.33898,0.70383,0.24138,0.0,0.65724
0.7,0.0,0.35593,0.37832,0.68966,0.0,0.65724
0.7,0.0,0.37288,0.49651,1.0,0.0,0.52222
0.7,0.0,0.37288,0.56057,0.51724,0.0,0.52222
0.7,0.0,0.40678,0.53985,0.44828,0.0,0.65724
0.7,0.0,0.40678,0.94128,0.06897,0.0,0.60596
0.7,0.0,0.40678,0.9578,0.24138,0.0,0.52222
0.7,0.0,0.42373,0.05758,0.10345,0.0,0.65724
0.7,0.0,0.42373,0.54583,0.82759,0.0,0.60596
0.7,0.0,0.47458,0.68921,0.55172,0.0,0.65724
0.7,0.0,0.50847,0.23675,0.27586,0.0,0.65724
0.7,0.0,0.52542,0.13848,0.13793,0.0,0.90426
0.7,0.0,0.52542,0.45823,0.34483,0.0,0.65724
0.7,0.0,0.52542,0.66653,0.34483,0.0,0.65724
0.7,0.0,0.57627,0.45793,0.96552,0.0,0.77983
0.7,0.0,0.57627,0.86761,0.03448,0.0,0.65724
0.7,0.0,0.57627,0.9535,0.41379,0.0,0.65724
0.7,0.0,0.57627,0.98296,0.58621,0.0,0.52222
0.7,0.0,0.59322,0.77482,0.41379,0.0,0.65724
0.7,0.0,0.61017,0.62423,0.72414,0.0,0.52222
0.7,0.0,0.61017,0.72681,0.72414,0.0,0.65724
0.7,0.0,0.64407,0.62844,0.10345,0.0,0.65724
0.7,0.0,0.67797,0.77925,0.62069,0.0,0.65724
0.7,0.0,0.69492,0.56245,0.68966,0.0,0.65724
0.7,0.0,0.69492,0.97864,0.2069,0.0,0.60596
0.7,0.0,0.71186,0.24551,0.58621,0.0,0.65724
0.7,0.0,0.71186,0.54384,0.2069,0.0,0.52222
0.7,0.0,0.72881,0.48306,0.2069,0.0,0.52222
0.7,0.0,0.76271,0.75052,0.27586,0.0,0.65724
0.7,0.0,0.77966,0.55427,0.27586,0.0,0.52222
0.7,0.0,0.77966,0.73708,0.27586,0.0,0.65724
0.7,0.0,0.77966,0.95047,0.24138,0.0,0.52222
0.7,0.0,0.79661,0.48646,0.2069,0.0,0.65724
0.7,0.0,0.81356,0.02316,0.48276,0.0,0.65724
0.7,0.0,0.81356,0.72867,0.82759,0.0,0.65724
0.7,0.0,0.83051,0.53675,0.34483,0.0,0.52222
0.7,0.0,0.83051,0.6018,0.41379,0.0,0.52222
0.7,0.0,0.84746,0.25942,0.27586,0.0,0.77983
0.7,0.0,0.84746,0.73807,0.89655,0.0,0.60596
0.7,0.0,0.88136,0.20443,1.0,0.0,0.90426
0.7,0.0,0.9322,0.6987,0.75862,0.0,0.65724
0.7,0.0,0.9322,0.71691,0.62069,0.0,0.52222
0.7,0.0,0.94915,0.11114,0.75862,0.0,0.90426
0.7,0.0,0.9661,0.36327,0.82759,0.0,0.52222
0.7,0.0,0.98305,0.01019,0.62069,0.0,0.64393
0.71667,0.0,0.0,0.08695,0.0,1.0,0.65724
0.71667,0.0,0.0,0.13363,0.82759,0.0,0.80939
0.71667,0.0,0.0,0.23158,0.72414,0.0,0.65724
0.71667,0.0,0.0,0.79751,0.62069,0.0,0.65104
0.71667,0.0,0.01695,0.55497,0.65517,0.0,0.65724
0.71667,0.0,0.0339,0.0193,0.65517,0.0,0.74709
0.71667,0.0,0.05085,0.06011,0.34483,0.0,0.65724
0.71667,0.0,0.0678,0.42055,0.10345,0.0,0.77983
0.71667,0.0,0.0678,0.84698,0.37931,0.0,0.65104
0.71667,0.0,0.08475,0.6987,0.0,1.0,0.60596
0.71667,0.0,0.08475,0.89728,0.89655,0.0,0.52222
0.71667,0.0,0.10169,0.65527,0.17241,0.0,0.65724
0.71667,0.0,0.11864,0.29601,0.44828,0.0,0.65724
0.71667,0.0,0.13559,0.48487,0.65517,0.0,0.65724
0.71667,0.0,0.15254,0.18263,0.72414,0.0,0.90426
0.71667,0.0,0.16949,0.82587,0.0,1.0,0.60596
0.71667,0.0,0.18644,0.37941,0.31034,0.0,0.65724
0.71667,0.0,0.20339,0.5967,0.68966,0.0,0.65724
0.71667,0.0,0.22034,0.34252,0.62069,0.0,0.65724
0.71667,0.0,0.22034,0.9148,0.62069,0.0,0.65104
0.71667,0.0,0.25424,0.37199,0.41379,0.0,0.65724
0.71667,0.0,0.25424,0.44527,1.0,0.0,0.77983
0.71667,0.0,0.27119,0.2357,0.82759,0.0,0.77983
0.71667,0.0,0.27119,0.3526,0.51724,0.0,0.65724
0.71667,0.0,0.28814,0.64741,0.24138,0.0,0.60596
0.71667,0.0,0.28814,0.81219,0.86207,0.0,0.65724
0.71667,0.0,0.28814,0.92997,0.06897,0.0,0.65724
0.71667,0.0,0.32203,0.09162,1.0,0.0,0.65724
0.71667,0.0,0.32203,0.72122,0.31034,0.0,0.52222
0.71667,0.0,0.33898,0.85999,0.06897,0.0,0.65724
0.71667,0.0,0.35593,0.43755,0.72414,0.0,0.52222
0.71667,0.0,0.35593,0.57642,0.86207,0.0,0.65724
0.71667,0.0,0.37288,0.1133,1.0,0.0,0.80939
0.71667,0.0,0.38983,0.15188,0.82759,0.0,0.65724
0.71667,0.0,0.38983,0.41408,0.75862,0.0,0.65724
0.71667,0.0,0.38983,0.79759,0.75862,0.0,0.60596
0.71667,0.0,0.40678,0.15595,0.7931,0.0,0.65724
0.71667,0.0,0.40678,0.48915,0.7931,0.0,0.60596
0.71667,0.0,0.40678,0.78133,0.68966,0.0,0.65724
0.71667,0.0,0.42373,0.3188,0.03448,0.0,0.52222
0.71667,0.0,0.45763,0.38956,0.10345,0.0,0.77983
0.71667,0.0,0.45763,0.89283,0.27586,0.0,0.65724
0.71667,0.0,0.45763,0.9236,0.68966,0.0,0.60596
0.71667,0.0,0.47458,0.30823,0.93103,0.0,0.65724
0.71667,0.0,0.49153,0.79678,0.17241,0.0,0.60596
0.71667,0.0,0.50847,0.91061,0.58621,0.0,0.60596
0.71667,0.0,0.52542,0.11982,0.68966,0.0,0.65724
0.71667,0.0,0.52542,0.44713,0.27586,0.0,0.65724
0.71667,0.0,0.52542,0.73314,0.48276,0.0,0.65724
0.71667,0.0,0.52542,0.86692,0.89655,0.0,0.65724
0.71667,0.0,0.52542,0.92409,0.89655,0.0,0.65724
0.71667,0.0,0.52542,0.98556,0.55172,0.0,0.65724
0.71667,0.0,0.59322,0.66529,0.96552,0.0,0.60596
0.71667,0.0,0.59322,0.92537,0.0,1.0,0.52222
0.71667,0.0,0.61017,0.27031,0.17241,0.0,0.65724
0.71667,0.0,0.61017,0.41809,0.58621,0.0,0.77983
0.71667,0.0,0.62712,0.97746,0.55172,0.0,0.60596
0.71667,0.0,0.64407,0.14958,0.72414,0.0,0.65724
0.71667,0.0,0.64407,0.37306,0.89655,0.0,0.65724
0.71667,0.0,0.66102,0.62325,0.82759,0.0,0.52222
0.71667,0.0,0.66102,0.62862,0.2069,0.0,0.65724
0.71667,0.0,0.67797,0.77212,0.51724,0.0,0.65724
0.71667,0.0,0.69492,0.41028,0.31034,0.0,0.65104
0.71667,0.0,0.69492,0.6261,0.37931,0.0,0.65724
0.71667,0.0,0.69492,0.63562,0.24138,0.0,0.65724
0.71667,0.0,0.71186,0.04059,0.10345,0.0,0.65724
0.71667,0.0,0.74576,0.04734,0.72414,0.0,0.65724
0.71667,0.0,0.74576,0.88592,0.34483,0.0,0.65724
0.71667,0.0,0.76271,0.50744,0.93103,0.0,0.65104
0.71667,0.0,0.76271,0.85091,0.06897,0.0,0.52222
0.71667,0.0,0.77966,0.53588,0.17241,0.0,0.52222
0.71667,0.0,0.77966,0.5558,0.58621,0.0,0.65724
0.71667,0.0,0.79661,0.31689,0.17241,0.0,0.52222
0.71667,0.0,0.83051,0.24617,0.2069,0.0,0.77983
0.71667,0.0,0.86441,0.11026,0.03448,0.0,0.66051
0.71667,0.0,0.86441,0.35464,0.89655,0.0,0.52222
0.71667,0.0,0.88136,0.35286,0.41379,0.0,0.65724
0.71667,0.0,0.89831,0.70206,0.48276,0.0,0.65345
0.71667,0.0,0.91525,0.42274,0.75862,0.0,0.77983
0.71667,0.0,0.9322,0.27382,0.68966,0.0,0.65755
0.71667,0.0,0.9322,0.42945,0.48276,0.0,0.77983
0.71667,0.0,0.94915,0.07469,0.27586,0.0,0.74479
0.71667,0.0,0.94915,0.57949,0.89655,0.0,0.52222
0.71667,0.0,0.94915,0.88971,0.68966,0.0,0.52222
0.71667,0.0,0.9661,0.93995,0.41379,0.0,0.52222
0.71667,0.0,0.98305,0.83805,0.58621,0.0,0.60596
0.71667,0.0,0.98305,0.87739,0.34483,0.0,0.65724
0.73333,0.0,0.0339,0.72098,0.89655,0.0,0.60596
0.73333,0.0,0.0339,0.88459,0.31034,0.0,0.65724
0.73333,0.0,0.0339,0.99932,0.55172,0.0,0.65724
0.73333,0.0,0.05085,0.23297,0.17241,0.0,0.77983
0.73333,0.0,0.10169,0.1079,0.58621,0.0,0.80939
0.73333,0.0,0.10169,0.66877,0.82759,0.0,0.88928
0.73333,0.0,0.11864,0.94736,0.68966,0.0,0.65724
0.73333,0.0,0.13559,0.18854,0.10345,0.0,0.65345
0.73333,0.0,0.13559,0.85892,0.96552,0.0,0.65724
0.73333,0.0,0.13559,0.87209,0.7931,0.0,0.65724
0.73333,0.0,0.15254,0.51057,0.03448,0.0,0.65724
0.73333,0.0,0.15254,0.79595,0.72414,0.0,0.65724
0.73333,0.0,0.16949,0.04844,0.86207,0.0,0.65724
0.73333,0.0,0.18644,0.12412,0.44828,0.0,0.65724
0.73333,0.0,0.18644,0.34373,1.0,0.0,0.65724
0.73333,0.0,0.20339,0.011,0.06897,0.0,0.76877
0.73333,0.0,0.20339,0.77058,0.0,1.0,0.65724
0.73333,0.0,0.22034,0.00203,0.44828,0.0,0.69052
0.73333,0.0,0.22034,0.03795,0.55172,0.0,0.67887
0.73333,0.0,0.22034,0.21283,0.62069,0.0,0.65724
0.73333,0.0,0.22034,1.0,0.75862,0.0,0.65724
0.73333,0.0,0.23729,0.68601,0.48276,0.0,0.52222
0.73333,0.0,0.23729,0.79974,0.41379,0.0,0.65724
0.73333,0.0,0.23729,0.84105,0.03448,0.0,0.65724
0.73333,0.0,0.27119,0.22756,0.0,1.0,0.77983
0.73333,0.0,0.27119,0.86077,0.82759,0.0,0.60596
0.73333,0.0,0.27119,0.97039,0.62069,0.0,0.65104
0.73333,0.0,0.28814,0.11221,0.62069,0.0,0.65724
0.73333,0.0,0.28814,0.78837,0.75862,0.0,0.52222
0.73333,0.0,0.30508,0.34633,0.55172,0.0,0.65724
0.73333,0.0,0.32203,0.11129,0.65517,0.0,0.71875
0.73333,0.0,0.32203,0.92401,0.2069,0.0,0.65724
0.73333,0.0,0.33898,0.09695,0.27586,0.0,0.65724
0.73333,0.0,0.33898,0.94492,0.41379,0.0,0.65724
0.73333,0.0,0.35593,0.5125,0.41379,0.0,0.60596
0.73333,0.0,0.37288,0.82925,0.13793,0.0,0.65724
0.73333,0.0,0.38983,0.30155,0.55172,0.0,0.52222
0.73333,0.0,0.38983,0.65931,0.89655,0.0,0.52222
0.73333,0.0,0.40678,0.32315,0.10345,0.0,0.65724
0.73333,0.0,0.40678,0.63946,0.68966,0.0,0.65724
0.73333,0.0,0.42373,0.40112,0.93103,0.0,0.65724
0.73333,0.0,0.42373,0.4031,0.96552,0.0,0.65724
0.73333,0.0,0.42373,0.64858,0.03448,0.0,0.65724
0.73333,0.0,0.44068,0.01696,0.06897,0.0,0.84112
0.73333,0.0,0.44068,0.18769,0.55172,0.0,0.77983
0.73333,0.0,0.44068,0.44011,0.13793,0.0,0.52222
0.73333,0.0,0.44068,0.44257,0.72414,0.0,0.65724
0.73333,0.0,0.44068,0.8255,0.48276,0.0,0.65724
0.73333,0.0,0.45763,0.53198,0.03448,0.0,0.60596
0.73333,0.0,0.47458,0.74858,0.48276,0.0,0.60596
0.73333,0.0,0.49153,0.91658,0.48276,0.0,0.65724
0.73333,0.0,0.50847,0.1619,1.0,0.0,0.77983
0.73333,0.0,0.52542,0.33541,0.41379,0.0,0.65724
0.73333,0.0,0.52542,0.90264,0.31034,0.0,0.60596
0.73333,0.0,0.57627,0.59551,0.0,1.0,0.60596
0.73333,0.0,0.59322,0.31374,0.75862,0.0,0.77983
0.73333,0.0,0.59322,0.4273,0.7931,0.0,0.52222
0.73333,0.0,0.61017,0.13491,0.96552,0.0,0.65724
0.73333,0.0,0.62712,0.1549,0.93103,0.0,0.65724
0.73333,0.0,0.62712,0.77825,0.68966,0.0,0.65724
0.73333,0.0,0.64407,0.98906,0.96552,0.0,0.65724
0.73333,0.0,0.66102,0.70111,0.44828,0.0,0.65724
0.73333,0.0,0.69492,0.69795,0.44828,0.0,0.65724
0.73333,0.0,0.69492,0.90134,1.0,0.0,0.65724
0.73333,0.0,0.72881,0.2552,0.55172,0.0,0.65724
0.73333,0.0,0.72881,0.46557,0.27586,0.0,0.65724
0.73333,0.0,0.72881,0.75084,0.27586,0.0,0.52222
0.73333,0.0,0.72881,0.97625,0.41379,0.0,0.60596
0.73333,0.0,0.77966,0.17553,0.65517,0.0,0.65724
0.73333,0.0,0.77966,0.6248,0.65517,0.0,0.65724
0.73333,0.0,0.79661,0.51607,0.62069,0.0,0.65724
0.73333,0.0,0.81356,0.05526,0.44828,0.0,0.65724
0.73333,0.0,0.81356,0.34282,0.13793,0.0,0.65724
0.73333,0.0,0.81356,0.35428,0.65517,0.0,0.77983
0.73333,0.0,0.81356,0.55347,0.34483,0.0,0.52222
0.73333,0.0,0.83051,0.2318,0.89655,0.0,0.65724
0.73333,0.0,0.84746,0.17297,0.10345,0.0,0.71745
0.73333,0.0,0.84746,0.42384,0.2069,0.0,0.52222
0.73333,0.0,0.88136,0.19596,0.65517,0.0,0.77983
0.73333,0.0,0.88136,0.50615,0.93103,0.0,0.60596
0.73333,0.0,0.91525,0.92666,0.93103,0.0,0.60596
0.73333,0.0,0.94915,0.1354,0.44828,0.0,0.65724
0.73333,0.0,0.94915,0.70252,0.7931,0.0,0.60596
0.73333,0.0,0.9661,0.17071,0.58621,0.0,0.90426
0.73333,0.0,0.9661,0.73102,0.55172,0.0,0.52222
0.73333,0.0,0.98305,0.96872,0.75862,0.0,0.65724
0.75,0.0,0.01695,0.03272,0.06897,0.0,0.65724
0.75,0.0,0.0339,0.15849,0.93103,0.0,0.65724
0.75,0.0,0.0339,0.74469,0.03448,0.0,0.65724
0.75,0.0,0.05085,0.55328,0.06897,0.0,0.60596
0.75,0.0,0.05085,0.59054,0.65517,0.0,0.60596
0.75,0.0,0.08475,0.32056,0.34483,0.0,0.52222
0.75,0.0,0.10169,0.06028,0.13793,0.0,0.65724
0.75,0.0,0.10169,0.41006,1.0,0.0,0.65724
0.75,0.0,0.13559,0.35243,0.41379,0.0,0.65724
0.75,0.0,0.13559,0.94312,0.7931,0.0,0.65724
0.75,0.0,0.16949,0.21793,0.31034,0.0,0.90426
0.75,0.0,0.16949,0.58909,0.58621,0.0,0.65724
0.75,0.0,0.20339,0.25171,0.89655,0.0,0.90426
0.75,0.0,0.22034,0.03889,0.58621,0.0,0.94086
0.75,0.0,0.22034,0.07285,0.86207,0.0,0.65724
0.75,0.0,0.22034,0.15719,0.13793,0.0,0.71745
0.75,0.0,0.25424,0.08164,0.68966,0.0,0.90426
0.75,0.0,0.25424,0.11289,0.96552,0.0,0.65724
0.75,0.0,0.25424,0.81753,0.65517,0.0,0.60596
0.75,0.0,0.27119,0.53186,0.34483,0.0,0.52222
0.75,0.0,0.28814,0.79853,0.72414,0.0,0.65724
0.75,0.0,0.28814,0.9497,0.7931,0.0,0.65724
0.75,0.0,0.30508,0.40754,0.34483,0.0,0.77983
0.75,0.0,0.32203,0.20232,0.03448,0.0,0.65724
0.75,0.0,0.32203,0.41034,0.27586,0.0,0.65104
0.75,0.0,0.32203,0.96476,0.7931,0.0,0.65724
0.75,0.0,0.35593,0.3117,0.44828,0.0,0.52222
0.75,0.0,0.35593,0.66145,0.10345,0.0,0.65724
0.75,0.0,0.40678,0.36911,0.93103,0.0,0.65724
0.75,0.0,0.42373,0.25504,0.44828,0.0,0.65724
0.75,0.0,0.42373,0.32234,0.7931,0.0,0.77983
0.75,0.0,0.44068,0.39737,0.82759,0.0,0.65724
0.75,0.0,0.45763,0.06974,0.37931,0.0,0.65724
0.75,0.0,0.45763,0.66826,0.37931,0.0,0.65724
0.75,0.0,0.47458,0.18417,0.0,1.0,0.90426
0.75,0.0,0.47458,0.21201,0.17241,0.0,0.65724
0.75,0.0,0.47458,0.59191,0.62069,0.0,0.65724
0.75,0.0,0.49153,0.34161,0.37931,0.0,0.65724
0.75,0.0,0.49153,0.65228,0.48276,0.0,0.60596
0.75,0.0,0.50847,0.63466,0.62069,0.0,0.60596
0.75,0.0,0.54237,0.11566,0.7931,0.0,0.65724
0.75,0.0,0.54237,0.8785,0.93103,0.0,0.65724
0.75,0.0,0.55932,0.85835,0.7931,0.0,0.65724
0.75,0.0,0.57627,0.38739,0.55172,0.0,0.52222
0.75,0.0,0.61017,0.03851,0.48276,0.0,0.65724
0.75,0.0,0.61017,0.36107,0.55172,0.0,0.77983
0.75,0.0,0.61017,0.65631,0.65517,0.0,0.65724
0.75,0.0,0.62712,0.12955,0.62069,0.0,0.80939
0.75,0.0,0.64407,0.10417,0.72414,0.0,0.65724
0.75,0.0,0.64407,0.96512,0.10345,0.0,0.65724
0.75,0.0,0.66102,0.16907,1.0,0.0,0.65724
0.75,0.0,0.66102,0.55504,0.62069,0.0,0.65724
0.75,0.0,0.66102,0.74225,0.89655,0.0,0.65724
0.75,0.0,0.66102,0.75741,0.44828,0.0,0.65724
0.75,0.0,0.67797,0.04159,0.93103,0.0,0.65724
0.75,0.0,0.67797,0.24132,0.65517,0.0,0.77983
0.75,0.0,0.69492,0.66613,0.82759,0.0,0.65724
0.75,0.0,0.69492,0.97276,0.03448,0.0,0.65724
0.75,0.0,0.69492,0.99276,0.62069,0.0,0.60596
0.75,0.0,0.71186,0.10569,0.06897,0.0,0.65724
0.75,0.0,0.71186,0.959,0.86207,0.0,0.52222
0.75,0.0,0.76271,0.61197,0.10345,0.0,0.65724
0.75,0.0,0.77966,0.98932,0.03448,0.0,0.60596
0.75,0.0,0.79661,0.98474,0.0,1.0,0.65104
0.75,0.0,0.81356,0.28722,0.72414,0.0,0.65724
0.75,0.0,0.81356,0.67479,0.62069,0.0,0.60596
0.75,0.0,0.83051,0.71763,0.86207,0.0,0.60596
0.75,0.0,0.84746,0.155,0.89655,0.0,0.65724
0.75,0.0,0.84746,0.64654,0.68966,0.0,0.52222
0.75,0.0,0.84746,0.90551,0.10345,0.0,0.65724
0.75,0.0,0.86441,0.62183,0.89655,0.0,0.65724
0.75,0.0,0.88136,0.66487,0.86207,0.0,0.65724
0.75,0.0,0.89831,0.38148,0.2069,0.0,0.65724
0.75,0.0,0.91525,0.22202,0.24138,0.0,0.90426
0.75,0.0,0.98305,0.324,0.24138,0.0,0.65724
0.75,0.0,1.0,0.37497,0.82759,0.0,0.65724
0.75,0.0,1.0,0.43645,0.96552,0.0,0.65724
0.76667,0.0,0.0,0.54546,1.0,0.0,0.65104
0.76667,0.0,0.01695,0.01856,0.10345,0.0,0.86677
0.76667,0.0,0.0339,0.80537,0.89655,0.0,0.65724
0.76667,0.0,0.0339,0.93872,0.37931,0.0,0.60596
0.76667,0.0,0.05085,0.18986,0.24138,0.0,0.65724
0.76667,0.0,0.05085,0.44523,0.41379,0.0,0.65724
0.76667,0.0,0.05085,0.61159,0.37931,0.0,0.52222
0.76667,0.0,0.08475,0.16527,0.62069,0.0,0.65724
0.76667,0.0,0.10169,0.76907,0.37931,0.0,0.65724
0.76667,0.0,0.11864,0.92923,0.96552,0.0,0.65724
0.76667,0.0,0.13559,0.64677,0.89655,0.0,0.65724
0.76667,0.0,0.15254,0.07438,0.31034,0.0,0.80917
0.76667,0.0,0.16949,0.09549,0.82759,0.0,0.65724
0.76667,0.0,0.16949,0.40241,0.2069,0.0,0.65724
0.76667,0.0,0.18644,0.07577,0.82759,0.0,0.93085
0.76667,0.0,0.18644,0.95745,0.7931,0.0,0.65724
0.76667,0.0,0.22034,0.24379,0.51724,0.0,0.65724
0.76667,0.0,0.23729,0.86863,0.27586,0.0,0.65724
0.76667,0.0,0.27119,0.45483,0.75862,0.0,0.74157
0.76667,0.0,0.27119,0.68908,0.51724,0.0,0.52222
0.76667,0.0,0.28814,0.61149,0.24138,0.0,0.65724
0.76667,0.0,0.30508,0.41052,0.7931,0.0,0.52222
0.76667,0.0,0.32203,0.17663,0.68966,0.0,0.77983
0.76667,0.0,0.32203,0.18823,0.31034,0.0,0.90426
0.76667,0.0,0.32203,0.72279,0.65517,0.0,0.60596
0.76667,0.0,0.33898,0.35882,0.65517,0.0,0.52222
0.76667,0.0,0.33898,0.65341,0.0,1.0,0.60596
0.76667,0.0,0.35593,0.41517,0.2069,0.0,0.77983
0.76667,0.0,0.35593,0.57968,1.0,0.0,0.52222
0.76667,0.0,0.37288,0.81128,0.96552,0.0,0.65724
0.76667,0.0,0.38983,0.06964,0.37931,0.0,0.65724
0.76667,0.0,0.38983,0.14108,0.51724,0.0,0.65724
0.76667,0.0,0.42373,0.92269,0.10345,0.0,0.65724
0.76667,0.0,0.44068,0.15473,0.10345,0.0,0.90426
0.76667,0.0,0.45763,0.0854,0.10345,0.0,0.65724
0.76667,0.0,0.45763,0.77435,0.72414,0.0,0.65724
0.76667,0.0,0.47458,0.11654,0.75862,0.0,0.65724
0.76667,0.0,0.47458,0.52307,0.41379,0.0,0.65104
0.76667,0.0,0.47458,0.61148,0.65517,0.0,0.65724
0.76667,0.0,0.49153,0.04873,0.27586,0.0,0.84938
0.76667,0.0,0.49153,0.19617,0.65517,0.0,0.65724
0.76667,0.0,0.50847,0.58583,0.0,1.0,0.65724
0.76667,0.0,0.52542,0.08691,0.17241,0.0,0.65724
0.76667,0.0,0.52542,0.17088,0.86207,0.0,0.65724
0.76667,0.0,0.54237,0.22633,0.0,1.0,0.65724
0.76667,0.0,0.55932,0.59214,0.44828,0.0,0.65724
0.76667,0.0,0.61017,0.36992,0.44828,0.0,0.65724
0.76667,0.0,0.61017,0.38848,0.82759,0.0,0.52222
0.76667,0.0,0.61017,0.39178,0.17241,0.0,0.77983
0.76667,0.0,0.62712,0.00341,0.89655,0.0,0.65391
0.76667,0.0,0.62712,0.29191,1.0,0.0,0.54537
0.76667,0.0,0.62712,0.73776,0.34483,0.0,0.60596
0.76667,0.0,0.64407,0.82176,0.06897,0.0,0.60596
0.76667,0.0,0.66102,0.30328,0.62069,0.0,0.65724
0.76667,0.0,0.66102,0.96014,0.86207,0.0,0.52222
0.76667,0.0,0.67797,0.38236,0.86207,0.0,0.65104
0.76667,0.0,0.71186,0.37341,0.0,1.0,0.65724
0.76667,0.0,0.74576,0.99585,0.65517,0.0,0.52222
0.76667,0.0,0.76271,0.26432,0.96552,0.0,0.65724
0.76667,0.0,0.76271,0.37798,0.51724,0.0,0.77983
0.76667,0.0,0.77966,0.4549,0.82759,0.0,0.52222
0.76667,0.0,0.77966,0.66087,0.13793,0.0,0.52222
0.76667,0.0,0.79661,0.94873,0.93103,0.0,0.65724
0.76667,0.0,0.79661,0.97872,0.37931,0.0,0.52222
0.76667,0.0,0.81356,0.30483,0.0,1.0,0.65724
0.76667,0.0,0.84746,0.75009,0.62069,0.0,0.52222
0.76667,0.0,0.86441,0.0929,0.24138,0.0,0.72656
0.76667,0.0,0.86441,0.10123,0.34483,0.0,0.65724
0.76667,0.0,0.88136,0.27574,0.0,1.0,0.77983
0.76667,0.0,0.89831,0.37078,0.03448,0.0,0.52222
0.76667,0.0,0.89831,0.66311,0.13793,0.0,0.52222
0.76667,0.0,0.91525,0.73101,0.72414,0.0,0.60596
0.76667,0.0,0.9322,0.75573,0.96552,0.0,0.65104
0.76667,0.0,0.94915,0.40731,0.82759,0.0,0.77983
0.76667,0.0,0.9661,0.64164,0.89655,0.0,0.52222
0.76667,0.0,0.9661,0.88142,0.96552,0.0,0.52222
0.76667,0.0,0.9661,0.92482,0.06897,0.0,0.65724
0.76667,0.0,0.98305,0.44807,1.0,0.0,0.65724
0.76667,0.0,0.98305,0.57144,0.7931,0.0,0.65724
0.78333,0.0,0.0,0.67746,0.86207,0.0,0.65724
0.78333,0.0,0.0,0.87412,0.65517,0.0,0.65104
0.78333,0.0,0.01695,0.27125,0.96552,0.0,0.77983
0.78333,0.0,0.01695,0.91335,0.96552,0.0,0.65724
0.78333,0.0,0.0339,0.44154,0.55172,0.0,0.77983
0.78333,0.0,0.0339,0.66477,0.03448,0.0,0.65724
0.78333,0.0,0.0339,0.77757,0.17241,0.0,0.52222
0.78333,0.0,0.05085,0.28039,1.0,0.0,0.65724
0.78333,0.0,0.05085,0.90031,0.75862,0.0,0.65724
0.78333,0.0,0.0678,0.35512,0.27586,0.0,0.65724
0.78333,0.0,0.08475,0.2112,0.37931,0.0,0.65724
0.78333,0.0,0.08475,0.97577,0.72414,0.0,0.60596
0.78333,0.0,0.10169,0.07053,0.7931,0.0,0.74479
0.78333,0.0,0.10169,0.67505,0.13793,0.0,0.52222
0.78333,0.0,0.13559,0.06842,0.58621,0.0,0.65724
0.78333,0.0,0.13559,0.1041,0.7931,0.0,0.65724
0.78333,0.0,0.18644,0.79769,0.48276,0.0,0.65724
0.78333,0.0,0.20339,0.06446,0.44828,0.0,0.84373
0.78333,0.0,0.20339,0.3524,0.89655,0.0,0.77983
0.78333,0.0,0.22034,0.49799,0.82759,0.0,0.65724
0.78333,0.0,0.23729,0.20437,0.2069,0.0,0.71745
0.78333,0.0,0.25424,0.7352,0.82759,0.0,0.60596
0.78333,0.0,0.28814,0.45585,0.62069,0.0,0.65724
0.78333,0.0,0.28814,0.57834,0.58621,0.0,0.65724
0.78333,0.0,0.30508,0.00575,0.31034,0.0,0.68552
0.78333,0.0,0.30508,0.18092,0.93103,0.0,0.77983
0.78333,0.0,0.32203,0.31539,0.10345,0.0,0.65724
0.78333,0.0,0.32203,0.64706,0.55172,0.0,0.65104
0.78333,0.0,0.33898,0.37138,0.75862,0.0,0.65724
0.78333,0.0,0.33898,0.41172,0.72414,0.0,0.77983
0.78333,0.0,0.37288,0.62559,1.0,0.0,0.60596
0.78333,0.0,0.37288,0.97248,0.75862,0.0,0.65724
0.78333,0.0,0.38983,0.05365,0.2069,0.0,0.94086
0.78333,0.0,0.38983,0.07762,0.68966,0.0,0.80917
0.78333,0.0,0.38983,0.17658,0.72414,0.0,0.88928
0.78333,0.0,0.40678,0.08087,0.58621,0.0,0.65724
0.78333,0.0,0.42373,0.04515,0.96552,0.0,0.65724
0.78333,0.0,0.42373,0.15202,0.86207,0.0,0.77983
0.78333,0.0,0.42373,0.93093,0.82759,0.0,0.65104
0.78333,0.0,0.44068,0.65001,0.48276,0.0,0.65724
0.78333,0.0,0.45763,0.79548,0.34483,0.0,0.65724
0.78333,0.0,0.47458,0.27167,0.72414,0.0,0.65724
0.78333,0.0,0.47458,0.7058,0.0,1.0,0.65724
0.78333,0.0,0.49153,0.7914,0.37931,0.0,0.65724
0.78333,0.0,0.57627,0.69961,0.93103,0.0,0.60596
0.78333,0.0,0.59322,0.60554,0.58621,0.0,0.52222
0.78333,0.0,0.61017,0.93287,0.58621,0.0,0.65724
0.78333,0.0,0.62712,0.27652,0.68966,0.0,0.65724
0.78333,0.0,0.62712,0.70116,0.13793,0.0,0.65724
0.78333,0.0,0.64407,0.41143,0.86207,0.0,0.88928
0.78333,0.0,0.66102,0.09837,0.58621,0.0,0.65724
0.78333,0.0,0.66102,0.99896,0.10345,0.0,0.65724
0.78333,0.0,0.67797,0.39705,0.55172,0.0,0.65724
0.78333,0.0,0.67797,0.75826,0.75862,0.0,0.52222
0.78333,0.0,0.69492,0.78697,0.27586,0.0,0.65724
0.78333,0.0,0.71186,0.68662,0.93103,0.0,0.65724
0.78333,0.0,0.71186,0.94659,0.96552,0.0,0.60596
0.78333,0.0,0.72881,0.40605,0.89655,0.0,0.65724
0.78333,0.0,0.72881,0.98944,0.86207,0.0,0.65724
0.78333,0.0,0.76271,0.21945,0.93103,0.0,0.65724
0.78333,0.0,0.76271,0.50382,0.93103,0.0,0.65724
0.78333,0.0,0.77966,0.02338,0.10345,0.0,0.90426
0.78333,0.0,0.77966,0.28583,0.37931,0.0,0.65724
0.78333,0.0,0.83051,0.99456,0.68966,0.0,0.52222
0.78333,0.0,0.84746,0.27397,0.13793,0.0,0.77983
0.78333,0.0,0.84746,0.32122,1.0,0.0,0.65724
0.78333,0.0,0.84746,0.92067,0.55172,0.0,0.65724
0.78333,0.0,0.88136,0.04542,0.62069,0.0,0.65724
0.78333,0.0,0.88136,0.23779,0.48276,0.0,0.65724
0.78333,0.0,0.89831,0.16911,0.62069,0.0,0.65724
0.78333,0.0,0.91525,0.89483,0.27586,0.0,0.65724
0.78333,0.0,0.9322,0.26012,0.44828,0.0,0.66051
0.78333,0.0,0.94915,0.32965,0.03448,0.0,0.52222
0.78333,0.0,0.94915,0.42892,0.44828,0.0,0.65724
0.78333,0.0,0.98305,0.33356,0.10345,0.0,0.52222
0.78333,0.0,1.0,0.07059,0.37931,0.0,0.82243
0.78333,0.0,1.0,0.10574,0.48276,0.0,0.71875
0.8,0.0,0.0,0.7267,0.13793,0.0,0.65724
0.8,0.0,0.01695,0.43873,0.89655,0.0,0.65724
0.8,0.0,0.01695,0.82235,0.75862,0.0,0.65724
0.8,0.0,0.01695,0.87342,0.86207,0.0,0.65724
0.8,0.0,0.01695,0.89799,0.48276,0.0,0.52222
0.8,0.0,0.0339,0.58245,0.13793,0.0,0.65724
0.8,0.0,0.05085,0.51146,0.06897,0.0,0.65724
0.8,0.0,0.05085,0.72038,1.0,0.0,0.52222
0.8,0.0,0.08475,0.09738,0.7931,0.0,0.65724
0.8,0.0,0.10169,0.62232,0.27586,0.0,0.65724
0.8,0.0,0.10169,0.87663,0.03448,0.0,0.60596
0.8,0.0,0.10169,0.89355,0.27586,0.0,0.65724
0.8,0.0,0.11864,0.17073,0.68966,0.0,0.65724
0.8,0.0,0.11864,0.78388,0.62069,0.0,0.65724
0.8,0.0,0.11864,0.85296,0.75862,0.0,0.65724
0.8,0.0,0.15254,0.2089,0.48276,0.0,0.65724
0.8,0.0,0.15254,0.29248,0.48276,0.0,0.65104
0.8,0.0,0.15254,0.3262,0.58621,0.0,0.65724
0.8,0.0,0.16949,0.453,0.48276,0.0,0.77983
0.8,0.0,0.16949,0.79424,0.55172,0.0,0.65724
0.8,0.0,0.16949,0.82573,0.96552,0.0,0.65724
0.8,0.0,0.20339,0.41623,0.93103,0.0,0.77983
0.8,0.0,0.20339,0.82473,0.68966,0.0,0.60596
0.8,0.0,0.22034,0.81644,0.17241,0.0,0.65724
0.8,0.0,0.22034,0.84603,0.41379,0.0,0.65724
0.8,0.0,0.23729,0.15592,0.86207,0.0,0.65724
0.8,0.0,0.23729,0.85711,0.34483,0.0,0.65724
0.8,0.0,0.27119,0.01208,0.0,1.0,0.94743
0.8,0.0,0.27119,0.33056,0.55172,0.0,0.65724
0.8,0.0,0.30508,0.2774,0.72414,0.0,0.66051
0.8,0.0,0.30508,0.59345,0.27586,0.0,0.60596
0.8,0.0,0.32203,0.31127,0.13793,0.0,0.77983
0.8,0.0,0.32203,0.3772,0.55172,0.0,0.52222
0.8,0.0,0.32203,0.9233,0.55172,0.0,0.65724
0.8,0.0,0.33898,0.45444,0.37931,0.0,0.52222
0.8,0.0,0.35593,0.25411,0.86207,0.0,0.79975
0.8,0.0,0.37288,0.07863,0.51724,0.0,0.65724
0.8,0.0,0.37288,0.1804,0.34483,0.0,0.65724
0.8,0.0,0.37288,0.39834,0.41379,0.0,0.65104
0.8,0.0,0.37288,0.73955,0.58621,0.0,0.65724
0.8,0.0,0.37288,0.96469,0.44828,0.0,0.65724
0.8,0.0,0.38983,0.29122,0.96552,0.0,0.65724
0.8,0.0,0.38983,0.9211,0.75862,0.0,0.65724
0.8,0.0,0.40678,0.31905,0.93103,0.0,0.65724
0.8,0.0,0.45763,0.85406,0.27586,0.0,0.60596
0.8,0.0,0.47458,0.25083,0.13793,0.0,0.65724
0.8,0.0,0.47458,0.47664,0.17241,0.0,0.52222
0.8,0.0,0.47458,0.57075,0.89655,0.0,0.52222
0.8,0.0,0.47458,0.69734,0.24138,0.0,0.60596
0.8,0.0,0.49153,0.08625,0.24138,0.0,0.80917
0.8,0.0,0.49153,0.66407,0.06897,0.0,0.60596
0.8,0.0,0.50847,0.02505,0.7931,0.0,0.87481
0.8,0.0,0.50847,0.19267,0.03448,0.0,0.77983
0.8,0.0,0.50847,0.27306,0.24138,0.0,0.65724
0.8,0.0,0.50847,0.28727,0.24138,0.0,0.65724
0.8,0.0,0.50847,0.86875,0.82759,0.0,0.52222
0.8,0.0,0.52542,0.63826,0.75862,0.0,0.65724
0.8,0.0,0.54237,0.86702,0.51724,0.0,0.52222
0.8,0.0,0.57627,0.29776,0.72414,0.0,0.65724
0.8,0.0,0.57627,0.5282,0.0,1.0,0.65724
0.8,0.0,0.57627,0.94603,0.37931,0.0,0.52222
0.8,0.0,0.59322,0.65846,0.55172,0.0,0.60596
0.8,0.0,0.59322,0.85274,0.82759,0.0,0.60596
0.8,0.0,0.61017,0.89632,0.72414,0.0,0.60596
0.8,0.0,0.62712,0.15201,0.72414,0.0,0.77983
0.8,0.0,0.64407,0.56554,0.82759,0.0,0.60596
0.8,0.0,0.67797,0.73619,0.55172,0.0,0.65724
0.8,0.0,0.72881,0.56686,0.51724,0.0,0.65724
0.8,0.0,0.74576,0.86675,0.44828,0.0,0.65724
0.8,0.0,0.76271,0.46146,0.82759,0.0,0.65724
0.8,0.0,0.76271,0.64757,0.86207,0.0,0.60596
0.8,0.0,0.76271,0.82179,0.41379,0.0,0.60596
0.8,0.0,0.79661,0.02592,0.65517,0.0,0.7526
0.8,0.0,0.79661,0.09047,0.37931,0.0,0.65724
0.8,0.0,0.79661,0.74088,0.0,1.0,0.65724
0.8,0.0,0.83051,0.18245,0.13793,0.0,0.65724
0.8,0.0,0.83051,0.76249,0.37931,0.0,0.65724
0.8,0.0,0.84746,0.27013,0.03448,0.0,0.65724
0.8,0.0,0.84746,0.5382,0.86207,0.0,0.52222
0.8,0.0,0.86441,0.1892,0.41379,0.0,0.65724
0.8,0.0,0.88136,0.50263,0.75862,0.0,0.60596
0.8,0.0,0.88136,0.83629,0.58621,0.0,0.52222
0.8,0.0,0.89831,0.22818,0.68966,0.0,0.77983
0.8,0.0,0.89831,0.60093,0.17241,0.0,0.65724
0.8,0.0,0.91525,0.25004,0.10345,0.0,0.77983
0.8,0.0,0.91525,0.54043,0.41379,0.0,0.65724
0.8,0.0,0.91525,0.91645,0.75862,0.0,0.60596
0.8,0.0,0.9322,0.37012,0.13793,0.0,0.65724
0.8,0.0,0.94915,0.60068,0.31034,0.0,0.60596
0.8,0.0,0.98305,0.26151,0.7931,0.0,0.77983
0.8,0.0,0.98305,0.63273,0.17241,0.0,0.65724
0.81667,0.0,0.0,0.20001,0.72414,0.0,0.65724
0.81667,0.0,0.0,0.61331,0.10345,0.0,0.65724
0.81667,0.0,0.0,0.7785,0.55172,0.0,0.60596
0.81667,0.0,0.01695,0.36087,0.03448,0.0,0.65724
0.81667,0.0,0.01695,0.37655,0.7931,0.0,0.77983
0.81667,0.0,0.01695,0.61135,0.51724,0.0,0.52222
0.81667,0.0,0.01695,0.98297,0.03448,0.0,0.60596
0.81667,0.0,0.0339,0.05207,0.96552,0.0,0.84721
0.81667,0.0,0.05085,0.5233,0.2069,0.0,0.65724
0.81667,0.0,0.05085,0.70712,0.58621,0.0,0.60596
0.81667,0.0,0.05085,0.7814,0.51724,0.0,0.52222
0.81667,0.0,0.05085,0.88416,0.03448,0.0,0.65724
0.81667,0.0,0.10169,0.00172,0.93103,0.0,0.91589
0.81667,0.0,0.10169,0.48446,0.72414,0.0,0.65724
0.81667,0.0,0.11864,0.08538,0.68966,0.0,0.65724
0.81667,0.0,0.11864,0.47073,0.82759,0.0,0.65724
0.81667,0.0,0.13559,0.56594,0.96552,0.0,0.52222
0.81667,0.0,0.15254,0.11899,0.17241,0.0,0.80939
0.81667,0.0,0.15254,0.21896,0.37931,0.0,0.90426
0.81667,0.0,0.15254,0.23927,0.82759,0.0,0.77983
0.81667,0.0,0.15254,0.31415,0.06897,0.0,0.77983
0.81667,0.0,0.15254,0.7497,0.0,1.0,0.65724
0.81667,0.0,0.15254,0.8367,0.03448,0.0,0.65724
0.81667,0.0,0.16949,0.71608,0.13793,0.0,0.65724
0.81667,0.0,0.16949,0.83983,1.0,0.0,0.65724
0.81667,0.0,0.18644,0.5879,0.03448,0.0,0.65724
0.81667,0.0,0.18644,0.71868,0.96552,0.0,0.65724
0.81667,0.0,0.20339,0.33206,0.96552,0.0,0.77983
0.81667,0.0,0.22034,0.74786,0.10345,0.0,0.52222
0.81667,0.0,0.22034,0.95707,0.93103,0.0,0.52222
0.81667,0.0,0.23729,0.96664,0.13793,0.0,0.65104
0.81667,0.0,0.25424,0.35865,0.37931,0.0,0.52222
0.81667,0.0,0.25424,0.45146,0.93103,0.0,0.65724
0.81667,0.0,0.25424,0.4585,0.17241,0.0,0.65724
0.81667,0.0,0.27119,0.27938,0.51724,0.0,0.77983
0.81667,0.0,0.28814,0.09851,0.72414,0.0,0.90426
0.81667,0.0,0.32203,0.00352,0.24138,0.0,0.67887
0.81667,0.0,0.33898,0.66298,0.51724,0.0,0.52222
0.81667,0.0,0.37288,0.5093,0.75862,0.0,0.65724
0.81667,0.0,0.40678,0.27685,0.65517,0.0,0.65724
0.81667,0.0,0.42373,0.16439,0.17241,0.0,0.71745
0.81667,0.0,0.42373,0.54719,0.03448,0.0,0.60596
0.81667,0.0,0.45763,0.10154,0.89655,0.0,0.65724
0.81667,0.0,0.45763,0.33711,0.44828,0.0,0.77983
0.81667,0.0,0.49153,0.01645,0.7931,0.0,0.65557
0.81667,0.0,0.54237,0.503,0.68966,0.0,0.60596
0.81667,0.0,0.55932,0.18298,0.72414,0.0,0.77983
0.81667,0.0,0.59322,0.39015,0.06897,0.0,0.52222
0.81667,0.0,0.61017,0.47009,0.68966,0.0,0.7594
0.81667,0.0,0.61017,0.91865,0.72414,0.0,0.60596
0.81667,0.0,0.62712,0.35692,0.37931,0.0,0.52222
0.81667,0.0,0.62712,0.91692,0.06897,0.0,0.65724
0.81667,0.0,0.64407,0.13356,0.48276,0.0,0.65724
0.81667,0.0,0.64407,0.24748,0.75862,0.0,0.77983
0.81667,0.0,0.69492,0.439,0.75862,0.0,0.65724
0.81667,0.0,0.71186,0.404,0.89655,0.0,0.77983
0.81667,0.0,0.76271,0.27412,0.62069,0.0,0.66051
0.81667,0.0,0.76271,0.78712,0.44828,0.0,0.65724
0.81667,0.0,0.79661,0.01836,0.06897,0.0,0.65724
0.81667,0.0,0.79661,0.5648,0.03448,0.0,0.60596
0.81667,0.0,0.83051,0.19366,1.0,0.0,0.90426
0.81667,0.0,0.83051,0.38007,0.48276,0.0,0.65724
0.81667,0.0,0.84746,0.03297,0.2069,0.0,0.75
0.81667,0.0,0.84746,0.71449,0.31034,0.0,0.52222
0.81667,0.0,0.86441,0.56735,0.68966,0.0,0.65724
0.81667,0.0,0.86441,0.9007,0.89655,0.0,0.65724
0.81667,0.0,0.86441,0.93786,0.48276,0.0,0.52222
0.81667,0.0,0.91525,0.69384,0.55172,0.0,0.60596
0.81667,0.0,0.91525,0.9629,0.34483,0.0,0.65724
0.81667,0.0,0.9322,0.22386,0.51724,0.0,0.77983
0.81667,0.0,0.9322,0.31242,0.51724,0.0,0.65724
0.81667,0.0,0.9322,0.40445,0.17241,0.0,0.77983
0.81667,0.0,0.94915,0.39123,0.93103,0.0,0.65724
0.81667,0.0,0.9661,0.16316,0.2069,0.0,0.65724
0.81667,0.0,0.9661,0.75915,0.86207,0.0,0.65104
0.81667,0.0,0.9661,0.83972,0.31034,0.0,0.52222
0.83333,0.0,0.0,0.07989,0.24138,0.0,0.80917
0.83333,0.0,0.0,0.83014,0.68966,0.0,0.60596
0.83333,0.0,0.01695,0.42355,0.58621,0.0,0.77983
0.83333,0.0,0.01695,0.74563,0.27586,0.0,0.60596
0.83333,0.0,0.01695,0.91297,0.93103,0.0,0.65724
0.83333,0.0,0.0339,0.29688,0.62069,0.0,0.65724
0.83333,0.0,0.0339,0.35074,0.93103,0.0,0.65724
0.83333,0.0,0.0678,0.65398,0.96552,0.0,0.52222
0.83333,0.0,0.0678,0.72734,0.72414,0.0,0.52222
0.83333,0.0,0.10169,0.57253,0.27586,0.0,0.52222
0.83333,0.0,0.11864,0.55534,0.10345,0.0,0.52222
0.83333,0.0,0.11864,0.60765,0.44828,0.0,0.65724
0.83333,0.0,0.11864,0.63445,0.68966,0.0,0.60596
0.83333,0.0,0.13559,0.48948,0.06897,0.0,0.65724
0.83333,0.0,0.13559,0.62996,0.0,1.0,0.65724
0.83333,0.0,0.15254,0.92253,0.65517,0.0,0.65724
0.83333,0.0,0.16949,0.56992,0.89655,0.0,0.60596
0.83333,0.0,0.18644,0.5638,1.0,0.0,0.65724
0.83333,0.0,0.18644,0.59983,0.51724,0.0,0.88928
0.83333,0.0,0.22034,0.3728,0.65517,0.0,0.77983
0.83333,0.0,0.22034,0.38958,0.82759,0.0,0.65724
0.83333,0.0,0.22034,0.61891,0.89655,0.0,0.65724
0.83333,0.0,0.23729,0.39286,0.2069,0.0,0.77983
0.83333,0.0,0.23729,0.82526,0.2069,0.0,0.65724
0.83333,0.0,0.27119,0.09248,0.51724,0.0,0.72656
0.83333,0.0,0.27119,0.2051,0.96552,0.0,0.65724
0.83333,0.0,0.27119,0.38384,0.41379,0.0,0.65724
0.83333,0.0,0.27119,0.60145,0.31034,0.0,0.65724
0.83333,0.0,0.28814,0.64033,0.51724,0.0,0.52222
0.83333,0.0,0.30508,0.78868,0.17241,0.0,0.65724
0.83333,0.0,0.32203,0.53102,0.93103,0.0,0.52222
0.83333,0.0,0.32203,0.61204,0.58621,0.0,0.65724
0.83333,0.0,0.32203,0.85837,0.06897,0.0,0.60596
0.83333,0.0,0.32203,0.89557,0.65517,0.0,0.65724
0.83333,0.0,0.33898,0.78298,0.93103,0.0,0.65724
0.83333,0.0,0.35593,0.27989,0.17241,0.0,0.65724
0.83333,0.0,0.37288,0.54471,0.13793,0.0,0.65724
0.83333,0.0,0.37288,0.8722,0.0,1.0,0.65724
0.83333,0.0,0.38983,0.03987,0.58621,0.0,0.65724
0.83333,0.0,0.40678,0.28109,0.37931,0.0,0.65724
0.83333,0.0,0.40678,0.79051,0.51724,0.0,0.65724
0.83333,0.0,0.42373,0.88134,0.27586,0.0,0.65724
0.83333,0.0,0.44068,0.32019,0.75862,0.0,0.65724
0.83333,0.0,0.44068,0.92483,0.48276,0.0,0.65724
0.83333,0.0,0.45763,0.8104,0.72414,0.0,0.65724
0.83333,0.0,0.50847,0.12815,0.13793,0.0,0.90426
0.83333,0.0,0.50847,0.23264,0.58621,0.0,0.90426
0.83333,0.0,0.50847,0.42676,0.2069,0.0,0.65724
0.83333,0.0,0.50847,0.63709,0.68966,0.0,0.65724
0.83333,0.0,0.54237,0.24321,0.31034,0.0,0.65724
0.83333,0.0,0.54237,0.49598,0.62069,0.0,0.52222
0.83333,0.0,0.57627,0.77036,0.41379,0.0,0.65724
0.83333,0.0,0.61017,0.13687,0.06897,0.0,0.65724
0.83333,0.0,0.61017,0.29626,0.93103,0.0,0.77983
0.83333,0.0,0.62712,0.84794,0.72414,0.0,0.52222
0.83333,0.0,0.64407,0.15971,0.37931,0.0,0.65724
0.83333,0.0,0.64407,0.70228,0.72414,0.0,0.52222
0.83333,0.0,0.67797,0.20235,0.44828,0.0,0.90426
0.83333,0.0,0.67797,0.38156,0.48276,0.0,0.65724
0.83333,0.0,0.67797,0.45239,0.27586,0.0,0.65724
0.83333,0.0,0.67797,0.56514,0.2069,0.0,0.65724
0.83333,0.0,0.69492,0.14907,0.44828,0.0,0.78983
0.83333,0.0,0.69492,0.22178,0.13793,0.0,0.65724
0.83333,0.0,0.69492,0.58302,0.34483,0.0,0.52222
0.83333,0.0,0.71186,0.01439,0.03448,0.0,0.65724
0.83333,0.0,0.71186,0.11874,0.51724,0.0,0.65724
0.83333,0.0,0.71186,0.15518,0.06897,0.0,0.76877
0.83333,0.0,0.71186,0.40696,0.93103,0.0,0.65724
0.83333,0.0,0.71186,0.50086,0.10345,0.0,0.65724
0.83333,0.0,0.71186,0.81871,0.55172,0.0,0.52222
0.83333,0.0,0.74576,0.07117,0.0,1.0,0.82243
0.83333,0.0,0.74576,0.6523,0.72414,0.0,0.65104
0.83333,0.0,0.76271,0.76197,0.13793,0.0,0.60596
0.83333,0.0,0.77966,0.04145,1.0,0.0,0.65724
0.83333,0.0,0.77966,0.26425,1.0,0.0,0.66051
0.83333,0.0,0.77966,0.37613,0.89655,0.0,0.52222
0.83333,0.0,0.81356,0.94001,0.89655,0.0,0.60596
0.83333,0.0,0.83051,0.05808,0.72414,0.0,0.65724
0.83333,0.0,0.84746,0.29094,1.0,0.0,0.57165
0.83333,0.0,0.84746,0.93539,0.27586,0.0,0.65724
0.83333,0.0,0.86441,0.13913,0.0,1.0,0.65724
0.83333,0.0,0.86441,0.23543,0.37931,0.0,0.65724
0.83333,0.0,0.88136,0.17477,0.96552,0.0,0.90426
0.83333,0.0,0.88136,0.17615,0.48276,0.0,0.90426
0.83333,0.0,0.9322,0.5022,0.24138,0.0,0.65724
0.83333,0.0,0.94915,0.39384,0.13793,0.0,0.52222
0.83333,0.0,0.9661,0.13902,0.96552,0.0,0.65724
0.83333,0.0,0.9661,0.81893,0.58621,0.0,0.65724
0.83333,0.0,0.9661,0.98108,0.89655,0.0,0.52222
0.83333,0.0,0.98305,0.19847,0.24138,0.0,0.65724
0.83333,0.0,0.98305,0.48947,0.93103,0.0,0.65724
0.83333,0.0,0.98305,0.64499,0.31034,0.0,0.65724
0.85,0.0,0.0,0.21109,0.41379,0.0,0.65724
0.85,0.0,0.0,0.66867,0.65517,0.0,0.65724
0.85,0.0,0.01695,0.10994,0.93103,0.0,0.80939
0.85,0.0,0.01695,0.85677,0.86207,0.0,0.65724
0.85,0.0,0.0339,0.43306,0.31034,0.0,0.77983
0.85,0.0,0.0339,0.83975,0.44828,0.0,0.65724
0.85,0.0,0.0339,0.93454,0.96552,0.0,0.52222
0.85,0.0,0.0678,0.97156,0.89655,0.0,0.65724
0.85,0.0,0.08475,0.08266,0.0,1.0,0.65724
0.85,0.0,0.08475,0.51149,0.34483,0.0,0.65724
0.85,0.0,0.10169,0.48322,0.37931,0.0,0.63769
0.85,0.0,0.11864,0.09565,0.24138,0.0,0.90426
0.85,0.0,0.11864,0.17152,0.48276,0.0,0.77983
0.85,0.0,0.16949,0.06193,0.62069,0.0,0.94086
0.85,0.0,0.23729,0.29116,0.03448,0.0,0.65724
0.85,0.0,0.23729,0.79561,0.72414,0.0,0.65724
0.85,0.0,0.27119,0.11149,0.0,1.0,0.65724
0.85,0.0,0.32203,0.87961,0.34483,0.0,0.52222
0.85,0.0,0.32203,0.95534,0.41379,0.0,0.60596
0.85,0.0,0.35593,0.52522,0.06897,0.0,0.65724
0.85,0.0,0.35593,0.63247,0.51724,0.0,0.65724
0.85,0.0,0.35593,0.77319,0.10345,0.0,0.60596
0.85,0.0,0.37288,0.01781,0.55172,0.0,0.66389
0.85,0.0,0.37288,0.34777,0.34483,0.0,0.65724
0.85,0.0,0.37288,0.91315,0.37931,0.0,0.52222
0.85,0.0,0.38983,0.42223,0.10345,0.0,0.65724
0.85,0.0,0.38983,0.4635,0.7931,0.0,0.65724
0.85,0.0,0.38983,0.47522,0.75862,0.0,0.65724
0.85,0.0,0.40678,0.3567,0.96552,0.0,0.77983
0.85,0.0,0.42373,0.40796,0.27586,0.0,0.52222
0.85,0.0,0.44068,0.70983,0.03448,0.0,0.65724
0.85,0.0,0.45763,0.89672,0.10345,0.0,0.60596
0.85,0.0,0.47458,0.24146,0.10345,0.0,0.90426
0.85,0.0,0.50847,0.12227,0.55172,0.0,0.71745
0.85,0.0,0.50847,0.37925,0.06897,0.0,0.65724
0.85,0.0,0.52542,0.06608,0.03448,0.0,0.65724
0.85,0.0,0.54237,0.62306,0.96552,0.0,0.65724
0.85,0.0,0.55932,0.06101,0.58621,0.0,0.94086
0.85,0.0,0.55932,0.32012,0.27586,0.0,0.65724
0.85,0.0,0.57627,0.0531,0.17241,0.0,0.65724
0.85,0.0,0.57627,0.52598,0.58621,0.0,0.52222
0.85,0.0,0.59322,0.78619,0.13793,0.0,0.65724
0.85,0.0,0.59322,0.88215,0.51724,0.0,0.52222
0.85,0.0,0.61017,0.66836,0.62069,0.0,0.60596
0.85,0.0,0.62712,0.53348,0.10345,0.0,0.65724
0.85,0.0,0.64407,0.80904,0.27586,0.0,0.65724
0.85,0.0,0.67797,0.17806,0.41379,0.0,0.65724
0.85,0.0,0.67797,0.22098,0.41379,0.0,0.65724
0.85,0.0,0.67797,0.91011,0.44828,0.0,0.65724
0.85,0.0,0.69492,0.53067,0.03448,0.0,0.65724
0.85,0.0,0.72881,0.28141,0.82759,0.0,0.66051
0.85,0.0,0.72881,0.85833,0.72414,0.0,0.65104
0.85,0.0,0.74576,0.21641,0.72414,0.0,0.65724
0.85,0.0,0.74576,0.65111,0.96552,0.0,0.52222
0.85,0.0,0.76271,0.08539,0.93103,0.0,0.65724
0.85,0.0,0.76271,0.16418,0.03448,0.0,0.65724
0.85,0.0,0.77966,0.56411,0.06897,0.0,0.65724
0.85,0.0,0.79661,0.07538,0.72414,0.0,0.65724
0.85,0.0,0.79661,0.08669,0.68966,0.0,0.80917
0.85,0.0,0.83051,0.09697,0.17241,0.0,0.65724
0.85,0.0,0.86441,0.91077,0.24138,0.0,0.65104
0.85,0.0,0.86441,0.92776,0.86207,0.0,0.52222
0.85,0.0,0.88136,0.09621,0.93103,0.0,0.90426
0.85,0.0,0.89831,0.19511,0.51724,0.0,0.65724
0.85,0.0,0.9322,0.27271,0.03448,0.0,0.66051
0.85,0.0,0.94915,0.10976,0.2069,0.0,0.65724
0.85,0.0,0.98305,0.52349,0.13793,0.0,0.65724
0.85,0.0,0.98305,0.80806,0.17241,0.0,0.65724
0.86667,0.0,0.0,0.48444,0.06897,0.0,0.65104
0.86667,0.0,0.0339,0.11849,0.89655,0.0,0.80939
0.86667,0.0,0.0339,0.13097,0.55172,0.0,0.71745
0.86667,0.0,0.0339,0.23956,0.86207,0.0,0.90426
0.86667,0.0,0.05085,0.4051,0.86207,0.0,0.65724
0.86667,0.0,0.0678,0.43184,0.68966,0.0,0.65724
0.86667,0.0,0.0678,0.64503,0.82759,0.0,0.65724
0.86667,0.0,0.0678,0.67857,0.10345,0.0,0.60596
0.86667,0.0,0.0678,0.79157,0.89655,0.0,0.60596
0.86667,0.0,0.10169,0.1331,0.37931,0.0,0.65724
0.86667,0.0,0.10169,0.58362,0.75862,0.0,0.65724
0.86667,0.0,0.10169,0.88547,0.34483,0.0,0.65724
0.86667,0.0,0.11864,0.69786,0.96552,0.0,0.60596
0.86667,0.0,0.13559,0.19176,0.68966,0.0,0.65724
0.86667,0.0,0.13559,0.37113,0.96552,0.0,0.65724
0.86667,0.0,0.18644,0.3626,0.72414,0.0,0.77983
0.86667,0.0,0.18644,0.38499,0.58621,0.0,0.52222
0.86667,0.0,0.18644,0.85351,0.86207,0.0,0.52222
0.86667,0.0,0.20339,0.35831,0.65517,0.0,0.52222
0.86667,0.0,0.20339,0.62836,0.06897,0.0,0.60596
0.86667,0.0,0.22034,0.18787,0.75862,0.0,0.77983
0.86667,0.0,0.23729,0.73901,0.37931,0.0,0.65104
0.86667,0.0,0.23729,0.8211,0.72414,0.0,0.60596
0.86667,0.0,0.25424,0.0749,0.86207,0.0,0.65724
0.86667,0.0,0.25424,0.26205,0.2069,0.0,0.65724
0.86667,0.0,0.25424,0.71892,0.89655,0.0,0.65724
0.86667,0.0,0.25424,0.78076,0.86207,0.0,0.65724
0.86667,0.0,0.27119,0.10187,0.10345,0.0,0.65724
0.86667,0.0,0.28814,0.87767,0.17241,0.0,0.60596
0.86667,0.0,0.32203,0.12943,0.34483,0.0,0.65724
0.86667,0.0,0.33898,0.24637,1.0,0.0,0.65724
0.86667,0.0,0.33898,0.74729,0.51724,0.0,0.52222
0.86667,0.0,0.35593,0.65369,0.10345,0.0,0.65724
0.86667,0.0,0.37288,0.11671,0.03448,0.0,0.77983
0.86667,0.0,0.37288,0.20561,0.55172,0.0,0.65724
0.86667,0.0,0.38983,0.66896,0.86207,0.0,0.65724
0.86667,0.0,0.38983,0.84612,0.68966,0.0,0.60596
0.86667,0.0,0.40678,0.68284,0.58621,0.0,0.60596
0.86667,0.0,0.42373,0.17085,0.72414,0.0,0.65724
0.86667,0.0,0.42373,0.36121,0.55172,0.0,0.65724
0.86667,0.0,0.42373,0.61476,0.31034,0.0,0.65724
0.86667,0.0,0.44068,0.41513,0.41379,0.0,0.65724
0.86667,0.0,0.47458,0.33612,0.41379,0.0,0.65724
0.86667,0.0,0.49153,0.34034,0.13793,0.0,0.77983
0.86667,0.0,0.49153,0.68889,0.68966,0.0,0.65724
0.86667,0.0,0.49153,0.92369,1.0,0.0,0.65724
0.86667,0.0,0.50847,0.14661,0.82759,0.0,0.65724
0.86667,0.0,0.50847,0.40379,0.55172,0.0,0.52222
0.86667,0.0,0.50847,0.45195,0.27586,0.0,0.65724
0.86667,0.0,0.50847,0.53866,0.82759,0.0,0.65724
0.86667,0.0,0.50847,0.66261,0.96552,0.0,0.60596
0.86667,0.0,0.50847,0.72928,0.62069,0.0,0.60596
0.86667,0.0,0.52542,0.00211,0.34483,0.0,0.64559
0.86667,0.0,0.52542,0.24877,0.44828,0.0,0.65724
0.86667,0.0,0.54237,0.29602,0.44828,0.0,0.77983
0.86667,0.0,0.55932,0.34482,0.89655,0.0,0.77983
0.86667,0.0,0.57627,0.61792,0.72414,0.0,0.65724
0.86667,0.0,0.59322,0.3636,0.17241,0.0,0.77983
0.86667,0.0,0.59322,0.66868,0.48276,0.0,0.52222
0.86667,0.0,0.61017,0.32173,0.2069,0.0,0.65724
0.86667,0.0,0.61017,0.32798,0.17241,0.0,0.65724
0.86667,0.0,0.61017,0.93783,0.62069,0.0,0.52222
0.86667,0.0,0.62712,0.71003,0.65517,0.0,0.60596
0.86667,0.0,0.64407,0.60039,0.31034,0.0,0.65724
0.86667,0.0,0.66102,0.27417,0.7931,0.0,0.65755
0.86667,0.0,0.66102,0.69928,0.75862,0.0,0.60596
0.86667,0.0,0.67797,0.24131,0.03448,0.0,0.65724
0.86667,0.0,0.67797,0.62694,0.55172,0.0,0.60596
0.86667,0.0,0.69492,0.15185,0.34483,0.0,0.77983
0.86667,0.0,0.69492,0.62763,0.89655,0.0,0.60596
0.86667,0.0,0.71186,0.37341,0.31034,0.0,0.77983
0.86667,0.0,0.72881,0.12695,0.93103,0.0,0.65724
0.86667,0.0,0.72881,0.44502,0.34483,0.0,0.52222
0.86667,0.0,0.72881,0.49033,0.13793,0.0,0.60596
0.86667,0.0,0.72881,0.72015,0.37931,0.0,0.60596
0.86667,0.0,0.72881,0.99729,0.55172,0.0,0.52222
0.86667,0.0,0.74576,0.7267,0.55172,0.0,0.52222
0.86667,0.0,0.74576,0.87211,0.37931,0.0,0.65724
0.86667,0.0,0.77966,0.91879,0.44828,0.0,0.52222
0.86667,0.0,0.79661,0.16892,0.58621,0.0,0.77983
0.86667,0.0,0.81356,0.19316,0.89655,0.0,0.90426
0.86667,0.0,0.81356,0.20406,0.48276,0.0,0.65724
0.86667,0.0,0.81356,0.22685,0.13793,0.0,0.77983
0.86667,0.0,0.81356,0.43655,0.27586,0.0,0.65724
0.86667,0.0,0.84746,0.42101,0.41379,0.0,0.65724
0.86667,0.0,0.88136,0.1129,0.58621,0.0,0.90426
0.86667,0.0,0.89831,0.14707,0.41379,0.0,0.90426
0.86667,0.0,0.89831,0.89635,0.89655,0.0,0.65104
0.86667,0.0,0.89831,0.96737,0.10345,0.0,0.60596
0.86667,0.0,0.91525,0.9697,0.24138,0.0,0.65724
0.86667,0.0,0.9322,0.22554,0.48276,0.0,0.65724
0.86667,0.0,0.9322,0.3056,0.37931,0.0,0.65724
0.86667,0.0,0.94915,0.52076,0.41379,0.0,0.52222
0.86667,0.0,0.9661,0.96195,0.7931,0.0,0.65724
0.88333,0.0,0.0,0.92339,0.27586,0.0,0.65724
0.88333,0.0,0.01695,0.30419,0.51724,0.0,0.52222
0.88333,0.0,0.01695,0.81885,0.06897,0.0,0.52222
0.88333,0.0,0.0339,0.77682,0.89655,0.0,0.65724
0.88333,0.0,0.0339,0.94043,0.03448,0.0,0.52222
0.88333,0.0,0.05085,0.04202,0.06897,0.0,0.65724
0.88333,0.0,0.0678,0.93141,0.17241,0.0,0.65724
0.88333,0.0,0.08475,0.70227,0.31034,0.0,0.65724
0.88333,0.0,0.08475,0.90168,0.75862,0.0,0.60596
0.88333,0.0,0.10169,0.08766,0.41379,0.0,0.65724
0.88333,0.0,0.10169,0.38314,0.82759,0.0,0.65724
0.88333,0.0,0.11864,0.21987,0.10345,0.0,0.90426
0.88333,0.0,0.11864,0.66469,0.13793,0.0,0.52222
0.88333,0.0,0.11864,0.87553,0.03448,0.0,0.65724
0.88333,0.0,0.13559,0.82904,0.17241,0.0,0.65724
0.88333,0.0,0.16949,0.49217,0.48276,0.0,0.65724
0.88333,0.0,0.16949,0.63632,0.06897,0.0,0.65104
0.88333,0.0,0.18644,0.54869,0.34483,0.0,0.52222
0.88333,0.0,0.18644,0.70258,0.72414,0.0,0.65724
0.88333,0.0,0.18644,0.89777,0.96552,0.0,0.65724
0.88333,0.0,0.22034,0.15143,0.10345,0.0,0.77983
0.88333,0.0,0.22034,0.52928,0.93103,0.0,0.65724
0.88333,0.0,0.22034,0.59834,0.75862,0.0,0.65724
0.88333,0.0,0.23729,0.49867,0.55172,0.0,0.52222
0.88333,0.0,0.23729,0.54667,0.96552,0.0,0.52222
0.88333,0.0,0.25424,0.64835,0.62069,0.0,0.65724
0.88333,0.0,0.32203,0.61082,0.03448,0.0,0.52222
0.88333,0.0,0.33898,0.57531,0.62069,0.0,0.65724
0.88333,0.0,0.33898,0.86265,0.44828,0.0,0.65724
0.88333,0.0,0.35593,0.08951,0.62069,0.0,0.65724
0.88333,0.0,0.35593,0.26434,0.7931,0.0,0.77983
0.88333,0.0,0.35593,0.73475,0.31034,0.0,0.52222
0.88333,0.0,0.35593,0.84231,0.41379,0.0,0.65724
0.88333,0.0,0.37288,0.06885,0.37931,0.0,0.65724
0.88333,0.0,0.37288,0.13079,0.13793,0.0,0.65724
0.88333,0.0,0.37288,0.33512,0.48276,0.0,0.65724
0.88333,0.0,0.37288,0.69793,0.93103,0.0,0.52222
0.88333,0.0,0.40678,0.48881,0.72414,0.0,0.60596
0.88333,0.0,0.40678,0.77858,0.96552,0.0,0.60596
0.88333,0.0,0.42373,0.14964,0.93103,0.0,0.65724
0.88333,0.0,0.42373,0.27253,0.62069,0.0,0.65724
0.88333,0.0,0.42373,0.96879,0.27586,0.0,0.65724
0.88333,0.0,0.44068,0.81217,0.68966,0.0,0.65724
0.88333,0.0,0.47458,0.69417,0.65517,0.0,0.60596
0.88333,0.0,0.47458,0.93691,0.68966,0.0,0.65724
0.88333,0.0,0.49153,0.41298,0.2069,0.0,0.77983
0.88333,0.0,0.49153,0.62684,0.68966,0.0,0.65724
0.88333,0.0,0.49153,0.8797,0.93103,0.0,0.65724
0.88333,0.0,0.49153,0.93258,0.51724,0.0,0.52222
0.88333,0.0,0.49153,0.96515,0.82759,0.0,0.65724
0.88333,0.0,0.50847,0.64016,0.93103,0.0,0.65724
0.88333,0.0,0.52542,0.08292,0.41379,0.0,0.90426
0.88333,0.0,0.52542,0.45141,0.10345,0.0,0.65724
0.88333,0.0,0.52542,0.96914,0.17241,0.0,0.65724
0.88333,0.0,0.55932,0.98506,0.62069,0.0,0.65724
0.88333,0.0,0.57627,0.0683,0.24138,0.0,0.65724
0.88333,0.0,0.57627,0.32551,1.0,0.0,0.65724
0.88333,0.0,0.57627,0.7787,0.72414,0.0,0.65724
0.88333,0.0,0.57627,0.88227,0.93103,0.0,0.60596
0.88333,0.0,0.59322,0.08748,0.27586,0.0,0.65724
0.88333,0.0,0.59322,0.48217,0.68966,0.0,0.65724
0.88333,0.0,0.59322,0.69556,0.75862,0.0,0.60596
0.88333,0.0,0.59322,0.74369,0.44828,0.0,0.52222
0.88333,0.0,0.62712,0.6138,0.2069,0.0,0.65724
0.88333,0.0,0.64407,0.04783,0.93103,0.0,0.65724
0.88333,0.0,0.64407,0.94497,0.03448,0.0,0.65724
0.88333,0.0,0.64407,0.95488,0.82759,0.0,0.65724
0.88333,0.0,0.66102,0.03624,0.37931,0.0,0.94086
0.88333,0.0,0.66102,0.76812,0.68966,0.0,0.65345
0.88333,0.0,0.69492,0.51149,0.68966,0.0,0.65104
0.88333,0.0,0.69492,0.75459,1.0,0.0,0.65724
0.88333,0.0,0.71186,0.71129,0.7931,0.0,0.65724
0.88333,0.0,0.72881,0.16332,0.0,1.0,0.90426
0.88333,0.0,0.72881,0.69505,0.62069,0.0,0.65724
0.88333,0.0,0.72881,0.75052,0.72414,0.0,0.65724
0.88333,0.0,0.74576,0.78211,0.0,1.0,0.52222
0.88333,0.0,0.76271,0.55749,0.51724,0.0,0.52222
0.88333,0.0,0.76271,0.9858,0.48276,0.0,0.52222
0.88333,0.0,0.77966,0.46044,0.68966,0.0,0.52222
0.88333,0.0,0.84746,0.47367,0.7931,0.0,0.52222
0.88333,0.0,0.84746,0.56481,0.0,1.0,0.60596
0.88333,0.0,0.86441,0.24942,0.96552,0.0,0.65724
0.88333,0.0,0.86441,0.80009,0.82759,0.0,0.52222
0.88333,0.0,0.88136,0.64317,0.75862,0.0,0.52222
0.88333,0.0,0.91525,0.34958,0.2069,0.0,0.52222
0.88333,0.0,0.9322,0.38141,0.31034,0.0,0.52222
0.88333,0.0,0.98305,0.6378,0.96552,0.0,0.65724
0.88333,0.0,1.0,0.20687,0.58621,0.0,0.65724
0.88333,0.0,1.0,0.44632,0.55172,0.0,0.77983
0.88333,0.0,1.0,0.92238,0.62069,0.0,0.65724
0.9,0.0,0.0,0.00838,0.27586,0.0,0.66888
0.9,0.0,0.0,0.30526,0.41379,0.0,0.77983
0.9,0.0,0.0,0.33827,0.7931,0.0,0.52222
0.9,0.0,0.0,0.36898,0.75862,0.0,0.65104
0.9,0.0,0.0,0.84851,0.93103,0.0,0.60596
0.9,0.0,0.0339,0.6491,0.68966,0.0,0.65724
0.9,0.0,0.0339,0.77298,0.44828,0.0,0.65724
0.9,0.0,0.05085,0.51016,0.41379,0.0,0.65724
0.9,0.0,0.08475,0.58869,0.17241,0.0,0.52222
0.9,0.0,0.08475,0.59945,0.48276,0.0,0.60596
0.9,0.0,0.10169,0.88346,0.62069,0.0,0.52222
0.9,0.0,0.11864,0.35619,0.65517,0.0,0.65724
0.9,0.0,0.11864,0.69121,0.41379,0.0,0.65724
0.9,0.0,0.13559,0.66527,1.0,0.0,0.60596
0.9,0.0,0.13559,0.87817,0.48276,0.0,0.65724
0.9,0.0,0.15254,0.93199,0.34483,0.0,0.60596
0.9,0.0,0.18644,0.21297,0.03448,0.0,0.66051
0.9,0.0,0.20339,0.24772,1.0,0.0,0.90426
0.9,0.0,0.20339,0.63251,1.0,0.0,0.65724
0.9,0.0,0.22034,0.14765,0.62069,0.0,0.71745
0.9,0.0,0.22034,0.24065,0.65517,0.0,0.65724
0.9,0.0,0.22034,0.98425,0.44828,0.0,0.65724
0.9,0.0,0.23729,0.24361,0.37931,0.0,0.69401
0.9,0.0,0.23729,0.26298,0.75862,0.0,0.77983
0.9,0.0,0.23729,0.47752,0.48276,0.0,0.52222
0.9,0.0,0.25424,0.09788,0.72414,0.0,0.65724
0.9,0.0,0.25424,0.85831,0.06897,0.0,0.52222
0.9,0.0,0.27119,0.02824,0.37931,0.0,0.65724
0.9,0.0,0.28814,0.45243,0.34483,0.0,0.65724
0.9,0.0,0.30508,0.19575,0.0,1.0,0.65724
0.9,0.0,0.33898,0.00419,0.55172,0.0,0.66888
0.9,0.0,0.33898,0.18867,0.7931,0.0,0.65724
0.9,0.0,0.40678,0.15221,0.55172,0.0,0.65724
0.9,0.0,0.45763,0.37757,0.58621,0.0,0.52222
0.9,0.0,0.45763,0.55749,0.55172,0.0,0.52222
0.9,0.0,0.47458,0.86686,0.2069,0.0,0.52222
0.9,0.0,0.47458,0.89301,0.82759,0.0,0.60596
0.9,0.0,0.50847,0.19293,0.13793,0.0,0.77983
0.9,0.0,0.50847,0.30727,0.58621,0.0,0.77983
0.9,0.0,0.50847,0.53415,0.62069,0.0,0.65724
0.9,0.0,0.50847,0.56327,0.48276,0.0,0.65724
0.9,0.0,0.52542,0.3833,0.44828,0.0,0.52222
0.9,0.0,0.52542,0.75369,0.51724,0.0,0.65724
0.9,0.0,0.52542,0.87024,0.58621,0.0,0.60596
0.9,0.0,0.55932,0.19801,0.65517,0.0,0.65724
0.9,0.0,0.57627,0.49041,0.44828,0.0,0.65724
0.9,0.0,0.57627,0.93778,0.62069,0.0,0.65724
0.9,0.0,0.59322,0.26763,0.55172,0.0,0.77983
0.9,0.0,0.61017,0.90931,0.65517,0.0,0.60596
0.9,0.0,0.62712,0.63007,0.51724,0.0,0.65724
0.9,0.0,0.62712,0.96921,0.82759,0.0,0.60596
0.9,0.0,0.64407,0.4737,0.82759,0.0,0.72376
0.9,0.0,0.67797,0.27775,0.48276,0.0,0.77983
0.9,0.0,0.67797,0.57874,0.41379,0.0,0.65724
0.9,0.0,0.69492,0.6099,0.13793,0.0,0.60596
0.9,0.0,0.71186,0.40469,0.48276,0.0,0.77983
0.9,0.0,0.72881,0.53458,0.75862,0.0,0.65724
0.9,0.0,0.72881,0.82895,0.51724,0.0,0.52222
0.9,0.0,0.74576,0.46867,0.75862,0.0,0.52222
0.9,0.0,0.74576,0.47821,0.44828,0.0,0.65724
0.9,0.0,0.76271,0.006,0.31034,0.0,0.64226
0.9,0.0,0.76271,0.25132,0.48276,0.0,0.6875
0.9,0.0,0.76271,0.71606,0.34483,0.0,0.60596
0.9,0.0,0.77966,0.20726,0.51724,0.0,0.90426
0.9,0.0,0.79661,0.53395,0.7931,0.0,0.65724
0.9,0.0,0.81356,0.38505,0.7931,0.0,0.65724
0.9,0.0,0.81356,0.91097,0.0,1.0,0.65724
0.9,0.0,0.84746,0.20433,0.2069,0.0,0.90426
0.9,0.0,0.84746,0.32433,0.0,1.0,0.52222
0.9,0.0,0.86441,0.51071,0.13793,0.0,0.65724
0.9,0.0,0.88136,0.04356,0.93103,0.0,0.65724
0.9,0.0,0.88136,0.50479,0.62069,0.0,0.60596
0.9,0.0,0.88136,0.96357,0.24138,0.0,0.52222
0.9,0.0,0.89831,0.40686,0.82759,0.0,0.65724
0.9,0.0,0.9322,0.03091,0.89655,0.0,0.65724
0.9,0.0,0.9322,0.58057,0.96552,0.0,0.60596
0.9,0.0,0.9322,0.59198,0.0,1.0,0.60596
0.9,0.0,0.9322,0.9302,0.72414,0.0,0.65724
0.9,0.0,0.94915,0.10813,0.68966,0.0,0.65724
0.9,0.0,0.9661,0.24998,0.68966,0.0,0.65724
0.9,0.0,0.98305,0.10606,0.86207,0.0,0.65724
0.9,0.0,1.0,0.29468,0.75862,0.0,0.53285
0.91667,0.0,0.0339,0.31756,0.55172,0.0,0.52222
0.91667,0.0,0.0339,0.6086,0.0,1.0,0.65724
0.91667,0.0,0.05085,0.48479,1.0,0.0,0.65724
0.91667,0.0,0.0678,0.12863,0.13793,0.0,0.80939
0.91667,0.0,0.08475,0.35829,0.93103,0.0,0.77983
0.91667,0.0,0.10169,0.90777,0.06897,0.0,0.60596
0.91667,0.0,0.10169,0.94639,0.55172,0.0,0.52222
0.91667,0.0,0.13559,0.79085,0.27586,0.0,0.65724
0.91667,0.0,0.15254,5e-05,0.75862,0.0,0.90741
0.91667,0.0,0.15254,0.40856,0.31034,0.0,0.77983
0.91667,0.0,0.16949,0.47327,0.41379,0.0,0.65724
0.91667,0.0,0.20339,0.04322,0.03448,0.0,0.66051
0.91667,0.0,0.20339,0.97283,0.72414,0.0,0.65724
0.91667,0.0,0.22034,0.12417,0.17241,0.0,0.80939
0.91667,0.0,0.22034,0.42991,0.44828,0.0,0.77983
0.91667,0.0,0.23729,0.37951,0.37931,0.0,0.52222
0.91667,0.0,0.23729,0.75977,0.17241,0.0,0.65724
0.91667,0.0,0.25424,0.80474,0.75862,0.0,0.52222
0.91667,0.0,0.27119,0.26103,0.93103,0.0,0.77983
0.91667,0.0,0.27119,0.71503,0.31034,0.0,0.60596
0.91667,0.0,0.28814,0.21333,0.55172,0.0,0.65724
0.91667,0.0,0.28814,0.4037,0.10345,0.0,0.77983
0.91667,0.0,0.33898,0.0498,0.65517,0.0,0.65724
0.91667,0.0,0.33898,0.05818,0.24138,0.0,0.65724
0.91667,0.0,0.33898,0.76426,0.31034,0.0,0.52222
0.91667,0.0,0.35593,0.00275,0.68966,0.0,0.66556
0.91667,0.0,0.35593,0.12616,0.75862,0.0,0.65724
0.91667,0.0,0.35593,0.4415,0.27586,0.0,0.77983
0.91667,0.0,0.37288,0.78043,0.55172,0.0,0.52222
0.91667,0.0,0.38983,0.03123,0.24138,0.0,0.65724
0.91667,0.0,0.38983,0.33058,0.86207,0.0,0.65724
0.91667,0.0,0.40678,0.08982,0.03448,0.0,0.65724
0.91667,0.0,0.40678,0.65336,0.7931,0.0,0.65104
0.91667,0.0,0.40678,0.75161,1.0,0.0,0.65724
0.91667,0.0,0.42373,0.33003,0.55172,0.0,0.77983
0.91667,0.0,0.44068,0.44289,0.93103,0.0,0.65724
0.91667,0.0,0.45763,0.79709,0.96552,0.0,0.65724
0.91667,0.0,0.47458,0.34,0.17241,0.0,0.65724
0.91667,0.0,0.50847,0.14496,1.0,0.0,0.802
0.91667,0.0,0.50847,0.41238,0.96552,0.0,0.65724
0.91667,0.0,0.50847,0.89941,0.68966,0.0,0.65724
0.91667,0.0,0.52542,0.34993,0.2069,0.0,0.52222
0.91667,0.0,0.54237,0.35772,0.31034,0.0,0.77983
0.91667,0.0,0.55932,0.13673,0.37931,0.0,0.65724
0.91667,0.0,0.57627,0.27257,0.34483,0.0,0.66051
0.91667,0.0,0.57627,0.32477,0.89655,0.0,0.77983
0.91667,0.0,0.59322,0.07997,1.0,0.0,0.80917
0.91667,0.0,0.59322,0.31533,0.0,1.0,0.77983
0.91667,0.0,0.59322,0.40788,0.24138,0.0,0.52222
0.91667,0.0,0.59322,0.55756,0.17241,0.0,0.52222
0.91667,0.0,0.59322,0.77917,1.0,0.0,0.65724
0.91667,0.0,0.59322,0.79795,0.41379,0.0,0.60596
0.91667,0.0,0.61017,0.54609,0.96552,0.0,0.65724
0.91667,0.0,0.66102,0.23539,0.0,1.0,0.65724
0.91667,0.0,0.67797,0.28599,0.41379,0.0,0.65755
0.91667,0.0,0.67797,0.33442,0.65517,0.0,0.65724
0.91667,0.0,0.69492,0.32393,0.58621,0.0,0.65104
0.91667,0.0,0.69492,0.35726,0.06897,0.0,0.77983
0.91667,0.0,0.69492,0.49369,0.51724,0.0,0.65724
0.91667,0.0,0.71186,0.39984,0.31034,0.0,0.65724
0.91667,0.0,0.71186,0.50697,0.51724,0.0,0.65724
0.91667,0.0,0.74576,0.97676,0.06897,0.0,0.52222
0.91667,0.0,0.77966,0.39599,0.75862,0.0,0.52222
0.91667,0.0,0.79661,0.16119,0.13793,0.0,0.90426
0.91667,0.0,0.79661,0.58084,0.10345,0.0,0.65724
0.91667,0.0,0.81356,0.42212,0.2069,0.0,0.52222
0.91667,0.0,0.83051,0.86918,0.82759,0.0,0.52222
0.91667,0.0,0.84746,0.23402,0.2069,0.0,0.65724
0.91667,0.0,0.84746,0.3113,0.2069,0.0,0.65724
0.91667,0.0,0.84746,0.33321,0.55172,0.0,0.52222
0.91667,0.0,0.88136,0.21854,0.10345,0.0,0.71745
0.91667,0.0,0.88136,0.22564,0.96552,0.0,0.90426
0.91667,0.0,0.88136,0.96568,0.75862,0.0,0.60596
0.91667,0.0,0.89831,0.55179,0.82759,0.0,0.65724
0.91667,0.0,0.91525,0.03487,0.58621,0.0,0.65724
0.91667,0.0,0.9322,0.55932,0.31034,0.0,0.60596
0.91667,0.0,0.9322,0.87227,0.17241,0.0,0.60596
0.91667,0.0,0.94915,0.663,0.68966,0.0,0.52222
0.91667,0.0,0.98305,0.33,0.31034,0.0,0.77983
0.91667,0.0,0.98305,0.71526,0.24138,0.0,0.65724
0.93333,0.0,0.0,0.35593,0.41379,0.0,0.65724
0.93333,0.0,0.0339,0.11053,0.10345,0.0,0.90426
0.93333,0.0,0.0339,0.84944,0.65517,0.0,0.65724
0.93333,0.0,0.05085,0.29879,0.41379,0.0,0.52222
0.93333,0.0,0.05085,0.65372,0.75862,0.0,0.52222
0.93333,0.0,0.05085,0.96264,0.75862,0.0,0.52222
0.93333,0.0,0.0678,0.3115,0.13793,0.0,0.65724
0.93333,0.0,0.0678,0.33542,0.27586,0.0,0.65724
0.93333,0.0,0.0678,0.59366,0.7931,0.0,0.60596
0.93333,0.0,0.10169,0.1827,0.10345,0.0,0.65724
0.93333,0.0,0.11864,0.67727,0.0,1.0,0.52222
0.93333,0.0,0.13559,0.57636,0.75862,0.0,0.65104
0.93333,0.0,0.15254,0.20462,0.89655,0.0,0.90426
0.93333,0.0,0.16949,0.32632,0.93103,0.0,0.65724
0.93333,0.0,0.16949,0.54425,0.03448,0.0,0.65104
0.93333,0.0,0.18644,0.42422,1.0,0.0,0.52222
0.93333,0.0,0.20339,0.45148,0.34483,0.0,0.65724
0.93333,0.0,0.20339,0.94696,0.03448,0.0,0.65724
0.93333,0.0,0.23729,0.67877,0.58621,0.0,0.52222
0.93333,0.0,0.27119,0.37247,0.31034,0.0,0.65724
0.93333,0.0,0.27119,0.55391,0.17241,0.0,0.65724
0.93333,0.0,0.28814,0.02791,0.82759,0.0,0.65724
0.93333,0.0,0.30508,0.12129,0.55172,0.0,0.80939
0.93333,0.0,0.30508,0.40311,0.89655,0.0,0.77983
0.93333,0.0,0.30508,0.54273,0.2069,0.0,0.65724
0.93333,0.0,0.32203,0.23592,0.31034,0.0,0.90426
0.93333,0.0,0.35593,0.69119,0.0,1.0,0.65724
0.93333,0.0,0.37288,0.22472,0.03448,0.0,0.77983
0.93333,0.0,0.38983,0.94554,0.48276,0.0,0.65724
0.93333,0.0,0.40678,0.00368,0.58621,0.0,0.96902
0.93333,0.0,0.42373,0.56528,0.10345,0.0,0.52222
0.93333,0.0,0.42373,0.78753,0.0,1.0,0.52222
0.93333,0.0,0.44068,0.5107,0.03448,0.0,0.60596
0.93333,0.0,0.44068,0.62646,0.37931,0.0,0.65724
0.93333,0.0,0.45763,0.70063,0.0,1.0,0.60596
0.93333,0.0,0.45763,0.98074,0.10345,0.0,0.52222
0.93333,0.0,0.50847,0.04432,0.03448,0.0,0.65724
0.93333,0.0,0.50847,0.13425,0.58621,0.0,0.90426
0.93333,0.0,0.52542,0.21797,0.62069,0.0,0.65724
0.93333,0.0,0.52542,0.45805,0.89655,0.0,0.65724
0.93333,0.0,0.52542,0.81049,0.31034,0.0,0.65724
0.93333,0.0,0.54237,0.087,0.72414,0.0,0.80917
0.93333,0.0,0.55932,0.75441,0.48276,0.0,0.65724
0.93333,0.0,0.55932,0.99718,1.0,0.0,0.65724
0.93333,0.0,0.57627,0.05321,0.93103,0.0,0.65724
0.93333,0.0,0.57627,0.15299,0.58621,0.0,0.71745
0.93333,0.0,0.57627,0.23988,0.75862,0.0,0.65724
0.93333,0.0,0.57627,0.60078,0.58621,0.0,0.60596
0.93333,0.0,0.62712,0.09249,0.55172,0.0,0.90426
0.93333,0.0,0.62712,0.13128,0.75862,0.0,0.80939
0.93333,0.0,0.62712,0.46325,0.27586,0.0,0.65724
0.93333,0.0,0.64407,0.55839,0.41379,0.0,0.60596
0.93333,0.0,0.67797,0.62398,0.34483,0.0,0.60596
0.93333,0.0,0.67797,0.98795,0.17241,0.0,0.65724
0.93333,0.0,0.69492,0.73501,0.13793,0.0,0.60596
0.93333,0.0,0.71186,0.17618,0.55172,0.0,0.77983
0.93333,0.0,0.71186,0.79388,0.17241,0.0,0.65724
0.93333,0.0,0.72881,0.90163,0.51724,0.0,0.60596
0.93333,0.0,0.76271,0.84371,0.37931,0.0,0.60596
0.93333,0.0,0.77966,0.08805,0.34483,0.0,0.65724
0.93333,0.0,0.77966,0.37741,0.48276,0.0,0.65724
0.93333,0.0,0.77966,0.61955,0.06897,0.0,0.65724
0.93333,0.0,0.77966,0.85989,0.86207,0.0,0.65724
0.93333,0.0,0.79661,0.87913,0.68966,0.0,0.52222
0.93333,0.0,0.83051,0.58783,0.03448,0.0,0.65724
0.93333,0.0,0.84746,0.21964,0.7931,0.0,0.65724
0.93333,0.0,0.88136,0.35235,0.34483,0.0,0.52222
0.93333,0.0,0.88136,0.86063,0.03448,0.0,0.60596
0.93333,0.0,0.89831,0.26197,0.10345,0.0,0.65724
0.93333,0.0,0.89831,0.91936,1.0,0.0,0.65724
0.93333,0.0,0.91525,0.24326,0.44828,0.0,0.90426
0.93333,0.0,0.91525,0.24676,0.68966,0.0,0.65724
0.93333,0.0,0.91525,0.36917,0.0,1.0,0.77983
0.93333,0.0,0.9322,0.55261,0.86207,0.0,0.65724
0.93333,0.0,0.94915,0.17062,0.65517,0.0,0.77983
0.93333,0.0,0.9661,0.15314,0.58621,0.0,0.65724
0.93333,0.0,0.98305,0.12033,0.34483,0.0,0.90426
0.93333,0.0,0.98305,0.19285,0.58621,0.0,0.71745
0.95,0.0,0.0339,0.17823,0.48276,0.0,0.65724
0.95,0.0,0.0339,0.54765,0.93103,0.0,0.60596
0.95,0.0,0.05085,0.29489,0.24138,0.0,0.77983
0.95,0.0,0.08475,0.01297,0.7931,0.0,0.94274
0.95,0.0,0.08475,0.76098,0.96552,0.0,0.65724
0.95,0.0,0.11864,0.88139,0.82759,0.0,0.65724
0.95,0.0,0.18644,0.15112,0.2069,0.0,0.71745
0.95,0.0,0.18644,0.71205,0.27586,0.0,0.60596
0.95,0.0,0.23729,0.19452,0.31034,0.0,0.65724
0.95,0.0,0.23729,0.31526,0.86207,0.0,0.65724
0.95,0.0,0.25424,0.22815,0.27586,0.0,0.65724
0.95,0.0,0.25424,0.29058,0.58621,0.0,0.57165
0.95,0.0,0.27119,0.41082,0.44828,0.0,0.65724
0.95,0.0,0.27119,0.63754,0.24138,0.0,0.65724
0.95,0.0,0.27119,0.67764,0.0,1.0,0.52222
0.95,0.0,0.27119,0.92958,0.89655,0.0,0.65724
0.95,0.0,0.28814,0.80321,0.93103,0.0,0.52222
0.95,0.0,0.32203,0.21654,0.2069,0.0,0.65724
0.95,0.0,0.32203,0.40972,0.27586,0.0,0.52222
0.95,0.0,0.32203,0.63047,0.51724,0.0,0.65724
0.95,0.0,0.32203,0.67768,0.17241,0.0,0.65724
0.95,0.0,0.32203,0.89923,0.44828,0.0,0.60596
0.95,0.0,0.33898,0.35572,0.06897,0.0,0.65724
0.95,0.0,0.33898,0.67727,0.37931,0.0,0.60596
0.95,0.0,0.37288,0.94233,0.62069,0.0,0.65724
0.95,0.0,0.42373,0.24785,0.55172,0.0,0.90426
0.95,0.0,0.42373,0.34889,0.65517,0.0,0.52222
0.95,0.0,0.44068,0.97731,0.55172,0.0,0.52222
0.95,0.0,0.45763,0.73137,0.51724,0.0,0.52222
0.95,0.0,0.47458,0.28099,0.48276,0.0,0.65724
0.95,0.0,0.49153,0.00452,0.62069,0.0,0.90154
0.95,0.0,0.49153,0.11399,0.24138,0.0,0.65724
0.95,0.0,0.49153,0.3433,0.75862,0.0,0.77983
0.95,0.0,0.49153,0.45908,0.37931,0.0,0.65724
0.95,0.0,0.49153,0.47045,0.13793,0.0,0.65724
0.95,0.0,0.52542,0.29654,0.10345,0.0,0.65104
0.95,0.0,0.52542,0.49006,0.48276,0.0,0.52222
0.95,0.0,0.52542,0.66466,0.82759,0.0,0.65724
0.95,0.0,0.54237,0.61817,0.10345,0.0,0.65724
0.95,0.0,0.55932,0.60566,0.2069,0.0,0.65724
0.95,0.0,0.59322,0.55125,0.7931,0.0,0.52222
0.95,0.0,0.59322,0.8481,0.58621,0.0,0.52222
0.95,0.0,0.62712,0.77371,0.89655,0.0,0.52222
0.95,0.0,0.64407,0.31808,0.2069,0.0,0.65724
0.95,0.0,0.67797,0.61681,0.58621,0.0,0.65104
0.95,0.0,0.67797,0.91578,0.17241,0.0,0.65104
0.95,0.0,0.71186,0.84245,0.93103,0.0,0.60596
0.95,0.0,0.72881,0.12076,0.82759,0.0,0.80939
0.95,0.0,0.72881,0.83785,1.0,0.0,0.52222
0.95,0.0,0.74576,0.80266,0.0,1.0,0.65724
0.95,0.0,0.74576,0.87191,0.13793,0.0,0.65724
0.95,0.0,0.76271,0.15627,0.34483,0.0,0.65724
0.95,0.0,0.76271,0.28418,0.48276,0.0,0.64362
0.95,0.0,0.76271,0.30535,0.44828,0.0,0.65724
0.95,0.0,0.79661,0.63892,0.93103,0.0,0.52222
0.95,0.0,0.81356,0.29629,0.27586,0.0,0.65724
0.95,0.0,0.83051,0.19901,0.03448,0.0,0.65724
0.95,0.0,0.83051,0.55123,0.62069,0.0,0.65724
0.95,0.0,0.84746,0.63009,0.7931,0.0,0.60596
0.95,0.0,0.86441,0.26487,0.62069,0.0,0.65724
0.95,0.0,0.86441,0.74986,0.96552,0.0,0.52222
0.95,0.0,0.88136,0.22219,0.51724,0.0,0.65724
0.95,0.0,0.88136,0.69774,0.34483,0.0,0.65724
0.95,0.0,0.88136,0.76915,0.44828,0.0,0.52222
0.95,0.0,0.89831,0.90865,0.24138,0.0,0.62742
0.95,0.0,0.91525,0.97356,0.0,1.0,0.52222
0.95,0.0,0.9322,0.59202,0.86207,0.0,0.65724
0.95,0.0,0.9661,0.58457,0.03448,0.0,0.65724
0.95,0.0,1.0,0.58142,0.82759,0.0,0.65724
0.96667,0.0,0.01695,0.44434,0.72414,0.0,0.77983
0.96667,0.0,0.01695,0.71889,0.58621,0.0,0.65724
0.96667,0.0,0.05085,0.81786,0.96552,0.0,0.65724
0.96667,0.0,0.0678,0.43237,0.2069,0.0,0.77983
0.96667,0.0,0.08475,0.33616,0.89655,0.0,0.65724
0.96667,0.0,0.10169,0.72386,0.58621,0.0,0.65345
0.96667,0.0,0.11864,0.36435,0.10345,0.0,0.65724
0.96667,0.0,0.13559,0.47857,0.0,1.0,0.65724
0.96667,0.0,0.15254,0.72019,0.34483,0.0,0.60596
0.96667,0.0,0.15254,0.73825,0.51724,0.0,0.65724
0.96667,0.0,0.16949,0.31135,1.0,0.0,0.52222
0.96667,0.0,0.16949,0.83254,0.93103,0.0,0.52222
0.96667,0.0,0.18644,0.04616,0.86207,0.0,0.65724
0.96667,0.0,0.20339,0.22126,0.31034,0.0,0.90426
0.96667,0.0,0.23729,0.25592,0.72414,0.0,0.77983
0.96667,0.0,0.23729,0.59115,0.44828,0.0,0.65724
0.96667,0.0,0.25424,0.20405,0.7931,0.0,0.90426
0.96667,0.0,0.27119,0.24905,0.13793,0.0,0.90426
0.96667,0.0,0.27119,0.32444,0.31034,0.0,0.52222
0.96667,0.0,0.27119,0.65097,0.96552,0.0,0.60596
0.96667,0.0,0.30508,0.71645,0.93103,0.0,0.65724
0.96667,0.0,0.35593,0.726,0.48276,0.0,0.65724
0.96667,0.0,0.40678,0.36227,0.03448,0.0,0.65724
0.96667,0.0,0.40678,0.53115,0.48276,0.0,0.65724
0.96667,0.0,0.44068,0.58981,0.10345,0.0,0.65724
0.96667,0.0,0.44068,0.5995,0.34483,0.0,0.52222
0.96667,0.0,0.44068,0.90339,0.96552,0.0,0.60596
0.96667,0.0,0.45763,0.21992,0.89655,0.0,0.65724
0.96667,0.0,0.45763,0.63866,0.10345,0.0,0.60596
0.96667,0.0,0.45763,0.8086,0.0,1.0,0.65724
0.96667,0.0,0.47458,0.85264,0.41379,0.0,0.52222
0.96667,0.0,0.49153,0.94481,0.24138,0.0,0.60596
0.96667,0.0,0.50847,0.14145,0.2069,0.0,0.71745
0.96667,0.0,0.50847,0.36914,0.03448,0.0,0.65724
0.96667,0.0,0.55932,0.06384,1.0,0.0,0.69937
0.96667,0.0,0.55932,0.63422,0.93103,0.0,0.65724
0.96667,0.0,0.59322,0.5523,0.55172,0.0,0.52222
0.96667,0.0,0.61017,0.53315,0.65517,0.0,0.65724
0.96667,0.0,0.62712,0.25854,0.75862,0.0,0.77983
0.96667,0.0,0.62712,0.27711,0.96552,0.0,0.65724
0.96667,0.0,0.62712,0.38265,0.93103,0.0,0.77983
0.96667,0.0,0.62712,0.95906,0.2069,0.0,0.60596
0.96667,0.0,0.64407,0.40881,0.31034,0.0,0.77983
0.96667,0.0,0.64407,0.54029,0.89655,0.0,0.65724
0.96667,0.0,0.64407,0.71376,0.37931,0.0,0.65724
0.96667,0.0,0.67797,0.37176,0.86207,0.0,0.65724
0.96667,0.0,0.69492,0.44432,0.31034,0.0,0.77983
0.96667,0.0,0.71186,0.44207,0.24138,0.0,0.65724
0.96667,0.0,0.74576,0.6698,0.89655,0.0,0.60596
0.96667,0.0,0.77966,0.01277,0.44828,0.0,0.9418
0.96667,0.0,0.77966,0.68065,0.03448,0.0,0.65724
0.96667,0.0,0.79661,0.32745,0.62069,0.0,0.65724
0.96667,0.0,0.81356,0.02442,0.17241,0.0,0.87611
0.96667,0.0,0.81356,0.29279,0.68966,0.0,0.65724
0.96667,0.0,0.81356,0.37805,0.44828,0.0,0.52222
0.96667,0.0,0.81356,0.67473,0.75862,0.0,0.65104
0.96667,0.0,0.81356,0.79156,0.44828,0.0,0.65724
0.96667,0.0,0.81356,0.934,0.27586,0.0,0.65724
0.96667,0.0,0.83051,0.22146,0.7931,0.0,0.90426
0.96667,0.0,0.83051,0.37452,0.7931,0.0,0.65724
0.96667,0.0,0.83051,0.67903,0.55172,0.0,0.60596
0.96667,0.0,0.84746,0.28204,0.62069,0.0,0.77983
0.96667,0.0,0.84746,0.38767,1.0,0.0,0.65724
0.96667,0.0,0.86441,0.56236,0.96552,0.0,0.52222
0.96667,0.0,0.88136,0.27795,0.51724,0.0,0.65724
0.96667,0.0,0.88136,0.32149,0.82759,0.0,0.52222
0.96667,0.0,0.88136,0.4071,0.82759,0.0,0.52222
0.96667,0.0,0.88136,0.48374,0.37931,0.0,0.52222
0.96667,0.0,0.89831,0.1161,0.86207,0.0,0.90426
0.96667,0.0,0.91525,0.12594,0.27586,0.0,0.65724
0.96667,0.0,0.91525,0.71885,0.2069,0.0,0.65724
0.96667,0.0,0.9322,0.08021,1.0,0.0,0.80917
0.96667,0.0,0.9322,0.16168,0.7931,0.0,0.65724
0.96667,0.0,0.94915,0.38908,0.72414,0.0,0.65724
0.96667,0.0,0.9661,0.03152,0.13793,0.0,0.86698
0.96667,0.0,0.9661,0.32064,0.24138,0.0,0.65724
0.96667,0.0,0.98305,0.94543,0.51724,0.0,0.65724
0.96667,0.0,1.0,0.46667,1.0,0.0,0.65724
0.98333,0.0,0.0,0.84588,0.72414,0.0,0.65724
0.98333,0.0,0.0339,0.6432,0.82759,0.0,0.60596
0.98333,0.0,0.0339,0.90664,0.0,1.0,0.52222
0.98333,0.0,0.05085,0.32884,0.82759,0.0,0.77983
0.98333,0.0,0.05085,0.71519,0.82759,0.0,0.65724
0.98333,0.0,0.0678,0.03606,0.31034,0.0,0.86307
0.98333,0.0,0.08475,0.11394,0.34483,0.0,0.80939
0.98333,0.0,0.08475,0.51685,0.13793,0.0,0.65724
0.98333,0.0,0.10169,0.2795,0.34483,0.0,0.65724
0.98333,0.0,0.11864,0.07138,0.41379,0.0,0.94086
0.98333,0.0,0.11864,0.58259,0.55172,0.0,0.65724
0.98333,0.0,0.13559,0.45822,0.37931,0.0,0.65724
0.98333,0.0,0.15254,0.68308,0.41379,0.0,0.65724
0.98333,0.0,0.18644,0.51601,0.17241,0.0,0.52222
0.98333,0.0,0.18644,0.86526,0.62069,0.0,0.60596
0.98333,0.0,0.23729,0.25754,0.13793,0.0,0.68148
0.98333,0.0,0.23729,0.3065,0.62069,0.0,0.65104
0.98333,0.0,0.25424,0.84453,0.37931,0.0,0.60596
0.98333,0.0,0.27119,0.31045,0.65517,0.0,0.65724
0.98333,0.0,0.27119,0.61905,0.06897,0.0,0.52222
0.98333,0.0,0.28814,0.44837,0.06897,0.0,0.65724
0.98333,0.0,0.32203,0.01685,0.37931,0.0,0.66389
0.98333,0.0,0.32203,0.78557,0.96552,0.0,0.65724
0.98333,0.0,0.33898,0.99785,0.89655,0.0,0.65724
0.98333,0.0,0.35593,0.14176,0.93103,0.0,0.65724
0.98333,0.0,0.35593,0.46231,0.62069,0.0,0.65724
0.98333,0.0,0.37288,0.00199,0.44828,0.0,0.65724
0.98333,0.0,0.37288,0.16368,0.13793,0.0,0.65724
0.98333,0.0,0.37288,0.51681,0.17241,0.0,0.65724
0.98333,0.0,0.38983,0.13295,0.65517,0.0,0.90426
0.98333,0.0,0.38983,0.15087,0.93103,0.0,0.90426
0.98333,0.0,0.38983,0.25811,0.10345,0.0,0.68148
0.98333,0.0,0.38983,0.6972,0.41379,0.0,0.60596
0.98333,0.0,0.38983,0.98681,0.37931,0.0,0.60596
0.98333,0.0,0.40678,0.0121,0.44828,0.0,0.94743
0.98333,0.0,0.40678,0.13764,0.34483,0.0,0.90426
0.98333,0.0,0.40678,0.60038,1.0,0.0,0.65724
0.98333,0.0,0.40678,0.9554,0.37931,0.0,0.65104
0.98333,0.0,0.42373,0.86942,0.58621,0.0,0.65724
0.98333,0.0,0.44068,0.0087,0.55172,0.0,0.7513
0.98333,0.0,0.44068,0.24817,0.31034,0.0,0.65724
0.98333,0.0,0.44068,0.43684,0.55172,0.0,0.77983
0.98333,0.0,0.47458,0.72129,0.17241,0.0,0.60596
0.98333,0.0,0.49153,0.50131,0.65517,0.0,0.52222
0.98333,0.0,0.49153,0.53437,0.06897,0.0,0.52222
0.98333,0.0,0.49153,0.60366,0.41379,0.0,0.60596
0.98333,0.0,0.52542,0.37674,0.72414,0.0,0.65724
0.98333,0.0,0.52542,0.90569,0.37931,0.0,0.52222
0.98333,0.0,0.54237,0.07697,0.17241,0.0,0.80917
0.98333,0.0,0.54237,0.78211,0.17241,0.0,0.65724
0.98333,0.0,0.57627,0.11178,0.31034,0.0,0.90426
0.98333,0.0,0.57627,0.32058,0.44828,0.0,0.52222
0.98333,0.0,0.57627,0.3346,1.0,0.0,0.65724
0.98333,0.0,0.59322,0.1048,0.82759,0.0,0.65724
0.98333,0.0,0.59322,0.22244,0.58621,0.0,0.90426
0.98333,0.0,0.59322,0.49761,0.31034,0.0,0.60596
0.98333,0.0,0.61017,0.6321,1.0,0.0,0.60596
0.98333,0.0,0.64407,0.04484,0.72414,0.0,0.94086
0.98333,0.0,0.64407,0.94111,0.03448,0.0,0.52222
0.98333,0.0,0.66102,0.90112,0.7931,0.0,0.52222
0.98333,0.0,0.67797,0.1743,0.37931,0.0,0.90426
0.98333,0.0,0.67797,0.26377,0.37931,0.0,0.65724
0.98333,0.0,0.67797,0.37366,0.96552,0.0,0.65724
0.98333,0.0,0.69492,0.19505,0.34483,0.0,0.90426
0.98333,0.0,0.69492,0.26365,0.7931,0.0,0.77983
0.98333,0.0,0.69492,0.80673,0.55172,0.0,0.52222
0.98333,0.0,0.69492,0.8934,0.17241,0.0,0.65724
0.98333,0.0,0.71186,0.41981,0.48276,0.0,0.65724
0.98333,0.0,0.72881,0.6535,0.06897,0.0,0.65724
0.98333,0.0,0.74576,0.32517,0.65517,0.0,0.65724
0.98333,0.0,0.74576,0.48911,0.06897,0.0,0.65724
0.98333,0.0,0.76271,0.34966,0.2069,0.0,0.65104
0.98333,0.0,0.76271,0.65229,0.51724,0.0,0.60596
0.98333,0.0,0.77966,0.09218,0.75862,0.0,0.65724
0.98333,0.0,0.77966,0.28999,0.48276,0.0,0.65724
0.98333,0.0,0.79661,0.82685,0.68966,0.0,0.65724
0.98333,0.0,0.81356,0.13495,0.27586,0.0,0.65724
0.98333,0.0,0.83051,0.28491,0.24138,0.0,0.64362
0.98333,0.0,0.83051,0.32178,0.58621,0.0,0.65104
0.98333,0.0,0.83051,0.80647,0.96552,0.0,0.60596
0.98333,0.0,0.86441,0.34122,0.37931,0.0,0.52222
0.98333,0.0,0.88136,0.33055,0.31034,0.0,0.52222
0.98333,0.0,0.88136,0.47518,0.65517,0.0,0.52222
0.98333,0.0,0.88136,0.91197,0.03448,0.0,0.60596
0.98333,0.0,0.94915,0.22324,0.93103,0.0,0.65724
0.98333,0.0,0.94915,0.60256,0.27586,0.0,0.65724
0.98333,0.0,0.9661,0.10062,0.62069,0.0,0.90426
0.98333,0.0,0.9661,0.92533,1.0,0.0,0.52222
0.98333,0.0,1.0,0.42184,0.24138,0.0,0.65724
0.98333,0.0,1.0,0.74353,0.17241,0.0,0.65724
0.98333,0.0,1.0,0.91153,0.68966,0.0,0.52222
1.0,0.0,0.0,0.1644,0.75862,0.0,0.90426
1.0,0.0,0.0,0.38151,0.68966,0.0,0.77983
1.0,0.0,0.0,0.50726,0.13793,0.0,0.52222
1.0,0.0,0.05085,0.24499,1.0,0.0,0.65724
1.0,0.0,0.05085,0.39122,0.0,1.0,0.65724
1.0,0.0,0.0678,0.2433,0.96552,0.0,0.65724
1.0,0.0,0.08475,0.00785,0.82759,0.0,0.89763
1.0,0.0,0.08475,0.40557,0.7931,0.0,0.52222
1.0,0.0,0.08475,0.56504,1.0,0.0,0.52222
1.0,0.0,0.08475,0.89942,0.41379,0.0,0.65724
1.0,0.0,0.11864,0.81298,0.65517,0.0,0.65724
1.0,0.0,0.13559,0.24157,0.0,1.0,0.77983
1.0,0.0,0.15254,0.90842,0.86207,0.0,0.65724
1.0,0.0,0.20339,0.35308,0.44828,0.0,0.52222
1.0,0.0,0.22034,0.39789,0.13793,0.0,0.52222
1.0,0.0,0.27119,0.68718,0.44828,0.0,0.65724
1.0,0.0,0.27119,0.69236,0.75862,0.0,0.60596
1.0,0.0,0.30508,0.5289,0.2069,0.0,0.65724
1.0,0.0,0.32203,0.26534,0.86207,0.0,0.66051
1.0,0.0,0.35593,0.56917,0.13793,0.0,0.65724
1.0,0.0,0.40678,0.82109,0.37931,0.0,0.52222
1.0,0.0,0.42373,0.51089,0.96552,0.0,0.65724
1.0,0.0,0.44068,0.0513,0.75862,0.0,0.74479
1.0,0.0,0.44068,0.51576,0.03448,0.0,0.65724
1.0,0.0,0.47458,0.79644,0.62069,0.0,0.52222
1.0,0.0,0.49153,0.77782,0.7931,0.0,0.60596
1.0,0.0,0.50847,0.44088,0.06897,0.0,0.77983
1.0,0.0,0.50847,0.6693,0.82759,0.0,0.65724
1.0,0.0,0.54237,0.00893,0.68966,0.0,0.6589
1.0,0.0,0.54237,0.2398,0.51724,0.0,0.90426
1.0,0.0,0.55932,0.34573,0.24138,0.0,0.65724
1.0,0.0,0.55932,0.46493,0.2069,0.0,0.65724
1.0,0.0,0.55932,0.87064,1.0,0.0,0.65724
1.0,0.0,0.57627,0.34953,0.17241,0.0,0.65724
1.0,0.0,0.59322,0.57926,0.55172,0.0,0.65724
1.0,0.0,0.61017,0.21898,0.0,1.0,0.65724
1.0,0.0,0.61017,0.4181,0.03448,0.0,0.65724
1.0,0.0,0.62712,0.0242,0.89655,0.0,0.65724
1.0,0.0,0.62712,0.66904,0.17241,0.0,0.52222
1.0,0.0,0.64407,0.439,0.41379,0.0,0.65724
1.0,0.0,0.64407,0.94695,0.13793,0.0,0.60596
1.0,0.0,0.64407,0.99392,0.2069,0.0,0.65724
1.0,0.0,0.66102,0.83229,0.86207,0.0,0.60596
1.0,0.0,0.67797,0.81648,0.89655,0.0,0.52222
1.0,0.0,0.67797,0.85052,0.96552,0.0,0.60596
1.0,0.0,0.74576,0.45794,0.72414,0.0,0.52222
1.0,0.0,0.74576,0.67007,0.03448,0.0,0.52222
1.0,0.0,0.77966,0.09045,0.34483,0.0,0.65724
1.0,0.0,0.79661,0.91526,0.86207,0.0,0.60596
1.0,0.0,0.79661,0.96328,0.41379,0.0,0.65724
1.0,0.0,0.84746,0.91211,0.27586,0.0,0.65104
1.0,0.0,0.91525,0.02983,0.68966,0.0,0.65724
1.0,0.0,0.91525,0.21668,0.93103,0.0,0.65724
1.0,0.0,0.94915,0.27009,0.44828,0.0,0.77983
1.0,0.0,0.98305,0.07787,0.34483,0.0,0.80917
1.0,0.0,0.98305,0.21368,0.58621,0.0,0.65724
1.0,0.0,0.98305,0.4398,0.62069,0.0,0.77983
