Checking number of completed runs for each problem and acquisition type...
----------------------------------------------------------------------------------------------------------------------------------------------------------------------------------------------------------------------------------------------------------------------------------------------------------------------------------------------------------------------------------------------------------------------------------------------------------------------------------------------------------------------------------------------------------------------------------------------------------------------------------------------------------------------------------------------------------------------------------------------------------------------------------------------------------------------------------------
Problem                    |        PI         |       LogPI       |        EI         |       LogEI       |        UCB        |      PosMean      |      PosSTD       |        TS         |        qKG        |       qPES        |       qMES        |       qJES        |       lmabo       |     lmabo-gpt     |     lmabo-ops     |    lmabo-ops3     |    lmabo-ops6     |     lmabo-ab1     |     lmabo-ab2     |     lmabo-ab3     |     lmabo-ab4     |      gphedge      |  gphedge-curated  |    no_past_bo     |no_past_bo-curated |     setup_bo      | setup_bo-curated  |        esp        |    esp-curated    |    random_acq     |random_acq_curated1|random_acq_curated2|       llmgp       |      llambo       | bo_alternating_k1 | bo_alternating_k3 | bo_alternating_k5 |bo_explore_exploit |   lmabo-context   |
----------------------------------------------------------------------------------------------------------------------------------------------------------------------------------------------------------------------------------------------------------------------------------------------------------------------------------------------------------------------------------------------------------------------------------------------------------------------------------------------------------------------------------------------------------------------------------------------------------------------------------------------------------------------------------------------------------------------------------------------------------------------------------------------------------------------------------------
Ackley                     |        10         |        10         |        10         |        10         |        10         |        10         |        10         |        10         |        10         |        10         |        10         |        10         |        10         |        10         |        10         |        10         |        10         |        10         |        10         |        10         |        10         |        10         |        10         |        10         |        10         |        10         |        10         |        10         |        10         |        10         |        10         |        10         |        10         |        10         |        10         |        10         |        10         |        10         |         0         |
Beale                      |        10         |        10         |        10         |        10         |        10         |        10         |        10         |        10         |        10         |        10         |        10         |        10         |        10         |        10         |        10         |        10         |        10         |        10         |        10         |        10         |        10         |        10         |        10         |        10         |        10         |        10         |        10         |        10         |        10         |        10         |        10         |        10         |        10         |        10         |        10         |        10         |        10         |        10         |         0         |
Bukin                      |        10         |        10         |        10         |        10         |        10         |        10         |        10         |        10         |        10         |        10         |        10         |        10         |        10         |        10         |        10         |        10         |        10         |        10         |        10         |        10         |        10         |        10         |        10         |        10         |        10         |        10         |        10         |        10         |        10         |        10         |        10         |        10         |        10         |        10         |        10         |        10         |        10         |        10         |         0         |
Cosine8                    |        10         |        10         |        10         |        10         |        10         |        10         |        10         |        10         |        10         |        10         |        10         |        10         |        10         |        10         |        10         |        10         |        10         |        10         |        10         |        10         |        10         |        10         |        10         |        10         |        10         |        10         |        10         |        10         |        10         |        10         |        10         |        10         |        10         |        10         |        10         |        10         |        10         |        10         |         0         |
DixonPrice                 |        10         |        10         |        10         |        10         |        10         |        10         |        10         |        10         |        10         |        10         |        10         |        10         |        10         |        10         |        10         |        10         |        10         |        10         |        10         |        10         |        10         |        10         |        10         |        10         |        10         |        10         |        10         |        10         |        10         |        10         |        10         |        10         |        10         |        10         |        10         |        10         |        10         |        10         |         0         |
DropWave                   |        10         |        10         |        10         |        10         |        10         |        10         |        10         |        10         |        10         |        10         |        10         |        10         |        10         |        10         |        10         |        10         |        10         |        10         |        10         |        10         |        10         |        10         |        10         |        10         |        10         |        10         |        10         |        10         |        10         |        10         |        10         |        10         |        10         |        10         |        10         |        10         |        10         |        10         |         0         |
EggHolder                  |        10         |        10         |        10         |        10         |        10         |        10         |        10         |        10         |        10         |        10         |        10         |        10         |        10         |        10         |        10         |        10         |        10         |        10         |        10         |        10         |        10         |        10         |        10         |        10         |        10         |        10         |        10         |        10         |        10         |        10         |        10         |        10         |        10         |        10         |        10         |        10         |        10         |        10         |         0         |
Griewank                   |        10         |        10         |        10         |        10         |        10         |        10         |        10         |        10         |        10         |        10         |        10         |        10         |        10         |        10         |        10         |        10         |        10         |        10         |        10         |        10         |        10         |        10         |        10         |        10         |        10         |        10         |        10         |        10         |        10         |        10         |        10         |        10         |        10         |        10         |        10         |        10         |        10         |        10         |         0         |
Hartmann                   |        10         |        10         |        10         |        10         |        10         |        10         |        10         |        10         |        10         |        10         |        10         |        10         |        10         |        10         |        10         |        10         |        10         |        10         |        10         |        10         |        10         |        10         |        10         |        10         |        10         |        10         |        10         |        10         |        10         |        10         |        10         |        10         |        10         |        10         |        10         |        10         |        10         |        10         |         0         |
HolderTable                |        10         |        10         |        10         |        10         |        10         |        10         |        10         |        10         |        10         |        10         |        10         |        10         |        10         |        10         |        10         |        10         |        10         |        10         |        10         |        10         |        10         |        10         |        10         |        10         |        10         |        10         |        10         |        10         |        10         |        10         |        10         |        10         |        10         |        10         |        10         |        10         |        10         |        10         |        10         |
Levy                       |        10         |        10         |        10         |        10         |        10         |        10         |        10         |        10         |        10         |        10         |        10         |        10         |        10         |        10         |        10         |        10         |        10         |        10         |        10         |        10         |        10         |        10         |        10         |        10         |        10         |        10         |        10         |        10         |        10         |        10         |        10         |        10         |        10         |        10         |        10         |        10         |        10         |        10         |         0         |
Michalewicz                |        10         |        10         |        10         |        10         |        10         |        10         |        10         |        10         |        10         |        10         |        10         |        10         |        10         |        10         |        10         |        10         |        10         |        10         |        10         |        10         |        10         |        10         |        10         |        10         |        10         |        10         |        10         |        10         |        10         |        10         |        10         |        10         |        10         |        10         |        10         |        10         |        10         |        10         |         0         |
StyblinskiTang             |        10         |        10         |        10         |        10         |        10         |        10         |        10         |        10         |        10         |        10         |        10         |        10         |        10         |        10         |        10         |        10         |        10         |        10         |        10         |        10         |        10         |        10         |        10         |        10         |        10         |        10         |        10         |        10         |        10         |        10         |        10         |        10         |        10         |        10         |        10         |        10         |        10         |        10         |         0         |
Shekel                     |        10         |        10         |        10         |        10         |        10         |        10         |        10         |        10         |        10         |        10         |        10         |        10         |        10         |        10         |        10         |        10         |        10         |        10         |        10         |        10         |        10         |        10         |        10         |        10         |        10         |        10         |        10         |        10         |        10         |        10         |        10         |        10         |        10         |        10         |        10         |        10         |        10         |        10         |        10         |
SixHumpCamel               |        10         |        10         |        10         |        10         |        10         |        10         |        10         |        10         |        10         |        10         |        10         |        10         |        10         |        10         |        10         |        10         |        10         |        10         |        10         |        10         |        10         |        10         |        10         |        10         |        10         |        10         |        10         |        10         |        10         |        10         |        10         |        10         |        10         |        10         |        10         |        10         |        10         |        10         |         0         |
BucheRastrigin             |        10         |        10         |        10         |        10         |        10         |        10         |        10         |        10         |        10         |        10         |        10         |        10         |        10         |        10         |        10         |        10         |        10         |        10         |        10         |        10         |        10         |        10         |        10         |        10         |        10         |        10         |        10         |        10         |        10         |        10         |        10         |        10         |        10         |        10         |        10         |        10         |        10         |        10         |         0         |
LinearSlope                |        10         |        10         |        10         |        10         |        10         |        10         |        10         |        10         |        10         |        10         |        10         |        10         |        10         |        10         |        10         |        10         |        10         |        10         |        10         |        10         |        10         |        10         |        10         |        10         |        10         |        10         |        10         |        10         |        10         |        10         |        10         |        10         |        10         |        10         |        10         |        10         |        10         |        10         |         0         |
AttractiveSector           |        10         |        10         |        10         |        10         |        10         |        10         |        10         |        10         |        10         |        10         |        10         |        10         |        10         |        10         |        10         |        10         |        10         |        10         |        10         |        10         |        10         |        10         |        10         |        10         |        10         |        10         |        10         |        10         |        10         |        10         |        10         |        10         |        10         |        10         |        10         |        10         |        10         |        10         |         0         |
StepEllipsoid              |        10         |        10         |        10         |        10         |        10         |        10         |        10         |        10         |        10         |        10         |        10         |        10         |        10         |        10         |        10         |        10         |        10         |        10         |        10         |        10         |        10         |        10         |        10         |        10         |        10         |        10         |        10         |        10         |        10         |        10         |        10         |        10         |        10         |        10         |        10         |        10         |        10         |        10         |         0         |
Discus                     |        10         |        10         |        10         |        10         |        10         |        10         |        10         |        10         |        10         |        10         |        10         |        10         |        10         |        10         |        10         |        10         |        10         |        10         |        10         |        10         |        10         |        10         |        10         |        10         |        10         |        10         |        10         |        10         |        10         |        10         |        10         |        10         |        10         |        10         |        10         |        10         |        10         |        10         |         0         |
BentCigar                  |        10         |        10         |        10         |        10         |        10         |        10         |        10         |        10         |        10         |        10         |        10         |        10         |        10         |        10         |        10         |        10         |        10         |        10         |        10         |        10         |        10         |        10         |        10         |        10         |        10         |        10         |        10         |        10         |        10         |        10         |        10         |        10         |        10         |        10         |        10         |        10         |        10         |        10         |         0         |
SharpRidge                 |        10         |        10         |        10         |        10         |        10         |        10         |        10         |        10         |        10         |        10         |        10         |        10         |        10         |        10         |        10         |        10         |        10         |        10         |        10         |        10         |        10         |        10         |        10         |        10         |        10         |        10         |        10         |        10         |        10         |        10         |        10         |        10         |        10         |        10         |        10         |        10         |        10         |        10         |         0         |
DifferentPowers            |        10         |        10         |        10         |        10         |        10         |        10         |        10         |        10         |        10         |        10         |        10         |        10         |        10         |        10         |        10         |        10         |        10         |        10         |        10         |        10         |        10         |        10         |        10         |        10         |        10         |        10         |        10         |        10         |        10         |        10         |        10         |        10         |        10         |        10         |        10         |        10         |        10         |        10         |         0         |
Weierstrass                |        10         |        10         |        10         |        10         |        10         |        10         |        10         |        10         |        10         |        10         |        10         |        10         |        10         |        10         |        10         |        10         |        10         |        10         |        10         |        10         |        10         |        10         |        10         |        10         |        10         |        10         |        10         |        10         |        10         |        10         |        10         |        10         |        10         |        10         |        10         |        10         |        10         |        10         |         0         |
SchaffersIllCond           |        10         |        10         |        10         |        10         |        10         |        10         |        10         |        10         |        10         |        10         |        10         |        10         |        10         |        10         |        10         |        10         |        10         |        10         |        10         |        10         |        10         |        10         |        10         |        10         |        10         |        10         |        10         |        10         |        10         |        10         |        10         |        10         |        10         |        10         |        10         |        10         |        10         |        10         |         0         |
CompositeGriewankRosenbrock|        10         |        10         |        10         |        10         |        10         |        10         |        10         |        10         |        10         |        10         |        10         |        10         |        10         |        10         |        10         |        10         |        10         |        10         |        10         |        10         |        10         |        10         |        10         |        10         |        10         |        10         |        10         |        10         |        10         |        10         |        10         |        10         |        10         |        10         |        10         |        10         |        10         |        10         |         0         |
Gallagher21                |        10         |        10         |        10         |        10         |        10         |        10         |        10         |        10         |        10         |        10         |        10         |        10         |        10         |        10         |        10         |        10         |        10         |        10         |        10         |        10         |        10         |        10         |        10         |        10         |        10         |        10         |        10         |        10         |        10         |        10         |        10         |        10         |        10         |        10         |        10         |        10         |        10         |        10         |         0         |
Gallagher101               |        10         |        10         |        10         |        10         |        10         |        10         |        10         |        10         |        10         |        10         |        10         |        10         |        10         |        10         |        10         |        10         |        10         |        10         |        10         |        10         |        10         |        10         |        10         |        10         |        10         |        10         |        10         |        10         |        10         |        10         |        10         |        10         |        10         |        10         |        10         |        10         |        10         |        10         |         0         |
Katsuura                   |        10         |        10         |        10         |        10         |        10         |        10         |        10         |        10         |        10         |        10         |        10         |        10         |        10         |        10         |        10         |        10         |        10         |        10         |        10         |        10         |        10         |        10         |        10         |        10         |        10         |        10         |        10         |        10         |        10         |        10         |        10         |        10         |        10         |        10         |        10         |        10         |        10         |        10         |         0         |
LunacekBiRastrigin         |        10         |        10         |        10         |        10         |        10         |        10         |        10         |        10         |        10         |        10         |        10         |        10         |        10         |        10         |        10         |        10         |        10         |        10         |        10         |        10         |        10         |        10         |        10         |        10         |        10         |        10         |        10         |        10         |        10         |        10         |        10         |        10         |        10         |        10         |        10         |        10         |        10         |        10         |         0         |
hpt_breast_RandomForest    |        10         |        10         |        10         |        10         |        10         |        10         |        10         |        10         |        10         |        10         |        10         |        10         |        10         |        10         |        10         |        10         |        10         |        10         |        10         |        10         |        10         |        10         |        10         |        10         |        10         |        10         |        10         |        10         |        10         |        10         |        10         |        10         |        10         |        10         |        10         |        10         |        10         |        10         |         0         |
hpt_breast_DecisionTree    |        10         |        10         |        10         |        10         |        10         |        10         |        10         |        10         |        10         |        10         |        10         |        10         |        10         |        10         |        10         |        10         |        10         |        10         |        10         |        10         |        10         |        10         |        10         |        10         |        10         |        10         |        10         |        10         |        10         |        10         |        10         |        10         |        10         |        10         |        10         |        10         |        10         |        10         |         0         |
hpt_breast_SVM             |        10         |        10         |        10         |        10         |        10         |        10         |        10         |        10         |        10         |        10         |        10         |        10         |        10         |        10         |        10         |        10         |        10         |        10         |        10         |        10         |        10         |        10         |        10         |        10         |        10         |        10         |        10         |        10         |        10         |        10         |        10         |        10         |        10         |        10         |        10         |        10         |        10         |        10         |        10         |
hpt_breast_AdaBoost        |        10         |        10         |        10         |        10         |        10         |        10         |        10         |        10         |        10         |        10         |        10         |        10         |        10         |        10         |        10         |        10         |        10         |        10         |        10         |        10         |        10         |        10         |        10         |        10         |        10         |        10         |        10         |        10         |        10         |        10         |        10         |        10         |        10         |        10         |        10         |        10         |        10         |        10         |         0         |
hpt_breast_MLPSGD          |        10         |        10         |        10         |        10         |        10         |        10         |        10         |        10         |        10         |        10         |        10         |        10         |        10         |        10         |        10         |        10         |        10         |        10         |        10         |        10         |        10         |        10         |        10         |        10         |        10         |        10         |        10         |        10         |        10         |        10         |        10         |        10         |        10         |        10         |        10         |        10         |        10         |        10         |         0         |
hpt_digits_RandomForest    |        10         |        10         |        10         |        10         |        10         |        10         |        10         |        10         |        10         |        10         |        10         |        10         |        10         |        10         |        10         |        10         |        10         |        10         |        10         |        10         |        10         |        10         |        10         |        10         |        10         |        10         |        10         |        10         |        10         |        10         |        10         |        10         |        10         |        10         |        10         |        10         |        10         |        10         |         0         |
hpt_digits_DecisionTree    |        10         |        10         |        10         |        10         |        10         |        10         |        10         |        10         |        10         |        10         |        10         |        10         |        10         |        10         |        10         |        10         |        10         |        10         |        10         |        10         |        10         |        10         |        10         |        10         |        10         |        10         |        10         |        10         |        10         |        10         |        10         |        10         |        10         |        10         |        10         |        10         |        10         |        10         |        10         |
hpt_digits_SVM             |        10         |        10         |        10         |        10         |        10         |        10         |        10         |        10         |        10         |        10         |        10         |        10         |        10         |        10         |        10         |        10         |        10         |        10         |        10         |        10         |        10         |        10         |        10         |        10         |        10         |        10         |        10         |        10         |        10         |        10         |        10         |        10         |        10         |        10         |        10         |        10         |        10         |        10         |         0         |
hpt_digits_AdaBoost        |        10         |        10         |        10         |        10         |        10         |        10         |        10         |        10         |        10         |        10         |        10         |        10         |        10         |        10         |        10         |        10         |        10         |        10         |        10         |        10         |        10         |        10         |        10         |        10         |        10         |        10         |        10         |        10         |        10         |        10         |        10         |        10         |        10         |        10         |        10         |        10         |        10         |        10         |        10         |
hpt_digits_MLPSGD          |        10         |        10         |        10         |        10         |        10         |        10         |        10         |        10         |        10         |        10         |        10         |        10         |        10         |        10         |        10         |        10         |        10         |        10         |        10         |        10         |        10         |        10         |        10         |        10         |        10         |        10         |        10         |        10         |        10         |        10         |        10         |        10         |        10         |        10         |        10         |        10         |        10         |        10         |         0         |
hpt_wine_RandomForest      |        10         |        10         |        10         |        10         |        10         |        10         |        10         |        10         |        10         |        10         |        10         |        10         |        10         |        10         |        10         |        10         |        10         |        10         |        10         |        10         |        10         |        10         |        10         |        10         |        10         |        10         |        10         |        10         |        10         |        10         |        10         |        10         |        10         |        10         |        10         |        10         |        10         |        10         |         0         |
hpt_wine_DecisionTree      |        10         |        10         |        10         |        10         |        10         |        10         |        10         |        10         |        10         |        10         |        10         |        10         |        10         |        10         |        10         |        10         |        10         |        10         |        10         |        10         |        10         |        10         |        10         |        10         |        10         |        10         |        10         |        10         |        10         |        10         |        10         |        10         |        10         |        10         |        10         |        10         |        10         |        10         |         0         |
hpt_wine_SVM               |        10         |        10         |        10         |        10         |        10         |        10         |        10         |        10         |        10         |        10         |        10         |        10         |        10         |        10         |        10         |        10         |        10         |        10         |        10         |        10         |        10         |        10         |        10         |        10         |        10         |        10         |        10         |        10         |        10         |        10         |        10         |        10         |        10         |        10         |        10         |        10         |        10         |        10         |         0         |
hpt_wine_AdaBoost          |        10         |        10         |        10         |        10         |        10         |        10         |        10         |        10         |        10         |        10         |        10         |        10         |        10         |        10         |        10         |        10         |        10         |        10         |        10         |        10         |        10         |        10         |        10         |        10         |        10         |        10         |        10         |        10         |        10         |        10         |        10         |        10         |        10         |        10         |        10         |        10         |        10         |        10         |         0         |
hpt_wine_MLPSGD            |        10         |        10         |        10         |        10         |        10         |        10         |        10         |        10         |        10         |        10         |        10         |        10         |        10         |        10         |        10         |        10         |        10         |        10         |        10         |        10         |        10         |        10         |        10         |        10         |        10         |        10         |        10         |        10         |        10         |        10         |        10         |        10         |        10         |        10         |        10         |        10         |        10         |        10         |         0         |
hpt_diabetes_RandomForest  |        10         |        10         |        10         |        10         |        10         |        10         |        10         |        10         |        10         |        10         |        10         |        10         |        10         |        10         |        10         |        10         |        10         |        10         |        10         |        10         |        10         |        10         |        10         |        10         |        10         |        10         |        10         |        10         |        10         |        10         |        10         |        10         |        10         |        10         |        10         |        10         |        10         |        10         |        10         |
hpt_diabetes_DecisionTree  |        10         |        10         |        10         |        10         |        10         |        10         |        10         |        10         |        10         |        10         |        10         |        10         |        10         |        10         |        10         |        10         |        10         |        10         |        10         |        10         |        10         |        10         |        10         |        10         |        10         |        10         |        10         |        10         |        10         |        10         |        10         |        10         |        10         |        10         |        10         |        10         |        10         |        10         |        10         |
hpt_diabetes_SVM           |        10         |        10         |        10         |        10         |        10         |        10         |        10         |        10         |        10         |        10         |        10         |        10         |        10         |        10         |        10         |        10         |        10         |        10         |        10         |        10         |        10         |        10         |        10         |        10         |        10         |        10         |        10         |        10         |        10         |        10         |        10         |        10         |        10         |        10         |        10         |        10         |        10         |        10         |         0         |
hpt_diabetes_AdaBoost      |        10         |        10         |        10         |        10         |        10         |        10         |        10         |        10         |        10         |        10         |        10         |        10         |        10         |        10         |        10         |        10         |        10         |        10         |        10         |        10         |        10         |        10         |        10         |        10         |        10         |        10         |        10         |        10         |        10         |        10         |        10         |        10         |        10         |        10         |        10         |        10         |        10         |        10         |         0         |
hpt_diabetes_MLPSGD        |        10         |        10         |        10         |        10         |        10         |        10         |        10         |        10         |        10         |        10         |        10         |        10         |        10         |        10         |        10         |        10         |        10         |        10         |        10         |        10         |        10         |        10         |        10         |        10         |        10         |        10         |        10         |        10         |        10         |        10         |        10         |        10         |        10         |        10         |        10         |        10         |        10         |        10         |         0         |
----------------------------------------------------------------------------------------------------------------------------------------------------------------------------------------------------------------------------------------------------------------------------------------------------------------------------------------------------------------------------------------------------------------------------------------------------------------------------------------------------------------------------------------------------------------------------------------------------------------------------------------------------------------------------------------------------------------------------------------------------------------------------------------------------------------------------------------
Completed:  ['Ackley', 'Beale', 'Bukin', 'Cosine8', 'DixonPrice', 'DropWave', 'EggHolder', 'Griewank', 'Hartmann', 'HolderTable', 'Levy', 'Michalewicz', 'StyblinskiTang', 'Shekel', 'SixHumpCamel', 'BucheRastrigin', 'LinearSlope', 'AttractiveSector', 'StepEllipsoid', 'Discus', 'BentCigar', 'SharpRidge', 'DifferentPowers', 'Weierstrass', 'SchaffersIllCond', 'CompositeGriewankRosenbrock', 'Gallagher21', 'Gallagher101', 'Katsuura', 'LunacekBiRastrigin', 'hpt_breast_RandomForest', 'hpt_breast_DecisionTree', 'hpt_breast_SVM', 'hpt_breast_AdaBoost', 'hpt_breast_MLPSGD', 'hpt_digits_RandomForest', 'hpt_digits_DecisionTree', 'hpt_digits_SVM', 'hpt_digits_AdaBoost', 'hpt_digits_MLPSGD', 'hpt_wine_RandomForest', 'hpt_wine_DecisionTree', 'hpt_wine_SVM', 'hpt_wine_AdaBoost', 'hpt_wine_MLPSGD', 'hpt_diabetes_RandomForest', 'hpt_diabetes_DecisionTree', 'hpt_diabetes_SVM', 'hpt_diabetes_AdaBoost', 'hpt_diabetes_MLPSGD']
Completed 50 problems out of 50
             method     mean      min       max     range  problem_rank
          lmabo-gpt 1.209788 1.000000  2.138429  1.138429          7.16
              lmabo 1.210221 1.000000  2.311966  1.311966          5.62
         lmabo-ops6 1.215254 1.000000  2.197171  1.197171          6.64
         lmabo-ops3 1.293185 1.008321  2.528534  1.520213         10.70
                 EI 1.336385 1.000000  2.962929  1.962929         13.08
              LogEI 1.355865 1.000000  2.799769  1.799769         13.92
              LogPI 1.397691 1.000000  3.566741  2.566741         14.52
          lmabo-ab1 1.401275 1.035834  2.392496  1.356663         15.72
random_acq_curated1 1.415189 1.000000  3.217543  2.217543         15.62
            PosMean 1.421669 1.000000  4.222076  3.222076         14.70
         random_acq 1.426446 1.066894  3.029247  1.962353         17.36
            gphedge 1.444710 1.000000  3.157473  2.157473         16.96
random_acq_curated2 1.453496 1.000000  3.293036  2.293036         17.62
          lmabo-ops 1.474832 1.000000  2.977424  1.977424         18.94
 no_past_bo-curated 1.493726 1.000000  3.733139  2.733139         19.82
          lmabo-ab2 1.496143 1.073099  2.956290  1.883191         20.04
  bo_alternating_k1 1.499109 1.018897  3.537300  2.518404         18.72
          lmabo-ab3 1.504266 1.000000  3.513020  2.513020         19.76
    gphedge-curated 1.507770 1.004347  3.407621  2.403274         20.60
   setup_bo-curated 1.526502 1.000000  3.510630  2.510630         19.94
        esp-curated 1.528723 1.067580  3.477709  2.410128         20.60
         no_past_bo 1.533055 1.000000  3.682431  2.682431         19.08
                 PI 1.534109 1.000000  5.942127  4.942127         15.80
           setup_bo 1.559984 1.000000  4.946934  3.946934         19.06
  bo_alternating_k5 1.582512 1.065901  5.957447  4.891546         21.16
               qJES 1.614883 1.000000  3.804806  2.804806         24.64
  bo_alternating_k3 1.617366 1.024998  6.678298  5.653300         21.50
                esp 1.623865 1.000000  4.777603  3.777603         22.98
                qKG 1.663091 1.092764  5.358399  4.265636         23.96
                UCB 1.749330 1.000000  4.673828  3.673828         23.94
 bo_explore_exploit 1.855411 1.050116 10.499716  9.449600         24.06
          lmabo-ab4 1.922521 1.012011 10.614265  9.602254         28.30
                 TS 2.071844 1.000000 16.700814 15.700814         25.46
             llambo 2.669748 1.000000 39.964493 38.964493         23.74
              llmgp 2.780426 1.000000 25.004894 24.004894         31.30
               qMES 2.794827 1.000000 65.921283 64.921283         20.54
               qPES 2.933504 1.125083 16.459397 15.334314         31.92
             PosSTD 7.014587 1.011650 83.032964 82.021314         34.78
========================================================================================================================================================================================================
problem              method       run_1       run_2       run_3       run_4       run_5       run_6       run_7       run_8       run_9      run_10          sum  relative_performance  problem_rank  rank
 Ackley              llambo 1549.492082 2059.648222 1803.131798 2032.438917 1912.987429 2081.560661  385.481153 2073.606325 2109.462492 1978.840113 17986.649193              1.000000           1.0   1.0
 Ackley               LogEI 1669.412909 1803.339326 1913.854864 1864.061438 1757.685067 1714.501165 1829.329003 1839.324949 1901.654489 1700.579923 17993.743132              1.000394           2.0   2.0
 Ackley               LogPI 1836.894743 1856.657441 1849.739451 1783.282186 1791.548346 1806.463962 1823.329097 1925.055259 1888.859528 1880.179836 18442.009848              1.025317           3.0   3.0
 Ackley           lmabo-ab1 1686.203194 1918.223569 1971.958324 1967.811645 1934.877368 1930.761949 1800.142226 1919.941163 1949.451486 1820.923549 18900.294474              1.050796           4.0   4.0
 Ackley                 esp 1821.813706 1906.096357 1865.916588 1928.867508 1944.237807 1894.341376 1870.513450 1901.289693 1892.479943 1965.293217 18990.849645              1.055830           5.0   5.0
 Ackley               lmabo 1902.619456 1981.266019 1969.299562 1714.330488 1875.738663 1958.793280 1810.104526 1879.857943 1956.881669 2025.861865 19074.753471              1.060495           6.0   6.0
 Ackley          random_acq 1937.711338 1857.703981 1923.612897 1910.018282 1926.416962 1868.145862 1846.105255 1966.546519 1950.017379 2003.568488 19189.846963              1.066894           7.0   7.0
 Ackley          lmabo-ops6 1915.044150 1962.361171 1966.180448 1783.664699 1849.646967 1979.490958 1932.554381 2030.818384 1892.143504 1964.016480 19275.921142              1.071679           8.0   8.0
 Ackley           lmabo-ab2 1900.400633 2066.797136 1909.319600 1969.699178 1997.107473 1867.034854 1857.690184 1863.476525 1955.824178 1914.106316 19301.456078              1.073099           9.0   9.0
 Ackley          lmabo-ops3 1887.809815 1902.316748 1980.541427 1935.785371 1946.779832 1886.615744 1871.597877 1996.109217 2000.906856 1955.804116 19364.267003              1.076591          10.0  10.0
 Ackley             PosMean 1907.567658 1952.006368 1987.966460 1953.616740 1889.197142 1872.464936 1882.749861 1987.052772 1945.066946 2001.179179 19378.868063              1.077403          11.0  11.0
 Ackley              PosSTD 1909.948872 2006.299621 1965.673157 1989.775475 1847.884234 1977.701176 1911.764448 1910.541504 1961.861990 1905.734165 19387.184641              1.077865          12.0  12.0
 Ackley           lmabo-ab3 1937.931842 1998.481438 1848.288417 2019.418186 1989.100936 1947.628190 1883.290351 1954.654146 1934.154396 1939.309850 19452.257753              1.081483          13.0  13.0
 Ackley             gphedge 1895.198685 1998.688161 1960.018426 1933.938359 1956.660592 1932.044371 1941.145177 1928.052117 1973.222568 1936.035698 19455.004155              1.081636          14.0  14.0
 Ackley random_acq_curated2 1970.242844 1962.189346 1989.611039 1960.820512 1980.287075 1902.049536 1954.782377 1911.408268 1989.741424 1873.417899 19494.550319              1.083834          15.0  15.0
 Ackley         esp-curated 1946.427445 2021.337147 1997.132951 2003.157119 1815.943321 1960.870658 1931.686382 1935.685982 1975.692092 1928.605319 19516.538416              1.085057          16.0  16.0
 Ackley     gphedge-curated 1924.447531 1998.028685 1973.126907 1954.485042 1919.019251 1956.396686 1943.456558 2002.980839 2005.552780 1869.488226 19546.982505              1.086750          17.0  17.0
 Ackley random_acq_curated1 1876.752823 1966.521860 1992.262458 1944.862573 1967.441406 1965.755064 1871.983237 1959.827944 2016.209309 2018.048405 19579.665080              1.088567          18.0  18.0
 Ackley            setup_bo 1920.395576 2040.812661 1989.539682 2000.016748 1970.906466 1947.763256 1892.523878 2003.320504 2021.099972 1986.638708 19773.017452              1.099316          19.0  19.0
 Ackley                  EI 2031.505977 2054.290774 2064.725796 2030.036484 2008.102637 1675.216190 2055.162968 2023.419705 2012.280120 2025.419193 19980.159844              1.110833          20.0  20.0
 Ackley           lmabo-gpt 1861.683896 2071.635079 2058.795699 2046.542294 2050.085707 1995.437312 1907.034343 2053.842028 1973.333656 2025.289770 20043.679785              1.114364          21.0  21.0
 Ackley                qMES 2025.685693 1979.008730 1992.838000 2054.661498 1983.707050 2038.180528 1996.573766 2039.765520 1954.720629 1985.312925 20050.454339              1.114741          22.0  22.0
 Ackley           lmabo-ops 2021.887396 2048.462982 1983.032262 1972.203123 2004.511824 2014.528586 1988.813240 1994.619775 2035.724935 1999.134144 20062.918267              1.115434          23.0  23.0
 Ackley                 qKG 2011.690812 1954.605497 2026.791260 2027.732960 2035.963295 1990.857362 2003.422864 2010.401637 2018.438086 1983.477865 20063.381639              1.115460          24.0  24.0
 Ackley                  PI 2014.671588 2026.387295 2024.643217 2038.939139 1992.427175 1988.847380 1986.440362 2024.278719 2015.441765 1994.769315 20106.845956              1.117876          25.0  25.0
 Ackley    setup_bo-curated 2002.978025 1998.278164 2040.150775 2027.313427 2005.289846 2025.644043 2028.625846 2016.914907 2032.172118 1972.440711 20149.807862              1.120265          26.0  26.0
 Ackley   bo_alternating_k3 2058.347184 2025.766655 2044.271450 2012.491930 2037.043518 2027.660197 1920.666999 2017.285330 2040.996641 1990.885821 20175.415725              1.121688          27.0  27.0
 Ackley   bo_alternating_k1 2012.238020 1978.508683 2044.287051 1955.848486 2047.814558 2032.617217 2057.696816 2065.986078 2034.934948 1964.877515 20194.809370              1.122767          28.0  28.0
 Ackley                 UCB 2025.077586 1866.474211 2053.684178 2053.174890 2040.403480 2016.426281 2034.132731 2049.988808 2062.061835 2001.445799 20202.869800              1.123215          29.0  29.0
 Ackley   bo_alternating_k5 2055.593772 2011.597354 2081.412645 1964.375307 2058.229496 2066.949294 2034.458027 2060.022652 2031.154255 2025.366388 20389.159191              1.133572          30.0  30.0
 Ackley           lmabo-ab4 2005.368275 2095.217972 2088.886468 1978.568967 2075.460663 2025.713246 2081.319866 2078.235679 2012.480821 2058.673985 20499.925941              1.139730          31.0  31.0
 Ackley  no_past_bo-curated 2072.783933 2061.737441 2076.385509 1989.175276 2077.597775 2076.937298 1967.930622 2071.034441 2060.486194 2073.751663 20527.820152              1.141281          32.0  32.0
 Ackley  bo_explore_exploit 2023.480199 2066.566577 2068.895960 2038.873638 2067.229473 2032.000394 2032.489817 2067.646520 2074.113387 2075.178777 20546.474744              1.142318          33.0  33.0
 Ackley                qJES 2067.402203 2051.520731 2066.179754 2017.475376 2097.197594 2086.081054 2066.339379 2091.337867 2077.464949 2028.283428 20649.282336              1.148034          34.0  34.0
 Ackley          no_past_bo 2080.047147 2084.020087 2029.886705 2066.032897 2098.050814 2082.575984 2090.385869 2088.459142 2045.090715 2044.874395 20709.423758              1.151378          35.0  35.0
 Ackley                  TS 2082.848814 2066.510793 2083.843498 2047.512516 2085.816493 2083.589925 2072.248274 2075.859303 2089.188161 2073.068207 20760.485983              1.154216          36.0  36.0
 Ackley               llmgp 2084.606173 2099.796290 2082.477118 2092.232193 2095.720107 2092.545565 2084.929760 2091.137690 2085.326309 2097.407146 20906.178351              1.162316          37.0  37.0
 Ackley                qPES 2100.062435 2103.816790 2092.296082 2092.680198 2096.654057 2100.846108 2075.765441 2099.287166 2082.436532 2090.453205 20934.298014              1.163880          38.0  38.0
========================================================================================================================================================================================================
problem              method        run_1        run_2       run_3       run_4        run_5       run_6        run_7       run_8         run_9      run_10          sum  relative_performance  problem_rank  rank
  Beale               llmgp 1.982459e+04 11335.606097  312.560489  192.279501  4556.813784  221.892499  7607.120343  179.943203  63159.446755  572.983347 1.079632e+05              1.000000           1.0   1.0
  Beale               lmabo 2.011672e+04 11688.412882  239.517868  279.684652  4751.074215  456.747188  7882.222511  536.972889  63270.850068 1248.032904 1.104702e+05              1.023221           2.0   2.0
  Beale              llambo 1.984244e+04 12007.973179   99.077747  318.215729  4975.417913  461.727922  8044.374775  561.936193  63481.760978 1238.190603 1.110311e+05              1.028416           3.0   3.0
  Beale             PosMean 1.977628e+04 13907.854184  184.425900  156.459689  4649.215577  347.751874  7530.711820  455.944495  63527.554943  771.114823 1.113073e+05              1.030974           4.0   4.0
  Beale           lmabo-ab1 1.978058e+04 11540.182030  147.765768   91.161398  4781.756262  368.871857  8047.382153  813.737856  63186.368487 3074.147624 1.118320e+05              1.035834           5.0   5.0
  Beale               LogPI 1.977929e+04 14486.701661  188.369865  109.992549  4943.494916  830.798526  7606.144573  214.905849  63334.276352  533.037719 1.120270e+05              1.037640           6.0   6.0
  Beale                  PI 1.980622e+04 14486.715039  403.267983  399.583387  4709.485335  834.938413  7621.753630  187.711544  63645.725427  561.626287 1.126570e+05              1.043476           7.0   7.0
  Beale     gphedge-curated 1.977753e+04 11384.758231  241.603909  424.670650  4495.665555  540.700353  7708.791720  378.058265  68485.921647 1195.724881 1.146334e+05              1.061782           8.0   8.0
  Beale                  EI 1.985700e+04 11545.323944  137.413760  398.912906  4432.696473  453.797540  7590.898952  375.618404  77807.404907 1048.242505 1.236473e+05              1.145272           9.0   9.0
  Beale               LogEI 1.983595e+04 11538.986791  161.201150  196.113142  4447.464437  452.403679  7707.824129  378.752344  77864.831132 1399.581616 1.239831e+05              1.148383          10.0  10.0
  Beale  no_past_bo-curated 1.982032e+04 11522.027679  461.052976  550.424563  4537.218707  545.212552  7468.257923  309.924377  77754.209909 1085.671217 1.240543e+05              1.149042          11.0  11.0
  Beale         esp-curated 1.990928e+04 11447.100695  328.145309  674.929085  4433.828152  437.676511  7663.549466  197.274728  77824.469379 1290.639142 1.242069e+05              1.150455          12.0  12.0
  Beale           lmabo-gpt 1.992958e+04 11536.872426  147.365159  428.441712  4649.600481  487.597530  7576.404554  531.619632  77821.734259 1156.445292 1.242657e+05              1.151000          13.0  13.0
  Beale                qJES 1.999538e+04 11467.530119  284.199969  288.035525 13326.705508 1127.597527  7733.829072  240.391102  69652.298923 1155.836821 1.252718e+05              1.160319          14.0  14.0
  Beale                 qKG 2.012019e+04 11424.504582  121.197079  251.614559  4592.826788  648.581977  7500.175519  399.596753  80253.694588 1215.941669 1.265283e+05              1.171957          15.0  15.0
  Beale          random_acq 1.980821e+04 34537.382980  313.249161  455.132054  4555.927874  390.897575  7764.181215  187.970901  63185.039856  570.154186 1.317681e+05              1.220491          16.0  16.0
  Beale            setup_bo 1.981904e+04 11515.765412  150.258266  154.215800  4467.505804  406.418177  7812.331608  237.338713  89977.181432  431.289229 1.349713e+05              1.250160          17.0  17.0
  Beale                qMES 2.014497e+04 13103.592737  106.502891  498.211386  4537.830495  509.473972  7651.863613  825.751904  88701.404600 1048.040260 1.371276e+05              1.270133          18.0  18.0
  Beale random_acq_curated1 2.255880e+04 11380.184027  174.857469  538.813583  4465.846556  566.538544  7708.155359  310.081430  90327.672524 1287.343408 1.393183e+05              1.290423          19.0  19.0
  Beale           lmabo-ops 2.015087e+04 11351.305703  236.374941  729.254185  4560.793697  588.746663  7883.376375  599.404626  92231.968455 1048.728513 1.393808e+05              1.291003          20.0  20.0
  Beale          lmabo-ops3 1.989256e+04 11758.165576  162.924299  721.234426  4519.164778  982.227676  7728.719468  408.895790  92465.957771 1047.836980 1.396877e+05              1.293845          21.0  21.0
  Beale          no_past_bo 4.007231e+04 11550.163915  338.273771   89.343660 14042.286217  605.555074  8151.135319  283.355788  63175.094817 1878.005424 1.401855e+05              1.298456          22.0  22.0
  Beale                 esp 1.978767e+04 33899.696323  377.153248  945.181942 13246.236321  675.694437  7725.030900  537.618318  63252.873897  621.100906 1.410683e+05              1.306632          23.0  23.0
  Beale   bo_alternating_k5 2.171280e+04 38034.473088  109.201544  174.437450 13640.512325 1140.400186  7835.948638  224.874745  65122.742112  848.806361 1.488442e+05              1.378656          24.0  24.0
  Beale             gphedge 2.002834e+04 11471.329674  747.736848  827.502318  4796.641818  676.034855 33938.447459  364.047192  82276.196076  552.719623 1.556790e+05              1.441963          25.0  25.0
  Beale           lmabo-ab4 2.088068e+04 34895.052580  549.525054  844.905237  5052.220700  664.803212  7571.765243  695.297166  88425.121418 1858.637523 1.614380e+05              1.495305          26.0  26.0
  Beale                  TS 5.937666e+04 11622.921297  421.955623  306.402823  6281.393433 1028.968160  8210.001964  766.670644  75732.675314 1736.481086 1.654841e+05              1.532782          27.0  27.0
  Beale           lmabo-ab3 4.027104e+04 34127.333022  178.948340  453.823414  4524.975192  721.737485  7607.539827  767.421731  87085.689557 1629.174583 1.773677e+05              1.642853          28.0  28.0
  Beale           lmabo-ab2 8.611398e+04 33824.031666  761.585935  282.769644  4584.542636  455.448702  7592.473981  296.255363  77790.318146 1283.554060 2.129850e+05              1.972754          29.0  29.0
  Beale    setup_bo-curated 9.078152e+04 11544.362203  419.413943  867.067448 14892.510563  656.231304 22461.201004  292.107122  77728.206239 1424.846643 2.210675e+05              2.047618          30.0  30.0
  Beale          lmabo-ops6 2.014798e+04 12253.217018  199.892913  291.278492  4495.299491  571.432715  7946.680652  398.356905 189365.324995 1544.191486 2.372137e+05              2.197171          31.0  31.0
  Beale  bo_explore_exploit 1.000026e+05 11464.170183  333.592576  235.575967  5629.189123  484.255616  7710.464401  649.809522 126681.177314  609.131035 2.538000e+05              2.350800          32.0  32.0
  Beale   bo_alternating_k3 1.018621e+05 37912.176150  446.637931  661.558227  8548.563397  603.688791  7500.244038  515.791376  99799.835011 1183.967373 2.590346e+05              2.399285          33.0  33.0
  Beale random_acq_curated2 1.976570e+04 34774.065134  123.764609  242.722347  4516.071486  513.820437  7652.193868  552.470364 194195.888262  686.782381 2.630235e+05              2.436232          34.0  34.0
  Beale   bo_alternating_k1 1.995597e+04 35117.295836  358.599554  566.884261  8260.724931  494.612757  7575.279905  496.251846 189819.115423  463.284700 2.631080e+05              2.437015          35.0  35.0
  Beale                 UCB 2.000088e+04 34722.544258  209.809128  390.985592  4798.701814  354.614195  7552.760426  850.500223 194172.829404 1192.795011 2.642464e+05              2.447559          36.0  36.0
  Beale                qPES 2.111017e+04 33747.050889 1457.586636 1070.718780  5401.357609  986.495934  7788.149257 1479.527391 189424.425010 1788.729309 2.642542e+05              2.447631          37.0  37.0
  Beale              PosSTD 1.017163e+06 14624.178195 7178.108744 3179.697819  5050.653320 3780.226587  8551.875989 2966.582497  63539.309904 1219.160286 1.127253e+06             10.441080          38.0  38.0
========================================================================================================================================================================================================
problem              method       run_1       run_2       run_3       run_4       run_5       run_6       run_7       run_8       run_9      run_10          sum  relative_performance  problem_rank  rank
  Bukin             PosMean  441.971807  745.178534  431.078211  594.750215  468.444785  736.480694  660.371993  426.505453  411.656215  941.585564  5858.023473              1.000000           1.0   1.0
  Bukin          lmabo-ops6  633.210457  441.731996  652.644069  732.003849  813.032893  944.106712  382.478334  621.030830  483.345245  536.516998  6240.101384              1.065223           2.0   2.0
  Bukin           lmabo-ab1  811.416487  548.244097  727.409748  475.965960 1362.268529  709.189769  694.132716  554.665868  336.954891  703.626103  6923.874169              1.181947           3.0   3.0
  Bukin random_acq_curated2  592.888204  730.834270  565.597483 1127.050292 1086.285827  759.290953  360.692297  578.906423  695.153675  451.601991  6948.301416              1.186117           4.0   4.0
  Bukin random_acq_curated1  467.654865  508.470555  991.175560  901.173512  734.474973  603.788694  738.829681  782.791101  689.486623  663.328826  7081.174391              1.208799           5.0   5.0
  Bukin          random_acq  472.036925  493.319881  575.036216  575.497871 1064.016201 1001.574250  990.631657  641.268073  739.212891  798.497459  7351.091423              1.254876           6.0   6.0
  Bukin          lmabo-ops3  603.517552  455.089381  933.024985  915.624734  963.235013  896.862921  565.724055  896.541740  511.820324  624.891929  7366.332635              1.257477           7.0   7.0
  Bukin                  EI  631.672105  399.344837  507.854659  837.509403  930.092170  666.076973  794.982368 1037.127197  951.413675  711.347016  7467.420403              1.274734           8.0   8.0
  Bukin               lmabo 1037.874155  561.795547  604.390765  645.863531 1003.866703  686.822198  612.319209  979.596435  924.925263  598.373493  7655.827299              1.306896           9.0   9.0
  Bukin   bo_alternating_k5  823.907378  883.687121  869.711987  602.939068  954.739146  831.554264  870.751814  422.128632  699.524519  698.935806  7657.879734              1.307246          10.0  10.0
  Bukin                  PI  679.006164  929.436036  666.420737  811.406846  439.082438  839.036022  684.044822  918.603069  783.279450 1014.070145  7764.385730              1.325428          11.0  11.0
  Bukin               LogPI  572.389109 1237.858215  898.726935  668.633384  536.649306  827.835838  924.905948  735.194542  682.622041  828.414111  7913.229428              1.350836          12.0  12.0
  Bukin         esp-curated  849.037306  464.422960 1268.165610 1162.090481  846.467697  412.829167  855.680606  589.547350  628.947850  880.835950  7958.024976              1.358483          13.0  13.0
  Bukin          no_past_bo  863.174883  558.110961  879.552108 1020.571389  693.995150  929.217828  701.743540  798.696707  763.698163  860.019013  8068.779743              1.377389          14.0  14.0
  Bukin                  TS  716.672583  855.114677  596.094289  765.133375  549.760190  968.937209  829.164000  702.672256 1251.368386  913.709359  8148.626325              1.391020          15.0  15.0
  Bukin  bo_explore_exploit  810.495359  950.457126 1132.412161  682.517759 1205.182642  740.031875  969.555116  402.314008  764.261401  507.234084  8164.461531              1.393723          16.0  16.0
  Bukin   bo_alternating_k1  828.364304  641.552990  702.246969  723.206730 1022.661512  860.279974  798.700740  896.339784  846.714310  870.342279  8190.409594              1.398152          17.0  17.0
  Bukin                qJES  893.557659  492.246945  808.732984  818.542153  891.252327 1030.495261  936.952003 1076.867590  685.486687  601.781873  8235.915482              1.405921          18.0  18.0
  Bukin   bo_alternating_k3  789.565308 1239.689131  514.395433  997.214357  610.213010 1247.040611  803.864371  827.773578  889.870078  368.809251  8288.435128              1.414886          19.0  19.0
  Bukin           lmabo-gpt  799.786707  456.649035  693.698728  855.837430  887.070380 1184.908743  785.473645  826.516037  990.052285  822.631188  8302.624177              1.417308          20.0  20.0
  Bukin           lmabo-ab2  531.285047  737.667471  783.619990  537.259930 1359.863299  645.855527  658.068212 1205.949864 1029.610662  925.667514  8414.847516              1.436465          21.0  21.0
  Bukin               LogEI  628.929624  463.793073  865.178293  892.079858 1005.244237 1043.668583 1015.210184  957.894256  887.294657  697.048861  8456.341626              1.443549          22.0  22.0
  Bukin                qPES  779.830464  744.656671  770.989199 1162.507342  748.883262  991.881356  744.086896 1138.122188 1029.835177  729.820840  8840.613397              1.509146          23.0  23.0
  Bukin           lmabo-ab3  737.514077 1063.460045  681.230296  795.838426  920.045774  742.814041  792.134778  899.482406 1238.487020 1073.375289  8944.382153              1.526860          24.0  24.0
  Bukin             gphedge  405.109274 1030.477613  863.639561 1516.252023 1012.131708 1324.754690  968.151850  509.693404  726.655214  738.958054  9095.823392              1.552712          25.0  25.0
  Bukin           lmabo-ab4  923.681686  467.215041  740.119764  893.590071  705.608773  883.315046  936.180763 1722.294402  624.805000 1249.617161  9146.427709              1.561350          26.0  26.0
  Bukin           lmabo-ops  956.555058  804.725129  857.465748  978.610643 1325.760912  808.439026  518.181040 1253.956731  988.848118  658.848351  9151.390756              1.562198          27.0  27.0
  Bukin                 esp  607.220449 1072.357388  705.915574 1052.764548  901.243731 1094.675689 1043.796010  831.012053 1051.513086  809.711211  9170.209738              1.565410          28.0  28.0
  Bukin                 UCB 1086.746618  791.946549  782.168556 1046.771336  892.305437 1037.654154 1075.053219  980.213404  953.879001  807.398840  9454.137113              1.613878          29.0  29.0
  Bukin    setup_bo-curated  917.497777  737.020172 1005.466880 1044.138572  942.972079  653.961121 1268.515697 1167.112675  852.995808  884.527442  9474.208223              1.617305          30.0  30.0
  Bukin  no_past_bo-curated  507.457181  878.745001 1081.866661 1065.927676 1058.898674 1047.414335  921.382114 1282.395289  920.336929  859.677765  9624.101625              1.642892          31.0  31.0
  Bukin     gphedge-curated  814.066396  985.325632  862.423052 1262.989432  783.926678 1222.328140  578.086997 1056.480958 1130.581237 1145.532519  9841.741041              1.680045          32.0  32.0
  Bukin                 qKG 1178.788126 1013.694631 1080.345632 1371.217098 1030.479252  830.512589 1041.038830  850.829190  951.205931  824.767006 10172.878284              1.736572          33.0  33.0
  Bukin            setup_bo 1376.910845 1585.523304  739.999446 1088.281290  880.628480 1678.465978  640.533280 1075.660113  633.472671  598.807846 10298.283252              1.757979          34.0  34.0
  Bukin               llmgp  927.856263 1354.074347  967.992081  740.799520  999.016613  844.395706 1229.281559  878.731406 1652.141347 1347.895776 10942.184619              1.867897          35.0  35.0
  Bukin                qMES 1606.511339  710.065712  820.268589 1297.270735 1251.857344 1834.962582 1064.095656  992.271174 1050.855667 1355.152868 11983.311664              2.045624          36.0  36.0
  Bukin              llambo 1783.419498 1605.528841 1465.656657 1923.125107 1049.307622 1350.801215 2473.241803 1849.667830 2028.418300 1312.006719 16841.173592              2.874890          37.0  37.0
  Bukin              PosSTD 4426.123424 6458.306620 3820.302434 7667.658033 8549.834557 6669.906898 7055.595786 7498.855694 1421.435255 6202.970698 59770.989400             10.203269          38.0  38.0
========================================================================================================================================================================================================
problem              method      run_1      run_2      run_3      run_4      run_5      run_6      run_7      run_8      run_9     run_10         sum  relative_performance  problem_rank  rank
Cosine8              llambo  19.729358   2.665421  14.067679   2.884512  17.605322   3.996067   3.751182  19.826587   5.658478   9.770349   99.954954              1.000000           1.0   1.0
Cosine8           lmabo-gpt  24.367429  21.174802   7.325838  37.790174  18.017664  23.764807  14.217816  30.587875  27.306133   9.193997  213.746536              2.138429           2.0   2.0
Cosine8          lmabo-ops6  22.066039   7.554351  15.745973  25.977480  24.755843  34.004910  31.961844  14.006347  36.549917   6.205329  218.828032              2.189266           3.0   3.0
Cosine8           lmabo-ab1  45.323581   7.263463  12.481539  12.096156  18.514934  36.150002  12.197293  36.054056  26.023467  24.648027  230.752517              2.308565           4.0   4.0
Cosine8               lmabo  38.338074  11.760569   9.100252  17.879388  27.879333  38.418899  27.279164  17.924201  21.281208  21.231356  231.092446              2.311966           5.0   5.0
Cosine8                 UCB  19.842054  35.202787   3.872452  26.184637  33.060605  23.719880  53.478256   6.822460  18.796534  24.345095  245.324760              2.454353           6.0   6.0
Cosine8          no_past_bo  32.017376  14.843067  11.961241  50.904004  19.380262  25.022238  26.875158  25.932549  30.475643  13.373818  250.785356              2.508984           7.0   7.0
Cosine8          lmabo-ops3  44.588915  18.939221   3.429971  36.385189  43.317188  29.767438  27.316060  10.984868  14.279729  23.730928  252.739508              2.528534           8.0   8.0
Cosine8            setup_bo  25.585068  28.402457   8.425419  39.948537  21.042348  19.952409  19.580741   9.899659  40.424396  45.359758  258.620792              2.587373           9.0   9.0
Cosine8                qPES  22.512531  30.946632   7.420373  25.641350  29.151817  25.843645  36.154557  36.269508  25.972955  24.632747  264.546115              2.646653          10.0  10.0
Cosine8    setup_bo-curated  35.349779  15.690602   8.093826  26.900380  19.312129  20.846654  51.666073  37.176080  17.689794  35.496604  268.221921              2.683428          11.0  11.0
Cosine8               LogEI  24.031941  31.392390   6.192134  31.668047  33.011046  11.012681  42.873699  26.457656  35.179250  38.031943  279.850788              2.799769          12.0  12.0
Cosine8           lmabo-ops  19.088127   8.502738   8.369970  26.404588  52.827353  30.508961  31.745414  42.757524  28.246635  36.612562  285.063871              2.851923          13.0  13.0
Cosine8           lmabo-ab2  19.629650  19.185410  10.186774  33.348392  29.625912  67.934603  33.402893  26.395217  37.464762  18.322180  295.495794              2.956290          14.0  14.0
Cosine8                  EI  30.558102   8.933424   7.118578  20.398713  64.804002  36.507986  20.090905  55.773891  32.432967  19.540873  296.159440              2.962929          15.0  15.0
Cosine8          random_acq  35.605419  10.505404   4.691855  31.419753  51.604711  32.261242  20.930268  34.406883  18.489725  62.873005  302.788267              3.029247          16.0  16.0
Cosine8                qMES  45.631128   9.729396   8.202990  22.535456  52.960565  32.221324  17.668787  24.301065  33.414126  58.180717  304.845552              3.049829          17.0  17.0
Cosine8             gphedge  43.393678   8.179400   6.489697  18.757982  39.664809  62.551801  38.868243  35.165490  27.088489  35.445452  315.605043              3.157473          18.0  18.0
Cosine8 random_acq_curated1  30.455977  28.242436  17.148053  45.791833  39.858187  19.220133  25.516297  31.423964  38.807772  45.144678  321.609331              3.217543          19.0  19.0
Cosine8 random_acq_curated2  45.447752  34.696733  11.166788  25.804603  53.211537  28.653237  46.534869  22.390140  29.454572  31.795055  329.155286              3.293036          20.0  20.0
Cosine8     gphedge-curated  47.396374  37.861102  21.251096  16.987174  28.682658  32.541673  49.021799  15.093053  26.901466  64.872238  340.608633              3.407621          21.0  21.0
Cosine8         esp-curated  28.505941  18.183362   8.575135  67.906265  60.131201  10.545208  23.779910  53.548060  23.560774  52.878348  347.614205              3.477709          22.0  22.0
Cosine8           lmabo-ab3  55.872021  19.782597  16.871973   9.375472  27.389416  37.493610  23.932087  52.012412  57.688925  50.725206  351.143718              3.513020          23.0  23.0
Cosine8   bo_alternating_k1  36.821566  25.430669  16.030828  28.837229  30.484483  59.941407  28.923125  34.575788  50.925008  41.600602  353.570705              3.537300          24.0  24.0
Cosine8               LogPI  33.464966  16.964853  16.208174  94.284234  27.128288  29.020475  44.005441  21.977639  41.013119  32.446287  356.513476              3.566741          25.0  25.0
Cosine8             PosMean  37.693348  23.645576  12.050161  48.461803  39.105076  29.745883  23.133566  38.299053  55.221480  53.455615  360.811561              3.609742          26.0  26.0
Cosine8  no_past_bo-curated  45.217519  36.314253  14.572777  45.327398  24.911805  22.282874  39.351721  35.280667  49.016973  60.869710  373.145698              3.733139          27.0  27.0
Cosine8                qJES  73.228923  17.882040  25.092565  19.628846  35.254980  30.938231  46.393612  26.612212  47.315826  57.962001  380.309235              3.804806          28.0  28.0
Cosine8                 esp  72.549983  12.746663   9.673735  30.959866  28.924789  53.021635  50.101610  57.373638  39.170104  28.449428  382.971453              3.831440          29.0  29.0
Cosine8                  PI  23.985322  55.986917  10.304826  46.672252  40.256385  30.934847  18.283714  42.215698  56.248991  78.874816  403.763768              4.039457          30.0  30.0
Cosine8   bo_alternating_k5  36.959445  28.213943  23.724580  85.393555  55.424903  33.734897  19.969077  22.322881  31.445330  73.108811  410.297421              4.104823          31.0  31.0
Cosine8   bo_alternating_k3  23.611421  29.824429  14.210570  29.188584  59.524120  49.966304  29.914867  26.146773  68.840865  83.770229  414.998161              4.151852          32.0  32.0
Cosine8           lmabo-ab4  76.506249  60.997153 113.959334  33.422372  14.913910  51.902387  30.254590  14.615037  46.292026  15.395203  458.258262              4.584648          33.0  33.0
Cosine8                 qKG  42.618228  17.752937  35.257506 103.125662  31.228921  55.310620  73.650098  94.655155  58.749478  23.249937  535.598542              5.358399          34.0  34.0
Cosine8  bo_explore_exploit  98.062933 109.752922 105.552506  89.445607 103.735488 141.173947  88.091564 117.048567  87.809882 108.825198 1049.498613             10.499716          35.0  35.0
Cosine8               llmgp 138.969527 180.872692 147.943526 164.532701 170.751653 154.430061 140.692845 147.529688 161.518343 172.027995 1579.269031             15.799807          36.0  36.0
Cosine8                  TS 158.029626 170.067930 175.057445 179.539020 176.420815 118.985502 168.101621 163.902355 197.096941 162.127870 1669.329124             16.700814          37.0  37.0
Cosine8              PosSTD 366.934487 266.542088 326.767504 288.451195 223.202251 279.276091 373.048669 300.886232 292.098137 325.678310 3042.884964             30.442563          38.0  38.0
========================================================================================================================================================================================================
   problem              method        run_1        run_2        run_3        run_4        run_5        run_6        run_7        run_8        run_9       run_10          sum  relative_performance  problem_rank  rank
DixonPrice               LogPI 3.405596e+06 5.102727e+06 4.461257e+06 6.702690e+06 4.903165e+06 3.652697e+06 6.893657e+06 7.313439e+06 4.548032e+06 2.493358e+06 4.947662e+07              1.000000           1.0   1.0
DixonPrice                  PI 2.572631e+06 8.485317e+06 6.109550e+06 5.149644e+06 5.140525e+06 5.590055e+06 2.918959e+06 7.412424e+06 7.454776e+06 3.290195e+06 5.412408e+07              1.093932           2.0   2.0
DixonPrice              llambo 1.628007e+06 4.835111e+06 7.442865e+05 3.177950e+06 8.262559e+06 7.502912e+06 5.976730e+05 3.249729e+06 9.628894e+06 1.521124e+07 5.483836e+07              1.108369           3.0   3.0
DixonPrice             PosMean 4.769424e+06 5.883942e+06 1.024331e+07 4.553534e+06 5.263758e+06 2.788563e+06 8.710400e+06 8.234595e+06 6.877612e+06 5.006433e+06 6.233157e+07              1.259819           4.0   4.0
DixonPrice          random_acq 6.694890e+06 6.457022e+06 6.473965e+06 1.171039e+07 7.286383e+06 7.183475e+06 7.672240e+06 3.753710e+06 6.480381e+06 4.385852e+06 6.809831e+07              1.376374           5.0   5.0
DixonPrice           lmabo-gpt 4.915800e+06 1.703749e+07 3.880978e+06 6.017586e+06 6.137394e+06 6.068667e+06 6.528630e+06 4.345222e+06 8.266282e+06 5.465520e+06 6.866357e+07              1.387798           6.0   6.0
DixonPrice          lmabo-ops3 4.132893e+06 7.595597e+06 5.484732e+06 9.666642e+06 9.782596e+06 6.094914e+06 4.971029e+06 1.187784e+07 5.080471e+06 5.152639e+06 6.983936e+07              1.411563           7.0   7.0
DixonPrice               lmabo 5.186320e+06 7.057162e+06 6.062860e+06 8.409986e+06 1.046793e+07 8.490448e+06 4.099962e+06 6.932437e+06 7.506238e+06 9.609055e+06 7.382240e+07              1.492066           8.0   8.0
DixonPrice          lmabo-ops6 6.595211e+06 7.381473e+06 2.754295e+06 4.616641e+06 7.970484e+06 2.605001e+06 1.652133e+07 7.411566e+06 1.384369e+07 5.251064e+06 7.495075e+07              1.514872           9.0   9.0
DixonPrice         esp-curated 3.124558e+06 9.570408e+06 4.564447e+06 6.609515e+06 9.000370e+06 9.374596e+06 1.135343e+07 4.964649e+06 1.052772e+07 6.289481e+06 7.537918e+07              1.523531          10.0  10.0
DixonPrice                  EI 8.191327e+06 8.269332e+06 9.426903e+06 8.923466e+06 3.850713e+06 6.336114e+06 1.187928e+07 1.197688e+07 3.386668e+06 3.626055e+06 7.586674e+07              1.533386          11.0  11.0
DixonPrice                 esp 7.930517e+06 1.108779e+07 6.928616e+06 1.151981e+07 6.581349e+06 6.444070e+06 1.034913e+07 5.001422e+06 5.286637e+06 5.987850e+06 7.711719e+07              1.558659          12.0  12.0
DixonPrice   bo_alternating_k1 1.013720e+07 7.155861e+06 4.157763e+06 6.979937e+06 6.982500e+06 8.249743e+06 1.428401e+07 1.372764e+07 7.170278e+06 4.207499e+06 8.305244e+07              1.678620          13.0  13.0
DixonPrice random_acq_curated1 6.615052e+06 7.847103e+06 6.986118e+06 4.585572e+06 1.193030e+07 7.694847e+06 7.305586e+06 1.100977e+07 9.021051e+06 1.022421e+07 8.321960e+07              1.681999          14.0  14.0
DixonPrice          no_past_bo 4.114134e+06 5.167663e+06 1.162006e+07 8.212250e+06 1.025270e+07 5.747115e+06 7.495358e+06 1.433633e+07 8.221541e+06 8.381732e+06 8.354889e+07              1.688654          15.0  15.0
DixonPrice               LogEI 6.370293e+06 1.290447e+07 7.672954e+06 7.170281e+06 5.770629e+06 4.865020e+06 1.563346e+07 8.263702e+06 1.388486e+07 4.005302e+06 8.654096e+07              1.749129          16.0  16.0
DixonPrice             gphedge 5.341628e+06 5.014931e+06 1.071626e+07 6.990270e+06 1.550167e+07 7.369083e+06 1.667991e+07 6.066947e+06 5.935988e+06 7.215395e+06 8.683209e+07              1.755013          17.0  17.0
DixonPrice            setup_bo 2.373202e+06 1.245699e+07 1.129237e+07 1.298938e+07 7.414752e+06 5.786748e+06 1.022635e+07 1.265932e+07 9.012119e+06 3.964151e+06 8.817538e+07              1.782163          18.0  18.0
DixonPrice   bo_alternating_k3 9.416630e+06 1.577487e+07 4.500398e+06 7.617344e+06 1.034767e+07 8.269947e+06 6.411445e+06 1.155099e+07 8.624830e+06 5.761362e+06 8.827548e+07              1.784186          19.0  19.0
DixonPrice           lmabo-ab3 7.615193e+06 4.505545e+06 7.810490e+06 6.988099e+06 1.377349e+07 6.121530e+06 1.368319e+07 9.500153e+06 1.747595e+07 6.385519e+06 9.385916e+07              1.897041          20.0  20.0
DixonPrice  no_past_bo-curated 4.268713e+06 8.851272e+06 8.878688e+06 7.681768e+06 1.381649e+07 8.120610e+06 1.488025e+07 8.298980e+06 1.308785e+07 9.275199e+06 9.715981e+07              1.963752          21.0  21.0
DixonPrice           lmabo-ab1 8.067828e+06 1.130103e+07 1.103649e+07 6.963056e+06 1.501675e+07 6.727416e+06 7.046706e+06 1.465783e+07 1.341547e+07 5.119578e+06 9.935216e+07              2.008063          22.0  22.0
DixonPrice           lmabo-ab2 6.789163e+06 9.117231e+06 9.667176e+06 1.275877e+07 1.472151e+07 4.469205e+06 1.145452e+07 1.578766e+07 1.278921e+07 3.551638e+06 1.011061e+08              2.043512          23.0  23.0
DixonPrice     gphedge-curated 4.048697e+06 1.132063e+07 9.348691e+06 1.247764e+07 1.260875e+07 1.170738e+07 1.231161e+07 1.307139e+07 7.804181e+06 6.687123e+06 1.013861e+08              2.049172          24.0  24.0
DixonPrice    setup_bo-curated 6.838771e+06 1.608931e+07 1.286619e+07 1.120763e+07 7.829926e+06 1.014725e+07 1.481704e+07 9.720991e+06 9.964209e+06 6.406026e+06 1.058873e+08              2.140149          25.0  25.0
DixonPrice   bo_alternating_k5 1.037265e+07 6.425886e+06 1.480955e+07 1.293318e+07 4.886641e+06 1.475669e+07 1.582873e+07 8.394556e+06 1.146083e+07 7.125994e+06 1.069947e+08              2.162531          26.0  26.0
DixonPrice  bo_explore_exploit 1.067402e+07 8.648064e+06 9.977612e+06 1.324692e+07 1.744139e+07 5.762985e+06 1.168153e+07 1.461466e+07 1.315527e+07 6.376674e+06 1.115791e+08              2.255189          27.0  27.0
DixonPrice           lmabo-ab4 8.708253e+06 1.253152e+07 8.886460e+06 8.745069e+06 1.367335e+07 6.704221e+06 1.995540e+07 2.108977e+07 7.278198e+06 9.996891e+06 1.175691e+08              2.376256          28.0  28.0
DixonPrice                 qKG 1.188180e+07 1.536151e+07 8.713510e+06 1.477054e+07 1.049649e+07 8.407940e+06 1.554456e+07 1.376330e+07 1.198564e+07 9.635431e+06 1.205607e+08              2.436721          29.0  29.0
DixonPrice random_acq_curated2 8.628340e+06 1.673038e+07 1.298091e+07 8.938860e+06 1.393426e+07 9.696224e+06 2.367345e+07 1.820754e+07 1.454162e+07 6.870266e+06 1.342018e+08              2.712430          30.0  30.0
DixonPrice                qMES 1.236681e+07 1.329874e+07 1.087912e+07 1.487213e+07 1.439718e+07 1.624991e+07 1.705239e+07 1.066528e+07 1.432220e+07 1.211221e+07 1.362160e+08              2.753138          31.0  31.0
DixonPrice               llmgp 1.339433e+07 1.965196e+07 1.180485e+07 1.814518e+07 8.363253e+06 1.842121e+07 6.908434e+06 7.319923e+06 1.730263e+07 1.542014e+07 1.367319e+08              2.763566          32.0  32.0
DixonPrice           lmabo-ops 8.133186e+06 2.228370e+07 1.539740e+07 1.281913e+07 1.037197e+07 9.456295e+06 2.632576e+07 1.491341e+07 1.217989e+07 9.788929e+06 1.416697e+08              2.863366          33.0  33.0
DixonPrice                qJES 1.045302e+07 1.485016e+07 9.997356e+06 8.734972e+06 6.514825e+06 1.435958e+07 2.371829e+07 1.653915e+07 1.613662e+07 2.072798e+07 1.420320e+08              2.870688          34.0  34.0
DixonPrice                  TS 1.368911e+07 1.516900e+07 1.229339e+07 1.416125e+07 8.882673e+06 2.007155e+07 1.052706e+07 1.971509e+07 1.784798e+07 1.245827e+07 1.448154e+08              2.926946          35.0  35.0
DixonPrice              PosSTD 1.247883e+07 1.246223e+07 3.816967e+07 1.692808e+07 2.501932e+07 7.440545e+06 2.325537e+07 2.320036e+07 3.841517e+07 1.581149e+07 2.131811e+08              4.308723          36.0  36.0
DixonPrice                 UCB 1.935177e+07 2.646438e+07 2.112163e+07 2.199408e+07 2.143228e+07 3.092500e+07 1.503925e+07 2.549980e+07 2.438027e+07 2.503676e+07 2.312452e+08              4.673828          37.0  37.0
DixonPrice                qPES 4.631033e+07 7.417782e+07 6.879115e+07 5.949042e+07 1.108152e+08 1.117030e+08 1.097457e+08 8.909164e+07 8.093564e+07 6.329439e+07 8.143553e+08             16.459397          38.0  38.0
========================================================================================================================================================================================================
 problem              method     run_1     run_2     run_3     run_4     run_5     run_6     run_7     run_8     run_9    run_10        sum  relative_performance  problem_rank  rank
DropWave               llmgp 10.082858  8.222250  8.797199 13.382431 38.937688 13.606413  6.554941 17.496195 16.742007 10.482993 144.304975              1.000000           1.0   1.0
DropWave              llambo  6.742652 28.168471 14.056530 25.711238  5.045487 22.184014  2.202968 24.267557  8.146187  9.250694 145.775799              1.010192           2.0   2.0
DropWave               lmabo 10.434595 13.571241 14.964275 10.413852 19.633617 14.404330  8.810372 15.238680 12.056097 32.498191 152.025251              1.053500           3.0   3.0
DropWave           lmabo-ab1 11.083579  7.071177 16.880309  9.808418 24.925428 14.090902 16.084650 12.287916 15.377482 25.405426 153.015287              1.060360           4.0   4.0
DropWave          lmabo-ops3 10.252629 12.900801 10.196663 23.339540 27.759813 10.433597  7.144305 14.634658 19.428900 23.481091 159.571996              1.105797           5.0   5.0
DropWave    setup_bo-curated  8.953215 26.069582 14.576837 24.509952  9.906038 11.091972 14.887160 21.523951  5.236023 25.042653 161.797384              1.121218           6.0   6.0
DropWave          lmabo-ops6 12.127106 14.491719 20.701177 15.975061 31.045354 16.649376  8.009973  7.917545  9.643075 26.116431 162.676817              1.127313           7.0   7.0
DropWave  no_past_bo-curated  8.423769  8.144100 18.997702 12.838920  7.166226 25.188678 18.148397 21.104568 11.207999 32.703785 163.924142              1.135956           8.0   8.0
DropWave   bo_alternating_k3 13.525631 29.492769 23.780349 14.732742 16.383512 27.840933 14.388587 14.490855  6.147112  4.031558 164.814049              1.142123           9.0   9.0
DropWave           lmabo-gpt 12.389695 18.202291 16.867308  8.595633 29.224514 18.420811 13.670192 22.004174  5.389595 22.765693 167.529906              1.160943          10.0  10.0
DropWave                 esp 11.744471 19.160048 12.238645 18.505708 17.649543 27.680218 21.944670 20.032407  8.008117 19.591044 176.554871              1.223484          11.0  11.0
DropWave           lmabo-ab3 12.304083 13.021424 14.631070 30.748136  9.699874 27.183456 23.504616 15.079102 12.617068 18.160583 176.949413              1.226218          12.0  12.0
DropWave           lmabo-ab2 11.993081 13.764709 12.801857 16.177220 24.813440 21.411486 20.453960 20.846848  9.060721 25.785225 177.108548              1.227321          13.0  13.0
DropWave                qPES 12.437194 20.954485 23.628860 26.376285 15.563677 22.285381  5.465772 22.893957 18.083378  9.726684 177.415673              1.229449          14.0  14.0
DropWave  bo_explore_exploit 24.960460  6.414222 16.922651 14.548709 31.297955 21.972611 13.838926 16.114711 11.702520 21.727413 179.500179              1.243895          15.0  15.0
DropWave            setup_bo  8.507046 21.581961 18.913357 21.301813 22.305542 17.044643 22.948154  3.538897 14.975671 29.683440 180.800524              1.252906          16.0  16.0
DropWave                  TS  6.792486 19.266249 13.717273 34.004804 24.998686 13.923226 22.455661 17.649865 13.187230 16.936977 182.932456              1.267679          17.0  17.0
DropWave          random_acq 11.648900 25.232175 14.008546 31.955920 25.824838 24.612880 19.386114 19.594551  7.943223  4.554947 184.762093              1.280358          18.0  18.0
DropWave                qJES 22.052043  9.382683 10.406511 16.553072 27.885301 28.194504 16.141634 22.811382 13.080474 18.719250 185.226854              1.283579          19.0  19.0
DropWave random_acq_curated2  9.644948 21.431844 11.409055 32.009947 33.654923 21.885893 25.858055  7.220691  5.253942 19.908606 188.277904              1.304722          20.0  20.0
DropWave   bo_alternating_k1  8.067847 14.217677 11.048775 21.575175 30.866472 24.326217 24.390011 17.341627  7.559428 32.964168 192.357397              1.332992          21.0  21.0
DropWave     gphedge-curated 13.712254 28.377879 14.733038 28.258482 29.485539 31.166690 20.582490 19.476367  5.428847  7.858056 199.079641              1.379576          22.0  22.0
DropWave           lmabo-ops 13.123208 24.022184 15.074415 31.291327 21.614606 20.946661 12.100914 21.439347 15.815578 25.931256 201.359495              1.395375          23.0  23.0
DropWave             gphedge 13.360983 23.797093 25.135885 20.281747 26.675927 30.624863 19.962955 14.364919 14.690949 17.850083 206.745404              1.432698          24.0  24.0
DropWave         esp-curated 23.787926 25.737158  9.848192 18.484377 24.119959 21.377312 20.381324 20.392791 22.149226 23.524813 209.803080              1.453887          25.0  25.0
DropWave   bo_alternating_k5 10.729557 10.367793 20.234218 33.663195 34.937703 19.940654 29.343901 20.987883 12.885236 17.145152 210.235291              1.456882          26.0  26.0
DropWave                qMES  5.838198 15.037824 28.528039 14.717543 18.232399 41.396511 23.205532 21.071577  9.374203 32.886809 210.288635              1.457251          27.0  27.0
DropWave                  EI  5.418767 18.146933 13.357803 27.858941 38.316367 22.091290 18.199562 21.777592 14.200858 31.571039 210.939152              1.461759          28.0  28.0
DropWave           lmabo-ab4 15.302958 29.752011 14.590959 28.669324 38.967467 14.666991 27.529720 21.536139  7.875232 25.004086 223.894887              1.551540          29.0  29.0
DropWave                 UCB 10.176093 17.842948 31.390162 26.127903 32.529631 32.478605 24.800427 10.046592 11.341060 27.427637 224.161059              1.553384          30.0  30.0
DropWave               LogEI 11.141420 27.833807 12.423442 32.076010 25.060066 36.496048 28.851701 12.067598 17.232183 22.368951 225.551227              1.563018          31.0  31.0
DropWave                 qKG 23.192184 23.607925 11.672171 16.956224 37.851614 31.171550 13.856125 26.182267 16.486350 25.074167 226.050577              1.566478          32.0  32.0
DropWave random_acq_curated1 31.112409 28.310771 12.832364 34.259372 28.559793 19.572192 21.051128 19.610341  6.791659 33.025554 235.125584              1.629366          33.0  33.0
DropWave             PosMean 12.017142 39.219473 27.271307 31.797050 33.157166 32.490625 18.415656 11.463804  4.720598 28.524354 239.077175              1.656749          34.0  34.0
DropWave          no_past_bo 12.584983 27.423484 19.157331 31.984896 36.812565 33.477064 23.680228 20.709211 13.922879 31.934972 251.687613              1.744137          35.0  35.0
DropWave                  PI 11.237655 35.186494 31.545798 31.809745 18.348158 36.055337 26.780613 19.534960 12.388632 32.595580 255.482972              1.770438          36.0  36.0
DropWave               LogPI 11.280768 36.640184 31.545872 32.004486 34.421093 32.361782 26.770372 27.786272 14.655825 31.310996 278.777650              1.931864          37.0  37.0
DropWave              PosSTD 46.046545 43.339324 31.552323 25.017555 34.123869 47.265090 29.053505 34.065879 41.810804 38.192811 370.467705              2.567255          38.0  38.0
========================================================================================================================================================================================================
  problem              method        run_1        run_2        run_3        run_4        run_5        run_6        run_7        run_8        run_9       run_10           sum  relative_performance  problem_rank  rank
EggHolder           lmabo-gpt  6258.323575  5963.993712  5878.124620 19284.683789 17113.280685  6261.706581 10403.608218  2402.078117 12287.189878  9105.090673  94958.079847              1.000000           1.0   1.0
EggHolder          lmabo-ops6  5288.008514  6150.306418  7472.744275  8586.716142 12960.086590  1303.039627 27571.566205  7169.145887  9175.595030 11638.053294  97315.261983              1.024823           2.0   2.0
EggHolder random_acq_curated1  8397.698588  4462.939990  8681.091638 17429.123221 19001.341951 19490.021290 10834.327918  1522.389007  5342.894138  6328.160497 101489.988237              1.068787           3.0   3.0
EggHolder   bo_alternating_k3  7342.980479   700.701117  4389.065844 15611.247662 22947.717012  9582.694061 17658.536902  8817.093748  5521.649797 10762.878243 103334.564864              1.088212           4.0   4.0
EggHolder               lmabo 12904.108470  6903.455660  8630.257113 11169.718039 19931.392263 21424.806481 11785.440915  5349.860296  6075.490290  7566.322334 111740.851862              1.176739           5.0   5.0
EggHolder                  EI  6908.399677  5819.213140  8323.992607 22009.849143 30864.350820 18341.333037  9892.749929  1293.793887  5514.872769  8001.793260 116970.348269              1.231810           6.0   6.0
EggHolder random_acq_curated2  7757.007207  5915.151008  8308.379850 16138.777622 20572.197666 12209.734429 12425.501551  3492.759624 15681.451942 16236.777090 118737.737989              1.250423           7.0   7.0
EggHolder          lmabo-ops3  8177.132691  5303.896346  8520.108595  7567.746611 17708.729003 12955.344821 12720.065197 12758.503681 26151.546755  7400.383523 119263.457222              1.255959           8.0   8.0
EggHolder           lmabo-ab1  7283.763984  7921.897456  6227.479921 20726.643364 14003.680096 12894.006713 19521.878001 10993.842993 14311.127747  6504.899914 120389.220188              1.267814           9.0   9.0
EggHolder               LogEI  3565.222143  5314.061498  5869.682513 26510.049342 19966.883565 11247.506165 24048.253010  3727.358884 17941.271082  9825.515960 128015.804160              1.348130          10.0  10.0
EggHolder                qMES  8861.873385  6109.109968  8406.628797 27116.207847 13929.849948 12226.100148 24769.273771  9274.910895 12793.347263  5423.718395 128911.020415              1.357557          11.0  11.0
EggHolder                 esp  9431.476255  9633.624915  8670.607051 18981.224685  6864.402881 20150.935271 13995.426430  1526.740447 23419.887574 16245.455312 128919.780821              1.357649          12.0  12.0
EggHolder            setup_bo 11340.280050  8068.257473 26360.026544 13240.010986 12900.081012 13196.245882 13465.618559  9048.203480  9161.869591 13130.311435 129910.905012              1.368087          13.0  13.0
EggHolder   bo_alternating_k1  8669.853131  4051.756790  4325.950260 13885.975843 16688.078076  6571.311442 21821.098843 17608.073032 15867.187234 20650.245280 130139.529931              1.370495          14.0  14.0
EggHolder             gphedge  7529.188635 20456.005275  5729.957300 26739.532179 26217.513662  8522.488018 10753.129628  4621.725572 18231.249226  7283.407636 136084.197130              1.433098          15.0  15.0
EggHolder     gphedge-curated 12275.897300  5439.625948  6402.746599 23183.262903  8045.405965 15993.376800 24830.158443 10480.872261 23322.475833  9363.007149 139336.829200              1.467351          16.0  16.0
EggHolder               LogPI  3253.729794  5567.817951  4817.865522 26374.610237 33544.338640 27139.095561 27457.295003   981.902617  8071.349564  2744.945081 139952.949971              1.473839          17.0  17.0
EggHolder    setup_bo-curated 16945.054594  9706.468405  6131.096304  9764.668429 29181.604498 15758.667367 20313.228690 14705.342087  7887.157765 12075.336212 142468.624351              1.500332          18.0  18.0
EggHolder                  PI  4544.650292  5599.019800  7696.558810 26126.934526 30991.045911 27109.462348 26407.956670  1016.056801  6112.730792  7669.889470 143274.305420              1.508816          19.0  19.0
EggHolder   bo_alternating_k5 12835.166806  7160.601384  6454.395749 21053.514992 24758.271724 18411.613017  6593.517762 12072.815757  8209.055731 25744.392884 143293.345803              1.509017          20.0  20.0
EggHolder                  TS 19576.935250  5082.156987 20772.000791 12103.052532 17803.449664 21581.757882 21603.917999 14010.019385  2894.282783  9556.490084 144984.063357              1.526822          21.0  21.0
EggHolder          random_acq  5232.838821  7218.049547 12367.812222  7259.655064 29766.379212  6690.443459 26519.259749 12521.760436  9917.239000 27554.202934 145047.640444              1.527491          22.0  22.0
EggHolder           lmabo-ops 11363.969289  7309.798439  7138.380298 25989.652957 22499.171301 12419.261345 18489.367452  8017.932408  4485.220592 28101.145284 145813.899365              1.535561          23.0  23.0
EggHolder           lmabo-ab2 10371.092316  9471.444636  9257.486814 22315.285221 33068.400523  6071.072757 24154.502071  8596.788084  8293.265159 14765.899866 146365.237447              1.541367          24.0  24.0
EggHolder         esp-curated  7121.964206  6101.357330 12350.051219 22247.874172 29056.471030 20130.778282 19477.491689 13492.437527  7667.825077 10549.394339 148195.644870              1.560643          25.0  25.0
EggHolder                 UCB 21008.817807  9313.868793 16193.145205 27131.968678 23689.063233  9912.407076 26980.741649  5883.840731  3717.423714 10385.656041 154216.932926              1.624053          26.0  26.0
EggHolder           lmabo-ab4 15356.085701 11611.959280 10195.313422 29031.261157 35160.302169 18327.815289 12262.505474  8168.882912 10773.047384  5510.780060 156397.952846              1.647021          27.0  27.0
EggHolder           lmabo-ab3  7061.576373  6655.811037  8751.482321 25477.527317  9654.493520 21156.412159 22673.983319 10453.525712 27707.386401 17129.380714 156721.578873              1.650429          28.0  28.0
EggHolder                qPES  7972.444779 13505.142047 12285.200823 22524.517591 10126.429582 19236.775061 12625.124792 19220.459071 23245.030616 17438.496561 158179.620923              1.665784          29.0  29.0
EggHolder             PosMean 10048.387615  7605.994839  5827.804821 27038.951212 33754.537090 36350.857498 28758.986823   998.282054  3265.646700  5136.302465 158785.751116              1.672167          30.0  30.0
EggHolder  bo_explore_exploit 14823.678115  5008.190487 12613.530342 25584.621503 12890.687032 21464.534821 14199.121791 20149.328459 15238.524295 19611.678846 161583.895692              1.701634          31.0  31.0
EggHolder  no_past_bo-curated 16127.631635  9549.088581  5778.630758 12487.179091 31559.422319  9617.457639 19876.633160 21820.103222 24472.539739 19538.096201 170826.782344              1.798970          32.0  32.0
EggHolder          no_past_bo  9191.864705  7234.435221 16853.407274 23754.285579 31659.600241 13172.015927 23167.479064 13350.495327 10745.315760 25089.473383 174218.372481              1.834687          33.0  33.0
EggHolder               llmgp 21601.703087 13012.890630 25147.014578  6478.569349 21012.503866 21807.638742 15660.381363  7660.020787 23156.810688 19807.572685 175345.105774              1.846553          34.0  34.0
EggHolder                 qKG 21454.059075 28102.368966 24963.193017 17346.360644 16646.056254  7119.609327 24549.946934  9972.716487 23722.211996 14971.504179 188848.026878              1.988752          35.0  35.0
EggHolder                qJES 22437.357359 17616.692206 21198.758922 22271.306005 20586.144423 16702.301587 30511.143873 15835.925169 18236.726217 21596.746594 206993.102356              2.179837          36.0  36.0
EggHolder              llambo 12791.357442 33540.920552 27255.181706 29102.856377  9985.092137 19995.227666 30269.861752 30069.342759 41168.331242 24869.852650 259048.024282              2.728025          37.0  37.0
EggHolder              PosSTD 22437.357359 41786.226293 24824.997724 46299.769301 35897.646501 35294.334719 47138.220843 42049.221986 45346.350212 59501.309297 400575.434235              4.218445          38.0  38.0
========================================================================================================================================================================================================
 problem              method        run_1       run_2        run_3        run_4        run_5        run_6        run_7        run_8        run_9       run_10           sum  relative_performance  problem_rank  rank
Griewank             PosMean  2137.877226 1575.422205  1532.516442  1699.927606  2292.665006  1144.680297  1969.588581  1618.100834  2477.783248  1956.128039  18404.689486              1.000000           1.0   1.0
Griewank               lmabo  2290.942860 1756.854170  1674.354160  3068.506311  2152.899367  1338.970120  1709.883233  1982.309238  2481.730463  1620.543821  20076.993743              1.090863           2.0   2.0
Griewank               LogPI  2766.047292 1501.888679  2407.083738  1284.147398  1731.218691  1693.624792  1758.721283  2076.779067  3428.518106  1797.852066  20445.881113              1.110906           3.0   3.0
Griewank                  PI  2087.215773 1855.636924  1909.466484  2110.239870  1699.171081  1884.863188  1925.267507  2252.385410  3072.912523  2032.452032  20829.610791              1.131756           4.0   4.0
Griewank           lmabo-gpt  1939.692676 1223.481223  2845.767522  2236.023348  2467.028320  2118.083648  2098.805911  1767.223329  2741.033342  1491.900603  20929.039922              1.137158           5.0   5.0
Griewank               LogEI  2252.828492 1579.940293  3548.169025  2014.559347  2043.705999  1365.325817  1639.384072  2245.382764  2574.596440  1979.461048  21243.353297              1.154236           6.0   6.0
Griewank          lmabo-ops6  3701.548551 1781.855715  2130.304576  1726.064696  2754.702505  1648.030289  1506.824939  2121.840660  2559.769033  1561.759529  21492.700494              1.167784           7.0   7.0
Griewank              llambo  2048.931672 2090.496701   617.020798  1198.539366  5212.835693   348.561327  1382.274790   810.528915   933.634856  6972.913832  21615.737950              1.174469           8.0   8.0
Griewank random_acq_curated1  3017.208047 1135.598073  3321.758166  1542.443122  3040.453397   995.819450  1977.834571  3019.164155  1882.630387  2395.481746  22328.391114              1.213190           9.0   9.0
Griewank          random_acq  1971.413885 2111.579176  2047.263091  2763.135405  2025.224156  2216.046526  1891.317154  1927.833978  2988.226932  2671.298797  22613.339099              1.228673          10.0  10.0
Griewank           lmabo-ab3  3073.439834 1270.975735  2738.896483  2369.251181  2595.639228  2621.513115  1736.268109  1999.184594  2949.479140  1518.018693  22872.666112              1.242763          11.0  11.0
Griewank           lmabo-ab1  2067.722341 1289.327219  2484.347824  2269.781175  2420.850497  3021.976468  1690.949469  2972.775041  3221.153866  1468.958008  22907.841909              1.244674          12.0  12.0
Griewank             gphedge  3241.712739 1613.608469  3500.041591  1294.765185  2613.822601  2019.599965  2588.676374  1972.297758  3025.014626  1499.559932  23369.099240              1.269736          13.0  13.0
Griewank                  EI  2997.467547 1479.094651  1960.914560  2917.495201  3560.022414  1702.051084  2033.067172  2154.033788  2751.806282  1851.474461  23407.427160              1.271819          14.0  14.0
Griewank   bo_alternating_k1  3435.568211 2112.050197  1558.429413  2976.470096  3285.825238  2513.768411  1388.186372  1633.550002  1807.911699  3295.695503  24007.455143              1.304421          15.0  15.0
Griewank           lmabo-ab2  3001.853228 1588.047596  2469.279569  2483.343865  2253.304445  1928.709751  2167.089292  2740.463869  2813.552000  2944.599772  24390.243387              1.325219          16.0  16.0
Griewank                 esp  2368.926592 2629.203267  3929.212868  2365.174146  2615.439744  1524.118089  3300.634295  1760.911486  2673.906829  1300.180970  24467.708288              1.329428          17.0  17.0
Griewank random_acq_curated2  2781.163081 1663.778932  3695.363686  2916.568967  1886.561443  2667.951852  2702.145680  1656.033873  3384.206378  1379.680049  24733.453940              1.343867          18.0  18.0
Griewank          lmabo-ops3  2750.486631 1515.690466  2485.007221  2577.816608  2928.224395  2057.375053  1698.789556  2807.839724  3409.349341  2696.800555  24927.379550              1.354404          19.0  19.0
Griewank         esp-curated  3649.729650 1881.144028  3284.516335  1771.341230  3450.171094  1495.484958  1967.458651  2796.173324  2690.623858  2095.451296  25082.094422              1.362810          20.0  20.0
Griewank     gphedge-curated  1885.698790 1669.894238  2421.039847  2935.087172  2473.193921  4203.626086  1854.047475  2674.954769  2077.948605  2966.224413  25161.715316              1.367136          21.0  21.0
Griewank          no_past_bo  2463.647449 1675.556852  2742.950162  3692.218974  2753.590697  2072.418998  2132.822835  2347.393506  3308.183169  2095.140898  25283.923541              1.373776          22.0  22.0
Griewank                 qKG  2168.400320 2200.626588  1440.982561  2454.352028  3955.667232  2737.970325  1406.829099  3029.461332  2998.032073  3307.715340  25700.036899              1.396385          23.0  23.0
Griewank  no_past_bo-curated  3059.017686 1902.972560  2540.576522  3087.521412  3582.713754  1982.781521  2345.581550  2078.313684  3368.318053  2274.269580  26222.066322              1.424749          24.0  24.0
Griewank            setup_bo  2614.260215 1779.314534  3131.220540  1779.305934  3805.639583  2555.345322  2782.397314  2730.990340  2836.536593  2610.204895  26625.215271              1.446654          25.0  25.0
Griewank   bo_alternating_k5  3427.961673 1945.953614  2646.259579  2194.214146  3199.761039  2529.148080  1713.661836  2314.234108  4305.724044  2500.051948  26776.970069              1.454899          26.0  26.0
Griewank   bo_alternating_k3  3008.973916 1586.929150  2364.793285  2024.357677  3121.987335  2160.198439  2552.373699  3221.113293  3714.015599  3198.440521  26953.182915              1.464474          27.0  27.0
Griewank    setup_bo-curated  4813.276536 1799.198528  2533.881521  3068.232468  2817.887081  2310.194520  2051.386046  4268.049535  2047.275064  2537.511041  28246.892340              1.534766          28.0  28.0
Griewank                qJES  2465.101676 2828.957501  3492.328228  1840.888709  3262.228753  3315.675150  3250.087409  3021.907660  3589.533515  2209.020156  29275.728757              1.590667          29.0  29.0
Griewank           lmabo-ops  2465.456699 2001.728611  3341.680335  2721.072586  3684.792590  2269.784103  2868.220657  2974.511657  4505.286084  3093.603500  29926.136821              1.626006          30.0  30.0
Griewank  bo_explore_exploit  3738.155641 2604.376374  2924.641888  3586.272469  3840.692654  3551.995354  2576.267697  2478.298230  4320.951244  3435.514882  33057.166432              1.796127          31.0  31.0
Griewank                qMES  3109.348453 2496.922742  4615.254375  3052.592970  3165.667538  4058.853243  4360.759699  3103.400128  3508.909779  3721.449187  35193.158114              1.912184          32.0  32.0
Griewank                 UCB  3145.880078 3001.453359  4269.223501  4063.801212  3982.088662  3758.661216  4529.222337  3446.132515  3708.462667  5070.831603  38975.757148              2.117708          33.0  33.0
Griewank                  TS  4042.878040 3479.636559  2015.728532  2930.822039  4346.706542  4153.318870  4521.448129  5660.860344  4822.369048  4963.140136  40936.908240              2.224265          34.0  34.0
Griewank           lmabo-ab4  6775.639169 5663.848350  2739.901694  2361.645893  3910.590620  3999.503355  5649.482959  3225.394320  4458.638626  3978.838247  42763.483233              2.323510          35.0  35.0
Griewank              PosSTD  6863.005005 4459.254467  4729.741916  2569.478427  7752.012400  8048.817553  9220.696517  4534.789738  7259.992807  8842.117222  64279.906053              3.492583          36.0  36.0
Griewank               llmgp  8801.978408 6987.439399  8099.451147  5155.624629  6022.219049  4560.996216  7047.207655  7932.365948  8122.362592  7412.888137  70142.533180              3.811123          37.0  37.0
Griewank                qPES 13237.032671 7000.628582 12340.416732 13613.108582 12179.593545 14467.740937 12969.785221 10105.772885 10070.488530 12754.936186 118739.503871              6.451590          38.0  38.0
========================================================================================================================================================================================================
 problem              method      run_1      run_2      run_3      run_4      run_5      run_6      run_7      run_8      run_9     run_10         sum  relative_performance  problem_rank  rank
Hartmann                  EI  34.687709  47.052786  33.202016  29.871006  38.346342  28.660608  12.368867  11.674791  32.026909  22.439489  290.330521              1.000000           1.0   1.0
Hartmann                qMES  39.580467  41.186074  31.403011  22.143404  37.849614  25.040104  16.063604  20.656251  33.357018  24.612654  291.892202              1.005379           2.0   2.0
Hartmann   bo_alternating_k5  40.886642  24.642563  20.619491  22.193858  20.392779  35.814106  63.710456  22.278790  57.420737  16.032855  323.992277              1.115943           3.0   3.0
Hartmann                qJES  27.144813  48.296099  26.740517  26.870227  34.667944  25.972870  37.577931  33.573275  53.316990  21.931959  336.092622              1.157621           4.0   4.0
Hartmann           lmabo-gpt  29.915153  60.288626  25.200465  34.633370  34.057645  31.450819  26.153362  22.258611  37.293832  35.261158  336.513041              1.159069           5.0   5.0
Hartmann               lmabo  45.594720  48.314972  31.905355  28.948334  44.820277  29.767150  25.007945  30.270721  18.199199  35.750099  338.578769              1.166184           6.0   6.0
Hartmann             PosMean  38.018821  63.973745  44.345937  34.037333  31.705520  26.696439  25.054797  27.245033  33.626021  23.693370  348.397015              1.200001           7.0   7.0
Hartmann               LogEI  26.141415  37.600474  22.466097  19.567738  54.834804  50.477870  56.034768  12.473743  43.416499  26.244000  349.257407              1.202965           8.0   8.0
Hartmann           lmabo-ops  27.555794  57.515785  43.723769  24.021100  61.937322  17.650383  30.515740  26.784464  33.377597  36.336901  359.418854              1.237964           9.0   9.0
Hartmann            setup_bo  28.610955  65.881826  38.166686  25.807874  37.692013  28.920561  44.393517  18.244484  55.363370  20.054682  363.135969              1.250767          10.0  10.0
Hartmann          lmabo-ops6  33.204484  24.327790  46.014951  33.614951  42.438111  29.317266  80.488798  25.616014  38.432748  21.765893  375.221006              1.292393          11.0  11.0
Hartmann                qPES  36.917564  55.835692  27.750393  19.726782  55.910068  25.692935  64.106728  25.191015  37.373159  31.422198  379.926533              1.308600          12.0  12.0
Hartmann random_acq_curated1  32.313614  62.949097  28.149301  29.569428  48.235265  23.975771  68.268833  23.884729  47.651575  22.208782  387.206396              1.333674          13.0  13.0
Hartmann          no_past_bo  33.990591  52.176486  42.165234  26.972557  39.011560  38.794565  52.144848  29.547444  46.607998  26.499734  387.911016              1.336101          14.0  14.0
Hartmann         esp-curated  37.273238  41.661360  37.905980  40.403638  48.185792  40.759385  32.394165  20.083600  62.563938  27.253793  388.484890              1.338078          15.0  15.0
Hartmann           lmabo-ab3  31.178432  48.539911  49.249476  53.133243  45.010578  35.811272  39.946353  33.962616  29.398555  22.709102  388.939536              1.339644          16.0  16.0
Hartmann  no_past_bo-curated  37.941027  35.883008  39.686820  30.527175  47.995596  21.792982  75.040712  26.596414  56.134092  21.959885  393.557711              1.355551          17.0  17.0
Hartmann                  TS  51.576790  45.607908  59.489214  46.482996  57.955695  25.661807  24.110721  27.805406  26.248439  36.026125  400.965100              1.381064          18.0  18.0
Hartmann          lmabo-ops3  31.163114  47.293158  34.144274  40.852830  58.567932  36.550654  53.032592  21.574297  41.130909  39.280624  403.590385              1.390107          19.0  19.0
Hartmann                 qKG  44.672179  64.942128  40.144425  33.623476  37.263535  33.514219  50.588938  25.330070  47.498845  26.794830  404.372644              1.392801          20.0  20.0
Hartmann   bo_alternating_k1  41.361449  64.049109  54.342946  29.419484  36.049696  30.983395  48.829245  30.112030  38.693686  33.128955  406.969995              1.401747          21.0  21.0
Hartmann             gphedge  41.420856  48.636764  42.161922  40.225338  40.511804  43.287675  73.925483  26.064493  30.604400  32.387226  419.225961              1.443961          22.0  22.0
Hartmann    setup_bo-curated  58.079922  48.592023  33.297921  34.095374  47.650594  29.044261  68.537059  34.671973  52.215325  23.773166  429.957618              1.480925          23.0  23.0
Hartmann   bo_alternating_k3  51.446699  39.242176  38.225457  40.030368  46.353318  42.883149  66.293489  26.258607  43.006909  37.240945  430.981117              1.484450          24.0  24.0
Hartmann                 UCB  61.544558  51.928917  48.789994  21.442338  27.365638  34.100450  67.851796  27.470203  45.240235  48.138233  433.872363              1.494408          25.0  25.0
Hartmann random_acq_curated2  51.768271  88.302864  39.926621  27.058085  49.020050  31.598495  57.454289  20.881163  33.769194  35.402977  435.182008              1.498919          26.0  26.0
Hartmann  bo_explore_exploit  40.078451  35.113473  48.180794  34.212582  41.835867  42.185725  62.432621  41.082359  54.095792  39.209479  438.427142              1.510097          27.0  27.0
Hartmann                  PI  39.495332  74.496599  43.553050  31.221669  50.389319  26.229909  39.322176  29.002496  46.782153  60.930988  441.423690              1.520418          28.0  28.0
Hartmann          random_acq  40.964947  78.009284  43.015030  26.445525  55.290912  27.913433  71.270645  24.286155  46.652210  33.877585  447.725727              1.542124          29.0  29.0
Hartmann                 esp  40.328347 113.079608  36.813035  24.397694  22.675712  38.525714  54.686471  17.312724  73.967441  26.020622  447.807368              1.542405          30.0  30.0
Hartmann           lmabo-ab2  48.516248  93.539290  41.364607  25.414102  69.968493  44.733826  33.870025  25.083151  31.167501  45.810460  459.467704              1.582568          31.0  31.0
Hartmann               LogPI  41.498611  91.557946  32.410114  32.917976  79.910102  39.479642  23.938772  26.547399  62.585019  33.729173  464.574753              1.600158          32.0  32.0
Hartmann     gphedge-curated  38.895341  65.772549  53.156612  36.001986  42.811911  33.158312  67.282564  30.858757  52.432032  55.801289  476.171352              1.640101          33.0  33.0
Hartmann           lmabo-ab1  51.683158  58.268872  41.103819  36.097894  69.775173  27.904711  76.335174  26.276334  41.757453  48.458949  477.661538              1.645234          34.0  34.0
Hartmann           lmabo-ab4  13.610162 109.541322  25.801132  50.426728  80.064447  26.719689  33.975144  22.784421  42.020299  91.445372  496.388717              1.709737          35.0  35.0
Hartmann               llmgp 101.645851  59.671789  53.087949  47.931914 110.425362  99.831465  54.216379  53.742496  98.098226  65.933116  744.584546              2.564610          36.0  36.0
Hartmann              llambo 119.855547 134.697899 120.515854 132.165145 113.194135 109.415154 109.256740 117.541494 128.933266 132.836971 1218.412206              4.196638          37.0  37.0
Hartmann              PosSTD 142.281096 113.318271 153.002376 144.713674 117.186993 153.364651 157.746870 148.829931 139.621140 101.989330 1372.054332              4.725836          38.0  38.0
========================================================================================================================================================================================================
    problem              method      run_1      run_2      run_3      run_4      run_5      run_6      run_7      run_8      run_9     run_10         sum  relative_performance  problem_rank  rank
HolderTable          lmabo-ops6 181.107959  72.054921 182.030394  95.398984  65.229443  67.731813  82.023808  78.062091  20.973593  54.858831  899.471837              1.000000           1.0   1.0
HolderTable               lmabo 154.487467  44.237900 160.114230 164.604232 195.961273  54.916699  11.778631 120.108184 282.328209  75.528147 1264.064972              1.405341           2.0   2.0
HolderTable                qMES  99.715071  75.915645 209.802427 113.641380 216.481152  25.103277  42.835040  51.193357 355.849150  80.662477 1271.198976              1.413273           3.0   3.0
HolderTable           lmabo-ops 204.875423 112.490795 183.350699  82.904877 245.620047 200.264031  82.335245  40.740804  57.207545  67.712287 1277.501753              1.420280           4.0   4.0
HolderTable          lmabo-ops3 103.446481  97.755662  51.936347 246.483280 314.518095  96.932950  95.905610 107.145517 152.584374  27.024707 1293.733023              1.438325           5.0   5.0
HolderTable                qJES 108.341707  70.354232 224.363080 403.647919 259.937863  60.353288  80.120874  48.084897  23.513384  80.135658 1358.852901              1.510723           6.0   6.0
HolderTable           lmabo-gpt  59.356673 106.653315 122.954000 166.551368 228.755416  56.250642  91.721401 113.896517 338.487870  74.966943 1359.594146              1.511547           7.0   7.0
HolderTable  bo_explore_exploit  79.604772  99.341280  74.451885 378.696261 199.765588  17.867215  97.350454 145.121711  86.105384 207.795426 1386.099976              1.541015           8.0   8.0
HolderTable   bo_alternating_k1 191.918715 135.948103  73.843485 103.447274 453.328680  59.254535  52.505304 113.126118  74.175236 177.271136 1434.818585              1.595179           9.0   9.0
HolderTable                 UCB 133.639774  63.175938 202.471737 174.763103 240.506522 107.943777 295.828759 119.380923  66.852241  72.284775 1476.847548              1.641905          10.0  10.0
HolderTable                qPES  98.780780  73.145240 120.009789 407.918176 211.281201 142.903654 147.499708  58.610117  69.800909 195.107328 1525.056902              1.695503          11.0  11.0
HolderTable   bo_alternating_k5 163.511958  84.856481 272.725330  60.541469 260.026740 243.132002 106.256677 132.134551  56.610385 146.923589 1526.719181              1.697351          12.0  12.0
HolderTable     gphedge-curated 177.432493  78.285968 105.071137 349.649203 211.119349 122.134994 104.436531 156.389580 147.098271 128.450443 1580.067970              1.756662          13.0  13.0
HolderTable random_acq_curated2 128.490680 124.390461 170.510593 523.114885 283.501106  12.462769 164.164757  81.133042  42.411339  83.654351 1613.833983              1.794202          14.0  14.0
HolderTable                  EI 122.202977 121.920160 194.241436 170.318304 306.173250 131.325205  77.997132 157.608443 239.962292 164.253632 1686.002830              1.874436          15.0  15.0
HolderTable         esp-curated  74.171704  73.951918 138.817493 191.252804 341.867694 387.577612  45.001450 226.796581 217.969474  65.223345 1762.630075              1.959628          16.0  16.0
HolderTable               LogEI 178.843195  92.728359 195.285551 185.123789 452.565663 166.884629 177.950598  56.184087 159.680616 163.078120 1828.324607              2.032665          17.0  17.0
HolderTable           lmabo-ab1 305.231917 122.740335 155.569199 157.983439 376.215629  71.917540 184.278644 208.698928 253.065643   8.207987 1843.909259              2.049991          18.0  18.0
HolderTable               llmgp 191.815667 106.308100 227.409313 208.971063 333.903173  25.327243  54.379372 225.654955 168.445811 358.651998 1900.866696              2.113314          19.0  19.0
HolderTable    setup_bo-curated 235.399690  55.880419 255.524342 114.372871 338.460945 228.055284 214.699475 185.258836 233.417653  63.877512 1924.947029              2.140086          20.0  20.0
HolderTable  no_past_bo-curated  84.778594 196.561089 244.945144 381.876316 248.206012 199.370709  26.403407 146.403172 335.431799 105.650917 1969.627158              2.189760          21.0  21.0
HolderTable           lmabo-ab3  41.030924 207.578775 432.140649 536.806900 153.083366  29.069765 176.387408 252.018211  92.788225  69.548180 1990.452403              2.212912          22.0  22.0
HolderTable           lmabo-ab2 249.749315  95.777073 166.316192 289.627490 238.713662 482.011888  51.619020  15.651362  34.709075 372.329821 1996.504899              2.219641          23.0  23.0
HolderTable random_acq_curated1 212.134005  94.255273 176.818275 532.275872 349.359099  48.458106 115.793962  88.660582 242.487392 157.084543 2017.327109              2.242791          24.0  24.0
HolderTable             gphedge  68.956355 187.019541  76.122213 176.377665 232.037506  46.274251 231.837777 486.114854 471.453980  61.464069 2037.658212              2.265394          25.0  25.0
HolderTable   bo_alternating_k3  72.805914 165.433685  87.730602 233.326579 390.165543 330.168898 167.243155  86.820327 297.473915 328.058691 2159.227310              2.400550          26.0  26.0
HolderTable          random_acq 244.894242 173.870497 131.278866 265.893056 563.423441 121.242378 360.073631  50.286544 160.703493 101.859420 2173.525569              2.416446          27.0  27.0
HolderTable              llambo 252.131097 187.013351 232.567441 287.594747 342.016245 152.428051 256.268416 311.289604 124.264967  43.250124 2188.824043              2.433455          28.0  28.0
HolderTable                 qKG 421.431310 220.121599 360.338645 375.668332 261.813176 162.246812 144.896044  46.784316  44.729248 164.752841 2202.782322              2.448973          29.0  29.0
HolderTable                 esp  41.022520 198.333270 244.308577 434.362216 409.715237 195.532691 127.026336 155.966457 153.682576 250.740855 2210.690736              2.457765          30.0  30.0
HolderTable                  TS 284.835676 152.809687 406.909944 167.042174 450.342098 176.308429 157.193896  21.905766 446.937436  98.147778 2362.432883              2.626467          31.0  31.0
HolderTable          no_past_bo 504.277061 231.035472  60.015602 519.029457 595.872221  83.203260  11.781316 156.802366 176.643091 208.907735 2547.567580              2.832293          32.0  32.0
HolderTable            setup_bo 174.961757 211.233766 118.253310 539.596306 501.415501 172.296300 173.748355 210.292204 456.554509  97.020271 2655.372279              2.952146          33.0  33.0
HolderTable               LogPI  39.095419 195.412908 112.849730 532.516367 814.303542  93.257891 533.004269 238.142769 457.287821  50.801499 3066.672215              3.409414          34.0  34.0
HolderTable           lmabo-ab4 139.540181 550.614037 295.417940 245.495481 291.550464 160.036366 170.592818 185.011534 715.235996 337.193616 3090.688434              3.436115          35.0  35.0
HolderTable                  PI 471.649835 121.530973 435.502309 535.627760 812.309188  55.022583 546.630564 100.390141 466.895481  50.708412 3596.267246              3.998199          36.0  36.0
HolderTable             PosMean 568.010399  56.491467 511.515933 536.006610 815.839257  25.023057 578.862932  47.722681 449.258269 208.907735 3797.638339              4.222076          37.0  37.0
HolderTable              PosSTD 618.617329 832.955039 942.491073 862.495883 931.083322 920.023326 921.870786 813.322017 887.136739 699.391926 8429.387441              9.371486          38.0  38.0
========================================================================================================================================================================================================
problem              method       run_1        run_2        run_3        run_4       run_5        run_6        run_7        run_8       run_9       run_10           sum  relative_performance  problem_rank  rank
   Levy              llambo 2326.948616  1859.398972  1164.074557   868.757985 1047.517296   216.091647  1627.601453  2515.962918  765.439497  1384.042941  13775.835884              1.000000           1.0   1.0
   Levy               LogPI  629.830254  2995.726347  1240.366735  2048.605448 2346.139375  1456.522258  1761.677277  3727.166002 3129.586064  1709.612935  21045.232694              1.527692           2.0   2.0
   Levy                  EI 1503.919505  1676.478104  2331.059387  1979.526958 2589.465791  1428.344044  2583.340869  3591.798137 1928.466659  2519.082201  22131.481654              1.606544           3.0   3.0
   Levy             PosMean 1111.207701  1440.742459  3207.611440  2972.596458 1809.777230  1604.611442  1835.858994  3357.911077 3487.793502  2202.156799  23030.267101              1.671787           4.0   4.0
   Levy           lmabo-gpt 1245.777541  3758.097343  2284.936254  2459.449763 2089.661253  2067.759863  2595.685700  3417.367478 1178.382370  2007.050595  23104.168162              1.677152           5.0   5.0
   Levy                  PI 1518.389623  2728.909444  3146.995891  1762.390593 1937.967729  1227.091263  2628.607105  4007.067620 1786.104296  3284.958988  24028.482553              1.744249           6.0   6.0
   Levy               LogEI 2716.080202  3130.675530  3639.894018  2694.262002 2577.134124  2452.749868  2800.069103  2027.164994 1842.463374  2051.452812  25931.946028              1.882423           7.0   7.0
   Levy               lmabo 1043.091941  3530.704073  2860.652430  2900.652611 1779.663176  2205.604612  2987.692218  4186.520907 1900.594746  3052.507165  26447.683878              1.919861           8.0   8.0
   Levy             gphedge 2161.954165  3862.601739  1776.576159  3557.938568 3572.059612  2673.906699  1777.075891  3431.159139 2710.110513  2410.278837  27933.661324              2.027729           9.0   9.0
   Levy random_acq_curated2 1010.257117  2770.670677  4095.759954  2964.042205 2820.622710  2510.101599  4242.799340  2311.385799 3195.637675  2382.142245  28303.419322              2.054570          10.0  10.0
   Levy          lmabo-ops6 2857.208361  2806.868668  3083.541734  2624.935525 2215.464161  2957.053111  2927.878406  3225.093977 3226.244983  2465.291321  28389.580247              2.060825          11.0  11.0
   Levy random_acq_curated1 2450.958454  2808.794890  3412.294417  2903.331668 1836.672592  2652.936024  2565.014700  3031.402855 1988.689658  4754.434998  28404.530256              2.061910          12.0  12.0
   Levy         esp-curated 1535.245752  2943.993770  2919.135186  2664.941684 3606.340506  2422.848370  2336.187793  4445.807872 2695.215178  2923.908191  28493.624302              2.068377          13.0  13.0
   Levy          no_past_bo 1410.678514  3182.118522  3794.989875  2835.724020 2486.381521  2277.452228  2200.915572  4186.161017 2925.051974  3447.916152  28747.389396              2.086798          14.0  14.0
   Levy  no_past_bo-curated 1722.286901  4270.587398  3364.054838  3003.767162 3023.977456  2645.727654  2828.701174  3586.809478 2314.487253  2164.483561  28924.882874              2.099683          15.0  15.0
   Levy          lmabo-ops3 2110.892320  2496.461754  3569.907150  3146.609357 3467.566484  2812.984420  3370.694554  3571.611659 2728.670698  1804.699553  29080.097949              2.110950          16.0  16.0
   Levy   bo_alternating_k5 2071.192172  2813.841916  2588.693956  3853.077434 4055.364183  2652.034023  2798.540475  3292.959567 3299.730975  1870.002866  29295.437565              2.126581          17.0  17.0
   Levy   bo_alternating_k3 1521.953748  3576.159124  3249.667779  3784.510275 3576.275517  3047.745980  2724.412327  4180.826299 1664.976481  2795.691318  30122.218848              2.186598          18.0  18.0
   Levy           lmabo-ab2 3508.585098  3049.556545  3197.251013  3036.037775 2598.839847  1644.778969  2348.127759  2933.422969 3387.540328  4419.799865  30123.940169              2.186723          19.0  19.0
   Levy           lmabo-ab3 1818.510333  2476.242302  3456.757118  3840.198957 2411.800946  2421.657189  3276.555280  3617.102426 4335.469126  2859.139546  30513.433222              2.214997          20.0  20.0
   Levy     gphedge-curated 2637.625475  3507.850562  3499.718608  4011.908800 3096.485979  3813.829215  2570.448828  4593.260715 1896.084796  2027.324436  31654.537415              2.297831          21.0  21.0
   Levy            setup_bo  702.281611  3255.149499  2452.525769  4493.498469 3150.886279  1828.291515  2926.889898  3458.802337 4818.732469  4703.459360  31790.517207              2.307702          22.0  22.0
   Levy                 qKG 2292.304059  3070.917977  4067.702221  4500.309126 3972.996420  2004.086758  2993.726111  3030.501270 3280.298289  3327.104020  32539.946251              2.362103          23.0  23.0
   Levy   bo_alternating_k1 2007.573966  3597.674615  4561.161410  4630.504768 3695.453897  2218.583448  2719.376475  3950.192765 2679.666530  2749.079148  32809.267021              2.381653          24.0  24.0
   Levy           lmabo-ab1 1584.630245  3285.409128  4463.476510  3375.888033 3887.712631  2478.635751  3354.459029  2879.382755 3625.041267  4023.999693  32958.635042              2.392496          25.0  25.0
   Levy          random_acq 1496.304269  4276.807878  4437.900341  3390.513998 1850.399365  2996.220409  2688.830394  4081.814132 4583.219185  3276.883476  33078.893445              2.401226          26.0  26.0
   Levy                 esp 3455.766870  2819.356608  4259.458330  2463.067585 3128.612453  2901.080922  3448.679527  3508.719024 4091.267482  3783.487432  33859.496234              2.457891          27.0  27.0
   Levy                qMES 3216.916198  2833.261175  2663.172392  4842.617003 3059.717786  3409.730136  3587.181630  4308.361355 3147.715270  4979.514895  36048.187840              2.616770          28.0  28.0
   Levy               llmgp 2943.723552  2970.405085  4209.755735  3000.525658 4708.245378  2981.325725  4516.866796  3527.057977 2887.814909  4644.380690  36390.101504              2.641589          29.0  29.0
   Levy           lmabo-ops 2974.518450  3258.087524  5115.906682  3357.372294 7148.414223  3403.987578  5105.033744  3522.237605 3995.980652  3134.964289  41016.503040              2.977424          30.0  30.0
   Levy           lmabo-ab4 2846.864119  3874.549543  4885.835855  4536.939973 3759.464373  3406.619989  3266.765080  4291.640812 6198.961731  4664.209544  41731.851019              3.029352          31.0  31.0
   Levy  bo_explore_exploit 2632.821361  3830.417208  4266.318447  5116.790434 4445.396758  3707.536244  3910.137898  6069.269352 3160.221003  4816.785526  41955.694230              3.045601          32.0  32.0
   Levy                qJES 2842.105190  3552.388897  3560.216371  5428.203018 4358.934293  5318.927428  4762.806160  5204.602655 4586.106635  5410.514701  45024.805349              3.268390          33.0  33.0
   Levy    setup_bo-curated 2249.916940  4957.332625  5296.426427  4689.075171 5034.248273  4372.793195  5280.099864  5722.867319 5120.980794  5638.124688  48361.865294              3.510630          34.0  34.0
   Levy              PosSTD 3578.369485  4248.698721  6412.436964  4640.845969 4309.803244  6135.051921  4218.565022  4666.041816 7038.927455  4091.799741  49340.540340              3.581673          35.0  35.0
   Levy                  TS 3382.497251  5961.765663  6095.729217  4062.664598 6473.930588  4329.293654  4519.558488  7372.182075 4719.667460  3990.101966  50907.390959              3.695412          36.0  36.0
   Levy                 UCB 5690.530060  5294.443683  4354.420728  6096.219566 4010.137505  5254.091655 10160.826544  6687.061349 3545.095874  6690.967615  57783.794578              4.194576          37.0  37.0
   Levy                qPES 8430.620256 14268.060413 11570.842035 20027.964277 8856.402156 13958.396530 20751.389320 17109.337466 7507.746759 17184.960522 139665.719735             10.138457          38.0  38.0
========================================================================================================================================================================================================
    problem              method      run_1      run_2      run_3      run_4      run_5      run_6      run_7      run_8      run_9     run_10         sum  relative_performance  problem_rank  rank
Michalewicz             PosMean 199.362904 205.452737 156.502919 179.600713 198.536834 167.079581 174.968659 125.781473 195.985438  96.488642 1699.759900              1.000000           1.0   1.0
Michalewicz                  PI 197.237548 200.044723 175.270492 170.738416 135.606478 193.254444 210.670018 144.016511 186.964850 150.131497 1763.934975              1.037755           2.0   2.0
Michalewicz          no_past_bo 173.705740 180.728068 138.463346 199.961965 221.055995 166.943163 178.551211 135.864596 185.051812 207.547778 1787.873675              1.051839           3.0   3.0
Michalewicz          lmabo-ops6 217.850935 185.020975 167.879707 194.969914 198.399205 152.138018 177.359205 126.649300 190.793329 204.137061 1815.197649              1.067914           4.0   4.0
Michalewicz            setup_bo 223.880646 224.224813 177.183968 164.353524 189.456579 161.247179 177.667906 140.429582 200.975230 184.629621 1844.049047              1.084888           5.0   5.0
Michalewicz               lmabo 223.605352 168.702627 174.546458 217.319582 180.371888 182.833642 192.422374 153.129241 186.946681 189.029851 1868.907696              1.099513           6.0   6.0
Michalewicz          lmabo-ops3 152.847205 192.315290 193.860889 151.512471 219.484952 188.019295 213.090712 178.713285 222.340144 191.614883 1903.799126              1.120040           7.0   7.0
Michalewicz               LogPI 188.650418 221.321376 215.265362 187.349315 180.569200 160.426070 223.177880 157.452225 206.422232 175.350250 1915.984329              1.127209           8.0   8.0
Michalewicz           lmabo-gpt 229.583032 190.513417 176.092286 182.505937 173.164746 187.595349 185.493182 189.223959 233.111472 176.818640 1924.102021              1.131985           9.0   9.0
Michalewicz           lmabo-ab2 168.203465 206.856047 170.036874 216.433996 193.953583 202.952172 187.873833 172.458103 218.974050 210.388194 1948.130318              1.146121          10.0  10.0
Michalewicz               LogEI 200.638245 228.144205 159.286898 217.916433 236.409811 149.650473 221.764669 178.712270 188.248969 169.801124 1950.573097              1.147558          11.0  11.0
Michalewicz random_acq_curated1 167.245341 217.718752 159.809717 206.103014 199.436368 195.082000 173.271708 213.375975 207.035480 212.634361 1951.712716              1.148228          12.0  12.0
Michalewicz                  EI 208.612626 226.483537 128.800425 183.982513 213.630528 173.403186 198.054698 186.823435 232.903537 203.938054 1956.632538              1.151123          13.0  13.0
Michalewicz           lmabo-ops 198.926839 197.905006 190.740152 189.564897 193.667605 216.103377 184.821871 202.688546 184.784766 197.792436 1956.995496              1.151336          14.0  14.0
Michalewicz           lmabo-ab3 229.901025 215.499227 204.536234 229.400641 170.940365 202.462780 134.107239 194.116969 203.237003 184.213302 1968.414786              1.158055          15.0  15.0
Michalewicz           lmabo-ab1 119.813847 190.399420 216.374195 199.535720 234.074304 216.671548 203.335825 164.018671 222.824148 202.015359 1969.063035              1.158436          16.0  16.0
Michalewicz          random_acq 194.478561 227.017000 189.586145 181.460410 198.521481 176.822778 231.387998 182.232806 213.132981 210.035219 2004.675380              1.179387          17.0  17.0
Michalewicz             gphedge 212.253525 206.175489 209.526712 250.675332 172.930905 188.789338 206.255946 130.882924 234.348885 208.176838 2020.015896              1.188412          18.0  18.0
Michalewicz  no_past_bo-curated 200.228647 222.699798 166.786060 208.141008 223.367507 182.272134 221.434485 191.016467 175.718553 229.218585 2020.883245              1.188923          19.0  19.0
Michalewicz random_acq_curated2 212.168175 226.169938 154.751079 225.053919 185.837268 206.952312 224.219065 160.416307 226.238699 220.708069 2042.514832              1.201649          20.0  20.0
Michalewicz                qPES 228.547117 152.609054 167.177123 219.492172 207.960619 212.775616 248.892980 182.948506 213.731814 225.711496 2059.846498              1.211846          21.0  21.0
Michalewicz                 qKG 222.005528 242.369700 203.639870 231.060073 188.353642 192.532784 234.781379 179.099351 208.809299 163.790078 2066.441705              1.215726          22.0  22.0
Michalewicz    setup_bo-curated 195.454805 236.975173 174.889651 238.153249 173.715234 193.604294 232.814089 217.487941 204.191767 206.401465 2073.687667              1.219989          23.0  23.0
Michalewicz                  TS 227.091874 184.742044 194.835613 239.382882 228.752661 240.074485 222.894998 194.297737 227.726004 119.828875 2079.627173              1.223483          24.0  24.0
Michalewicz  bo_explore_exploit 185.863532 205.473202 203.593565 238.658990 201.013438 191.531596 223.455192 209.024518 230.439972 206.810458 2095.864464              1.233036          25.0  25.0
Michalewicz                 UCB 216.239547 203.900492 203.204464 213.211578 209.269017 211.277051 211.874061 207.457313 214.841291 205.069008 2096.343823              1.233318          26.0  26.0
Michalewicz   bo_alternating_k1 192.211543 221.345117 205.779814 226.230927 200.010997 243.929529 214.324492 170.778487 240.555841 190.945996 2106.112744              1.239065          27.0  27.0
Michalewicz   bo_alternating_k3 192.351014 203.819855 175.635752 247.115818 224.711679 207.789880 235.133474 221.725716 191.814891 214.303773 2114.401853              1.243941          28.0  28.0
Michalewicz                qMES 237.866708 209.802659 186.818847 213.801272 192.778895 226.348078 211.185454 172.258420 234.196096 237.640589 2122.697018              1.248822          29.0  29.0
Michalewicz         esp-curated 223.018271 235.151618 205.942509 239.627036 164.364726 227.993251 241.227277 213.860321 196.434416 176.174491 2123.793917              1.249467          30.0  30.0
Michalewicz     gphedge-curated 206.784559 220.854249 219.089328 230.355576 192.630604 183.052895 239.502956 219.037567 215.277016 218.999752 2145.584503              1.262287          31.0  31.0
Michalewicz           lmabo-ab4 230.636434 215.196601 218.670625 220.077425 223.269110 208.989879 223.774110 170.808029 212.361947 227.281656 2151.065817              1.265512          32.0  32.0
Michalewicz                 esp 202.912782 227.634877 205.511961 244.118621 218.196602 205.986695 206.969499 170.297724 219.933064 255.842831 2157.404655              1.269241          33.0  33.0
Michalewicz                qJES 212.052011 230.490803 213.694454 238.758877 208.158043 164.968268 222.713559 189.492873 263.219502 227.256340 2170.804731              1.277124          34.0  34.0
Michalewicz   bo_alternating_k5 193.175929 223.136239 227.379765 218.869278 222.332941 174.994213 252.808427 235.581154 245.381073 198.725537 2192.384556              1.289820          35.0  35.0
Michalewicz               llmgp 228.867253 215.446189 224.538395 217.899041 244.802416 238.034608 244.223714 186.657576 211.908287 223.228887 2235.606367              1.315248          36.0  36.0
Michalewicz              PosSTD 239.942164 227.064913 212.022651 229.052589 242.778081 315.728196 235.355432 259.677525 256.027437 249.151780 2466.800769              1.451264          37.0  37.0
Michalewicz              llambo 253.229937 273.049533 281.952091 231.987070 265.398380 270.637437 274.224636 183.031806 252.438735 267.211926 2553.161552              1.502072          38.0  38.0
========================================================================================================================================================================================================
       problem              method        run_1        run_2        run_3        run_4        run_5        run_6        run_7        run_8        run_9       run_10           sum  relative_performance  problem_rank  rank
StyblinskiTang              llambo 22749.347324 35213.207569 13274.459541 35503.838867 28749.534908  3970.239647 32433.228743 18069.155869 25501.541494 38295.934090 253760.488052              1.000000           1.0   1.0
StyblinskiTang                  PI 32307.862784 20263.508627 31917.614803 29517.847124 33018.775575 28752.717729 31114.449071 20946.988430 32740.853569 32223.741733 292804.359444              1.153861           2.0   2.0
StyblinskiTang               LogPI 25698.169698 24457.725103 29900.954469 26063.488459 30504.296404 39280.742883 27458.033213 31642.588813 29047.248154 32374.572916 296427.820112              1.168140           3.0   3.0
StyblinskiTang             PosMean 37400.040144 30040.908209 34410.230780 38912.378477 32016.158163 45821.415698 32343.040698 27060.596301 31453.851399 35920.461228 345379.081097              1.361044           4.0   4.0
StyblinskiTang          lmabo-ops3 42170.913099 34757.881303 37409.035603 36161.369327 31402.691208 35116.003596 39077.620847 38838.278767 37911.087872 32962.637140 365807.518761              1.441546           5.0   5.0
StyblinskiTang                 qKG 36921.841350 38326.339054 35630.954949 26617.522388 30172.805461 44918.024538 42401.799635 44943.192308 36832.109311 38871.975074 375636.564067              1.480280           6.0   6.0
StyblinskiTang             gphedge 39294.016905 25800.784703 43448.232121 41269.479151 38483.940880 45320.329278 34914.505994 38172.812038 40725.797169 37969.251452 385399.149691              1.518752           7.0   7.0
StyblinskiTang           lmabo-gpt 50351.625969 31389.836104 39196.912755 41799.944419 39596.392577 44853.598031 30169.862508 31997.587389 36501.220826 41447.992565 387304.973144              1.526262           8.0   8.0
StyblinskiTang           lmabo-ab1 40277.519311 27358.016778 42253.444739 41083.289184 37473.712842 37950.131956 41248.177043 43205.888124 38918.944767 38269.500160 388038.624904              1.529153           9.0   9.0
StyblinskiTang random_acq_curated1 47478.732179 39948.888650 40471.747902 35361.289274 38884.343600 41048.749938 39464.933044 33370.662359 35893.081504 38631.916910 390554.345361              1.539067          10.0  10.0
StyblinskiTang               lmabo 41946.981089 32549.777414 39360.332987 37543.231474 39092.312626 45765.934641 36111.465790 35759.546730 40107.585123 42527.535051 390764.702925              1.539896          11.0  11.0
StyblinskiTang           lmabo-ab2 43911.341476 35444.278423 41344.616114 43175.903935 32452.799047 31691.384673 42937.197386 41691.932661 41085.920725 38469.802218 392205.176659              1.545572          12.0  12.0
StyblinskiTang          no_past_bo 44445.399001 28951.320578 42609.493751 37043.255298 38932.793600 39965.496212 34914.411145 44323.814558 45688.680265 39401.887382 396276.551790              1.561616          13.0  13.0
StyblinskiTang          random_acq 46920.567490 36819.055904 37153.550019 43319.754436 41073.618114 38964.780721 38841.394382 40554.704171 37801.098084 36328.219580 397776.742902              1.567528          14.0  14.0
StyblinskiTang   bo_alternating_k1 38033.394316 33045.819876 41176.659406 43359.131121 37090.008967 37416.599567 49404.609221 36907.178958 43715.346696 38399.296512 398548.044640              1.570568          15.0  15.0
StyblinskiTang              PosSTD 41207.281831 42834.596424 38033.006152 38033.377977 43287.442075 46804.053672 38300.712854 40109.465041 37203.135223 36067.884746 401880.955995              1.583702          16.0  16.0
StyblinskiTang           lmabo-ab3 42518.813319 35312.669719 37835.558850 38200.610271 43540.504411 39562.018838 43867.116598 43615.564339 40028.832856 37876.720963 402358.410166              1.585583          17.0  17.0
StyblinskiTang          lmabo-ops6 47673.724589 34912.983117 40263.671352 39358.695521 41392.498797 43554.534878 37332.912089 40582.921289 36289.408054 42891.138550 404252.488235              1.593047          18.0  18.0
StyblinskiTang  bo_explore_exploit 45423.988950 38270.286094 39042.937556 33733.585265 45343.331046 41692.166654 38230.910682 37759.799021 42906.191679 43154.770851 405557.967798              1.598192          19.0  19.0
StyblinskiTang               LogEI 50387.066424 32897.387476 40881.577301 38983.182238 32452.836118 44860.039063 40091.698945 44355.077134 43355.158067 38614.558334 406878.581099              1.603396          20.0  20.0
StyblinskiTang                 esp 35649.527343 38005.772009 39086.695015 41988.981189 37496.352563 49594.421903 42903.088346 42337.818159 41189.147558 39277.331780 407529.135866              1.605960          21.0  21.0
StyblinskiTang            setup_bo 43408.731321 36369.868924 44395.570335 48609.968039 33907.922166 41768.683897 43983.878251 33844.892497 43210.177334 38813.146713 408312.839477              1.609048          22.0  22.0
StyblinskiTang                  TS 37715.846333 42789.398468 40774.402461 43085.013730 39833.034355 42067.263789 41975.308136 45384.574975 35424.541221 39469.360526 408518.743993              1.609860          23.0  23.0
StyblinskiTang     gphedge-curated 37332.568902 42756.422002 39578.451730 40376.702794 41403.195934 48562.192249 47902.491997 37166.050799 42094.627095 33494.283409 410666.986910              1.618325          24.0  24.0
StyblinskiTang   bo_alternating_k3 42318.481997 38036.427833 41244.705801 48229.952519 37231.980670 40849.506360 35446.294984 38308.162085 41389.235782 48272.206066 411326.954096              1.620926          25.0  25.0
StyblinskiTang   bo_alternating_k5 42040.078704 34965.676732 36976.482418 40612.046646 45720.016611 38531.414913 44855.982350 46896.550540 43283.543618 39688.880566 413570.673097              1.629768          26.0  26.0
StyblinskiTang                  EI 51778.052311 36509.858561 37623.642861 42838.808923 37520.360454 51930.685917 42973.365658 38918.888397 32784.802724 42452.135328 415330.601133              1.636703          27.0  27.0
StyblinskiTang random_acq_curated2 41089.583022 29665.891281 34696.909208 42152.378491 39392.485082 43961.464071 40318.195611 52800.835453 50535.270202 41374.960713 415987.973135              1.639294          28.0  28.0
StyblinskiTang                qMES 54291.252649 39232.915888 46230.496392 35977.549827 36795.751282 36359.865837 50645.813488 41866.522122 34228.312531 46605.158080 422233.638095              1.663906          29.0  29.0
StyblinskiTang    setup_bo-curated 33419.568108 49078.061218 40580.508160 45138.665362 40545.199504 41570.012320 48135.822226 39398.577164 42488.825335 42739.465643 423094.705041              1.667299          30.0  30.0
StyblinskiTang               llmgp 37817.462237 47241.725521 39768.492249 44133.633377 44896.243088 38807.815436 39608.045967 41253.449879 45630.163870 44702.866544 423859.898168              1.670315          31.0  31.0
StyblinskiTang  no_past_bo-curated 46209.163941 45827.219066 39243.143703 41973.905001 42594.258215 42641.791519 46541.318231 42462.694092 47062.497910 33208.068815 427764.060494              1.685700          32.0  32.0
StyblinskiTang         esp-curated 51326.072232 34364.148311 41300.747819 37153.293851 41199.965204 45651.010149 49389.017166 44963.716407 44206.616464 40457.457387 430012.044991              1.694559          33.0  33.0
StyblinskiTang           lmabo-ops 48124.603898 55799.962111 39031.392459 42330.964810 46959.319974 43969.564393 46751.910620 38247.566189 41584.671959 29069.204669 431869.161083              1.701877          34.0  34.0
StyblinskiTang           lmabo-ab4 51346.572742 39138.621253 45726.217858 37517.876706 46375.449788 34917.939037 53635.160962 42136.143703 39107.330241 44214.624578 434115.936868              1.710731          35.0  35.0
StyblinskiTang                qJES 61959.176759 59764.932846 55157.146054 67205.728982 53433.272224 53778.597855 52589.573242 44614.062666 59474.872900 57666.300043 565643.663569              2.229045          36.0  36.0
StyblinskiTang                 UCB 60273.025122 71639.571410 60243.736434 74192.320475 63248.446193 53976.728478 63286.097940 60595.563266 67502.333837 39543.658917 614501.482072              2.421581          37.0  37.0
StyblinskiTang                qPES 64964.060229 75978.304779 60674.156209 96706.044118 65105.520230 54698.389258 72249.463948 61134.608402 75475.181389 60173.189127 687158.917689              2.707904          38.0  38.0
========================================================================================================================================================================================================
problem              method      run_1      run_2      run_3      run_4      run_5      run_6      run_7      run_8      run_9     run_10         sum  relative_performance  problem_rank  rank
 Shekel               LogEI 196.729345 194.051894 394.259888 428.925678 252.608437 386.771041 440.441664 417.920109 268.937806 407.364902 3388.010763              1.000000           1.0   1.0
 Shekel  no_past_bo-curated 296.690645 223.255127 363.496130 427.336412 388.465663 407.520813 433.949905 424.565803 222.501358 373.440795 3561.222652              1.051125           2.0   2.0
 Shekel           lmabo-ops 186.385224 262.745999 421.375573 426.907922 262.753824 433.858414 435.478358 430.899011 384.639834 437.661516 3682.705674              1.086982           3.0   3.0
 Shekel                qMES 372.655643 221.861144 418.637943 427.957555 382.239654 425.302362 437.087741 420.581690 242.776671 381.137433 3730.237838              1.101011           4.0   4.0
 Shekel          lmabo-ops6 270.157559 276.982836 404.584726 442.813226 395.697279 430.917048 386.938967 418.831323 339.564769 425.679255 3792.166988              1.119290           5.0   5.0
 Shekel                 UCB 397.223478 369.960117 377.913751 405.016880 387.389071 383.210193 399.250565 419.244325 279.278314 397.202244 3815.688938              1.126233           6.0   6.0
 Shekel          no_past_bo 374.055656 246.384311 424.315292 425.865155 282.740796 359.393783 433.565849 431.677180 420.967939 426.868335 3825.834297              1.129227           7.0   7.0
 Shekel           lmabo-gpt 390.745649 399.236157 434.404277 281.243728 371.195755 391.481203 406.218704 387.519853 381.082834 383.942986 3827.071146              1.129592           8.0   8.0
 Shekel               lmabo 296.427069 383.727765 395.254506 407.896908 424.214237 380.633934 459.128924 437.247211 258.060575 401.101656 3843.692784              1.134498           9.0   9.0
 Shekel            setup_bo 458.713144 248.691262 425.529988 437.068981 403.111707 278.340888 435.851355 436.099964 341.371306 431.612433 3896.391028              1.150053          10.0  10.0
 Shekel                 qKG 347.467661 245.343166 420.806066 450.092061 406.647977 396.758775 425.567629 415.271283 405.451381 423.411029 3936.817029              1.161985          11.0  11.0
 Shekel random_acq_curated2 390.387003 402.122466 362.169943 432.166576 397.547060 400.065714 438.930225 427.666391 393.687180 299.156005 3943.898561              1.164075          12.0  12.0
 Shekel random_acq_curated1 325.408159 414.026147 386.712201 395.481995 385.140041 415.894166 418.903297 438.270462 357.824973 423.987952 3961.649393              1.169314          13.0  13.0
 Shekel    setup_bo-curated 381.223066 401.251322 381.500351 422.981904 333.735421 405.767331 389.351260 428.794116 374.031408 443.570463 3962.206642              1.169479          14.0  14.0
 Shekel           lmabo-ab1 321.246610 398.339831 391.478506 446.814122 415.107197 432.607406 432.769672 441.305480 329.273653 404.122450 4013.064926              1.184490          15.0  15.0
 Shekel                  EI 383.651697 376.665417 416.351609 391.464677 426.763118 320.537470 429.901107 434.298413 417.262992 421.347449 4018.243948              1.186019          16.0  16.0
 Shekel           lmabo-ab3 389.128663 263.713581 417.820336 430.213871 439.017184 416.670272 428.679113 440.647494 360.570712 437.884913 4024.346139              1.187820          17.0  17.0
 Shekel                qPES 407.006546 368.755313 394.668839 412.501156 365.995404 419.309172 412.715469 427.476658 419.207132 404.347567 4031.983255              1.190074          18.0  18.0
 Shekel               LogPI 292.711713 404.910587 408.422727 448.559537 440.166154 418.116460 436.332002 466.349127 286.097269 438.955168 4040.620744              1.192623          19.0  19.0
 Shekel          lmabo-ops3 357.772836 389.667540 431.129932 388.153470 384.880179 376.040445 448.028208 439.295319 427.590363 422.349023 4064.907316              1.199792          20.0  20.0
 Shekel           lmabo-ab2 318.591882 391.926328 414.448554 440.408901 440.662482 419.253356 462.070318 442.726346 340.299030 434.628489 4105.015688              1.211630          21.0  21.0
 Shekel     gphedge-curated 408.460113 409.986193 387.071283 450.699752 391.809461 372.903784 454.918297 457.598083 335.913825 447.499019 4116.859811              1.215126          22.0  22.0
 Shekel   bo_alternating_k1 391.514429 400.480807 372.795291 443.437847 398.602487 388.951682 464.826327 409.148136 437.093812 410.287907 4117.138726              1.215208          23.0  23.0
 Shekel                qJES 406.574644 374.804817 431.981792 396.028153 390.014871 435.238570 433.765733 437.687480 424.593906 399.602218 4130.292184              1.219091          24.0  24.0
 Shekel             gphedge 304.369388 397.936876 400.761694 426.236992 423.060547 417.486552 435.249142 450.041603 461.083532 438.130101 4154.356427              1.226193          25.0  25.0
 Shekel   bo_alternating_k5 418.003971 414.418976 396.328288 462.062230 373.217638 382.200780 457.181063 448.543592 410.072823 443.069365 4205.098724              1.241170          26.0  26.0
 Shekel                 esp 320.720713 380.369903 430.851867 437.566004 422.075026 411.577878 415.491253 483.860873 477.576360 442.567476 4222.657352              1.246353          27.0  27.0
 Shekel             PosMean 399.752239 404.678841 431.747121 430.393954 394.139201 436.536624 434.866951 460.990952 393.892947 439.777183 4226.776013              1.247569          28.0  28.0
 Shekel         esp-curated 393.518579 436.016149 395.646790 439.309956 431.562349 410.889291 447.215772 454.922240 441.748991 423.489236 4274.319352              1.261601          29.0  29.0
 Shekel          random_acq 392.124931 422.889320 414.667997 436.174926 437.234291 441.231258 437.581893 465.648136 383.019605 448.228143 4278.800500              1.262924          30.0  30.0
 Shekel                  TS 365.941191 432.855411 437.199697 452.970856 447.942788 399.428653 422.258188 456.098434 434.007618 436.175139 4284.877975              1.264718          31.0  31.0
 Shekel   bo_alternating_k3 419.648850 418.083937 435.905451 455.606771 427.469516 435.191532 439.389922 451.266977 415.575409 408.380622 4306.518986              1.271105          32.0  32.0
 Shekel  bo_explore_exploit 442.820151 397.797231 437.126056 449.907954 459.478165 421.475690 435.648422 434.585210 437.102717 421.513710 4337.455306              1.280237          33.0  33.0
 Shekel                  PI 439.090835 404.368140 416.743890 443.745038 451.981139 405.126283 444.093494 473.074687 470.259057 429.676610 4378.159173              1.292251          34.0  34.0
 Shekel           lmabo-ab4 419.571167 445.668981 444.834915 476.596911 470.640468 396.073465 427.916523 476.536191 488.964092 429.117044 4475.919756              1.321106          35.0  35.0
 Shekel              llambo 493.685222 335.791007 489.686433 494.847773 472.474359 467.817697 488.352059 458.402758 357.634352 453.481719 4512.173380              1.331806          36.0  36.0
 Shekel               llmgp 480.214386 464.816834 463.138843 472.650650 464.657327 461.403381 477.774875 484.427795 472.312306 461.238138 4702.634535              1.388022          37.0  37.0
 Shekel              PosSTD 518.515190 486.881983 497.131729 510.348298 505.198300 515.079984 516.880897 490.378669 508.064691 492.796764 5041.276507              1.487975          38.0  38.0
========================================================================================================================================================================================================
     problem              method      run_1      run_2      run_3      run_4      run_5      run_6      run_7      run_8      run_9    run_10         sum  relative_performance  problem_rank  rank
SixHumpCamel  no_past_bo-curated  27.866419  22.143343   4.542476  14.142145  24.540999  50.040277  22.005077  16.162931  86.393165 24.143475  291.980307              1.000000           1.0   1.0
SixHumpCamel               lmabo  49.885803  19.805291  26.415721  16.816719  25.645684  43.239953  23.723487  20.943221  76.128648 24.090065  326.694593              1.118893           2.0   2.0
SixHumpCamel                 esp  32.959232  31.636434  12.144971  20.472943  26.236022  90.070162  16.810703  17.346149  52.100497 27.748428  327.525542              1.121738           3.0   3.0
SixHumpCamel                 qKG  22.299338  23.803611  25.699838  28.979061  31.075617  38.269100  19.134131  11.288086 116.696746 23.959808  341.205337              1.168590           4.0   4.0
SixHumpCamel               LogPI  25.723744  32.800711  46.986766  68.506017  18.750252  52.045385  24.660235   5.237722  51.907107 17.508489  344.126427              1.178595           5.0   5.0
SixHumpCamel                  PI  25.457772  32.685253   7.796517 106.106299  16.992097  56.500366  24.662776   5.598875  52.368567 16.387342  344.555863              1.180065           6.0   6.0
SixHumpCamel           lmabo-ab2  44.803787  57.389280  34.979417   2.513948  38.224611  50.870825  12.203512  24.039889  63.336996 27.817558  356.179823              1.219876           7.0   7.0
SixHumpCamel     gphedge-curated  35.606859  22.963418  23.089424  42.175225  27.791065  36.465620  13.696022  13.287409 125.152083 23.821112  364.048236              1.246825           8.0   8.0
SixHumpCamel    setup_bo-curated  50.969362  30.119927  20.873617  36.279930  23.048791  45.277442  18.184200  16.161604 106.339907 18.219192  365.473974              1.251708           9.0   9.0
SixHumpCamel          random_acq  29.220934  64.807829  16.653215  25.307172  41.243642  61.257696  37.933352  16.242242  55.537603 22.379094  370.582779              1.269205          10.0  10.0
SixHumpCamel           lmabo-gpt  48.127230  24.046655  19.609366  12.613714  19.169131  54.561164  17.007390  21.127697 131.463788 28.878161  376.604296              1.289828          11.0  11.0
SixHumpCamel                  EI  43.429317  24.048027  20.714846  27.445823  24.937744  49.751523  17.172629  10.623264 145.503500 16.346185  379.972858              1.301365          12.0  12.0
SixHumpCamel             PosMean  27.834045  32.991878  13.365721 131.698526  18.633279  52.150310  21.723121  13.189557  56.143912 17.350893  385.081243              1.318860          13.0  13.0
SixHumpCamel          no_past_bo  52.455653  44.264353  29.961596  24.163182  31.998692  43.296974  22.143293  29.686842  69.770607 40.574428  388.315621              1.329938          14.0  14.0
SixHumpCamel random_acq_curated1  36.656009  24.955644   4.962556  24.123728  30.893812  57.041083  24.557229  15.071712 160.598318 20.192221  399.052314              1.366710          15.0  15.0
SixHumpCamel           lmabo-ab1  42.033671  38.165254  19.996893  31.665866  39.147321  45.376241  19.160016  21.148009 108.297411 36.712596  401.703277              1.375789          16.0  16.0
SixHumpCamel               LogEI  47.788976  23.998372  20.631290   9.329706  26.674393  48.521212  18.187957  10.887358 190.874096 17.032149  413.925510              1.417649          17.0  17.0
SixHumpCamel   bo_alternating_k1  32.837760  28.374645  15.886900  44.865133  21.838423  77.185511  20.771323  12.569376 111.042185 56.656596  422.027853              1.445398          18.0  18.0
SixHumpCamel           lmabo-ab4  49.700383  33.968142  32.571029  45.821828  34.418886  76.239814  52.970804  15.270326  59.920230 23.922512  424.803955              1.454906          19.0  19.0
SixHumpCamel         esp-curated 154.630319  24.540586  22.251508  23.483511  31.502341  36.751976  28.593201  20.175196  58.115556 25.651254  425.695448              1.457959          20.0  20.0
SixHumpCamel                qJES  47.859801  26.113266  26.313310  16.440243  24.561506  36.303512  47.981390  11.858807 163.769642 28.545992  429.747468              1.471837          21.0  21.0
SixHumpCamel          lmabo-ops6  26.736073  31.170687  26.287362  24.287155  25.621290  75.393649  16.934183  44.094105 134.012961 36.593298  441.130763              1.510824          22.0  22.0
SixHumpCamel random_acq_curated2  49.351015  33.894355  35.858945  20.049936  30.708860  70.412434  16.392606  22.617352 150.606414 24.414163  454.306082              1.555948          23.0  23.0
SixHumpCamel   bo_alternating_k3  34.388941  35.634333  11.981912   9.005443  45.914701  65.833998  41.872936  18.498788 149.036649 50.257203  462.424905              1.583754          24.0  24.0
SixHumpCamel          lmabo-ops3  38.856324  32.761620  12.915336   9.924756  26.056120  62.329587  16.679210  26.672027 206.586883 63.276928  496.058792              1.698946          25.0  25.0
SixHumpCamel           lmabo-ops  71.519900  33.953815  16.303128  54.811500  23.047293  50.313148  30.123194  37.437173 156.148827 25.061136  498.719115              1.708057          26.0  26.0
SixHumpCamel           lmabo-ab3  39.530435 122.057148  23.629196  21.528201  51.256481  56.334907  16.193615  19.389948  74.058288 75.411714  499.389933              1.710355          27.0  27.0
SixHumpCamel               llmgp 107.415155  34.047464  22.421086  13.678576  33.742579  99.721752  44.409487  33.319591  87.485417 35.311117  511.552224              1.752009          28.0  28.0
SixHumpCamel  bo_explore_exploit  93.395000  21.928487  22.497898  39.455772  56.912322  95.193241  51.432123  11.885770 114.996739 29.384520  537.081873              1.839446          29.0  29.0
SixHumpCamel                  TS  42.211135 114.095722  27.612566  30.946119  70.365335  43.077099  29.557040  15.194481  80.890794 92.251040  546.201331              1.870679          30.0  30.0
SixHumpCamel                 UCB  52.498207  46.112532  31.390906  30.952849  36.039229  70.512492  28.560975  51.325545 170.269276 41.810587  559.472598              1.916131          31.0  31.0
SixHumpCamel                qMES  39.451823  34.718870  20.401224  44.290649  24.064433  76.300442  18.649482  39.591616 228.994218 48.914306  575.377062              1.970602          32.0  32.0
SixHumpCamel   bo_alternating_k5  47.060872  32.691112  26.899868  17.515650  64.892326 104.689174  89.031728  17.712228 137.956798 42.402434  580.852191              1.989354          33.0  33.0
SixHumpCamel             gphedge  68.218326 128.915001  28.889235  27.177533  27.876569  71.696405  53.682366  26.801496 172.404705 18.555081  624.216718              2.137873          34.0  34.0
SixHumpCamel              llambo  95.948904  63.951126  26.359247  32.850813 133.528736  79.492953  29.324263  39.976598 116.104145 77.882183  695.418966              2.381732          35.0  35.0
SixHumpCamel                qPES  48.114304 171.220692  12.351630  18.079081  42.407323  38.387505  37.222181  48.638006 267.275044 86.953852  770.649616              2.639389          36.0  36.0
SixHumpCamel            setup_bo  58.912955 170.486747  40.777117 161.445023  57.033466  56.101538  50.599973  33.366115 176.624415 56.233109  861.580456              2.950817          37.0  37.0
SixHumpCamel              PosSTD  47.908868 169.219371 123.070020 132.312303  63.117792  96.573640 267.183644 159.487381  96.355138 91.344170 1246.572327              4.269371          38.0  38.0
========================================================================================================================================================================================================
       problem              method        run_1        run_2       run_3        run_4        run_5        run_6       run_7        run_8        run_9       run_10           sum  relative_performance  problem_rank  rank
BucheRastrigin             PosMean  6810.466343  6968.076857 2146.272200  2723.043108  5732.638951  4353.301023 5023.686544  7745.059139  6451.732638  5041.401701  52995.678504              1.000000           1.0   1.0
BucheRastrigin                  PI  4118.930026  9512.928329 3655.796836  4912.188537  5160.773511  4323.142982 4445.793804  6575.637940  5663.054827  6997.867995  55366.114789              1.044729           2.0   2.0
BucheRastrigin               LogPI  5017.628413  7640.059817 4543.395710  5455.012050  5541.460046  4228.712427 4878.452362  6813.298853  6707.980202  5136.805753  55962.805632              1.055988           3.0   3.0
BucheRastrigin               lmabo  6484.461866  8079.993209 3610.005387  4722.258260  6374.799943  5658.391659 4699.052090  7346.980768  6017.877010  4250.558006  57244.378197              1.080171           4.0   4.0
BucheRastrigin            setup_bo  5736.548615 10801.272021 3258.235941  5492.747556  6523.046377  5523.785728 5668.938520  8667.007087  4047.704558  3144.981847  58864.268250              1.110737           5.0   5.0
BucheRastrigin          lmabo-ops6  5151.712320  8803.666260 4395.844565  5884.400528  6797.714341  5672.702814 4990.240993  7602.178832  3953.597268  6032.147259  59284.205180              1.118661           6.0   6.0
BucheRastrigin           lmabo-ab3  6082.835974  9177.989366 4686.030909  6794.268700  6689.148000  5652.265496 3792.836494  6618.461534  5327.242716  5548.526957  60369.606146              1.139142           7.0   7.0
BucheRastrigin          no_past_bo  6232.549567 12514.102030 4786.482437  3857.398483  5593.006602  6893.084497 5010.440514  5306.380151  4909.302759  5981.188016  61083.935056              1.152621           8.0   8.0
BucheRastrigin           lmabo-ab2  5747.757176  9012.051801 4837.112983  5369.410362  6018.530018  7943.331129 5568.872759  7002.895087  4480.125898  5106.428971  61086.516184              1.152670           9.0   9.0
BucheRastrigin           lmabo-gpt  5982.300308  7844.955725 5295.706890  5850.657436  5850.801571  7099.556349 4748.531637  8933.114864  6187.333621  3895.124837  61688.083238              1.164021          10.0  10.0
BucheRastrigin                 esp  5256.955049 13278.969133 3029.113357  5307.978324  5956.996456  5704.820703 6971.420531  6804.851728  4711.560069  4688.836149  61711.501498              1.164463          11.0  11.0
BucheRastrigin             gphedge  6991.495187  9524.288848 4647.171148  4882.929395  4701.401795  4846.258010 4218.148927  7547.551525  7106.339975  7278.724435  61744.309245              1.165082          12.0  12.0
BucheRastrigin          lmabo-ops3  4875.956111 11679.828670 2375.748474  4734.708306  7522.684091  5494.568820 5036.506377  8640.943843  7465.886678  4122.245580  61949.076950              1.168946          13.0  13.0
BucheRastrigin         esp-curated  3109.642716  9642.710634 3711.826279  5208.930293  7703.459973  8055.049345 4060.870573  8470.000069  6473.937162  6495.599082  62932.026125              1.187494          14.0  14.0
BucheRastrigin    setup_bo-curated  5863.064183  8726.050340 5191.678254  6314.404972  6082.337883  4803.434824 3205.381569  8044.087040  6674.500499  8362.693387  63267.632952              1.193826          15.0  15.0
BucheRastrigin                 qKG  4890.653290  9034.151904 4015.443485  4821.874812  6386.136123  5067.696491 6567.040045 11364.621872  5092.421461  7168.415237  64408.454719              1.215353          16.0  16.0
BucheRastrigin     gphedge-curated  6233.471582 10488.607265 4406.097006  4672.521522  6069.422114  5964.338032 3681.482924  8336.908225  7391.269379  7844.288728  65088.406778              1.228183          17.0  17.0
BucheRastrigin           lmabo-ab1  4921.896721 13284.599625 3982.415186  3042.393752  6480.836142  7229.892928 6038.709800  8171.332407  6796.518417  5643.556881  65592.151860              1.237689          18.0  18.0
BucheRastrigin random_acq_curated2  6234.323848 12701.345438 3139.874548  4435.902678  8517.698699  7425.637280 2468.772800  8293.673643  7438.346768  5532.951639  66188.527340              1.248942          19.0  19.0
BucheRastrigin   bo_alternating_k3  5366.306817  7782.173452 4673.762249  4943.544647  8378.284192  5505.683656 5881.501691  9482.877868  7769.756376  6466.416855  66250.307804              1.250108          20.0  20.0
BucheRastrigin random_acq_curated1  7447.107739  9540.045470 5213.470597  4957.063057  6934.299511  8053.240906 3038.927342  9566.486451  6145.134115  5940.625102  66836.400290              1.261167          21.0  21.0
BucheRastrigin   bo_alternating_k1  5189.637923 11211.722092 4810.228278  3295.288597  7626.699646  8860.901417 4650.288203  7707.835664  5930.571873  7640.579825  66923.753517              1.262815          22.0  22.0
BucheRastrigin           lmabo-ops  5393.811200 10810.533966 5410.965632  4406.066150  8617.073521  8238.830053 6971.420531  6949.858132  3548.458857  7143.524632  67490.542675              1.273510          23.0  23.0
BucheRastrigin  no_past_bo-curated  5852.807800 12000.099210 4445.516913  3258.709754  7065.997232  7222.583960 6964.122737  6962.898806  8315.136190  5885.250635  67973.123237              1.282616          24.0  24.0
BucheRastrigin                  EI  8243.579246  9418.670333 2610.434240  4958.919300  5977.943762  7056.148398 6054.596191  7444.249500  7339.453430  8886.008689  67990.003090              1.282935          25.0  25.0
BucheRastrigin                qJES  6030.873060  9152.466209 5410.965632  4577.805238  5991.618266  9624.924589 6971.420531  9536.682823  6070.517938  5028.113281  68395.387568              1.290584          26.0  26.0
BucheRastrigin   bo_alternating_k5  4542.137026 12158.292105 5175.660793  4248.537314  8096.073061  8754.790717 5338.371864  7675.805531  5612.960133  6867.268384  68469.896928              1.291990          27.0  27.0
BucheRastrigin          random_acq  4771.522646 11231.048885 5410.965632  4740.821850  6652.068005  7904.205659 4386.454680  8865.262470  7347.562605  7745.113178  69055.025611              1.303031          28.0  28.0
BucheRastrigin               LogEI  3904.157012 12649.705474 3623.461622  4610.675940 10044.836477  9745.262919 6012.054695  6659.936737  9751.773904  4200.405765  71202.270546              1.343549          29.0  29.0
BucheRastrigin                  TS  8446.599165  9414.016925 4790.627077  9166.450120  8039.556090  5985.313688 4693.564532  7866.180508  7854.656235  7335.210566  73592.174906              1.388645          30.0  30.0
BucheRastrigin                qMES  8212.751748  8558.802745 5410.965632  2559.296950  8584.769075 11835.359930 6550.495437  7662.612315  9135.755837  7737.676121  76248.485792              1.438768          31.0  31.0
BucheRastrigin           lmabo-ab4  2966.343147 12329.984479 5410.965632  5781.609602 10979.466458  7635.488145 5953.028729  8260.675415 10712.400885 10743.308126  80773.270617              1.524148          32.0  32.0
BucheRastrigin  bo_explore_exploit  7332.966713 12740.368451 4653.892588  8142.121559  7654.139577  8127.023546 4859.292244  9090.229516 10104.041121  9160.683398  81864.758713              1.544744          33.0  33.0
BucheRastrigin               llmgp  7421.086513 13062.232272 4976.434668  7748.249800  6324.570782  9263.408889 6230.779927 13122.391251  9154.094182  9034.991249  86338.239532              1.629156          34.0  34.0
BucheRastrigin              llambo  8119.270486 11702.190719 5410.966079  6837.967514  8383.887252  9439.211273 5502.272262 11730.198955 12563.724739  6899.901138  86589.590418              1.633899          35.0  35.0
BucheRastrigin                 UCB  8529.596611 24137.340548 4692.755281  8223.919670 13665.982639  9188.613399 6948.764222 13373.934380 10969.140672  7882.782227 107612.829651              2.030596          36.0  36.0
BucheRastrigin                qPES 10555.255760 12639.738627 5410.965632 15522.830028 13965.007046 22129.105715 6632.692091 17693.960558 14404.960970  9395.978505 128350.494931              2.421905          37.0  37.0
BucheRastrigin              PosSTD 11002.962599 18748.249113 5410.965632 32826.634916 14620.789846  3374.537976 4035.267837 14782.068177 22316.467095 12748.511860 139866.455050              2.639205          38.0  38.0
========================================================================================================================================================================================================
    problem              method       run_1       run_2       run_3       run_4       run_5       run_6       run_7       run_8       run_9      run_10          sum  relative_performance  problem_rank  rank
LinearSlope               LogEI   59.778232   84.783275   51.066537   42.493770   36.866452   51.415184   64.494323   91.653735   31.531262   80.552636   594.635405              1.000000           1.0   1.0
LinearSlope                  EI   59.778232   84.783275   51.066537   42.493770   36.866452   51.415184   64.494323   91.653735   31.531262   80.552636   594.635405              1.000000           1.0   1.0
LinearSlope             PosMean   59.778232   84.783275   51.066537   42.493770   36.866452   51.415184   64.494323   91.653735   31.531262   80.552636   594.635405              1.000000           1.0   1.0
LinearSlope                 UCB   59.778232   84.783275   51.066537   42.493770   36.866452   51.415184   64.494323   91.653735   31.531262   80.552636   594.635405              1.000000           1.0   1.0
LinearSlope               lmabo   59.778232   84.783275   51.066537   42.493770   36.866452   51.415184   64.494323   91.653735   31.531262   80.552636   594.635405              1.000000           1.0   1.0
LinearSlope           lmabo-gpt   59.778232   84.783275   51.066537   42.493770   36.866452   51.415184   64.494323   91.653735   31.531262   80.552636   594.635405              1.000000           1.0   1.0
LinearSlope           lmabo-ops   59.778232   84.783275   51.066537   42.493770   36.866452   51.415184   64.494323   91.653735   31.531262   80.552636   594.635405              1.000000           1.0   1.0
LinearSlope                qJES   59.778232   84.783275   51.066537   42.493770   36.866452   51.415184   64.494323   91.653735   31.531262   80.552636   594.635405              1.000000           1.0   1.0
LinearSlope          lmabo-ops6   59.778232   84.783275   51.066537   42.493770   36.866452   51.415184   64.494323   91.653735   31.531262   80.552636   594.635405              1.000000           1.0   1.0
LinearSlope random_acq_curated2   59.778232   84.783275   90.612027   42.493770   36.866452   51.415184   64.494323   91.653735   31.531262   80.552636   634.180895              1.066504          10.0  10.0
LinearSlope               LogPI   59.778232   85.303686   61.066029   47.473033   44.864872   59.823012   71.643629  104.965211   31.562707   80.585722   647.066134              1.088173          11.0  11.0
LinearSlope random_acq_curated1   59.778232  102.121903  100.701397   42.493770   36.866452   68.450176   64.494323   91.653735   31.531262   80.552636   678.643886              1.141277          12.0  12.0
LinearSlope           lmabo-ab2   59.778232   84.783275   51.066537   42.493770   36.866452  154.245552   64.494323   91.653735   31.531262   80.552636   697.465773              1.172930          13.0  13.0
LinearSlope          lmabo-ops3   59.778232   84.783275   51.066537  127.481311   36.866452   51.415184   64.494323  110.732889   31.531262   80.552636   698.702100              1.175009          14.0  14.0
LinearSlope           lmabo-ab1   59.778232   84.783275   51.066537  212.468852  110.599355   51.415184   64.494323   91.653735   31.531262   80.552636   838.343390              1.409844          15.0  15.0
LinearSlope    setup_bo-curated  235.372885   84.783275   51.066537   61.333766   36.866452   51.415184  132.214353  161.844751   31.531262   80.552636   926.981100              1.558907          16.0  16.0
LinearSlope          random_acq  170.653918  173.416229   58.936192  166.928725   61.464285   51.415184   64.494323   91.653735   31.531262   94.951276   965.445129              1.623592          17.0  17.0
LinearSlope  no_past_bo-curated   59.778232  141.029120   51.066537   42.493770  418.705758   51.415184   64.494323   91.653735   31.531262   80.552636  1032.720556              1.736729          18.0  18.0
LinearSlope     gphedge-curated   93.741467   84.783275  197.257154  271.113508  125.651647   51.415184   64.494323   91.653735   31.531262  121.450396  1133.091952              1.905524          19.0  19.0
LinearSlope             gphedge   83.659007   84.783275   51.066537  214.290371  110.599355   63.272802   92.025028   91.653735   31.531262  314.417808  1137.299179              1.912599          20.0  20.0
LinearSlope           lmabo-ab3   59.778232  132.233278  144.802218  136.238255   52.007030  219.163042  193.231797   91.653735   94.593785   80.552636  1204.254009              2.025197          21.0  21.0
LinearSlope          no_past_bo   59.778232   84.783275  183.919055  212.468852   36.866452   51.415184  375.280649   91.653735   31.531262   80.552636  1208.249332              2.031916          22.0  22.0
LinearSlope                 qKG   59.778232   85.386466   54.103953   42.493770  184.332258   51.415184  193.482968  216.836754   31.531262  565.363004  1484.723851              2.496864          23.0  23.0
LinearSlope         esp-curated  510.071253   84.783275  124.314612   42.493770   85.580222  303.976314   64.494323   91.653735   71.134835  216.802084  1595.304423              2.682828          24.0  24.0
LinearSlope   bo_alternating_k1   76.291067  484.903642   71.730047   62.270158  123.984703   74.295872   83.465781  107.077377  496.888134   93.757615  1674.664396              2.816288          25.0  25.0
LinearSlope                qPES 1172.267040  151.430401  383.279750  127.481311   36.866452   51.415184  254.230982   91.653735  153.999356  198.335430  2620.959641              4.407675          26.0  26.0
LinearSlope                 esp   66.919243  126.957743  179.040070  193.988427   79.427093  506.922932  682.346448  173.846188  337.992789  493.491151  2840.932084              4.777603          27.0  27.0
LinearSlope            setup_bo  116.418183 1890.575944   51.066537   42.493770   36.866452  210.441548  220.191004   91.653735  201.362304   80.552636  2941.622112              4.946934          28.0  28.0
LinearSlope                  PI  483.593527  198.658619  434.153320  460.194231  467.336461  379.077006  343.029128  375.631113  289.537161  102.188792  3533.399358              5.942127          29.0  29.0
LinearSlope   bo_alternating_k5  593.488931  587.777520  589.549060  397.720251  104.219918  302.515507  130.970979  268.018491  127.252860  440.995422  3542.508938              5.957447          30.0  30.0
LinearSlope   bo_alternating_k3  629.111486  233.464284  612.394716  493.270030  465.060718  661.068993  465.197777  155.049790   92.038528  164.496295  3971.152618              6.678298          31.0  31.0
LinearSlope  bo_explore_exploit  553.499158  459.836468  585.688953  350.852394  535.431561  385.255183  568.959960  723.224267  394.292002  534.466450  5091.506396              8.562400          32.0  32.0
LinearSlope                  TS  615.223288  592.147780  503.082147  242.035228  458.869980  430.807581  646.572011  639.497653  550.608772  540.409991  5219.254431              8.777235          33.0  33.0
LinearSlope           lmabo-ab4  106.485886 1205.309548  100.183734  762.483990 2259.325160   51.415184   85.054916  644.495247  607.237783  489.626257  6311.617706             10.614265          34.0  34.0
LinearSlope               llmgp 1580.106970 1372.379880 1559.251395 1365.765936 1299.292694 1710.732605 1525.895184 1507.159651 1366.174204 1582.037042 14868.795561             25.004894          35.0  35.0
LinearSlope              llambo 2098.252250 1545.423167 1594.949799 2948.604589 2782.894440 2894.371511 2366.215782 2792.674607 2031.185178 2709.730889 23764.302213             39.964493          36.0  36.0
LinearSlope                qMES 4225.531534 4262.903907 3357.394064 4158.738503 3666.062331 3826.269780 4240.284305 4410.601460 3153.126171 3898.216652 39199.128706             65.921283          37.0  37.0
LinearSlope              PosSTD 5977.823214 4414.423887 5106.653662 4249.377035 3612.073350 3919.589828 6449.432251 5623.183562 3153.126171 6868.657107 49374.340066             83.032964          38.0  38.0
========================================================================================================================================================================================================
         problem              method        run_1        run_2        run_3         run_4         run_5        run_6        run_7        run_8         run_9       run_10          sum  relative_performance  problem_rank  rank
AttractiveSector                  PI 1.343539e+05 2.919752e+05 3.465913e+04 102746.315491   6558.929975 1.041523e+05 1.574219e+05 4.652493e+05  15803.355535 1.378863e+05 1.450807e+06              1.000000           1.0   1.0
AttractiveSector               LogPI 1.343538e+05 3.254987e+05 3.239494e+04 104356.523640   6572.436238 1.103573e+05 1.461057e+05 4.666233e+05  22702.371339 1.376219e+05 1.486587e+06              1.024662           2.0   2.0
AttractiveSector                  TS 1.373927e+05 2.347194e+05 1.465536e+05 110642.164145  13170.766146 1.109528e+05 1.108891e+05 4.503273e+05  14742.385005 1.623617e+05 1.491752e+06              1.028222           3.0   3.0
AttractiveSector               lmabo 1.534355e+05 2.451510e+05 7.277608e+04 136802.414395   7561.957039 2.727801e+05 2.315229e+05 4.671995e+05  28746.598802 1.940301e+05 1.810006e+06              1.247586           4.0   4.0
AttractiveSector             PosMean 1.347738e+05 3.970857e+05 7.909410e+04 137177.887908   6926.985343 1.678644e+05 2.511540e+05 4.858244e+05  16352.001745 1.402831e+05 1.816536e+06              1.252087           5.0   5.0
AttractiveSector           lmabo-gpt 2.846579e+05 2.487688e+05 1.393907e+05 150433.269237  44377.480554 2.233315e+05 2.099183e+05 4.508790e+05  20034.574071 1.375601e+05 1.909352e+06              1.316062           6.0   6.0
AttractiveSector                qMES 2.563871e+05 3.289546e+05 9.348264e+04 138923.893142  74421.818698 1.857203e+05 2.031094e+05 4.760019e+05  15717.069126 1.397704e+05 1.912489e+06              1.318225           7.0   7.0
AttractiveSector          lmabo-ops6 2.339345e+05 3.088341e+05 1.079358e+05 170208.865759   8207.910163 1.702459e+05 3.655586e+05 4.673627e+05  59732.711664 1.355416e+05 2.027563e+06              1.397542           8.0   8.0
AttractiveSector  no_past_bo-curated 1.901196e+05 3.742613e+05 1.962918e+05 274237.319449   7629.006903 2.141835e+05 2.385859e+05 4.543127e+05  18341.451789 1.352510e+05 2.103214e+06              1.449686           9.0   9.0
AttractiveSector  bo_explore_exploit 1.830141e+05 3.015090e+05 8.883439e+04 169211.674133  72081.114571 5.393473e+05 1.114841e+05 4.552301e+05  66485.728203 1.375650e+05 2.124762e+06              1.464539          10.0  10.0
AttractiveSector   bo_alternating_k3 4.327487e+05 2.339177e+05 2.541973e+05 108009.683982  17893.204568 1.637737e+05 1.647055e+05 4.478346e+05  22559.047095 2.947711e+05 2.140411e+06              1.475325          11.0  11.0
AttractiveSector   bo_alternating_k1 1.362334e+05 2.334935e+05 1.084025e+05 252466.479019  13815.432644 1.055284e+05 3.667635e+05 4.583424e+05  34890.106105 4.580239e+05 2.167960e+06              1.494313          12.0  12.0
AttractiveSector random_acq_curated2 3.569190e+05 2.323736e+05 2.345532e+05 238661.581599  43495.488797 2.211311e+05 2.343545e+05 4.506225e+05  23064.626603 1.380320e+05 2.173208e+06              1.497931          13.0  13.0
AttractiveSector            setup_bo 1.341649e+05 3.063090e+05 1.018970e+05 217459.311999   7613.172089 4.421435e+05 3.407379e+05 4.641959e+05  39026.492057 1.364844e+05 2.190032e+06              1.509527          14.0  14.0
AttractiveSector   bo_alternating_k5 4.650266e+05 4.969217e+05 1.714807e+05 103193.731941  18590.476387 1.384540e+05 1.887034e+05 4.739222e+05   8415.313278 1.374428e+05 2.202151e+06              1.517880          15.0  15.0
AttractiveSector               LogEI 2.691311e+05 2.837881e+05 1.923899e+05 163384.284642   9574.190076 2.271716e+05 3.396510e+05 4.727511e+05 124287.796560 1.676081e+05 2.249737e+06              1.550680          16.0  16.0
AttractiveSector          lmabo-ops3 3.537345e+05 5.783792e+05 1.478129e+05 131522.081509  17133.969720 2.013808e+05 1.110655e+05 5.499251e+05  20812.159200 1.827955e+05 2.294562e+06              1.581576          17.0  17.0
AttractiveSector                qJES 2.894001e+05 2.372820e+05 2.068073e+05 337366.517310  10464.952139 3.774893e+05 1.424069e+05 4.684967e+05  17716.233663 2.111680e+05 2.298598e+06              1.584359          18.0  18.0
AttractiveSector           lmabo-ops 2.717796e+05 2.510542e+05 3.061738e+05 185613.241237  72648.637097 2.368752e+05 3.266864e+05 4.519345e+05  44115.913915 1.848747e+05 2.331756e+06              1.607214          19.0  19.0
AttractiveSector    setup_bo-curated 1.952849e+05 2.360325e+05 3.925022e+04 198127.929437  81367.656334 4.303290e+05 5.027082e+05 4.887569e+05  35294.842780 1.942316e+05 2.401384e+06              1.655206          20.0  20.0
AttractiveSector          random_acq 1.997670e+05 2.906349e+05 1.478203e+05 142413.991522   6229.913849 1.063096e+05 5.667050e+05 4.845563e+05  17313.960504 4.399566e+05 2.401708e+06              1.655429          21.0  21.0
AttractiveSector     gphedge-curated 2.789919e+05 3.841142e+05 9.867905e+04 204348.152865  29235.561670 3.353696e+05 3.427879e+05 4.466021e+05  29529.537455 2.871137e+05 2.436772e+06              1.679598          22.0  22.0
AttractiveSector               llmgp 2.813326e+05 3.684591e+05 1.330575e+05 256968.076716  42395.129973 2.088016e+05 2.316473e+05 7.481994e+05  16175.596513 2.108565e+05 2.497893e+06              1.721727          23.0  23.0
AttractiveSector                 qKG 2.501009e+05 4.691080e+05 1.838869e+05 155329.208748   8755.595025 5.599618e+05 2.658599e+05 4.486125e+05  36407.048324 1.406127e+05 2.518635e+06              1.736024          24.0  24.0
AttractiveSector           lmabo-ab3 2.516210e+05 3.478006e+05 3.313234e+05 339151.334568  18106.912296 2.146037e+05 3.652095e+05 5.302077e+05  17499.764032 1.416134e+05 2.557137e+06              1.762562          25.0  25.0
AttractiveSector          no_past_bo 4.022533e+05 2.726625e+05 3.387254e+05 118664.139511  39835.370706 2.702866e+05 2.557279e+05 4.474157e+05  95077.594108 3.414283e+05 2.582077e+06              1.779753          26.0  26.0
AttractiveSector random_acq_curated1 3.499411e+05 4.128120e+05 6.765372e+04 186073.498469  28381.222792 2.772266e+05 4.219526e+05 4.876235e+05  38783.795536 3.696943e+05 2.640142e+06              1.819776          27.0  27.0
AttractiveSector                  EI 2.682064e+05 5.804338e+05 1.439863e+05 135359.681314   8529.710757 2.116325e+05 6.582416e+05 5.324162e+05  16389.207822 1.376298e+05 2.692825e+06              1.856088          28.0  28.0
AttractiveSector           lmabo-ab1 3.844333e+05 3.048448e+05 1.583041e+05 135373.321870  52543.070764 2.173589e+05 2.171856e+05 7.635575e+05  26819.450796 4.388872e+05 2.699307e+06              1.860556          29.0  29.0
AttractiveSector           lmabo-ab4 1.671725e+05 9.548722e+05 3.663956e+05 136853.625080  55602.740122 1.118007e+05 2.630731e+05 4.754098e+05  56095.701680 1.355982e+05 2.722874e+06              1.876800          30.0  30.0
AttractiveSector                 esp 4.020277e+05 2.318396e+05 1.576027e+05 102319.006632  23718.191935 5.175002e+05 4.500147e+05 6.557212e+05  54602.630570 1.678147e+05 2.763161e+06              1.904568          31.0  31.0
AttractiveSector         esp-curated 3.477448e+05 7.157570e+05 2.171899e+05 106513.918898  28567.756337 2.139010e+05 4.329518e+05 5.478298e+05  10299.211662 1.676186e+05 2.788374e+06              1.921947          32.0  32.0
AttractiveSector           lmabo-ab2 4.026496e+05 2.416294e+05 3.068776e+05 366882.407599  45360.331673 3.145600e+05 2.996611e+05 7.868034e+05  16374.111027 2.660158e+05 3.046814e+06              2.100083          33.0  33.0
AttractiveSector             gphedge 2.545687e+05 2.336777e+05 2.509748e+05 297788.063025  28152.376048 4.766381e+05 3.998876e+05 4.664772e+05  22679.806641 7.405855e+05 3.171430e+06              2.185977          34.0  34.0
AttractiveSector                 UCB 4.183130e+05 1.025251e+06 2.112676e+05 445585.757547  86166.507504 3.850066e+05 4.321463e+05 5.223385e+05  70987.695455 1.565968e+05 3.753660e+06              2.587292          35.0  35.0
AttractiveSector              llambo 3.345358e+05 6.261014e+05 9.745530e+04 373518.745338 250731.232483 5.395419e+05 1.433159e+06 1.263270e+06 190573.515991 5.788357e+05 5.687723e+06              3.920386          36.0  36.0
AttractiveSector                qPES 4.972333e+05 2.589261e+05 1.031308e+06 853793.304204 164914.785231 1.606517e+06 5.422411e+05 2.040808e+06  35072.117070 1.480082e+06 8.510895e+06              5.866320          37.0  37.0
AttractiveSector              PosSTD 6.897232e+06 1.621651e+06 2.920122e+06 280098.859831   6222.705075 3.028068e+06 6.085489e+06 1.424870e+06 287932.002635 1.698165e+05 2.272150e+07             15.661289          38.0  38.0
========================================================================================================================================================================================================
      problem              method       run_1       run_2       run_3       run_4       run_5       run_6       run_7       run_8       run_9      run_10          sum  relative_performance  problem_rank  rank
StepEllipsoid              llambo 1905.182835 2305.005620  420.340134  573.788403  987.465398 1569.458947 1548.437421 1355.375432 1311.415654 1006.843629 12983.313473              1.000000           1.0   1.0
StepEllipsoid               lmabo 1245.550601 2350.646098 1733.596652 1381.277238 1486.352908 1734.177576 2029.098077  997.222395 1346.326941 1545.819402 15850.067889              1.220803           2.0   2.0
StepEllipsoid     gphedge-curated 2640.736558 1206.277791  994.682450 2316.836151 1214.988043 1120.729790 1814.132760 2801.033938 2190.589117 1269.257889 17569.264486              1.353219           3.0   3.0
StepEllipsoid             PosMean 3943.186889 1705.707382 1490.702446 1650.642069 1373.788683 1682.753190 1687.927518 1434.242004 1430.001206 1174.759636 17573.711024              1.353561           4.0   4.0
StepEllipsoid          lmabo-ops3 2245.124924 1913.634301 1198.246086 1792.542902 1609.495810 1554.140925 1924.938021 1934.161225 1633.383129 1781.978945 17587.646268              1.354635           5.0   5.0
StepEllipsoid          lmabo-ops6 2202.826916 1708.449961 1845.719640 1672.622273 1405.448986 1832.739928 1763.221960 1064.132721 2769.723686 1484.639549 17749.525619              1.367103           6.0   6.0
StepEllipsoid  no_past_bo-curated 4356.309968 2138.478207 1157.134055 1611.196029 1012.735812 1442.560126 1331.466362 1297.761671 2615.670745 1291.506302 18254.819278              1.406022           7.0   7.0
StepEllipsoid                  PI 4498.927359 1876.030521 1575.301498 2306.754457 1482.582336  744.154289 1655.529788 1820.903801 1128.119667 1295.359552 18383.663267              1.415945           8.0   8.0
StepEllipsoid    setup_bo-curated 2123.722652 3062.704940 2036.087545 1262.263871 1250.296925 1124.455602 2281.478113 2645.949512 1302.488243 1493.782810 18583.230213              1.431316           9.0   9.0
StepEllipsoid           lmabo-gpt 2351.978173 1642.824865 1526.555181 3617.907683 1300.131514 1970.641459 1839.612805 1507.549785 1412.431976 1490.520985 18660.154426              1.437241          10.0  10.0
StepEllipsoid               LogPI 4625.685743 1800.360077 2253.212547 1318.834061 1416.976806  803.900266 1655.529788 1245.493813 1839.907917 1721.985477 18681.886496              1.438915          11.0  11.0
StepEllipsoid             gphedge 3401.046181 2031.121547 1692.472024 2374.265118 1105.947037 2142.694059 1542.230070 1115.255659 2313.103740 1149.791167 18867.926601              1.453244          12.0  12.0
StepEllipsoid random_acq_curated1 1994.645084 2022.890505 1892.042274 2460.205360 1265.057980 3185.724875 1719.037707 1640.385429 2259.173768  863.747261 19302.910244              1.486748          13.0  13.0
StepEllipsoid               LogEI 2018.562119 1589.117966 2259.225167 2637.403053 1202.060826 2338.121325 2018.781634 1502.561352 2013.852889 1773.776579 19353.462913              1.490641          14.0  14.0
StepEllipsoid                 esp 3291.541238 2996.429118  885.754997 2010.900471 2230.065309 1951.169252 1745.636619 1556.094848 1928.237050 1510.288686 20106.117589              1.548612          15.0  15.0
StepEllipsoid                 qKG 2838.502696 2044.292238 1469.457986 1204.902328 1920.933457 2776.858549 2027.832965 1953.524642 1953.288397 2156.406626 20345.999884              1.567088          16.0  16.0
StepEllipsoid random_acq_curated2 2643.022312 2390.410507 1199.011170 2767.060990 3102.737487 2120.976681 1603.340123 1187.198774 1842.053780 1495.981674 20351.793498              1.567535          17.0  17.0
StepEllipsoid   bo_alternating_k1 3314.871285 3670.087819 1726.899455 2252.775577 1230.397697 2002.661122 1605.710375 1610.056757 2037.955402 1797.229265 21248.644754              1.636612          18.0  18.0
StepEllipsoid           lmabo-ab1 2351.634934 1598.839325 1277.110903 4140.875691 1514.838754 2233.739405 2658.804573 1657.116859 2089.968436 2311.941521 21834.870400              1.681764          19.0  19.0
StepEllipsoid           lmabo-ab2 2984.807702 2091.311108 1034.829650 2592.012030 1951.990786 1710.631944 2495.992587 2851.692757 3016.443517 1210.988832 21940.700915              1.689915          20.0  20.0
StepEllipsoid          random_acq 2741.757133 2409.936283 1679.749390 3360.181710 1245.818075 2845.235945 2467.646279 2303.562201 1350.631779 1723.132392 22127.651187              1.704315          21.0  21.0
StepEllipsoid                  EI 2657.222474 1835.949902 1400.244544 4332.664896 1964.417040 1552.444925 2940.301664 2020.493128 1729.714046 1851.169356 22284.621974              1.716405          22.0  22.0
StepEllipsoid   bo_alternating_k3 3452.543997 3398.574486 1705.131056 3384.945994 1556.525366 1025.347477 2805.833184 1560.185906 1457.726456 2307.221505 22654.035428              1.744858          23.0  23.0
StepEllipsoid            setup_bo 3744.253419 1488.685887 2045.869953 3602.821670 1959.318407 1452.937366 2563.854117 2054.905145 2180.268535 1565.655665 22658.570163              1.745207          24.0  24.0
StepEllipsoid         esp-curated 4430.009116 2642.833065 1730.339226 1436.459752 1656.501606 1995.206984 2091.359464 2418.898370 2864.654039 1697.994346 22964.255969              1.768752          25.0  25.0
StepEllipsoid          no_past_bo 3348.043095 2193.823863 2178.237988 2571.992944 1846.021295 2519.038226 2527.878801 1676.104341 2899.502572 1243.728362 23004.371487              1.771841          26.0  26.0
StepEllipsoid   bo_alternating_k5 3226.352997 4415.628374 1402.862137 2620.532724 1376.118863 2552.093439 1529.837291 2635.755180 2668.544613  959.526741 23387.252359              1.801332          27.0  27.0
StepEllipsoid           lmabo-ops 3132.867116 2135.534256 1464.957099 2779.800992 2661.615327 1866.265597 1970.981920 4070.693925 2320.395634 1802.683992 24205.795857              1.864377          28.0  28.0
StepEllipsoid  bo_explore_exploit 4155.037432 3843.034715 2113.373990  906.178527  536.238314 2885.975935 2323.091944 3470.152159 2941.486906 2183.295612 25357.865533              1.953112          29.0  29.0
StepEllipsoid               llmgp 4656.789799 2774.193709 1467.788433 2142.294150 2072.207650 2122.341367 1804.545375 3458.099901 4152.591971 1125.934403 25776.786758              1.985378          30.0  30.0
StepEllipsoid           lmabo-ab4 2410.091345 3106.598310 2237.239148 2632.331942 1388.579189 2158.276556 4221.637663 5003.232969 1268.973396 2044.255320 26471.215839              2.038864          31.0  31.0
StepEllipsoid           lmabo-ab3 3088.613737 3812.581686 1898.830779 2713.887636 2239.480407 1409.582282 2821.784230 4136.949435 2315.489777 2128.885062 26566.085031              2.046171          32.0  32.0
StepEllipsoid                qMES 2444.739876 4030.734326 1652.002543 3177.374865 3299.006988 3564.830301 3071.752245 2961.723884 2103.271786 2399.691460 28705.128274              2.210925          33.0  33.0
StepEllipsoid                qJES 4090.627524 4583.002145 2640.635018 2654.568572 1958.737752 3631.410996 2071.915332 4034.864316 2243.638987 2289.087472 30198.488114              2.325946          34.0  34.0
StepEllipsoid                  TS 2732.655559 3634.806454 2421.911007 3594.282168 3158.515216 3623.453519 3152.204619 4151.801679 2260.374592 2192.557876 30922.562687              2.381716          35.0  35.0
StepEllipsoid                 UCB 4728.518592 4632.133764  998.298649 3758.232218 4360.178589 5616.290827 3442.930550 4533.871457 4962.784327 2819.503813 39852.742785              3.069536          36.0  36.0
StepEllipsoid              PosSTD 3867.779782 6301.587508 4095.470564 8165.240739 3049.470599 6755.811748 5861.528164 3139.838741 1552.933742 4993.782627 47783.444214              3.680374          37.0  37.0
StepEllipsoid                qPES 5180.089466 8512.178512 3199.572276 6625.475934 2578.436990 3948.321783 6470.562693 6595.732511 6590.744992 4054.039657 53755.154815              4.140326          38.0  38.0
========================================================================================================================================================================================================
problem              method        run_1         run_2        run_3        run_4        run_5        run_6        run_7        run_8        run_9       run_10          sum  relative_performance  problem_rank  rank
 Discus               LogPI 2.457842e+06  63877.133508 2.181815e+07 3.237297e+06 1.057306e+06 5.536279e+06 3.345954e+06 4.244719e+05 1.241303e+06 1.758831e+06 4.094131e+07              1.000000           1.0   1.0
 Discus          random_acq 3.987949e+06 221320.787503 2.071526e+07 2.916436e+06 2.399393e+06 7.936097e+06 7.003737e+06 1.993080e+05 1.174349e+06 9.963188e+05 4.755017e+07              1.161423           2.0   2.0
 Discus         esp-curated 6.110169e+06 123869.103114 2.082886e+07 4.186070e+06 4.496647e+06 7.162026e+06 2.671155e+06 2.377603e+05 1.220769e+06 2.517237e+06 4.955457e+07              1.210381           3.0   3.0
 Discus  bo_explore_exploit 5.488352e+06 308110.479653 2.202391e+07 4.575075e+06 1.371444e+06 5.338888e+06 7.566664e+06 7.183948e+05 1.383013e+05 2.357642e+06 4.988678e+07              1.218495           4.0   4.0
 Discus                  PI 2.016558e+06 106016.207394 2.215518e+07 2.934847e+06 1.244375e+06 1.556972e+07 2.614568e+06 3.119478e+05 1.188299e+06 2.612441e+06 5.075395e+07              1.239676           5.0   5.0
 Discus               lmabo 3.542287e+06  93791.726692 2.877518e+07 3.201567e+06 1.851246e+06 8.063068e+06 4.265470e+06 3.596644e+05 3.431521e+05 9.920182e+05 5.148744e+07              1.257592           6.0   6.0
 Discus             gphedge 4.714869e+06 351450.220291 2.676058e+07 3.910870e+06 2.609474e+06 9.287143e+06 2.414457e+06 5.487758e+05 3.078327e+05 1.019416e+06 5.192487e+07              1.268276           7.0   7.0
 Discus           lmabo-gpt 2.390327e+06 176258.898106 2.748323e+07 5.502983e+06 3.161313e+06 7.714883e+06 2.883301e+06 2.906317e+05 1.579944e+05 2.195615e+06 5.195654e+07              1.269049           8.0   8.0
 Discus   bo_alternating_k5 2.077463e+06  59238.454898 1.868557e+07 4.993652e+06 1.495432e+06 1.140568e+07 8.489511e+06 4.843857e+05 9.574958e+05 3.941270e+06 5.258969e+07              1.284514           9.0   9.0
 Discus             PosMean 4.445450e+06 456402.695946 2.600708e+07 4.423335e+06 3.420804e+06 6.937375e+06 2.635452e+06 3.478317e+05 5.564309e+05 3.988319e+06 5.321848e+07              1.299872          10.0  10.0
 Discus               LogEI 1.602780e+06 168280.985149 2.402311e+07 6.205092e+06 9.257951e+05 1.083365e+07 3.674301e+06 7.570192e+05 3.089860e+06 2.080561e+06 5.336045e+07              1.303340          11.0  11.0
 Discus          lmabo-ops6 4.712781e+06 288126.789297 2.431873e+07 5.599944e+06 1.230973e+06 1.265803e+07 2.933140e+06 7.944964e+04 1.105159e+06 1.008914e+06 5.393524e+07              1.317380          12.0  12.0
 Discus          lmabo-ops3 1.743259e+06 301954.123277 2.384608e+07 4.209450e+06 3.618643e+06 8.397733e+06 7.053909e+06 4.637243e+04 1.691061e+06 4.756395e+06 5.566486e+07              1.359626          13.0  13.0
 Discus           lmabo-ab1 3.855655e+06 200792.962188 2.444049e+07 6.547835e+06 5.490018e+06 6.566724e+06 8.260200e+06 2.429851e+05 1.291184e+06 2.988037e+06 5.988392e+07              1.462677          14.0  14.0
 Discus            setup_bo 2.373053e+06 305103.473866 2.165855e+07 7.718978e+06 5.932926e+06 6.477917e+06 2.755046e+06 7.276476e+05 3.560598e+06 9.473347e+06 6.098317e+07              1.489527          15.0  15.0
 Discus                  EI 1.684792e+06  87091.754301 3.065429e+07 5.228130e+06 4.628806e+06 1.196291e+07 9.549437e+05 1.025773e+06 9.477698e+05 5.784180e+06 6.295868e+07              1.537779          16.0  16.0
 Discus           lmabo-ab2 3.533252e+06  70196.605399 3.060925e+07 8.648487e+06 5.220430e+06 8.987641e+06 3.576598e+06 3.824246e+05 1.261361e+06 1.211262e+06 6.350090e+07              1.551023          17.0  17.0
 Discus                 esp 9.481863e+06  66995.845486 1.998934e+07 6.522530e+06 7.102201e+05 1.803255e+07 5.224449e+06 1.215070e+05 1.484236e+06 2.275640e+06 6.390933e+07              1.560999          18.0  18.0
 Discus  no_past_bo-curated 1.851609e+06  29787.440319 4.016261e+07 2.713404e+06 2.332841e+06 8.195742e+06 5.233385e+06 2.155557e+05 9.555806e+05 3.497990e+06 6.518850e+07              1.592243          19.0  19.0
 Discus           lmabo-ab3 3.585939e+06 202820.502958 2.063280e+07 4.157318e+06 3.513879e+06 2.083889e+07 4.445747e+06 1.070073e+06 1.234897e+06 6.109995e+06 6.579236e+07              1.606992          20.0  20.0
 Discus                qMES 4.225922e+06 169447.889104 2.498358e+07 4.419939e+06 3.478592e+06 1.895834e+07 8.434751e+06 4.365848e+05 8.109945e+05 1.375779e+06 6.729393e+07              1.643668          21.0  21.0
 Discus           lmabo-ab4 8.462198e+06 111391.628057 2.579952e+07 8.414381e+06 5.829296e+06 5.893918e+06 3.422524e+06 7.295256e+05 1.349596e+05 9.182485e+06 6.798020e+07              1.660431          22.0  22.0
 Discus           lmabo-ops 6.723951e+06  60568.421190 3.537671e+07 2.137540e+06 6.081896e+06 8.053365e+06 7.304959e+06 5.323452e+05 1.423239e+05 3.957999e+06 7.037165e+07              1.718842          23.0  23.0
 Discus random_acq_curated2 5.144322e+06  84500.003714 3.325454e+07 1.006046e+07 3.964347e+06 5.384999e+06 6.565446e+06 5.788190e+05 8.648530e+05 6.601971e+06 7.250426e+07              1.770932          24.0  24.0
 Discus     gphedge-curated 2.047976e+06 171947.941405 4.376960e+07 4.260820e+06 8.099466e+05 9.817532e+06 3.252687e+06 6.028145e+05 1.552724e+05 9.631842e+06 7.452044e+07              1.820177          25.0  25.0
 Discus          no_past_bo 1.061564e+07 221522.741948 2.366133e+07 7.334695e+06 2.103097e+06 8.495640e+06 9.885257e+06 7.471312e+05 1.258266e+06 1.103328e+07 7.535587e+07              1.840583          26.0  26.0
 Discus   bo_alternating_k1 4.326917e+06 326356.648841 3.154672e+07 2.207680e+06 6.083342e+06 1.001135e+07 5.508358e+06 3.378118e+05 1.726061e+06 1.419135e+07 7.626594e+07              1.862812          27.0  27.0
 Discus    setup_bo-curated 8.069256e+06 313942.835613 4.026141e+07 2.885881e+06 3.801565e+06 5.972764e+06 1.164896e+07 5.444135e+05 1.693136e+06 1.686935e+06 7.687826e+07              1.877768          28.0  28.0
 Discus                 qKG 7.506730e+06 347593.580395 2.961576e+07 2.474084e+06 2.058903e+06 2.663988e+07 7.019260e+06 3.483989e+05 2.412915e+06 1.015872e+06 7.943939e+07              1.940324          29.0  29.0
 Discus                  TS 2.433085e+06 172732.686703 2.880623e+07 8.855293e+06 2.243529e+06 6.436073e+06 2.645407e+06 4.034699e+05 1.296286e+06 2.714323e+07 8.043534e+07              1.964650          30.0  30.0
 Discus   bo_alternating_k3 3.501154e+06 254518.899646 2.933771e+07 5.395502e+06 4.204352e+06 1.100951e+07 1.209762e+07 5.736713e+05 2.658810e+06 1.156077e+07 8.059361e+07              1.968516          31.0  31.0
 Discus random_acq_curated1 1.148834e+07  94790.902412 3.378014e+07 4.745255e+06 2.441898e+06 1.342695e+07 1.010930e+07 8.907304e+05 2.242575e+06 1.674158e+06 8.089414e+07              1.975856          32.0  32.0
 Discus                qJES 4.956124e+06 209325.408183 3.854493e+07 2.051408e+06 3.135121e+06 1.715064e+07 3.652623e+06 1.029341e+06 4.045419e+06 8.087437e+06 8.286237e+07              2.023931          33.0  33.0
 Discus                 UCB 1.882463e+07 266640.685472 2.963034e+07 1.237291e+07 6.210469e+06 9.698502e+06 1.265099e+07 8.105247e+04 1.772224e+06 8.427720e+06 9.993547e+07              2.440945          34.0  34.0
 Discus              llambo 6.431995e+06  71036.152916 1.797304e+07 4.568671e+07 2.012685e+07 1.032700e+07 5.729943e+06 1.374781e+06 4.991225e+06 1.052736e+07 1.232399e+08              3.010161          35.0  35.0
 Discus               llmgp 6.049428e+06 211173.124203 5.300747e+07 1.293850e+07 1.491160e+06 2.931164e+07 1.444720e+07 8.514500e+05 2.342911e+06 8.515252e+06 1.291662e+08              3.154911          36.0  36.0
 Discus                qPES 1.501433e+07 345898.004884 5.039286e+07 4.905815e+07 1.541359e+07 1.298709e+07 2.430726e+07 2.307992e+06 1.123774e+07 2.912587e+07 2.101908e+08              5.133954          37.0  37.0
 Discus              PosSTD 1.516215e+08 512822.406587 3.452407e+07 1.926496e+08 2.631302e+07 3.193574e+08 7.372201e+05 2.522778e+06 1.141382e+07 3.268209e+06 7.429205e+08             18.145988          38.0  38.0
========================================================================================================================================================================================================
  problem              method        run_1        run_2        run_3        run_4        run_5        run_6        run_7        run_8        run_9       run_10          sum  relative_performance  problem_rank  rank
BentCigar               lmabo 3.729608e+08 3.694164e+08 5.099352e+08 5.636167e+08 4.602271e+08 4.356195e+08 1.324126e+09 8.558226e+08 1.448368e+09 4.409453e+08 6.781038e+09              1.000000           1.0   1.0
BentCigar                  PI 3.209263e+08 2.031055e+08 5.925418e+08 5.127409e+08 9.517467e+08 9.763118e+08 3.689569e+08 8.548222e+08 1.775528e+09 2.683578e+08 6.825037e+09              1.006489           2.0   2.0
BentCigar          lmabo-ops3 5.195286e+08 1.187088e+09 3.296984e+08 1.196032e+09 6.888517e+08 2.999007e+08 6.948943e+08 3.669418e+08 8.427560e+08 1.119560e+09 7.245252e+09              1.068458           3.0   3.0
BentCigar          lmabo-ops6 8.492700e+08 7.235540e+08 5.806487e+08 5.934702e+08 9.104584e+08 1.308784e+09 5.989319e+08 5.546993e+08 1.062779e+09 2.381395e+08 7.420736e+09              1.094336           4.0   4.0
BentCigar                  TS 6.729884e+08 7.759444e+08 6.827627e+08 6.177785e+08 4.027645e+08 1.194493e+09 9.314760e+08 3.958334e+08 1.025862e+09 7.386504e+08 7.438553e+09              1.096964           5.0   5.0
BentCigar         esp-curated 1.150366e+09 9.141292e+08 4.245251e+08 4.873200e+08 1.003956e+09 8.648456e+08 1.037698e+09 5.648647e+08 7.780044e+08 3.223350e+08 7.548044e+09              1.113110           6.0   6.0
BentCigar     gphedge-curated 3.192805e+08 7.789970e+08 5.944858e+08 1.169031e+09 7.537485e+08 8.825582e+08 4.318605e+08 8.677383e+08 1.579249e+09 4.200175e+08 7.796966e+09              1.149819           7.0   7.0
BentCigar             PosMean 4.385044e+08 4.660423e+08 4.414677e+08 1.007256e+09 6.212932e+08 1.123502e+09 7.313259e+08 4.425306e+08 1.718987e+09 8.159796e+08 7.806888e+09              1.151282           8.0   8.0
BentCigar           lmabo-ab4 5.620764e+08 8.723910e+08 4.456087e+08 7.079534e+08 1.275874e+09 1.202942e+09 7.867605e+08 8.323567e+08 1.013687e+09 2.295120e+08 7.929162e+09              1.169314           9.0   9.0
BentCigar           lmabo-ab1 5.717105e+08 9.274588e+08 5.674018e+08 5.469520e+08 6.277222e+08 1.504302e+09 7.459722e+08 4.929130e+08 1.100142e+09 9.166607e+08 8.001235e+09              1.179943          10.0  10.0
BentCigar          no_past_bo 6.519583e+08 4.497349e+08 5.565234e+08 1.167735e+09 3.981863e+08 4.425577e+08 7.741463e+08 7.084900e+08 1.881729e+09 1.159416e+09 8.190477e+09              1.207850          11.0  11.0
BentCigar             gphedge 1.585286e+09 2.968232e+08 4.429577e+08 6.425252e+08 9.036362e+08 9.620201e+08 3.976602e+08 9.507027e+08 1.668631e+09 4.040665e+08 8.254309e+09              1.217263          12.0  12.0
BentCigar  no_past_bo-curated 7.544944e+08 8.543910e+08 6.129397e+08 4.346205e+08 9.070619e+08 4.640092e+08 7.839219e+08 7.399068e+08 2.220410e+09 5.508559e+08 8.322611e+09              1.227336          13.0  13.0
BentCigar           lmabo-gpt 9.970248e+08 6.207401e+08 2.452421e+08 6.857770e+08 8.993825e+08 1.299935e+09 7.828205e+08 5.915234e+08 1.665448e+09 6.408478e+08 8.428742e+09              1.242987          14.0  14.0
BentCigar            setup_bo 9.457209e+08 3.649481e+08 5.951820e+08 8.992806e+08 7.197045e+08 1.808807e+09 7.704442e+08 8.863822e+08 1.138692e+09 3.441309e+08 8.473292e+09              1.249557          15.0  15.0
BentCigar           lmabo-ops 5.234960e+08 1.083552e+09 6.204686e+08 5.261869e+08 6.581679e+08 1.043033e+09 9.072302e+08 7.263779e+08 1.403484e+09 1.007064e+09 8.499061e+09              1.253357          16.0  16.0
BentCigar               LogPI 2.360218e+08 5.539865e+08 4.633764e+08 4.191046e+08 2.432251e+09 1.435162e+09 2.667321e+08 4.898133e+08 1.598309e+09 6.520114e+08 8.546769e+09              1.260392          17.0  17.0
BentCigar  bo_explore_exploit 6.664824e+08 4.693574e+08 2.072514e+08 5.646441e+08 1.484963e+09 1.234707e+09 8.370971e+08 5.827026e+08 1.504603e+09 1.081938e+09 8.633746e+09              1.273219          18.0  18.0
BentCigar               LogEI 6.135176e+08 2.599570e+08 7.111213e+08 7.049083e+08 1.506027e+09 1.161302e+09 6.090077e+08 6.849924e+08 1.899841e+09 4.949947e+08 8.645669e+09              1.274977          19.0  19.0
BentCigar                qJES 7.655912e+08 1.056710e+09 4.290088e+08 2.876090e+08 1.212562e+09 1.268759e+09 1.008009e+09 2.057175e+08 1.437213e+09 1.226513e+09 8.897692e+09              1.312143          20.0  20.0
BentCigar   bo_alternating_k3 9.690481e+08 5.108406e+08 1.238238e+09 8.408995e+08 7.400100e+08 1.213702e+09 1.320209e+09 8.073750e+08 7.975217e+08 6.536259e+08 9.091470e+09              1.340720          21.0  21.0
BentCigar                  EI 5.870717e+08 6.768846e+08 4.805412e+08 4.939685e+08 1.551296e+09 1.599859e+09 9.184258e+08 8.722745e+08 2.188204e+09 5.535435e+08 9.922070e+09              1.463208          22.0  22.0
BentCigar           lmabo-ab2 1.697577e+09 6.501191e+08 6.695198e+08 7.963795e+08 1.297722e+09 1.102387e+09 4.090941e+08 4.884401e+08 1.448773e+09 1.376084e+09 9.936096e+09              1.465277          23.0  23.0
BentCigar           lmabo-ab3 3.767273e+08 6.951878e+08 3.516037e+08 5.733828e+08 8.775356e+08 2.042554e+09 1.585644e+09 1.106142e+09 1.656239e+09 9.509496e+08 1.021597e+10              1.506549          24.0  24.0
BentCigar    setup_bo-curated 1.444482e+09 6.188458e+08 4.349190e+08 5.625363e+08 1.329753e+09 8.726445e+08 1.807015e+09 1.408057e+09 1.160582e+09 5.818605e+08 1.022070e+10              1.507247          25.0  25.0
BentCigar          random_acq 3.993613e+08 7.395068e+08 7.999013e+08 5.367699e+08 1.953630e+09 1.426708e+09 8.344255e+08 1.026815e+09 1.794394e+09 7.534535e+08 1.026496e+10              1.513775          26.0  26.0
BentCigar random_acq_curated1 2.738193e+08 1.013113e+09 4.070432e+08 8.279157e+08 7.049736e+08 1.364548e+09 1.905073e+09 1.262994e+09 1.364078e+09 1.214804e+09 1.033836e+10              1.524599          27.0  27.0
BentCigar   bo_alternating_k1 3.908362e+08 6.236446e+08 6.050822e+08 1.232924e+09 1.337067e+09 1.400987e+09 1.421303e+09 8.391821e+08 1.544635e+09 9.751821e+08 1.037084e+10              1.529389          28.0  28.0
BentCigar random_acq_curated2 1.180026e+09 3.574933e+08 9.929551e+08 5.412898e+08 9.200544e+08 1.461029e+09 8.005041e+08 1.068110e+09 2.135573e+09 9.742286e+08 1.043126e+10              1.538299          29.0  29.0
BentCigar                qMES 4.173172e+08 1.677314e+09 5.754184e+08 6.849118e+08 7.243842e+08 1.641782e+09 1.850253e+09 1.129039e+09 1.607949e+09 5.222577e+08 1.083063e+10              1.597193          30.0  30.0
BentCigar                 esp 9.912804e+08 8.612128e+08 8.299154e+08 1.051851e+09 1.013181e+09 1.455084e+09 1.552835e+09 5.553599e+08 2.046499e+09 5.768067e+08 1.093403e+10              1.612441          31.0  31.0
BentCigar   bo_alternating_k5 6.327083e+08 2.038055e+09 5.102710e+08 5.985279e+08 1.411379e+09 4.529386e+08 4.728171e+08 1.221348e+09 2.312580e+09 1.290999e+09 1.094162e+10              1.613562          32.0  32.0
BentCigar                 qKG 8.619487e+08 1.279825e+09 4.666469e+08 7.893618e+08 9.272152e+08 2.213617e+09 1.772832e+09 7.930407e+08 1.350188e+09 8.249090e+08 1.127959e+10              1.663401          33.0  33.0
BentCigar              llambo 9.399808e+08 1.078853e+09 1.317783e+09 4.433700e+08 9.811778e+08 1.592923e+09 1.151548e+09 1.271327e+09 1.333701e+09 1.221462e+09 1.133212e+10              1.671149          34.0  34.0
BentCigar                qPES 1.076930e+09 1.081195e+09 1.124950e+09 7.675854e+08 8.186359e+08 2.671854e+09 2.004772e+09 1.215602e+09 2.158511e+09 6.823321e+08 1.360237e+10              2.005942          35.0  35.0
BentCigar                 UCB 1.942649e+09 1.413428e+09 8.144852e+08 8.871511e+08 1.246059e+09 1.380720e+09 6.843508e+08 1.016808e+09 2.509998e+09 1.811269e+09 1.370692e+10              2.021360          36.0  36.0
BentCigar               llmgp 1.500217e+09 3.252530e+09 1.317783e+09 3.342308e+09 2.064372e+09 2.274175e+09 5.326614e+08 1.849476e+09 3.202983e+09 2.073267e+09 2.140977e+10              3.157300          37.0  37.0
BentCigar              PosSTD 3.285966e+09 1.636456e+09 9.323569e+08 2.786566e+09 7.575297e+09 1.297056e+09 9.689461e+08 1.453612e+09 1.056178e+09 1.997299e+09 2.298973e+10              3.390297          38.0  38.0
========================================================================================================================================================================================================
   problem              method        run_1        run_2        run_3        run_4        run_5        run_6        run_7        run_8        run_9       run_10           sum  relative_performance  problem_rank  rank
SharpRidge                  PI  6328.471194  6160.114825 10022.918348 11237.219028  9261.207065  7850.043442  7659.661408  5834.567903 11415.308064  7220.405306  82989.916583              1.000000           1.0   1.0
SharpRidge               LogPI  7513.129956 11171.926422  7999.657138 11034.814930  8173.340662  8586.211581  9745.017359  9770.157829  7527.892660  4184.076908  85706.225444              1.032731           2.0   2.0
SharpRidge                  EI  8588.625227  6305.881055 11981.564093  9900.013487  8834.956721 11649.927891  8581.700747  6262.260131 10214.688209  7121.671112  89441.288672              1.077737           3.0   3.0
SharpRidge          lmabo-ops6 10609.910680  8185.180543 10169.395802  9978.696101 10400.521095  9968.957810 10127.260026  9824.950999  7771.042616  3965.810578  91001.726249              1.096540           4.0   4.0
SharpRidge           lmabo-gpt  9626.295946  9945.263774 12731.101760  8265.711831  7482.849154 13647.034236  9617.365786  3243.234344  9967.483703  7760.695104  92287.035638              1.112027           5.0   5.0
SharpRidge               LogEI  7045.615109  9475.958054 11127.135789  8445.695966  9619.282398 13381.721448  8305.123894  7878.020671 10737.798963  6926.975877  92943.328167              1.119935           6.0   6.0
SharpRidge               lmabo  7832.431102  8664.797836  9976.573721  8734.534540  9998.425144 11262.678772  9925.193950  8154.137780 11864.680864  6608.227277  93021.680987              1.120879           7.0   7.0
SharpRidge           lmabo-ab1  8071.865360  9944.096767 11101.804072  9552.085536  8242.303859 10991.602466 12530.359567  7922.645822  9612.339170  5468.301254  93437.403875              1.125889           8.0   8.0
SharpRidge          lmabo-ops3 10591.545324  9084.570657 11669.589164  9160.265632  9238.810210  7419.443414 12771.111027  6932.847611 11039.250221  7146.671105  95054.104365              1.145369           9.0   9.0
SharpRidge   bo_alternating_k5 10420.819207 10799.120397  9891.304452 12070.523285  8389.386078  9962.928473  7346.657913  7003.743726 11747.398887  9458.397861  97090.280280              1.169905          10.0  10.0
SharpRidge   bo_alternating_k3  6879.035550 10597.814868 11663.574581 10739.213701 12838.607460 10620.658699  7772.746907 11829.393512  9358.055251  5847.215886  98146.316417              1.182629          11.0  11.0
SharpRidge random_acq_curated1  8111.055187 13285.062609 11940.071496 10162.803452  8060.157714 13664.952702  8938.850502  9335.744453  7380.036012  7575.688373  98454.422501              1.186342          12.0  12.0
SharpRidge          random_acq  7663.703820  9762.328743 13790.795107  7502.797705 11987.218510 12800.680391 10992.533701  9258.056605  9190.698931  6351.413129  99300.226643              1.196534          13.0  13.0
SharpRidge             PosMean  5262.638158  7125.527929 11778.357774 12836.314080  5464.442082 17965.085806 11040.793578  9487.641790 12248.646851  6734.432297  99943.880347              1.204289          14.0  14.0
SharpRidge         esp-curated  6817.852682  6883.035152 13874.185606 11558.380534  8713.401912 13661.891764 13192.532839 12501.166066  7576.070674  6900.120106 101678.637335              1.225193          15.0  15.0
SharpRidge random_acq_curated2  6943.437407  9283.117837  9744.646163  7919.237504 10714.377713 11201.145328 18310.901264  7963.222650 13428.054128  6289.610027 101797.750022              1.226628          16.0  16.0
SharpRidge          no_past_bo  7676.716167  8352.290317 10915.021294 14713.224306 11833.576546 12020.269553  9252.022247  7524.774813 10165.758434 10786.929271 103240.582949              1.244014          17.0  17.0
SharpRidge     gphedge-curated  8966.270525  8083.231384 12638.592847 10574.122728 12708.184847 12104.404049 12362.164733  6793.288513 10560.129049  8789.385798 103579.774474              1.248101          18.0  18.0
SharpRidge           lmabo-ab3  4919.134513 11851.278915 13871.566797  8295.036673  8587.756878 12303.874601 11571.611370 13032.337432 13469.058950  7629.269523 105530.925651              1.271611          19.0  19.0
SharpRidge           lmabo-ab2  6848.983263  8166.576115 14846.376847  9242.512524  8981.408158 23554.530885  9106.276712 10679.255889  9037.770151  6685.252215 107148.942759              1.291108          20.0  20.0
SharpRidge    setup_bo-curated 11931.146639  8519.568821 10630.450502 10180.547845 13877.946672 12215.885297 10222.269651 10746.355738 12577.788723  6486.306776 107388.266663              1.293992          21.0  21.0
SharpRidge            setup_bo 11613.695848 10710.063817 15432.458353 10405.198629 10038.873379 16772.521096  9733.496606  6489.499863 11458.732491  7293.641016 109948.181099              1.324838          22.0  22.0
SharpRidge             gphedge 11574.991837  8199.037131 10709.448662 13898.742942 12297.816184 13330.170772 10280.480324 11361.456031 10901.726039  7710.941229 110264.811151              1.328653          23.0  23.0
SharpRidge                qJES  5194.055167 10721.324795 13093.177983 13676.450158 12234.067080 14978.335230 10117.318912  9200.485246 12672.266023  9600.769655 111488.250249              1.343395          24.0  24.0
SharpRidge  bo_explore_exploit 10606.839161  4990.297578 13098.007490 11272.540710 13053.365960 12790.175277 12205.227402  7188.364540 17140.650301  9164.682849 111510.151268              1.343659          25.0  25.0
SharpRidge   bo_alternating_k1 11135.398781 11346.460646 11281.960652 13137.037512 14027.561462  8530.251968 11684.728834  7505.410597 13481.058976  9471.393174 111601.262603              1.344757          26.0  26.0
SharpRidge  no_past_bo-curated  8011.860645 10841.961078 13915.917336 12344.803749 12773.504331 15703.166040  9772.543841  9183.272199 13268.430815  7515.564658 113331.024692              1.365600          27.0  27.0
SharpRidge                 esp 11217.773888  7304.519105 13765.254646 12380.612183 12425.649016 16028.100289 11149.488579 11524.526734 11471.726687  6398.638334 113666.289462              1.369640          28.0  28.0
SharpRidge                qMES 10135.710157 12149.431490 14432.239920 11337.315064 15091.312867 19199.208783 11384.343695 11382.706377 14257.144769  6944.311827 126313.724949              1.522037          29.0  29.0
SharpRidge                 qKG 16035.155652 12170.201519 14717.464758  9914.555602 10938.915628 17657.482903 12066.534379  7827.123812 15932.442518 11464.106163 128723.982934              1.551080          30.0  30.0
SharpRidge                  TS 15613.373194 11379.528397 17398.665704 12932.752327 15840.387975 13345.251752 14633.342081  8839.872663 10719.217486 10580.658453 131283.050033              1.581916          31.0  31.0
SharpRidge           lmabo-ops 13172.474937 10766.527230 18346.299965 14122.635142 11563.489189 12327.486753 18056.784287 11180.035651 14148.934654 11500.197271 135184.865079              1.628931          32.0  32.0
SharpRidge               llmgp 12251.962406 13742.028970 14497.166104 10836.868033 12897.322255 24795.533875 19597.675492 16250.373606 16144.437044 12817.606901 153830.974686              1.853610          33.0  33.0
SharpRidge           lmabo-ab4 32524.009837  7830.432435 12799.409017 13442.891249 18027.880396 12985.428255 19633.631531 28211.224392  8150.572057  7703.378764 161308.857933              1.943716          34.0  34.0
SharpRidge                 UCB 16813.024760 17316.205943 18862.880051 14725.189613 15588.109406 17735.287688 18991.955058 13909.333203 19976.067429 11898.198412 165816.251563              1.998029          35.0  35.0
SharpRidge              llambo 41645.061443 17926.453319 25831.925411 42557.567943 28322.590633 38573.125347 37670.912609  7484.496051 45843.472759 28418.899181 314274.504696              3.786900          36.0  36.0
SharpRidge                qPES 50712.569014 34020.180382 43092.267311 34930.395558 47367.271670 51622.766478 45848.223989 39930.811438 49699.416833 28245.967555 425469.870229              5.126766          37.0  37.0
SharpRidge              PosSTD 86340.571947 44532.140422 55051.796511 43964.133101 76038.838164 65011.526766 78955.439867 39531.245424 45048.432547 28418.897470 562893.022219              6.782668          38.0  38.0
========================================================================================================================================================================================================
        problem              method       run_1       run_2       run_3      run_4      run_5      run_6       run_7       run_8      run_9      run_10          sum  relative_performance  problem_rank  rank
DifferentPowers                  PI  345.918633  152.616755  217.856840 118.218088 151.401385 164.791499  286.382366  196.096118 124.860532  333.071352  2091.213569              1.000000           1.0   1.0
DifferentPowers               LogPI  314.561405  257.079842  243.856915 169.423087 175.271064 144.882814  284.905232  210.809399  97.986889  380.819631  2279.596279              1.090083           2.0   2.0
DifferentPowers             PosMean  195.179184  442.218025  379.511171 229.121746 190.617052 152.661697  260.793437  253.198767 135.936840  275.327723  2514.565643              1.202443           3.0   3.0
DifferentPowers           lmabo-gpt  363.455019  377.721827  385.601233 189.066603 220.917666 113.894223  328.956398  324.146842 133.534413  256.919483  2694.213708              1.288349           4.0   4.0
DifferentPowers          lmabo-ops6  293.425479  272.479378  382.277858 242.161339 206.308819 279.841939  238.872604  502.452648 141.995365  266.974921  2826.790349              1.351746           5.0   5.0
DifferentPowers               lmabo  311.160957  329.617307  457.165074 255.155783  97.451115 166.518691  313.147204  350.752766 244.928076  304.398179  2830.295153              1.353422           6.0   6.0
DifferentPowers   bo_alternating_k3  310.681991  314.950090  351.690413 292.841447 284.302726 249.767416  317.801595  412.200382 140.089568  316.642023  2990.967651              1.430255           7.0   7.0
DifferentPowers random_acq_curated1  370.980281  382.664158  443.637737 240.925909 232.721314 230.289405  325.032892  294.070267 235.060371  275.390726  3030.773061              1.449289           8.0   8.0
DifferentPowers   bo_alternating_k5  340.830962  249.609564  416.396570 183.036759 208.638889 278.667260  275.606623  278.239214 304.344352  539.481172  3074.851366              1.470367           9.0   9.0
DifferentPowers     gphedge-curated  393.229016  263.333963  390.050230 307.787783 150.544564 249.090083  256.630874  419.657492 124.457106  575.359495  3130.140606              1.496806          10.0  10.0
DifferentPowers         esp-curated  233.983642  477.837020  348.140891 240.311682 232.206436  92.344838  514.694857  316.347611 254.879936  443.416559  3154.163471              1.508293          11.0  11.0
DifferentPowers               LogEI  337.330298  332.350054  672.441709 232.014500 223.605533 175.208127  226.865099  290.968725 167.874561  517.535917  3176.194524              1.518828          12.0  12.0
DifferentPowers                  EI  387.809385  507.494779  579.590811 287.544459 225.191565 148.045807  197.325131  316.070497 191.236818  340.527544  3180.836798              1.521048          13.0  13.0
DifferentPowers   bo_alternating_k1  288.951106  256.377279  474.539487 233.296292 248.414785 247.796230  418.665537  219.667494 295.647580  504.543586  3187.899376              1.524426          14.0  14.0
DifferentPowers          lmabo-ops3  452.692777  387.439612  515.904646 247.634637  81.789195 237.043815  328.226076  367.904971 216.783916  370.832291  3206.251937              1.533202          15.0  15.0
DifferentPowers           lmabo-ab1  373.160181  254.780678  327.676887 247.482992  95.100759 222.278340  496.633530  335.373879 239.222022  623.562350  3215.271619              1.537515          16.0  16.0
DifferentPowers    setup_bo-curated  416.254717  472.750682  359.410597 210.367825 138.060934 431.343012  229.511357  390.353114 121.050749  468.973758  3238.076747              1.548420          17.0  17.0
DifferentPowers          random_acq  312.733408  364.413465  759.497051 341.526292 269.438239 155.914923  291.870582  381.458777 195.319956  186.247793  3258.420488              1.558148          18.0  18.0
DifferentPowers             gphedge  390.390152  287.445458  579.125347 329.654404 288.938797 158.834702  292.903306  391.174862 220.454031  371.535224  3310.456281              1.583031          19.0  19.0
DifferentPowers                 esp  250.041274  352.132057  647.763534 273.447378 276.195796 221.502920  342.977699  388.779237 193.855347  388.129877  3334.825120              1.594684          20.0  20.0
DifferentPowers           lmabo-ab3  431.958388  220.312292  351.106109 268.626339 321.953212 188.400786  305.829995  481.765712 356.840959  452.056335  3378.850126              1.615737          21.0  21.0
DifferentPowers            setup_bo  286.839993  402.603244  449.742837 320.788265 111.853999 353.696839  457.523921  453.055047 174.152945  385.178233  3395.435323              1.623667          22.0  22.0
DifferentPowers  bo_explore_exploit  365.171663  253.593255  362.099997 265.030916 251.214727 181.790456  446.258232  377.926930 286.312724  644.266562  3433.665461              1.641949          23.0  23.0
DifferentPowers random_acq_curated2  388.625620  363.595291  799.281237 325.366222 202.726777 183.824588  365.233320  360.912951 273.085700  196.058875  3458.710582              1.653925          24.0  24.0
DifferentPowers           lmabo-ab2  459.946719  411.418666  400.792308 383.318648 261.499270 183.125219  296.733531  351.209755 321.614347  409.506268  3479.164731              1.663706          25.0  25.0
DifferentPowers  no_past_bo-curated  617.302295  319.281452  295.768572 416.862060 282.799332 229.040430  340.241457  331.938150 216.025421  445.740422  3494.999592              1.671278          26.0  26.0
DifferentPowers           lmabo-ab4  309.874764  513.658813  579.609401 300.045153 306.428540 130.454493  275.913441  416.034069 162.505085  538.768302  3533.292061              1.689589          27.0  27.0
DifferentPowers          no_past_bo  324.453151  631.358602  371.402683 131.320775 323.254384 402.945678  334.094938  505.519481 230.901994  364.242601  3619.494288              1.730810          28.0  28.0
DifferentPowers                 qKG  316.431574  640.601016  257.037500 186.706433 257.573100 249.767316  469.266145  543.438907 225.179758  508.906521  3654.908269              1.747745          29.0  29.0
DifferentPowers                qMES  322.354401  314.912325  608.443088 521.152295 197.931380 380.846608  376.196731  391.181012 164.844443  403.388121  3681.250404              1.760342          30.0  30.0
DifferentPowers                  TS  499.258275  413.879096  457.578148 213.718885 277.483664 330.586534  313.681742  610.748683 303.373532  494.965333  3915.273892              1.872250          31.0  31.0
DifferentPowers           lmabo-ops  444.894068  571.304700  327.864790 297.942132 281.518245 148.018377  365.644811  423.568946 406.403647  715.550974  3982.710690              1.904497          32.0  32.0
DifferentPowers                qJES  482.439694  466.443010  702.229838 347.235270 318.486301 250.070325  353.913566  685.936344 312.356179  598.373496  4517.484024              2.160221          33.0  33.0
DifferentPowers                 UCB  712.353152  607.292614  611.966230 582.199083 313.799576 292.433063  379.708303  891.383293 478.392564  440.484903  5310.012780              2.539202          34.0  34.0
DifferentPowers              llambo  813.047244  567.831318  758.136899 686.119336 323.940411 501.319237  520.087091 1006.454991 346.101298  503.479247  6026.517072              2.881828          35.0  35.0
DifferentPowers               llmgp  662.328712 1143.125930 1046.052922 330.401196 323.940382 420.233964  847.043031 1864.781988 475.701618 1287.556868  8401.166612              4.017364          36.0  36.0
DifferentPowers                qPES  663.883853  870.546514 1010.617311 759.814575 323.940382 769.533873 1212.880714 1340.566953 503.270467 1093.573084  8548.627727              4.087879          37.0  37.0
DifferentPowers              PosSTD 2613.613997  672.771251 5946.502679 777.880939 323.940382 783.373774 1581.784176  977.891793 503.270467 2485.703187 16666.732645              7.969885          38.0  38.0
========================================================================================================================================================================================================
    problem              method       run_1       run_2       run_3       run_4       run_5       run_6       run_7       run_8       run_9      run_10          sum  relative_performance  problem_rank  rank
Weierstrass           lmabo-ab3  843.247421  713.539355 1308.529878  338.150219 1275.703557 1054.937592  522.851060 1189.678601  618.865626  708.491444  8573.994752              1.000000           1.0   1.0
Weierstrass          lmabo-ops6 1007.795017 1065.390002 1161.662827 1196.267295  571.125578  688.241929  662.288544  853.484465  690.719181  837.829617  8734.804455              1.018756           2.0   2.0
Weierstrass           lmabo-gpt  574.477396  756.832749  828.398488 1043.211269 1121.074721  922.978220  860.776886  821.176156 1048.147445  858.944863  8836.018193              1.030560           3.0   3.0
Weierstrass               lmabo  956.865479  831.447311 1066.119467 1087.624329  836.730109  888.343133  542.814452 1027.120693 1858.207451  845.844619  9941.117042              1.159450           4.0   4.0
Weierstrass             PosMean 1126.221179 1198.332017  470.513455 1657.513818 1140.508011 1618.870489  571.708655  531.961633  935.049544  691.601439  9942.280241              1.159586           5.0   5.0
Weierstrass             gphedge 1491.364362  446.021831  964.794099 1257.398664  427.156390 1143.663738 1183.863375  911.319381 1867.544343  447.977839 10141.104023              1.182775           6.0   6.0
Weierstrass               LogPI 1290.443888 1211.227313 1153.703931  552.600821  469.596932  717.969677 1327.630061  902.064290 1314.815926 1215.160422 10155.213260              1.184420           7.0   7.0
Weierstrass                  PI 1013.009278  707.925161 1176.409138  949.251053  646.299077 1087.242830 1618.027669 1177.929257 1099.612610  717.243561 10192.949633              1.188822           8.0   8.0
Weierstrass          random_acq  945.197610 1017.515707 1234.232086  862.950744 1213.413702 1566.646825  624.573159 1261.213081 1266.164423  705.602118 10697.509454              1.247669           9.0   9.0
Weierstrass          lmabo-ops3  711.682887 1373.384831 1298.981137 1773.012559 1157.149026  666.117765  933.384479  849.867218 1103.418814  882.363769 10749.362486              1.253717          10.0  10.0
Weierstrass           lmabo-ab1  784.363693 1339.513168 1451.989158 1033.620880  921.587677 1160.365795  932.664505 1056.635177 1270.890741  800.417069 10752.047863              1.254030          11.0  11.0
Weierstrass               llmgp  859.927383 1094.137241 1234.450112 1333.818494 1166.263418 1291.307271 1167.030437  739.924122 1223.498823 1056.822089 11167.179390              1.302448          12.0  12.0
Weierstrass  no_past_bo-curated 1184.406010  732.664843 1387.981521  792.576250 1673.000201 1505.872951  446.332642 1466.357445  739.446538 1356.544951 11285.183352              1.316211          13.0  13.0
Weierstrass               LogEI 1207.106140 1124.899850 1160.665651 1031.962714  902.882228 1291.541995 1377.354128 1208.072573 1445.349256  591.749835 11341.584368              1.322789          14.0  14.0
Weierstrass                qJES  797.921920 1680.670399 1480.435089  815.727451  978.830187  877.715948 1068.489993  717.124009 1676.282714 1474.640421 11567.838131              1.349177          15.0  15.0
Weierstrass         esp-curated 1094.280636 1356.582419 1128.974751 1439.155658  969.863068 1160.496540  930.306845 1360.437635 1485.939919  713.309854 11639.347324              1.357517          16.0  16.0
Weierstrass    setup_bo-curated 1318.220546 1577.578957 1375.962588  966.329728 1244.429022 1213.296666  985.998512  869.130287 1183.829133  974.393924 11709.169364              1.365661          17.0  17.0
Weierstrass random_acq_curated1  939.574090 1642.915547 1024.004302 1777.470141 1867.277149 1373.332613  947.206085  245.408404 1478.400085  761.927497 12057.515913              1.406289          18.0  18.0
Weierstrass                 esp 1816.578312 1298.979945  830.888765 1144.185368 1027.297088 1219.166747  958.215002 1198.248555 1376.841239 1266.196153 12136.597175              1.415513          19.0  19.0
Weierstrass  bo_explore_exploit 1154.565709 1288.647693  776.388205 1593.920011 1795.818688 1737.096281 1563.514152 1364.237692  745.491220  198.904995 12218.584647              1.425075          20.0  20.0
Weierstrass                qMES 1391.735872 1626.237710 1185.141629 1236.447910 1217.518378  948.549814  947.724813 1255.690170 1009.740431 1484.092296 12302.879024              1.434906          21.0  21.0
Weierstrass           lmabo-ops 1435.905652 1005.535560  867.283965 1502.577980 1028.266429 1568.756242  725.241953 1436.724557 1197.986287 1684.291892 12452.570518              1.452365          22.0  22.0
Weierstrass   bo_alternating_k1 1513.200801 1031.821280 1180.763063 1636.296446 1237.077838  830.649100 1657.398057  940.792861 1362.079817 1387.234351 12777.313615              1.490240          23.0  23.0
Weierstrass           lmabo-ab4 1123.898095 1192.499783 1138.636357 1715.090086 1216.482549 1925.912337  877.965694 1451.750067 1122.711926 1095.256179 12860.203073              1.499908          24.0  24.0
Weierstrass                qPES 1074.786062 1387.298686 2056.364994 1207.612259 1023.618532 1042.717057 1170.972258 1482.070834 1260.889131 1231.976850 12938.306663              1.509017          25.0  25.0
Weierstrass                  TS 1618.697839  774.292402 1711.916179 1685.069129 1498.175499  525.644756 1505.591781  898.973691 1364.586168 1503.151405 13086.098849              1.526255          26.0  26.0
Weierstrass   bo_alternating_k5 1424.683225 1536.533208 1508.462326 1384.293015  922.401614 1549.850915 1260.864694 1588.234125 1075.211413  885.246448 13135.780983              1.532049          27.0  27.0
Weierstrass              llambo  912.330396 1703.004198 1294.269899 1014.756906 1278.632146 1171.252222 1610.476415 1027.117166 1830.398592 1376.931520 13219.169459              1.541775          28.0  28.0
Weierstrass   bo_alternating_k3 1391.098540  990.894654 1549.447070 1339.725925 1529.736087 1483.352997 1592.468625 1248.224698  912.049256 1355.361874 13392.359727              1.561974          29.0  29.0
Weierstrass                 UCB 1135.443352 1228.965126 1559.200087 1431.085939 1536.617334 1370.567862 1490.944342 2016.645085  660.099433  995.786218 13425.354779              1.565823          30.0  30.0
Weierstrass           lmabo-ab2 1327.446629 1442.731247 1445.235527 1966.189991 1219.763601  729.812429 1354.883270 1194.494666 1602.180535 1204.723875 13487.461770              1.573066          31.0  31.0
Weierstrass                 qKG 1467.106870 1488.641607 1044.562934 1255.609681 1406.948248 1357.323821 1189.034078 1997.548026  917.205948 1420.847452 13544.828665              1.579757          32.0  32.0
Weierstrass random_acq_curated2 1627.043049 1051.900943 1040.020407 2074.691678 1240.213711 1737.283870 1188.981199 1574.612702 1311.285221  739.511639 13585.544418              1.584506          33.0  33.0
Weierstrass                  EI 1264.407486  766.278497 1209.021570 1829.940814 1785.090197 1383.441094 1398.375455 1275.620399 1081.299733 1843.776377 13837.251623              1.613863          34.0  34.0
Weierstrass          no_past_bo 1493.636916 1067.704712 1372.904829 1507.025112 1441.596816 1665.799599 1347.427131 1331.976555 1613.338326 1097.854117 13939.264113              1.625761          35.0  35.0
Weierstrass            setup_bo 1239.887437  956.782326 1531.435395 1958.281208 1116.732685 1248.161986 1395.833668 1849.317064  843.247807 1888.332231 14028.011808              1.636112          36.0  36.0
Weierstrass     gphedge-curated 2109.230083 1158.942655 1437.611453 1448.277706 1121.584568  980.352331 1412.734800 1089.637051 1838.927511 1715.438293 14312.736452              1.669319          37.0  37.0
Weierstrass              PosSTD 2288.493786 2179.000634  907.815258 2414.923249 1320.956009  651.208414  900.381269 2151.003492 1585.849016  313.971504 14713.602629              1.716073          38.0  38.0
========================================================================================================================================================================================================
         problem              method       run_1       run_2       run_3       run_4       run_5       run_6       run_7       run_8       run_9      run_10          sum  relative_performance  problem_rank  rank
SchaffersIllCond             PosMean  923.198574 1531.978096 1104.948616  586.135682 1102.870703 1395.953733 1936.697894  922.041992 1043.897203  889.351546 11437.074040              1.000000           1.0   1.0
SchaffersIllCond          lmabo-ops6 1665.383700 1267.063664 1254.645756 1122.662380  935.110207 1498.302311 1211.747688 1359.844920 1663.944814  927.585862 12906.291301              1.128461           2.0   2.0
SchaffersIllCond               llmgp 1559.912384  654.271673 1037.885367 1409.739974 1804.463563  584.316240 1950.810123 1334.116567 1448.126510 1481.743349 13265.385752              1.159858           3.0   3.0
SchaffersIllCond               lmabo 1244.023746  756.620542 1128.361312 1070.932859 1093.957446  668.729559 2401.376312 2248.715919 1252.502422 1532.433730 13397.653846              1.171423           4.0   4.0
SchaffersIllCond     gphedge-curated 1167.972412 1407.475560  557.418493 1633.210814  869.695503 1097.643925 2298.087083 1358.512800 1558.329507 1727.932373 13676.278471              1.195785           5.0   5.0
SchaffersIllCond           lmabo-gpt 1751.003195 1651.309329 1790.974301 1274.770137 1037.184663 1334.887368 1554.451430  853.275788 1557.276082  929.614195 13734.746488              1.200897           6.0   6.0
SchaffersIllCond                  PI 1692.156510 1685.418739 1765.747873  600.898388  941.803090 1209.451920 1580.284638 1555.894892 1761.408974 1160.379980 13953.445004              1.220019           7.0   7.0
SchaffersIllCond               LogPI  926.985019 2491.324797 1831.389359  487.025613 1174.594438 1946.642919 1923.497736 1346.586277 1398.438529  822.246268 14348.730955              1.254581           8.0   8.0
SchaffersIllCond          lmabo-ops3 1119.625523 1042.482550 1391.613748  965.257785 1242.490744 1693.854173 1722.813905 2087.993238 1702.930920 1409.752039 14378.814625              1.257211           9.0   9.0
SchaffersIllCond          random_acq 2250.755581  638.636738 1876.376224  851.837453 1106.469110 2094.155927 1609.925826 1890.204747 1247.979349  840.877459 14407.218414              1.259694          10.0  10.0
SchaffersIllCond          no_past_bo 1066.003266 1174.461438 1505.955142 1355.406566 1081.836368 2247.120602 1821.405072 1771.796554 1375.502448 1344.429965 14743.917420              1.289134          11.0  11.0
SchaffersIllCond random_acq_curated1 1836.565190  947.446028 2017.794893 1394.039599 1062.701524 1608.768155 1934.885510 1687.906235 1149.226654 1208.780397 14848.114184              1.298244          12.0  12.0
SchaffersIllCond   bo_alternating_k5 1452.101441 1286.559344 1078.029339 1007.403702 1197.260529 1698.620878 2869.977870 1104.674540 1950.504668 1303.715702 14948.848012              1.307052          13.0  13.0
SchaffersIllCond  no_past_bo-curated 1982.421240 1661.192334 1222.564144 1528.019668  995.019481 1981.260330 1993.519340 1208.405445 1351.291924 1057.763392 14981.457298              1.309903          14.0  14.0
SchaffersIllCond           lmabo-ops 1308.879785 1564.362791 1420.782858 1623.731763 1729.566689 1237.881165 1812.403996  930.312803 1016.671179 2344.179454 14988.772483              1.310543          15.0  15.0
SchaffersIllCond                  TS 1646.981777 1875.123631 1568.151040 1338.422265  501.179430 2343.969891 1935.297317 1209.565862 1205.648852 1460.811992 15085.152058              1.318970          16.0  16.0
SchaffersIllCond         esp-curated  881.789509 2099.045715 2170.155635 1798.485566   77.521713 1463.069864 1871.522751 1404.333307 1790.738767 2024.762241 15581.425068              1.362361          17.0  17.0
SchaffersIllCond                 esp  959.152811 1899.258672 1018.002411 1488.710535 1128.984639 1894.186515 2137.407619 1900.001710 2064.229343 1175.956988 15665.891242              1.369746          18.0  18.0
SchaffersIllCond             gphedge 2105.213873 1087.849405 1608.831281 1639.357929  671.739567 2359.769615 2428.687578 1189.000215 1197.667448 1489.936779 15778.053690              1.379553          19.0  19.0
SchaffersIllCond   bo_alternating_k1 2282.977725 1540.743051 1223.547544 1484.477520 1455.404554 1794.213040 2120.891867 1554.965865 1613.857686  828.549584 15899.628436              1.390183          20.0  20.0
SchaffersIllCond           lmabo-ab2  713.107033 1529.150350 1844.734616 1109.347618 1473.017952 1883.434205 2251.711933 2214.658203 1054.377701 2373.934501 16447.474112              1.438084          21.0  21.0
SchaffersIllCond           lmabo-ab4 1590.625883 1014.073860 1467.675128 2496.564823 1774.950627 2267.298173 1813.605981 1516.150662  944.825486 1693.366999 16579.137622              1.449596          22.0  22.0
SchaffersIllCond                qJES 1518.266031 1669.847590 1803.394746 2751.774625 1396.870731 2052.370643 1313.697456 2049.556101  808.694068 1385.128506 16749.600498              1.464500          23.0  23.0
SchaffersIllCond  bo_explore_exploit 1888.624459 1402.498379 1413.632775 1799.361250 1357.412443 2405.788344 2148.476861 1015.558880 1880.011350 1494.984924 16806.349665              1.469462          24.0  24.0
SchaffersIllCond   bo_alternating_k3 1603.589338 1676.813251 1893.122468 1697.947768 1107.200342 2076.033412 2910.168458 1378.147302 1242.730352 1243.791180 16829.543872              1.471490          25.0  25.0
SchaffersIllCond    setup_bo-curated 1447.866620 1637.761646 1593.777994 1528.753211 1386.564174 1596.335078 2392.958083 1891.852215 1791.847199 1583.880690 16851.596912              1.473419          26.0  26.0
SchaffersIllCond                  EI 1844.223267 2987.913814 2251.194277 1404.679444 1045.020966 1823.512420 2198.337349 1564.680522 1279.424280 1156.806443 17555.792783              1.534990          27.0  27.0
SchaffersIllCond            setup_bo 1617.290586 1293.406719 2018.284261 1224.202079 1545.759622 1962.852211 2032.895365 2354.236244 1696.183620 1966.445670 17711.556379              1.548609          28.0  28.0
SchaffersIllCond                 qKG 1450.813509 2023.262172 2409.229267  901.405516 1190.847621 1885.093791 1601.406989 1846.898233 2069.061796 2342.554187 17720.573081              1.549397          29.0  29.0
SchaffersIllCond           lmabo-ab1 1848.977127 1583.140522 2375.898126 1151.134889 1566.972375 1633.863988 2780.441704 1722.148388 1203.987904 2018.410898 17884.975921              1.563772          30.0  30.0
SchaffersIllCond           lmabo-ab3 2249.371247 1731.604813 1988.792474 1801.928442 1413.536871 1903.000646 2463.047687 1612.164678 1518.487849 1381.037275 18062.971983              1.579335          31.0  31.0
SchaffersIllCond random_acq_curated2 1646.611124 1526.182558 2067.040510 2022.978254 1404.423746 1754.412764 2645.780102 2244.130627 1677.431351 1148.877309 18137.868345              1.585884          32.0  32.0
SchaffersIllCond               LogEI 1157.577448 2493.980230 2497.835504 1728.387136 1703.587572 1967.917742 3067.227111 1076.585369 1472.054289 1281.128065 18446.280466              1.612850          33.0  33.0
SchaffersIllCond                qMES 1178.226559 3137.942818 2120.098648 1449.313505 1380.098278 1873.955374 2725.474047 1586.798750 1796.725584 2147.728369 19396.361933              1.695920          34.0  34.0
SchaffersIllCond                 UCB 1266.380345 1813.000684 2277.901171 1971.221990 1408.521601 2553.854993 2404.786221 2237.853259 2414.612290 2005.853938 20353.986491              1.779650          35.0  35.0
SchaffersIllCond              llambo 1267.914739 2970.318925 2612.200391 1224.733920 1782.468631 2516.022628 2743.608294 1873.014190 2543.322227 1147.700406 20681.304350              1.808269          36.0  36.0
SchaffersIllCond              PosSTD 2949.440944 1341.611980 1905.634293 1963.286866 3433.883785 1519.495635 5532.212742 2373.372854 2391.848730 2811.309041 26222.096869              2.292728          37.0  37.0
SchaffersIllCond                qPES 2949.440944 3440.069046 2506.832930 2453.621559 2690.676186 2872.467503 3273.108982 2445.194539 2033.610495 2182.837937 26847.860121              2.347441          38.0  38.0
========================================================================================================================================================================================================
                    problem              method       run_1       run_2       run_3       run_4       run_5       run_6       run_7       run_8       run_9      run_10          sum  relative_performance  problem_rank  rank
CompositeGriewankRosenbrock               LogPI  649.696063  479.895324  698.727369  399.060407  536.043073  455.062981  941.483465  429.808573  483.669815  663.747499  5737.194569              1.000000           1.0   1.0
CompositeGriewankRosenbrock                  PI  906.956111  473.400990  492.180277  416.078731  454.210514  591.708890  927.660212  641.433044  502.246978  420.126831  5826.002578              1.015479           2.0   2.0
CompositeGriewankRosenbrock            setup_bo  498.370003  736.883980  497.196327  674.627355  520.864304  679.092639  594.612706  680.506632  502.497141  518.733684  5903.384771              1.028967           3.0   3.0
CompositeGriewankRosenbrock             PosMean  568.877284  474.841313  600.599450  557.734036  492.504153  537.169575  992.774964  641.018104  715.813017  615.418666  6196.750562              1.080101           4.0   4.0
CompositeGriewankRosenbrock          lmabo-ops3  680.667146  469.162933  691.835350  491.719559  502.308105  622.315901  748.886654  991.881090  610.592663  489.348465  6298.717866              1.097874           5.0   5.0
CompositeGriewankRosenbrock             gphedge  808.824823  295.487621  736.025795  571.314284  609.770985  907.903741  763.029569  728.413281  570.373296  617.156474  6608.299868              1.151835           6.0   6.0
CompositeGriewankRosenbrock           lmabo-ab1  781.717176  686.823339  867.758517  683.484016  545.259686  668.403523  770.615916  571.926083  566.002876  491.876415  6633.867549              1.156291           7.0   7.0
CompositeGriewankRosenbrock          no_past_bo  662.986849  565.523196  652.917465  670.147532  903.784281  887.141140  732.158054  604.735992  586.392895  517.355432  6783.142838              1.182310           8.0   8.0
CompositeGriewankRosenbrock               lmabo  822.744919  517.231743  789.907783  785.291302  622.799544  852.719683  676.311299  477.690098  681.852573  567.382428  6793.931373              1.184191           9.0   9.0
CompositeGriewankRosenbrock          lmabo-ops6  582.168034  567.285830  637.129500  591.249084  680.865469  874.540419  926.807760  681.592400  747.536148  583.084149  6872.258793              1.197843          10.0  10.0
CompositeGriewankRosenbrock           lmabo-gpt  572.990394  501.939038  691.377474  710.485566  498.832774  869.506068  945.711003  608.667780  835.593396  651.283960  6886.387452              1.200306          11.0  11.0
CompositeGriewankRosenbrock          random_acq  714.912769  478.469282 1147.980921  700.277733  588.603451  692.348549  904.984562  902.496295  467.752530  463.051102  7060.877193              1.230719          12.0  12.0
CompositeGriewankRosenbrock              PosSTD  886.957502  564.874598  719.011332  460.665538  545.251666  543.733052  566.448222  979.340564 1148.460183  659.294602  7074.037259              1.233013          13.0  13.0
CompositeGriewankRosenbrock               LogEI  600.395118  667.707861  789.601741  657.328343  556.021496  911.401186  788.501205  817.743787  681.939218  635.081034  7105.720989              1.238536          14.0  14.0
CompositeGriewankRosenbrock    setup_bo-curated  992.348889  595.417852  606.233795  690.468690  664.994282  766.316432 1065.936374  652.133883  663.148043  430.519480  7127.517720              1.242335          15.0  15.0
CompositeGriewankRosenbrock                  EI  699.692047  542.322002  828.120430  733.670801  794.388918  726.785332  767.331771  622.081776  872.987555  552.869544  7140.250176              1.244554          16.0  16.0
CompositeGriewankRosenbrock random_acq_curated1 1071.806651  538.408338  720.163824  624.936764  745.537921  842.642146 1007.409950  699.296554  684.481680  557.141659  7491.825486              1.305834          17.0  17.0
CompositeGriewankRosenbrock   bo_alternating_k1  552.022357  810.782807  671.867333  891.387828  763.966605  835.764055  920.452032  678.833833  612.731314  798.208729  7536.016894              1.313537          18.0  18.0
CompositeGriewankRosenbrock           lmabo-ab2  758.666313  612.560899  762.424361  775.038452  685.950102  894.397431  955.614604  702.785669  883.311662  642.856639  7673.606132              1.337519          19.0  19.0
CompositeGriewankRosenbrock         esp-curated  591.534839  600.485511 1382.931994  830.378694  567.026522  839.444411 1030.691261  790.432527  464.847727  605.566177  7703.339663              1.342701          20.0  20.0
CompositeGriewankRosenbrock random_acq_curated2  768.057639  734.350652  851.077371  819.891480  667.856805  636.373694 1077.694211  753.791418  711.378846  707.512572  7727.984688              1.346997          21.0  21.0
CompositeGriewankRosenbrock                 esp 1000.151085  776.660896  766.469921  604.849358  694.379896  909.734355  935.925939  860.076726  632.126556  608.908636  7789.283367              1.357682          22.0  22.0
CompositeGriewankRosenbrock   bo_alternating_k3  690.047621  677.565658  727.004116  957.082665  559.837408 1122.002172  858.045286  924.282458  737.490322  544.408411  7797.766119              1.359160          23.0  23.0
CompositeGriewankRosenbrock           lmabo-ab3  697.247141  735.269685  845.767758  708.351435  826.815042  552.717069  993.787455  789.397028  945.436886  723.882870  7818.672370              1.362804          24.0  24.0
CompositeGriewankRosenbrock                 qKG  832.424327  631.706126 1214.526737  695.237728  717.725618  668.078068  930.668636  787.053404  692.323094  723.185923  7892.929661              1.375747          25.0  25.0
CompositeGriewankRosenbrock  no_past_bo-curated  704.358579  596.427760 1105.097832  654.121898  598.567499  869.330628 1299.876918  666.249556  728.736729  698.125726  7920.893125              1.380621          26.0  26.0
CompositeGriewankRosenbrock     gphedge-curated  791.558948  604.904798  937.498415  810.446137  754.797082  799.774696  983.715603  806.384247 1009.121039  524.041706  8022.242671              1.398287          27.0  27.0
CompositeGriewankRosenbrock   bo_alternating_k5  727.548753  724.130694  911.600042  896.978525  633.562639 1027.181882  971.429813  820.906708  878.181765  723.257596  8314.778417              1.449276          28.0  28.0
CompositeGriewankRosenbrock           lmabo-ab4  878.723577  814.011070  968.976644  873.670841  486.283975 1180.297164 1036.824520  916.566480 1128.447289  753.328819  9037.130379              1.575183          29.0  29.0
CompositeGriewankRosenbrock  bo_explore_exploit  919.191258  639.999505  985.316179  835.485324 1034.430418 1378.568960  980.682631  653.484386  901.289248  731.037313  9059.485222              1.579079          30.0  30.0
CompositeGriewankRosenbrock                qMES  798.000042  777.148595  960.336316 1309.280900  855.162339  892.118835 1270.279218  943.644438  719.517095  786.145570  9311.633348              1.623029          31.0  31.0
CompositeGriewankRosenbrock                  TS  764.613377  823.574264  803.127911 1103.406524  718.794413  980.930505 1272.345817 1261.534165  653.033048 1080.804694  9462.164717              1.649267          32.0  32.0
CompositeGriewankRosenbrock           lmabo-ops 1782.593584  785.926330  666.648992  909.960611  805.572409 1502.751394 1195.126111  885.252990  628.444826  530.840902  9693.118149              1.689522          33.0  33.0
CompositeGriewankRosenbrock               llmgp 1226.028406  971.812585 1153.445814  781.852081 1202.424723  891.962312 1229.176373  894.821781  837.985347  810.986664 10000.496085              1.743099          34.0  34.0
CompositeGriewankRosenbrock                qJES 1077.210540  875.564045  841.195425 1040.209567  726.630201 1243.394766 1132.399656  991.393547 1226.811243  950.453409 10105.262399              1.761360          35.0  35.0
CompositeGriewankRosenbrock                 UCB 2368.989108  843.669111 1849.785318 1626.496344 1655.764501 1619.342462 2512.806690  986.914075 1411.196811 1112.513926 15987.478347              2.786637          36.0  36.0
CompositeGriewankRosenbrock              llambo 1505.630602  155.714291 1447.765007  525.088093 1005.227856 7214.910952 3164.530708 1176.694908  595.765953 1017.844177 17809.172546              3.104160          37.0  37.0
CompositeGriewankRosenbrock                qPES 1666.540824 1023.763569 2046.658620 2728.324266 1700.283409 2777.172577 1739.985261 1451.229458 1708.633783 1037.655704 17880.247471              3.116549          38.0  38.0
========================================================================================================================================================================================================
    problem              method       run_1       run_2       run_3       run_4       run_5       run_6       run_7       run_8       run_9      run_10          sum  relative_performance  problem_rank  rank
Gallagher21                qMES  331.869199  615.030108  382.376503  890.775864  575.191234  650.977513  385.418302  559.072213  356.641474  760.792219  5508.144628              1.000000           1.0   1.0
Gallagher21           lmabo-gpt  641.514571  438.609602  886.118387  385.933977  621.211132  409.311329  986.816582  774.612370  165.779315  995.224166  6305.131430              1.144692           2.0   2.0
Gallagher21               lmabo  327.415765  822.308707  733.331633  405.427018  351.456976  844.664108  820.026748  638.612541  456.906517  916.185264  6316.335278              1.146726           3.0   3.0
Gallagher21                  EI  433.145626  506.210528 1156.556944  230.367820  984.071743  597.524915 1226.933609  408.166081  344.706702  606.559249  6494.243217              1.179026           4.0   4.0
Gallagher21               LogPI  265.634167  337.739371  467.525485  986.498224  464.768594  598.985758  540.729237  506.923392 1458.703113  877.786122  6505.293462              1.181032           5.0   5.0
Gallagher21          lmabo-ops6  473.461045  458.255343  371.447781  568.719270  809.855944  845.828352 1010.847850  667.465384  511.741549  825.956365  6543.578883              1.187982           6.0   6.0
Gallagher21 random_acq_curated2  745.715922  328.117169 1069.327991  501.503253  696.248342  730.705646  876.536299  823.879223  392.832904  579.778725  6744.645473              1.224486           7.0   7.0
Gallagher21               LogEI  394.379295  593.167946  606.277640  273.300232  620.406977  619.285421 1294.209679  736.290613 1017.133070  878.129986  7032.580859              1.276760           8.0   8.0
Gallagher21 random_acq_curated1  366.214924  727.542262  555.009379  635.659661  835.071281  854.425749  390.808880  719.397562 1279.766354  888.047854  7251.943908              1.316586           9.0   9.0
Gallagher21                  PI  259.599770  760.719295  764.024651  570.904044 1086.799342  586.015327  844.992100  870.010083  555.665476 1038.275923  7337.006011              1.332029          10.0  10.0
Gallagher21           lmabo-ops  618.191486  473.948262  743.707883  756.224388  578.254748  892.660300  966.726841  798.304014  591.046863  946.065164  7365.129948              1.337134          11.0  11.0
Gallagher21          lmabo-ops3  478.871694  521.020064  401.778466  682.980465  881.101670  832.672845  986.430556  750.042512  730.963990 1114.572448  7380.434711              1.339913          12.0  12.0
Gallagher21          random_acq  280.570029  604.137731 1327.432538  262.658713  588.093647  742.261965 1114.703082  652.060160  748.156777 1066.566216  7386.640858              1.341040          13.0  13.0
Gallagher21           lmabo-ab2  391.111055  789.272414  545.356260  480.226476 1237.078764 1170.167943 1291.410136  592.925186  248.365878  683.154325  7429.068437              1.348742          14.0  14.0
Gallagher21                 UCB  606.831633  457.182049  856.790422  342.146860  384.636105 1027.127918 1309.051878  958.305287  529.590890 1212.796305  7684.459348              1.395108          15.0  15.0
Gallagher21           lmabo-ab1  486.327698  404.728757 1577.811967  290.686360  643.816997 1386.683739 1453.016590  251.029173  449.893639  881.875320  7825.870240              1.420782          16.0  16.0
Gallagher21             gphedge  367.219178  727.035527  221.552415  743.895240  937.176046  747.343446 1392.693437  623.031368  942.664424 1189.975141  7892.586223              1.432894          17.0  17.0
Gallagher21   bo_alternating_k3  794.777881  526.274931 1182.326454  457.485652  701.132524  732.797349  840.374719  625.984759 1344.564011  872.836431  8078.554711              1.466656          18.0  18.0
Gallagher21   bo_alternating_k1  608.409694  533.606290  360.944857 1145.847451 1054.903206  786.404812  907.267422 1038.076796  860.708327  984.172895  8280.341749              1.503291          19.0  19.0
Gallagher21                 esp  517.053262  872.386244 1165.585941  243.359078 1069.343689  401.924234 1078.910163 1011.585444  593.553866 1346.850884  8300.552804              1.506960          20.0  20.0
Gallagher21         esp-curated  398.938511  858.265577 1522.080691  534.633323  575.196241  950.647869  960.190845  402.724733 1256.000696 1032.001177  8490.679663              1.541477          21.0  21.0
Gallagher21  bo_explore_exploit  797.277175 1081.393050  673.117713  533.796631 1252.217731  836.707750  819.545140  670.848188  708.011380 1165.889727  8538.804485              1.550214          22.0  22.0
Gallagher21             PosMean  304.895616  877.721955  932.062839  284.936732  947.211583  943.651978 1408.895105  909.621251 1320.619154  958.934269  8888.550482              1.613710          23.0  23.0
Gallagher21           lmabo-ab3  360.290336  368.914651 1257.933520  356.218921  793.201148 1308.477918  993.623628  949.775835 1057.320965 1550.204800  8995.961721              1.633211          24.0  24.0
Gallagher21   bo_alternating_k5  748.753306  768.526870  939.144872  890.932005  357.004242 1382.373203  713.033529 1124.098820  756.725354 1517.601491  9198.193693              1.669926          25.0  25.0
Gallagher21                qPES 1220.254925  375.453130 1253.004265  392.350811 1053.615684 1043.574858 1201.704317 1474.785563  662.642001  881.832830  9559.218385              1.735470          26.0  26.0
Gallagher21  no_past_bo-curated  908.688457  682.161906 1079.940299 1063.734479  505.197191  909.785626 1513.913634 1028.180642  987.761382 1136.090378  9815.453994              1.781989          27.0  27.0
Gallagher21                 qKG  368.388016  590.114423  697.419411  804.340135 1254.193071 1646.105321 1157.661563 1239.463562 1024.525979 1098.191724  9880.403205              1.793781          28.0  28.0
Gallagher21    setup_bo-curated  811.880461  674.943507  523.246101 1503.416491  818.898107 1865.760007  821.439446 1066.554331  637.009283 1188.531335  9911.679067              1.799459          29.0  29.0
Gallagher21     gphedge-curated  573.000322  864.164075 1619.639489  960.108000 1137.290740 1220.918749  943.153515 1256.154236  805.163200  625.663935 10005.256259              1.816448          30.0  30.0
Gallagher21           lmabo-ab4 1168.280948 1024.649944 1143.999866  831.479269  720.472744 1158.129489  706.447507  816.161331 1785.356588  888.626952 10243.604638              1.859720          31.0  31.0
Gallagher21            setup_bo  375.834002 1118.043557 1695.229868 1010.086584 1105.733650  763.585966  937.640450 1205.217203 1332.712410  745.143992 10289.227681              1.868002          32.0  32.0
Gallagher21          no_past_bo 1246.838723 1217.859835  672.756247  172.435772 1443.432789 1181.367430 1110.417599  851.961431 1979.734488  471.275859 10348.080173              1.878687          33.0  33.0
Gallagher21              llambo 1052.944615 1351.492298 1470.624262 1260.406450  408.950968  517.088602  883.098084 1346.875775  886.331101 1434.455435 10612.267589              1.926650          34.0  34.0
Gallagher21                  TS  416.677889  962.525243  699.328351  823.967351 1328.571989 1234.673100 1090.983733 1385.904852 1536.819282 1298.490845 10777.942637              1.956728          35.0  35.0
Gallagher21                qJES  912.148327 1013.597303  860.176187 1023.319226  362.054358 1594.538744 1377.993158 1111.603169 1377.147737 1181.226348 10813.804557              1.963239          36.0  36.0
Gallagher21               llmgp 1386.217410 1224.313331  872.570223  648.427381 1299.931207  793.982324 1043.818847 1398.884360  904.820885 1469.713394 11042.679361              2.004791          37.0  37.0
Gallagher21              PosSTD 2090.108248 2316.038101 2767.975907 2398.315079 1608.272795  927.902832 1582.619411 1753.134751 3139.648687  382.227944 18966.243754              3.443309          38.0  38.0
========================================================================================================================================================================================================
     problem              method       run_1       run_2       run_3       run_4      run_5       run_6       run_7       run_8       run_9      run_10          sum  relative_performance  problem_rank  rank
Gallagher101          lmabo-ops6  820.441293  434.778693 1129.725070 1015.486081  90.515828  884.210773  702.566996  919.111566  565.190261 1256.056993  7818.083555              1.000000           1.0   1.0
Gallagher101               lmabo 1569.008568  629.202758 2276.262588  339.156930 231.574532  971.910275 1039.935927  878.778164  627.772744  475.551048  9039.153535              1.156185           2.0   2.0
Gallagher101           lmabo-gpt 1141.517633 1039.402966  661.366165 1231.164760 301.207674  852.537109 1015.766576 1299.274221  727.404935  800.762616  9070.404656              1.160183           3.0   3.0
Gallagher101   bo_alternating_k5  594.150460 2000.007285  339.263805 1246.519912 606.302054  929.725445 1107.904965  648.004898  990.198527  750.910243  9212.987594              1.178420           4.0   4.0
Gallagher101          lmabo-ops3 1795.857496 1020.324707 1405.926480  808.037489 315.929692  990.231285  765.459033  974.764703  674.461787  466.391391  9217.384062              1.178983           5.0   5.0
Gallagher101                qMES 1712.460686 1335.203786  973.651736  685.457031 257.430634  876.634702  764.946154 1678.342617  522.568962  646.803130  9453.499440              1.209184           6.0   6.0
Gallagher101               LogEI 2374.581949 1367.489074  816.880902  307.691829 104.084474  815.786063 1202.520441 1962.706421  164.264342  604.503513  9720.509008              1.243337           7.0   7.0
Gallagher101             gphedge 1441.946726 1978.441075 1231.614628  926.640312 626.871443  856.646833  840.587638  273.869394  491.564381 1088.215001  9756.397431              1.247927           8.0   8.0
Gallagher101               LogPI 1350.854592  779.403064 2788.059689  424.021756  70.622021  891.121924  638.891600 1626.686042  558.521811  892.488307 10020.670806              1.281730           9.0   9.0
Gallagher101                  EI  929.363780 1456.245777 2221.266710 1359.675033 216.958823  844.531558 1277.490332  730.206213  621.428819  490.217537 10147.384582              1.297938          10.0  10.0
Gallagher101            setup_bo 1203.603489 2420.056206  924.901298  704.840746 567.731032  908.648499  593.457268 1036.123525  937.176521  892.519580 10189.058164              1.303268          11.0  11.0
Gallagher101           lmabo-ops 1463.493206 1328.049648  973.679025 2190.907954 504.566331  928.402806  941.941346  601.141006  508.899280 1016.486607 10457.567210              1.337613          12.0  12.0
Gallagher101          no_past_bo 1588.892349 2198.884394  290.572528  732.879603 777.822927  956.853524 1287.870751  434.886776  775.897979 1541.329509 10585.890339              1.354026          13.0  13.0
Gallagher101           lmabo-ab1 2166.404644 1388.835365 1500.332295 1301.558948 617.548954  885.909088  406.257618  791.634285  927.293526  705.066853 10690.841576              1.367450          14.0  14.0
Gallagher101 random_acq_curated1 1647.527090 1162.937380 1172.521978 1421.800991 446.690441  834.336408 1100.579488 1102.201172  779.172223 1133.275131 10801.042303              1.381546          15.0  15.0
Gallagher101   bo_alternating_k1  804.985948 1088.228382 2008.274241 1001.670505 192.963115  831.797423 1715.852445 1650.920481  430.359153 1108.361656 10833.413349              1.385687          16.0  16.0
Gallagher101    setup_bo-curated  701.852452 1613.075623 1422.589316  298.558905 251.479892 1027.500146 1252.946726 2016.442834 1220.649613 1138.947494 10944.043002              1.399837          17.0  17.0
Gallagher101  no_past_bo-curated 1298.440132 1358.938813 1501.953724 1301.969052 632.343378 1030.021914  750.200791 1772.495310  431.241081  903.752297 10981.356493              1.404610          18.0  18.0
Gallagher101           lmabo-ab2 1866.489285 1955.308617 1439.194823 1048.546279 253.602445  870.831609  605.087124 1846.716472  580.397302  546.450238 11012.624195              1.408609          19.0  19.0
Gallagher101                 UCB 1581.634274  757.317330 2241.908957  473.156695 951.444183  941.382879 1717.407691  885.488396  346.400005 1127.315839 11023.456249              1.409995          20.0  20.0
Gallagher101          random_acq 1731.424923 1310.489691  840.740785  851.360155 141.422041  829.864811 2075.561494 1412.920731  810.419004 1037.042286 11041.245921              1.412270          21.0  21.0
Gallagher101   bo_alternating_k3 1508.972244 1853.567654 1587.077230 1273.124358 476.849034  904.835306 1291.958885  638.840940  533.743488 1080.132441 11149.101579              1.426066          22.0  22.0
Gallagher101                 esp 1327.187954 2142.454362 1343.544963 1177.490753 375.021981  886.363810 1239.633871 1471.477800  770.887006  899.012312 11633.074810              1.487970          23.0  23.0
Gallagher101           lmabo-ab4 1845.117266 1736.941086 2007.447365 1321.433291 492.123719 1022.212023 1044.550818  795.142878  235.428926 1305.362623 11805.759995              1.510058          24.0  24.0
Gallagher101 random_acq_curated2 1125.752570 2356.456532 2499.586712 1113.886700 320.812793  863.787136 1087.190223 1218.354642  705.182458  634.261593 11925.271359              1.525345          25.0  25.0
Gallagher101             PosMean 2358.891000 2502.405245 1402.239160  612.019701 394.687896  853.113958 1284.794530 1661.829487  324.920176  550.789350 11945.690503              1.527956          26.0  26.0
Gallagher101                  PI 2433.651860 2397.225447 1092.747715  953.736418 147.494939  807.562320 1550.531080 1630.189875  486.270320  598.417915 12097.827889              1.547416          27.0  27.0
Gallagher101  bo_explore_exploit 1526.586126 1609.210240 2041.693631  472.073563 508.104937  954.298258  843.514948 1992.007413  793.734892 1694.822471 12436.046478              1.590677          28.0  28.0
Gallagher101                 qKG 2273.992611 2377.230399 1480.910685  274.247035 446.114970  898.652658 1543.868218  995.512789 1058.233075 1188.325033 12537.087473              1.603601          29.0  29.0
Gallagher101     gphedge-curated 1066.334171 1124.406469 1703.512375 1758.597324 204.093614 1150.505622  950.952107 2103.216034 1137.442557 1407.409681 12606.469954              1.612476          30.0  30.0
Gallagher101           lmabo-ab3 2499.311672  733.722315 2225.531960 1571.989610 350.225628  832.558532 1832.381788  782.860505  620.943332 1454.470139 12903.995481              1.650532          31.0  31.0
Gallagher101               llmgp 2100.420464 1175.767647 1761.170859  653.910627 959.749015 1158.750306 2172.357453 1150.348794  932.339590  977.669472 13042.484227              1.668246          32.0  32.0
Gallagher101         esp-curated 2239.640646  713.696870 1640.805108 2688.198069 680.931993  960.985603 1285.747786  800.330394  943.732700 1093.864976 13047.934145              1.668943          33.0  33.0
Gallagher101                qJES 1787.337971  938.592236  550.388177 1686.794352 715.089854  874.823296 1878.003121 2166.488071 1234.697793 1461.958196 13294.173066              1.700439          34.0  34.0
Gallagher101                  TS 2257.168363 1236.112184 1040.110687 2357.651384 749.992567 1052.829776 1257.233764  686.865973  933.902223 1910.450765 13482.317686              1.724504          35.0  35.0
Gallagher101                qPES 1620.606705 1328.743760 2325.940104 1081.545945 910.913263  899.480811 1934.086726 1397.668623  455.164673 1575.878297 13530.028907              1.730607          36.0  36.0
Gallagher101              llambo 2615.697311 1379.277969 1593.851516 1840.552444 895.423598  617.636184 1480.882064 1859.240859 1464.801009 2712.919784 16460.282737              2.105411          37.0  37.0
Gallagher101              PosSTD 4006.746559 3856.049938 3593.456422 3692.906906 959.026156 1158.750306 3492.595845 2094.045435 1464.802503 3625.210118 27943.590188              3.574225          38.0  38.0
========================================================================================================================================================================================================
 problem              method      run_1      run_2      run_3      run_4      run_5      run_6      run_7      run_8      run_9     run_10         sum  relative_performance  problem_rank  rank
Katsuura    setup_bo-curated 263.493021 198.104559  94.220631 205.536758 265.316681 171.793516 219.807138 290.962364 217.835135 282.891342 2209.961143              1.000000           1.0   1.0
Katsuura          lmabo-ops3 204.686459 199.202588 141.894815 257.431883 189.145853 249.343741 251.447567 310.648928 173.570126 250.978652 2228.350612              1.008321           2.0   2.0
Katsuura           lmabo-ab4 194.218554 405.426711 183.590416 263.768628 126.122012 219.652678 279.129304 230.681600 185.478916 148.436373 2236.505190              1.012011           3.0   3.0
Katsuura           lmabo-ab1 266.715694 219.370575 161.836506 143.604841 317.473584 218.553589 208.193087 219.133719 302.165639 255.459488 2312.506723              1.046402           4.0   4.0
Katsuura               lmabo 249.492715 231.966210 373.551931 231.769107 184.401689 133.610613 287.502564 203.268338 383.090176  86.953005 2365.606347              1.070429           5.0   5.0
Katsuura random_acq_curated1 248.456319 127.910707 186.373740 316.405870 187.867735 238.341217 381.643524 278.182248  98.879381 310.313261 2374.374002              1.074396           6.0   6.0
Katsuura           lmabo-gpt 306.793097 125.129662 302.094166 268.005897 137.040151 170.406959 237.561843 306.503624 306.168791 249.080662 2408.784851              1.089967           7.0   7.0
Katsuura           lmabo-ops 224.756771 160.960532 136.165089 183.155441 191.666707 315.724448 380.810873 366.025985 167.662041 311.801132 2438.729019              1.103517           8.0   8.0
Katsuura         esp-curated 192.707426 289.257920 338.935992 237.474538 116.729851 315.144901 122.604127 359.631956 260.238202 246.696278 2479.421193              1.121930           9.0   9.0
Katsuura          lmabo-ops6 242.393208 247.041497 368.116060 286.430343 197.162979 286.805625 226.440211 132.787735 299.546072 207.039990 2493.763720              1.128420          10.0  10.0
Katsuura              llambo 282.473477  91.959146 254.486375 187.647132 150.532517 377.290796 210.750199 468.988946 172.874934 310.343827 2507.347347              1.134566          11.0  11.0
Katsuura                  TS 390.584450 333.165478 259.245989 194.527977 153.919718 148.002880 343.698753 172.726631 370.246816 177.192879 2543.311571              1.150840          12.0  12.0
Katsuura  no_past_bo-curated 329.567231 343.316099 195.899833 237.102621 311.904926 295.113892 278.684070 215.454863 124.978333 238.029075 2570.050943              1.162939          13.0  13.0
Katsuura                qPES 191.854575 227.011741 217.981928 183.738426 275.616512 216.996765 321.493955 282.614312 270.095503 389.308123 2576.711838              1.165953          14.0  14.0
Katsuura                 UCB 242.097523 261.756725 234.757777 256.010911 280.803093 412.236011 217.461182 205.376325 258.294650 223.224837 2592.019035              1.172880          15.0  15.0
Katsuura   bo_alternating_k1 277.674247 221.648235 471.268611 215.687810 243.080735 193.306392 358.077996  81.448420 306.465350 238.269767 2606.927563              1.179626          16.0  16.0
Katsuura   bo_alternating_k3 312.518116 309.667335 125.324714 283.943307 321.247331 293.153599 201.046357 210.964289 267.072753 300.727704 2625.665505              1.188105          17.0  17.0
Katsuura                qJES 302.455846 213.756490 206.271478  69.805007 255.388129 437.180320 327.347761 255.548494 232.114540 329.461629 2629.329696              1.189763          18.0  18.0
Katsuura  bo_explore_exploit 210.406858 297.460731 239.597787 332.053879 310.367223 244.906167 185.070575 354.093972 239.284020 219.840381 2633.081593              1.191461          19.0  19.0
Katsuura     gphedge-curated 222.856370 239.362108 327.951699 467.517956 253.676176 150.665885 389.157988 327.907669 160.504557 113.730871 2653.331277              1.200623          20.0  20.0
Katsuura            setup_bo 352.583996 234.364269 291.707745 271.936901 292.340387 214.076026 236.275869 295.315644 247.124675 229.725225 2665.450736              1.206108          21.0  21.0
Katsuura                 qKG 305.382295 259.741901 324.218850 168.088834 295.654458 184.022922 365.809539 188.862574 259.289562 329.170869 2680.241806              1.212800          22.0  22.0
Katsuura          random_acq  87.297419 490.322793 266.799741 294.692277 395.701706 204.863818 229.102570 183.018045 335.678349 203.465854 2690.942571              1.217642          23.0  23.0
Katsuura           lmabo-ab2 221.887860 236.822126 436.472501 314.560114 315.705123 231.227836 294.376238 366.221281 132.995834 224.713300 2774.982213              1.255670          24.0  24.0
Katsuura random_acq_curated2 291.144748 261.308804 403.804692 399.002275 219.957257 328.675717 122.640433 317.980808 282.097337 184.834949 2811.447020              1.272170          25.0  25.0
Katsuura             gphedge 293.481401 271.586718 197.794326 250.963982 338.991623 288.735500 316.158440 259.591760 226.895783 368.979713 2813.179245              1.272954          26.0  26.0
Katsuura                  EI 371.933359 222.443059 193.283712 299.764425 361.004672 286.107967 147.686524 363.122448 310.773484 257.586765 2813.706414              1.273193          27.0  27.0
Katsuura           lmabo-ab3 358.269662  43.971376 320.682404 173.882506 301.417356 223.945986 326.700546 357.562221 379.784376 343.653175 2829.869608              1.280506          28.0  28.0
Katsuura             PosMean 320.317682 259.195093 238.006688 251.470377 330.835279 204.198606 311.304769 230.868230 315.004209 384.015481 2845.216414              1.287451          29.0  29.0
Katsuura              PosSTD 292.681169 178.196859 235.681676 322.467448 311.925476 360.060411 242.491248 405.441912 274.430817 238.559955 2861.936970              1.295017          30.0  30.0
Katsuura                 esp 374.527401 335.878260 312.567389 276.402331 380.610938  93.632429 304.366843 375.659995 249.783544 192.170470 2895.599601              1.310249          31.0  31.0
Katsuura                  PI 183.823426 194.120312 361.739113 211.764658 402.300237 307.056180 259.027923 179.803539 504.524075 305.263144 2909.422608              1.316504          32.0  32.0
Katsuura          no_past_bo 264.622996 241.214525 253.886380 304.291780 370.620300 364.376756 370.864896 161.968453 423.454107 177.119468 2932.419660              1.326910          33.0  33.0
Katsuura   bo_alternating_k5 218.714073 144.973162 262.170859 258.934735 424.450642 324.566447 326.197486 275.860769 287.449270 445.784485 2969.101929              1.343509          34.0  34.0
Katsuura               LogEI 237.157732 388.787110 318.371672 287.386155 329.334736 354.830962 221.448024 201.009940 312.193836 389.379130 3039.899296              1.375544          35.0  35.0
Katsuura               LogPI 145.165150 243.278442 373.545540 311.791592 279.776982 321.618088 289.142159 335.827091 363.818476 382.666776 3046.630296              1.378590          36.0  36.0
Katsuura                qMES 473.106886 367.316271 235.677398 417.092396 287.511947 268.757650 185.087363 375.214593 282.052968 277.980147 3169.797619              1.434323          37.0  37.0
Katsuura               llmgp 349.288166 227.074223 318.973364 439.006721 312.793446 261.243635 339.863488 312.240815 467.631381 383.178496 3411.293738              1.543599          38.0  38.0
========================================================================================================================================================================================================
           problem              method       run_1       run_2       run_3       run_4       run_5       run_6       run_7       run_8       run_9      run_10          sum  relative_performance  problem_rank  rank
LunacekBiRastrigin             PosMean 1054.111789 1862.369798 2621.513444 1941.198770 1433.694475 1269.256014 1310.834517 1313.313477 1582.007213 1862.125335 16250.424832              1.000000           1.0   1.0
LunacekBiRastrigin               LogPI 1764.063980 2167.840557 1880.959554 3176.542830 1599.309070 1888.329336 1595.306289 1899.702563 1246.215398 1919.241545 19137.511121              1.177662           2.0   2.0
LunacekBiRastrigin          lmabo-ops6 2122.036310 2193.917943 2132.604276 1922.834404 2093.493408 1716.437310 1958.330934 1241.049998 2239.486456 2174.975745 19795.166784              1.218132           3.0   3.0
LunacekBiRastrigin           lmabo-gpt 1792.653108 1822.298125 2257.288048 2691.410630 2235.929883 1428.136127 1554.189589 2131.316966 1964.020109 2009.602419 19886.845003              1.223774           4.0   4.0
LunacekBiRastrigin          lmabo-ops3 2101.383181 2088.957527 2373.018465 1638.031902 1921.154143 1768.054981 2041.061254 2578.181495 1188.039614 2368.260961 20066.143524              1.234807           5.0   5.0
LunacekBiRastrigin                  EI 2053.689474 1246.978890 2373.324576 3135.723784 1867.105271 1759.602800 1997.361697 2091.537252 1677.172164 1923.104976 20125.600883              1.238466           6.0   6.0
LunacekBiRastrigin                  PI 1909.945422 3135.572911 3055.486791 2293.775252 2170.377303 1301.533947 1987.909193 1896.533552  918.607921 2257.230754 20926.973047              1.287780           7.0   7.0
LunacekBiRastrigin         esp-curated 1432.575092 2454.861006 2539.547316 2132.749090 2044.306393 2521.556087 1238.712929 1878.518329 2679.978699 2058.630239 20981.435182              1.291131           8.0   8.0
LunacekBiRastrigin random_acq_curated1 2399.883248 1532.234506 2520.874756 2966.186286 2193.969914 1789.106923 1242.382598 2445.236394 2294.908731 1625.024998 21009.808354              1.292877           9.0   9.0
LunacekBiRastrigin           lmabo-ab3 2317.842091 1725.751312 2891.095636 1852.942079 2781.581246 2054.628762 1552.819824 1811.665888 2258.090943 1879.493267 21125.911048              1.300022          10.0  10.0
LunacekBiRastrigin          no_past_bo 2463.297900 2453.505101 1849.224323 2547.610713 2404.809494 1753.582846 1800.191319 2341.065388 1911.118035 2011.740048 21536.145167              1.325267          11.0  11.0
LunacekBiRastrigin  no_past_bo-curated 2013.330001 2211.853485 1873.008846 2429.125240 2090.901923 1961.856090 2457.382520 2095.842414 2198.212184 2490.089212 21821.601916              1.342833          12.0  12.0
LunacekBiRastrigin   bo_alternating_k1 2468.714494 2153.392804 2163.615680 3101.166277 1679.123650 1909.635843 1818.254286 2481.844108 1921.120007 2146.582247 21843.449394              1.344177          13.0  13.0
LunacekBiRastrigin               lmabo 2294.180390 2117.622581 2549.028254 2443.102167 1906.307842 2005.775914 1870.314854 2247.717467 2193.397282 2250.791009 21878.237760              1.346318          14.0  14.0
LunacekBiRastrigin random_acq_curated2 2302.210924 2548.428267 2536.862477 3568.628690 2050.790198 1599.132909 1788.799511 1484.775869 1579.177611 2453.570077 21912.376533              1.348419          15.0  15.0
LunacekBiRastrigin    setup_bo-curated 2773.298334 2982.071473 2016.038017 2503.557638 1158.803235 2280.446908 2286.689391 1914.220421 2017.560686 2180.690751 22113.376854              1.360788          16.0  16.0
LunacekBiRastrigin             gphedge 2416.552909 2588.152588 1488.467313 2513.359642 2691.954234 2297.899627 1611.515734 2205.846814 2560.325540 1991.006842 22365.081242              1.376277          17.0  17.0
LunacekBiRastrigin                 qKG 2166.863307 1910.977648 2233.252594 3169.339250 1957.198791 2152.468056 2381.717252 2286.396731 2165.765581 2032.697819 22456.677030              1.381913          18.0  18.0
LunacekBiRastrigin     gphedge-curated 2029.413991 2277.343363 2705.010154 2061.988557 2272.708522 1994.843669 2658.588007 2089.468851 1964.450225 2667.077155 22720.892495              1.398172          19.0  19.0
LunacekBiRastrigin   bo_alternating_k5 1838.029381 2945.128876 1699.027338 2649.859897 2411.041659 1561.185804 2055.893285 2932.330934 2851.326025 1986.383143 22930.206340              1.411053          20.0  20.0
LunacekBiRastrigin                qMES 2219.396943 2834.933201 2368.893252 2576.270172 2488.760697 2348.304912 2185.388060 2875.731205 1249.205347 1818.800277 22965.684067              1.413236          21.0  21.0
LunacekBiRastrigin               LogEI 2259.664501 2004.355486 2682.055996 3038.949899 2283.695456 1984.439859 2057.791663 2075.915335 2426.538450 2242.646164 23056.052811              1.418797          22.0  22.0
LunacekBiRastrigin  bo_explore_exploit 2615.966309 2379.180826 1433.314879 2524.844289 2741.275678 2113.250152 2187.292068 2185.059770 2505.766582 2537.123968 23223.074521              1.429075          23.0  23.0
LunacekBiRastrigin           lmabo-ab4 2370.642799 2661.843107 2028.185313 2955.155085 1931.485036 1889.362220 2283.502000 2631.710475 1731.102538 2835.960391 23318.948964              1.434975          24.0  24.0
LunacekBiRastrigin                 esp 2175.742530 2709.696458 1777.041131 3661.084812 2138.065852 2484.067923 2409.238170 2737.171019 1607.406792 1651.025198 23350.539885              1.436919          25.0  25.0
LunacekBiRastrigin           lmabo-ab1 2040.027011 2002.522382 2297.087617 3582.197515 2182.030351 2461.293482 2200.961778 2738.908591 2761.711476 1783.800273 24050.540474              1.479995          26.0  26.0
LunacekBiRastrigin                  TS 2184.921705 2210.176889 2132.014167 3044.614870 2763.747685 2539.552154 2465.854019 2875.644981 1121.204252 2720.707812 24058.438533              1.480481          27.0  27.0
LunacekBiRastrigin           lmabo-ops 2565.882593 2357.327066 2251.856248 1979.989881 1947.116686 3067.911308 2410.392029 2887.541605 1573.532743 3410.808419 24452.358578              1.504721          28.0  28.0
LunacekBiRastrigin            setup_bo 2254.959026 2142.929324 2257.555441 3001.741492 2503.059728 2132.956542 2161.078022 3758.838730 1795.465893 2769.061185 24777.645382              1.524738          29.0  29.0
LunacekBiRastrigin   bo_alternating_k3 2452.384706 2385.958031 2395.328688 3428.293015 2002.194289 1779.503303 2884.459562 2996.900861 2518.913179 2364.777472 25208.713105              1.551265          30.0  30.0
LunacekBiRastrigin          random_acq 2538.978682 2845.222440 2536.264227 2773.285689 2726.566756 2430.629760 2375.780271 1722.731957 2869.597357 2610.424867 25429.482006              1.564850          31.0  31.0
LunacekBiRastrigin           lmabo-ab2 2387.296393 3555.320220 2355.485987 2623.909710 3732.517104 2505.846250 1839.455094 3033.782779 1871.891577 1873.897781 25779.402895              1.586383          32.0  32.0
LunacekBiRastrigin               llmgp 2410.211650 2444.593090 2743.497889 2227.039915 2396.243034 2784.650401 3207.402342 2551.163338 2962.175246 2872.539302 26599.516207              1.636851          33.0  33.0
LunacekBiRastrigin                qJES 3287.570974 2587.926130 3372.648417 3137.567519 2890.963429 2296.906285 2272.237035 2621.278143 2641.398789 2255.554877 27364.051597              1.683898          34.0  34.0
LunacekBiRastrigin                 UCB 4132.347098 2526.591866 2340.233368 2630.630400 3217.159804 2928.003238 2993.095911 2318.736978 2511.687260 2540.374396 28138.860318              1.731577          35.0  35.0
LunacekBiRastrigin              llambo 3413.637841 3234.210183 3690.462846 3647.537736 3240.848115 2870.016343 3199.740510 2905.951181 3024.105554 2728.273324 31954.783634              1.966397          36.0  36.0
LunacekBiRastrigin                qPES 2820.637191 2841.022439 3724.961805 3153.666237 3359.072436 3040.044147 3360.701742 3997.122356 3659.305901 3485.333111 33441.867365              2.057907          37.0  37.0
LunacekBiRastrigin              PosSTD 4324.259559 4263.666328 3091.744147 4555.400437 2153.123065 1572.286605 4081.918800 3237.132576 4150.867045 2035.531217 33465.929779              2.059388          38.0  38.0
========================================================================================================================================================================================================
                problem              method    run_1    run_2    run_3    run_4    run_5    run_6    run_7    run_8    run_9    run_10       sum  relative_performance  problem_rank  rank
hpt_breast_RandomForest               lmabo 1.192308 0.971429 1.773626 1.034066 1.181319 0.931868 1.040659 0.898901 1.357143  1.181319 11.562637              1.000000           1.0   1.0
hpt_breast_RandomForest           lmabo-gpt 1.141758 0.992308 1.041758 1.167033 1.235165 1.125275 0.951648 0.741758 1.316484  1.980220 11.693407              1.011310           2.0   2.0
hpt_breast_RandomForest             PosMean 1.485714 1.023077 1.002198 1.227473 1.128571 1.227473 1.037363 0.831868 1.443956  1.705495 12.113187              1.047615           3.0   3.0
hpt_breast_RandomForest                  PI 1.649451 1.136264 1.224176 1.296703 1.082418 1.123077 1.032967 0.903297 1.665934  1.224176 12.338462              1.067098           4.0   4.0
hpt_breast_RandomForest               LogEI 1.527473 1.606593 1.078022 1.270330 1.104396 1.665934 1.015385 0.662637 0.965934  1.482418 12.379121              1.070614           5.0   5.0
hpt_breast_RandomForest random_acq_curated1 1.309890 0.938462 1.616484 1.271429 1.453846 1.138462 0.983516 1.024176 1.352747  1.301099 12.390110              1.071564           6.0   6.0
hpt_breast_RandomForest          lmabo-ops3 1.225275 1.418681 1.792308 1.080220 1.396703 1.087912 1.093407 0.968132 1.467033  1.138462 12.668132              1.095609           7.0   7.0
hpt_breast_RandomForest random_acq_curated2 1.621978 0.864835 1.769231 1.756044 1.736264 0.731868 1.023077 1.054945 0.812088  1.302198 12.672527              1.095989           8.0   8.0
hpt_breast_RandomForest           lmabo-ab2 1.835165 1.060440 1.456044 0.959341 1.218681 1.118681 0.985714 1.146154 1.901099  1.017582 12.698901              1.098270           9.0   9.0
hpt_breast_RandomForest          lmabo-ops6 1.443956 1.440659 1.320879 1.135165 1.480220 1.301099 0.795604 0.909890 1.378022  1.494505 12.700000              1.098365          10.0  10.0
hpt_breast_RandomForest               LogPI 1.415385 1.051648 1.224176 1.151648 1.356044 1.356044 1.107692 1.219780 1.835165  1.413187 13.130769              1.135621          11.0  11.0
hpt_breast_RandomForest                  EI 0.724176 1.142857 2.117582 1.280220 1.219780 2.239560 1.081319 0.903297 1.067033  1.690110 13.465934              1.164607          12.0  12.0
hpt_breast_RandomForest          no_past_bo 1.459341 0.790110 1.791209 1.375824 1.298901 1.367033 1.049451 1.237363 1.582418  1.618681 13.570330              1.173636          13.0  13.0
hpt_breast_RandomForest     gphedge-curated 1.501099 1.462637 1.279121 1.290110 1.852747 1.729670 0.959341 1.190110 1.161538  1.375824 13.802198              1.193689          14.0  14.0
hpt_breast_RandomForest  bo_explore_exploit 1.810989 1.041758 2.529670 1.005495 1.176923 1.156044 1.150549 1.086813 1.602198  1.246154 13.806593              1.194070          15.0  15.0
hpt_breast_RandomForest                  TS 2.538462 1.265934 1.507692 1.221978 1.207692 1.595604 1.045055 0.994505 1.200000  1.304396 13.881319              1.200532          16.0  16.0
hpt_breast_RandomForest              llambo 1.179121 2.478022 1.893406 1.604395 2.456044 0.786813 0.425275 0.637362 0.949450  1.557143 13.967031              1.207945          17.0  17.0
hpt_breast_RandomForest   bo_alternating_k1 1.398901 1.354945 2.012088 1.320879 1.038462 1.569231 0.963736 0.978022 1.502198  1.841758 13.980220              1.209086          18.0  18.0
hpt_breast_RandomForest           lmabo-ab3 1.665934 1.094505 1.434066 1.354945 1.663736 1.832967 0.648352 1.004396 1.585714  1.706593 13.991209              1.210036          19.0  19.0
hpt_breast_RandomForest                 qKG 2.134066 1.428571 1.220879 1.310989 1.243956 2.349451 0.754945 0.920879 1.471429  1.214286 14.049451              1.215073          20.0  20.0
hpt_breast_RandomForest          random_acq 1.746154 1.193407 1.395604 1.073626 1.435165 1.575824 0.881319 1.263736 1.510989  2.269231 14.345055              1.240639          21.0  21.0
hpt_breast_RandomForest  no_past_bo-curated 1.425275 1.406593 1.571429 1.352747 0.975824 2.774725 1.135165 0.937363 1.582418  1.353846 14.515385              1.255370          22.0  22.0
hpt_breast_RandomForest             gphedge 1.558242 1.685714 1.663736 1.281319 1.194505 2.300000 1.019780 1.003297 1.467033  1.346154 14.519780              1.255750          23.0  23.0
hpt_breast_RandomForest   bo_alternating_k5 1.636264 1.543956 2.763736 1.193407 1.402198 1.654945 0.414286 1.308791 1.650549  1.702198 15.270330              1.320661          24.0  24.0
hpt_breast_RandomForest    setup_bo-curated 2.420879 1.916484 1.428571 1.516484 1.300000 1.859341 0.946154 0.894505 0.993407  2.383516 15.659341              1.354305          25.0  25.0
hpt_breast_RandomForest            setup_bo 1.259341 2.051648 1.384615 1.634066 1.740659 1.126374 1.168132 1.147253 1.529670  2.627473 15.669231              1.355161          26.0  26.0
hpt_breast_RandomForest           lmabo-ops 1.679121 1.571429 2.195604 3.179121 1.556044 0.960440 1.127473 1.025275 1.263736  1.162637 15.720879              1.359627          27.0  27.0
hpt_breast_RandomForest                qMES 2.553846 1.841758 2.565934 1.887912 1.370330 0.934066 0.898901 0.817582 1.143956  1.721978 15.736264              1.360958          28.0  28.0
hpt_breast_RandomForest                qJES 1.779121 2.163736 1.282418 2.950549 1.412088 1.205495 1.252747 1.181319 1.224176  1.300000 15.751648              1.362289          29.0  29.0
hpt_breast_RandomForest   bo_alternating_k3 1.650549 1.406593 2.607692 1.803297 1.841758 1.540659 1.000000 0.993407 1.287912  1.770330 15.902198              1.375309          30.0  30.0
hpt_breast_RandomForest         esp-curated 1.858242 2.092308 1.514286 0.886813 1.525275 3.314286 0.815385 0.969231 1.915385  1.406593 16.297802              1.409523          31.0  31.0
hpt_breast_RandomForest           lmabo-ab4 1.589011 1.568132 1.247253 1.975824 2.029670 2.450549 1.285714 1.491209 1.165934  1.903297 16.706593              1.444877          32.0  32.0
hpt_breast_RandomForest                 UCB 1.402198 2.118681 3.176923 2.600000 1.406593 1.886813 1.138462 1.120879 1.343956  1.397802 17.592308              1.521479          33.0  33.0
hpt_breast_RandomForest           lmabo-ab1 0.981319 1.490110 3.138462 1.361538 1.635165 3.163736 1.265934 1.041758 1.803297  2.634066 18.515385              1.601312          34.0  34.0
hpt_breast_RandomForest                 esp 1.960440 1.225275 3.662637 2.539560 1.727473 1.596703 1.164835 1.276923 1.505495  2.986813 19.646154              1.699107          35.0  35.0
hpt_breast_RandomForest               llmgp 2.236264 2.268132 1.138462 2.351648 1.483516 2.459341 1.683516 2.160440 2.336264  2.262637 20.380220              1.762593          36.0  36.0
hpt_breast_RandomForest                qPES 2.534066 1.676923 4.215385 1.706593 3.261538 1.424176 1.037363 1.424176 2.016484  1.096703 20.393407              1.763733          37.0  37.0
hpt_breast_RandomForest              PosSTD 2.352747 1.169231 1.224176 1.375824 2.841758 1.356044 1.319780 2.307692 3.317582 15.934066 33.198901              2.871222          38.0  38.0
========================================================================================================================================================================================================
                problem              method    run_1    run_2    run_3    run_4    run_5    run_6    run_7    run_8    run_9   run_10       sum  relative_performance  problem_rank  rank
hpt_breast_DecisionTree              llambo 1.387912 0.908791 0.715385 1.056044 0.905494 1.250549 0.610989 0.682418 0.934066 1.142857  9.594505              1.000000           1.0   1.0
hpt_breast_DecisionTree          lmabo-ops3 1.129671 0.943956 0.830769 1.515385 0.958242 1.205495 1.428572 1.010989 1.308791 0.978022 11.309892              1.178788           2.0   2.0
hpt_breast_DecisionTree               lmabo 1.102198 1.090110 1.070330 0.907692 1.489011 1.513187 0.928572 0.819780 1.197802 1.581319 11.700002              1.219448           3.0   3.0
hpt_breast_DecisionTree          lmabo-ops6 1.290110 1.098901 1.153846 1.352747 1.238462 1.380220 0.993407 1.037363 1.235165 1.094506 11.874727              1.237659           4.0   4.0
hpt_breast_DecisionTree random_acq_curated1 1.184616 1.019780 1.131868 1.247253 1.172528 1.532967 1.201099 1.046154 1.054945 1.337363 11.928573              1.243271           5.0   5.0
hpt_breast_DecisionTree          no_past_bo 1.562638 1.125275 1.145055 1.225275 0.980220 1.264835 1.213187 1.107692 1.339561 1.214286 12.178024              1.269271           6.0   6.0
hpt_breast_DecisionTree           lmabo-gpt 1.105495 1.239561 1.008791 1.368132 1.471429 1.092308 1.326374 1.197802 1.198901 1.228572 12.237365              1.275456           7.0   7.0
hpt_breast_DecisionTree             gphedge 1.131868 1.002198 1.074725 1.168132 1.297802 1.689011 1.039561 1.298901 1.242857 1.447253 12.392310              1.291605           8.0   8.0
hpt_breast_DecisionTree   bo_alternating_k1 1.105495 1.428572 1.380220 1.629671 1.176923 1.382418 1.221978 1.002198 1.156044 1.291209 12.774727              1.331463           9.0   9.0
hpt_breast_DecisionTree                 qKG 1.540660 1.169231 1.008791 1.291209 1.267033 1.535165 1.002198 1.115385 1.469231 1.405495 12.804398              1.334555          10.0  10.0
hpt_breast_DecisionTree  no_past_bo-curated 1.418682 1.054945 1.109890 1.345055 1.323077 1.396703 1.361539 1.397802 1.300000 1.105495 12.813189              1.335472          11.0  11.0
hpt_breast_DecisionTree    setup_bo-curated 1.224176 1.428572 1.158242 1.282418 1.425275 1.200000 1.428572 1.283517 1.321978 1.182418 12.935167              1.348185          12.0  12.0
hpt_breast_DecisionTree                  PI 1.540660 1.028572 1.301099 1.163736 1.579121 1.273627 1.002198 1.213187 1.563736 1.275824 12.941760              1.348872          13.0  13.0
hpt_breast_DecisionTree               LogEI 1.184616 1.428572 1.008791 1.221978 1.335165 1.616484 0.979121 0.954945 1.667033 1.587912 12.984617              1.353339          14.0  14.0
hpt_breast_DecisionTree            setup_bo 1.235165 1.428572 1.443956 1.165934 1.343956 1.207692 1.107692 1.294506 1.114286 1.669231 13.010991              1.356088          15.0  15.0
hpt_breast_DecisionTree             PosMean 1.312088 1.116484 1.065934 1.401099 1.401099 1.163736 1.380220 1.428572 1.203297 1.563736 13.036266              1.358722          16.0  16.0
hpt_breast_DecisionTree         esp-curated 1.587912 1.050550 1.158242 1.200000 1.418682 1.563736 1.140660 1.327473 1.330769 1.282418 13.060441              1.361242          17.0  17.0
hpt_breast_DecisionTree           lmabo-ab3 1.259341 1.151649 1.327473 1.625275 1.423077 1.368132 0.972528 1.248352 1.339561 1.420879 13.136266              1.369145          18.0  18.0
hpt_breast_DecisionTree  bo_explore_exploit 1.360440 1.428572 1.334066 1.163736 1.253846 1.579121 1.428572 1.428572 1.313187 1.141758 13.431870              1.399954          19.0  19.0
hpt_breast_DecisionTree                  EI 1.540660 1.428572 1.156044 1.253846 1.445055 1.535165 1.428572 1.283517 1.112088 1.285714 13.469233              1.403849          20.0  20.0
hpt_breast_DecisionTree          random_acq 1.191209 1.428572 1.292308 1.625275 1.671429 1.357143 0.993407 1.428572 1.730769 0.807692 13.526376              1.409804          21.0  21.0
hpt_breast_DecisionTree                qJES 1.138462 1.334066 1.386813 1.634066 1.539561 1.471429 1.248352 1.210989 1.521978 1.128572 13.614288              1.418967          22.0  22.0
hpt_breast_DecisionTree     gphedge-curated 1.400000 1.241758 1.298901 1.585714 1.583517 1.185714 1.428572 1.142857 1.504396 1.304396 13.675826              1.425381          23.0  23.0
hpt_breast_DecisionTree                 UCB 1.125275 1.248352 1.256044 1.671429 1.640660 1.300000 1.428572 0.713187 1.647253 1.653846 13.684617              1.426297          24.0  24.0
hpt_breast_DecisionTree random_acq_curated2 1.270330 1.025275 1.097802 1.539561 1.590110 1.875824 0.960440 1.428572 1.772528 1.146154 13.706595              1.428588          25.0  25.0
hpt_breast_DecisionTree                qPES 1.683517 1.063736 1.468132 1.440660 1.634066 1.325275 1.186813 1.428572 1.216484 1.317583 13.764837              1.434658          26.0  26.0
hpt_breast_DecisionTree   bo_alternating_k5 1.663736 1.010989 1.406594 1.570330 1.496703 1.609890 1.186813 1.002198 1.418682 1.412088 13.778024              1.436033          27.0  27.0
hpt_breast_DecisionTree               LogPI 1.540660 1.428572 1.443956 1.150550 1.137363 1.220879 1.428572 1.428572 1.563736 1.587912 13.930771              1.451953          28.0  28.0
hpt_breast_DecisionTree           lmabo-ab2 1.540660 1.353846 1.536264 1.438462 1.376923 1.658242 1.428572 1.236264 1.327473 1.082418 13.979123              1.456993          29.0  29.0
hpt_breast_DecisionTree                qMES 1.189011 1.428572 1.608791 1.289011 1.337363 1.691209 1.265934 1.125275 1.364835 1.682418 13.982419              1.457336          30.0  30.0
hpt_breast_DecisionTree                  TS 1.290110 1.178022 1.602198 1.497802 1.752747 1.291209 1.076923 1.360440 1.286813 1.719780 14.056046              1.465010          31.0  31.0
hpt_breast_DecisionTree   bo_alternating_k3 1.571429 1.428572 1.303297 1.405495 1.592308 1.625275 1.428572 0.774725 1.616484 1.326374 14.072529              1.466728          32.0  32.0
hpt_breast_DecisionTree           lmabo-ops 1.248352 1.230769 1.008791 1.739561 1.545055 1.785714 1.428572 1.428572 1.262638 1.498901 14.176925              1.477609          33.0  33.0
hpt_breast_DecisionTree           lmabo-ab1 1.024176 1.204396 1.342857 1.873627 1.623077 1.592308 1.428572 1.210989 1.880220 1.582418 14.762639              1.538656          34.0  34.0
hpt_breast_DecisionTree               llmgp 1.212088 1.794506 1.508791 1.672528 1.428572 0.989011 1.782418 1.152747 2.261539 1.363736 15.165936              1.580690          35.0  35.0
hpt_breast_DecisionTree           lmabo-ab4 2.536264 1.239561 1.065934 1.838462 1.648352 1.416484 1.079121 1.230769 1.662638 1.548352 15.265936              1.591112          36.0  36.0
hpt_breast_DecisionTree              PosSTD 5.532967 1.428572 1.096703 1.137363 1.354945 1.705495 1.428572 1.428572 1.563736 2.106594 18.783518              1.957737          37.0  37.0
hpt_breast_DecisionTree                 esp 1.138462 1.283517 1.450550 1.691209 1.959341 1.603297 1.204396 1.072528 3.961539 3.908791 19.273628              2.008819          38.0  38.0
========================================================================================================================================================================================================
       problem              method    run_1    run_2    run_3    run_4    run_5    run_6    run_7    run_8    run_9   run_10      sum  relative_performance  problem_rank  rank
hpt_breast_SVM             PosMean 0.173626 0.106593 0.247253 0.147253 0.236264 0.252747 0.191209 0.024176 0.265934 0.179121 1.824176              1.000000           1.0   1.0
hpt_breast_SVM  bo_explore_exploit 0.203297 0.164835 0.184615 0.154945 0.284615 0.103297 0.484615 0.079121 0.063736 0.442857 2.165934              1.187349           2.0   2.0
hpt_breast_SVM          lmabo-ops6 0.174725 0.221978 0.213187 0.167033 0.247253 0.250549 0.351648 0.251648 0.196703 0.192308 2.267033              1.242771           3.0   3.0
hpt_breast_SVM                  PI 0.170330 0.223077 0.404396 0.042857 0.215385 0.261538 0.379121 0.267033 0.273626 0.148352 2.385714              1.307831           4.0   4.0
hpt_breast_SVM           lmabo-gpt 0.283516 0.343956 0.297802 0.278022 0.249451 0.203297 0.241758 0.213187 0.209890 0.080220 2.401099              1.316265           5.0   5.0
hpt_breast_SVM          lmabo-ops3 0.314286 0.208791 0.264835 0.227473 0.128571 0.170330 0.362637 0.216484 0.301099 0.235165 2.429670              1.331928           6.0   6.0
hpt_breast_SVM             gphedge 0.338462 0.184615 0.275824 0.102198 0.184615 0.229670 0.356044 0.231868 0.247253 0.283516 2.434066              1.334337           7.0   7.0
hpt_breast_SVM   bo_alternating_k1 0.287912 0.160440 0.335165 0.253846 0.293407 0.273626 0.295604 0.132967 0.161538 0.260440 2.454945              1.345783           8.0   8.0
hpt_breast_SVM               lmabo 0.360440 0.249451 0.308791 0.132967 0.162637 0.387912 0.209890 0.174725 0.257143 0.228571 2.472527              1.355422           9.0   9.0
hpt_breast_SVM                  TS 0.279121 0.131868 0.292308 0.300000 0.264835 0.143956 0.471429 0.186813 0.167033 0.303297 2.540659              1.392771          10.0  10.0
hpt_breast_SVM               LogPI 0.259341 0.275824 0.256044 0.029670 0.289011 0.205495 0.360440 0.337363 0.403297 0.210989 2.627473              1.440361          11.0  11.0
hpt_breast_SVM random_acq_curated1 0.337363 0.228571 0.249451 0.249451 0.339560 0.285714 0.230769 0.250549 0.249451 0.226374 2.647253              1.451205          12.0  12.0
hpt_breast_SVM            setup_bo 0.252747 0.239560 0.339560 0.242857 0.236264 0.257143 0.468132 0.185714 0.181319 0.283516 2.686813              1.472892          13.0  13.0
hpt_breast_SVM   bo_alternating_k5 0.347253 0.210989 0.309890 0.337363 0.147253 0.243956 0.315385 0.235165 0.152747 0.405495 2.705495              1.483133          14.0  14.0
hpt_breast_SVM random_acq_curated2 0.340659 0.173626 0.278022 0.298901 0.350549 0.135165 0.451648 0.168132 0.201099 0.360440 2.758242              1.512048          15.0  15.0
hpt_breast_SVM          no_past_bo 0.352747 0.275824 0.257143 0.414286 0.260440 0.190110 0.295604 0.158242 0.192308 0.361538 2.758242              1.512048          15.0  15.0
hpt_breast_SVM                  EI 0.363736 0.289011 0.121978 0.272527 0.141758 0.254945 0.560440 0.228571 0.320879 0.208791 2.762637              1.514458          17.0  17.0
hpt_breast_SVM          random_acq 0.205495 0.273626 0.221978 0.313187 0.248352 0.346154 0.280220 0.228571 0.324176 0.372527 2.814286              1.542771          18.0  18.0
hpt_breast_SVM   bo_alternating_k3 0.225275 0.308791 0.275824 0.354945 0.328571 0.237363 0.242857 0.257143 0.216484 0.368132 2.815385              1.543373          19.0  19.0
hpt_breast_SVM           lmabo-ab1 0.349451 0.229670 0.271429 0.189011 0.258242 0.325275 0.534066 0.205495 0.259341 0.297802 2.919780              1.600602          20.0  20.0
hpt_breast_SVM                qJES 0.334066 0.223077 0.275824 0.361538 0.402198 0.259341 0.328571 0.220879 0.280220 0.419780 3.105495              1.702410          21.0  21.0
hpt_breast_SVM           lmabo-ab3 0.276923 0.236264 0.284615 0.360440 0.295604 0.401099 0.443956 0.430769 0.187912 0.196703 3.114286              1.707229          22.0  22.0
hpt_breast_SVM                 esp 0.374725 0.260440 0.248352 0.246154 0.242857 0.382418 0.390110 0.327473 0.245055 0.445055 3.162637              1.733735          23.0  23.0
hpt_breast_SVM           lmabo-ab2 0.328571 0.267033 0.375824 0.340659 0.372527 0.159341 0.458242 0.225275 0.347253 0.291209 3.165934              1.735542          24.0  24.0
hpt_breast_SVM               LogEI 0.351648 0.272527 0.458242 0.238462 0.391209 0.341758 0.346154 0.220879 0.252747 0.313187 3.186813              1.746988          25.0  25.0
hpt_breast_SVM                 UCB 0.578022 0.309890 0.264835 0.307692 0.378022 0.157143 0.426374 0.283516 0.252747 0.436264 3.394505              1.860843          26.0  26.0
hpt_breast_SVM           lmabo-ops 0.353846 0.435165 0.258242 0.410989 0.384615 0.315385 0.395604 0.246154 0.328571 0.406593 3.535165              1.937952          27.0  27.0
hpt_breast_SVM     gphedge-curated 0.364835 0.447253 0.380220 0.228571 0.307692 0.375824 0.470330 0.383516 0.263736 0.395604 3.617582              1.983133          28.0  28.0
hpt_breast_SVM           lmabo-ab4 0.483516 0.451648 0.532967 0.504396 0.340659 0.232967 0.569231 0.209890 0.279121 0.142857 3.747253              2.054217          29.0  29.0
hpt_breast_SVM                qMES 0.401099 0.236264 0.549451 0.295604 0.532967 0.569231 0.226374 0.394505 0.327473 0.232967 3.765934              2.064458          30.0  30.0
hpt_breast_SVM              llambo 0.469231 0.290110 0.348351 0.381319 0.713187 0.237362 0.342857 0.367033 0.329670 0.305494 3.784614              2.074698          31.0  31.0
hpt_breast_SVM  no_past_bo-curated 0.328571 0.445055 0.398901 0.442857 0.305495 0.414286 0.362637 0.315385 0.386813 0.474725 3.874725              2.124096          32.0  32.0
hpt_breast_SVM         esp-curated 0.125275 0.395604 0.353846 0.513187 0.418681 0.185714 0.600000 0.403297 0.423077 0.500000 3.918681              2.148193          33.0  33.0
hpt_breast_SVM    setup_bo-curated 0.508791 0.394505 0.243956 0.263736 0.449451 0.371429 0.491209 0.410989 0.406593 0.474725 4.015385              2.201205          34.0  34.0
hpt_breast_SVM              PosSTD 0.879121 0.340659 0.446154 0.549451 0.082418 0.736264 0.669231 0.151648 0.618681 0.243956 4.717582              2.586145          35.0  35.0
hpt_breast_SVM                 qKG 0.309890 0.549451 0.380220 0.340659 0.489011 0.559341 0.569231 0.630769 0.567033 0.432967 4.828571              2.646988          36.0  36.0
hpt_breast_SVM                qPES 0.579121 0.532967 0.549451 0.451648 0.730769 0.724176 0.572527 0.689011 0.557143 0.730769 6.117582              3.353614          37.0  37.0
hpt_breast_SVM               llmgp 0.762637 0.667033 0.734066 0.471429 0.682418 0.687912 0.672527 0.372527 0.664835 0.710989 6.426374              3.522892          38.0  38.0
========================================================================================================================================================================================================
            problem              method    run_1    run_2    run_3    run_4    run_5    run_6    run_7    run_8    run_9   run_10       sum  relative_performance  problem_rank  rank
hpt_breast_AdaBoost          lmabo-ops6 0.568132 0.479121 0.745055 0.686813 0.451648 0.370330 0.731868 0.493407 0.565934 0.653846  5.746154              1.000000           1.0   1.0
hpt_breast_AdaBoost               lmabo 0.418681 0.332967 0.632967 0.641758 0.490110 0.532967 0.609890 0.628571 0.719780 0.756044  5.763736              1.003060           2.0   2.0
hpt_breast_AdaBoost           lmabo-ab1 0.561538 0.463736 0.695604 0.749451 0.643956 0.384615 0.749451 0.625275 0.332967 0.746154  5.952747              1.035953           3.0   3.0
hpt_breast_AdaBoost                  EI 0.564835 0.571429 0.806593 0.859341 0.562637 0.382418 0.673626 0.516484 0.375824 0.693407  6.006593              1.045324           4.0   4.0
hpt_breast_AdaBoost             gphedge 0.472527 0.658242 0.932967 0.640659 0.515385 0.583516 0.612088 0.410989 0.484615 0.695604  6.006593              1.045324           5.0   5.0
hpt_breast_AdaBoost                qMES 0.805495 0.462637 0.825275 0.523077 0.373626 0.482418 0.841758 0.487912 0.615385 0.613187  6.030769              1.049531           6.0   6.0
hpt_breast_AdaBoost    setup_bo-curated 0.532967 0.568132 0.797802 0.761538 0.469231 0.616484 0.520879 0.449451 0.612088 0.848352  6.176923              1.074967           7.0   7.0
hpt_breast_AdaBoost                  PI 0.647253 0.431868 0.989011 1.051648 0.473626 0.367033 0.424176 0.558242 0.372527 0.872527  6.187912              1.076879           8.0   8.0
hpt_breast_AdaBoost           lmabo-ab3 0.665934 0.591209 0.673626 0.670330 0.652747 0.546154 0.694505 0.540659 0.375824 0.782418  6.193407              1.077835           9.0   9.0
hpt_breast_AdaBoost   bo_alternating_k3 0.748352 0.280220 0.565934 0.670330 0.556044 0.528571 0.808791 0.678022 0.678022 0.681319  6.195604              1.078218          10.0  10.0
hpt_breast_AdaBoost           lmabo-gpt 0.580220 0.667033 0.812088 0.579121 0.469231 0.546154 0.630769 0.569231 0.683516 0.667033  6.204396              1.079748          11.0  11.0
hpt_breast_AdaBoost          random_acq 0.765934 0.574725 0.780220 0.608791 0.292308 0.594505 0.642857 0.707692 0.574725 0.757143  6.298901              1.096194          12.0  12.0
hpt_breast_AdaBoost          lmabo-ops3 0.681319 0.342857 1.132967 0.538462 0.392308 0.507692 0.698901 0.401099 0.538462 1.067033  6.301099              1.096577          13.0  13.0
hpt_breast_AdaBoost            setup_bo 0.718681 0.291209 0.896703 0.703297 0.541758 0.482418 0.712088 0.627473 0.534066 0.819780  6.327473              1.101167          14.0  14.0
hpt_breast_AdaBoost               LogEI 0.515385 0.508791 0.825275 0.729670 0.508791 0.373626 0.641758 0.628571 0.756044 0.861538  6.349451              1.104991          15.0  15.0
hpt_breast_AdaBoost  no_past_bo-curated 0.854945 0.415385 0.697802 0.854945 0.462637 0.419780 0.670330 0.545055 0.649451 0.894505  6.464835              1.125072          16.0  16.0
hpt_breast_AdaBoost   bo_alternating_k1 0.662637 0.421978 0.937363 0.678022 0.743956 0.568132 0.492308 0.665934 0.602198 0.758242  6.530769              1.136546          17.0  17.0
hpt_breast_AdaBoost random_acq_curated2 0.579121 0.564835 0.802198 0.490110 0.475824 0.475824 0.665934 0.693407 0.594505 1.226374  6.568132              1.143048          18.0  18.0
hpt_breast_AdaBoost               LogPI 0.561538 0.391209 0.918681 1.515385 0.437363 0.195604 0.424176 0.761538 0.431868 1.001099  6.638462              1.155288          19.0  19.0
hpt_breast_AdaBoost     gphedge-curated 0.708791 0.506593 0.804396 0.570330 0.468132 0.697802 0.605495 0.703297 1.007692 0.661538  6.734066              1.171926          20.0  20.0
hpt_breast_AdaBoost random_acq_curated1 0.739560 0.414286 0.992308 0.874725 0.521978 0.478022 0.721978 0.675824 0.375824 0.949451  6.743956              1.173647          21.0  21.0
hpt_breast_AdaBoost           lmabo-ab2 0.559341 0.557143 1.032967 0.447253 0.680220 0.650549 0.852747 0.700000 0.484615 0.843956  6.808791              1.184930          22.0  22.0
hpt_breast_AdaBoost         esp-curated 0.641758 0.456044 0.940659 0.638462 0.632967 0.475824 0.715385 0.648352 0.763736 0.985714  6.898901              1.200612          23.0  23.0
hpt_breast_AdaBoost          no_past_bo 0.754945 0.403297 0.695604 1.013187 0.478022 0.583516 0.697802 0.510989 0.510989 1.250549  6.898901              1.200612          24.0  24.0
hpt_breast_AdaBoost   bo_alternating_k5 0.746154 0.165934 0.937363 0.532967 0.704396 0.630769 0.789011 0.716484 1.047253 0.665934  6.936264              1.207114          25.0  25.0
hpt_breast_AdaBoost           lmabo-ops 0.619780 0.504396 0.892308 0.709890 0.500000 0.832967 0.831868 0.767033 0.593407 1.069231  7.320879              1.274049          26.0  26.0
hpt_breast_AdaBoost                  TS 1.162637 0.370330 0.653846 0.636264 0.721978 0.463736 0.707692 0.978022 0.925275 0.716484  7.336264              1.276726          27.0  27.0
hpt_breast_AdaBoost                 esp 0.654945 0.535165 0.919780 0.836264 0.447253 0.509890 0.789011 0.629670 0.948352 1.128571  7.398901              1.287627          28.0  28.0
hpt_breast_AdaBoost  bo_explore_exploit 1.063736 0.390110 0.620879 1.081319 0.653846 0.550549 0.671429 0.868132 0.885714 0.625275  7.410989              1.289730          29.0  29.0
hpt_breast_AdaBoost             PosMean 0.776923 0.454945 0.716484 0.732967 0.442857 0.472527 0.574725 0.914286 0.630769 1.700000  7.416484              1.290687          30.0  30.0
hpt_breast_AdaBoost           lmabo-ab4 1.447253 0.141758 1.498901 0.642857 0.606593 0.689011 0.496703 0.450549 0.939560 0.663736  7.576923              1.318608          31.0  31.0
hpt_breast_AdaBoost                 UCB 0.717582 0.432967 0.894505 0.774725 0.769231 0.935165 0.814286 0.581319 0.832967 1.064835  7.817582              1.360490          32.0  32.0
hpt_breast_AdaBoost                qJES 1.473626 0.439560 0.894505 0.736264 0.527473 0.436264 0.828571 0.869231 0.689011 1.376923  8.271429              1.439472          33.0  33.0
hpt_breast_AdaBoost                 qKG 0.601099 0.247253 1.247253 0.852747 0.650549 0.691209 0.660440 0.748352 0.723077 1.941758  8.363736              1.455536          34.0  34.0
hpt_breast_AdaBoost               llmgp 0.896703 0.849451 1.071429 1.473626 0.769231 0.947253 0.772527 1.056044 1.148352 1.062637 10.047253              1.748518          35.0  35.0
hpt_breast_AdaBoost                qPES 1.648352 0.560440 0.959341 1.085714 0.769231 1.423077 1.061538 1.002198 1.223077 1.390110 11.123077              1.935743          36.0  36.0
hpt_breast_AdaBoost              llambo 1.219780 1.014286 0.989011 1.104395 0.989011 1.100000 0.769231 2.443956 2.692308 0.770330 13.092307              2.278447          37.0  37.0
hpt_breast_AdaBoost              PosSTD 0.878022 0.769231 1.026374 1.561538 0.769231 2.747253 1.923077 1.538462 1.234066 3.019780 15.467033              2.691719          38.0  38.0
========================================================================================================================================================================================================
          problem              method    run_1    run_2     run_3    run_4    run_5    run_6    run_7    run_8    run_9   run_10       sum  relative_performance  problem_rank  rank
hpt_breast_MLPSGD               lmabo 1.120879 1.913187  2.089011 1.352747 2.791209 1.667033 0.960440 0.693407 1.582418 1.158242 15.328571              1.000000           1.0   1.0
hpt_breast_MLPSGD          lmabo-ops6 1.318681 1.823077  1.775824 1.091209 2.841758 2.124176 0.989011 1.375824 1.283516 1.073626 15.696703              1.024016           2.0   2.0
hpt_breast_MLPSGD                  PI 1.260440 1.486813  2.264835 1.281319 2.285714 2.278022 0.872527 1.774725 1.229670 0.978022 15.712088              1.025020           3.0   3.0
hpt_breast_MLPSGD               LogPI 1.150549 1.923077  1.605495 1.227473 2.704396 2.221978 0.989011 1.426374 1.334066 1.220879 15.803297              1.030970           4.0   4.0
hpt_breast_MLPSGD          no_past_bo 1.318681 1.475824  1.796703 1.296703 2.435165 2.114286 0.925275 1.116484 1.484615 1.920879 15.884615              1.036275           5.0   5.0
hpt_breast_MLPSGD             PosMean 1.318681 1.739560  1.805495 1.001099 1.741758 3.818681 0.989011 1.149451 1.234066 1.417582 16.215385              1.057854           6.0   6.0
hpt_breast_MLPSGD                  EI 1.318681 1.660440  3.021978 1.002198 2.526374 2.094505 0.989011 1.925275 0.658242 1.586813 16.783516              1.094917           7.0   7.0
hpt_breast_MLPSGD               LogEI 1.038462 1.803297  2.565934 0.907692 2.998901 3.431868 0.885714 1.974725 1.042857 0.936264 17.585714              1.147251           8.0   8.0
hpt_breast_MLPSGD              llambo 1.318681 2.302197  1.910989 1.447252 2.641758 2.037362 0.989011 1.890110 1.584615 1.535165 17.657140              1.151910           9.0   9.0
hpt_breast_MLPSGD random_acq_curated2 1.318681 2.153846  1.450549 1.146154 3.256044 1.702198 0.912088 2.778022 1.661538 1.347253 17.726374              1.156427          10.0  10.0
hpt_breast_MLPSGD           lmabo-ab1 1.316484 1.568132  2.343956 1.225275 2.093407 2.794505 0.989011 2.591209 1.445055 1.406593 17.773626              1.159510          11.0  11.0
hpt_breast_MLPSGD           lmabo-ops 1.318681 2.161538  2.524176 1.400000 2.049451 3.442857 0.989011 1.501099 0.951648 1.682418 18.020879              1.175640          12.0  12.0
hpt_breast_MLPSGD          lmabo-ops3 1.318681 1.936264  2.402198 1.870330 2.541758 2.280220 0.989011 1.961538 1.342857 1.443956 18.086813              1.179941          13.0  13.0
hpt_breast_MLPSGD           lmabo-gpt 1.162637 2.327473  2.287912 1.282418 2.910989 2.596703 0.929670 2.360440 1.395604 1.081319 18.335165              1.196143          14.0  14.0
hpt_breast_MLPSGD              PosSTD 1.051648 1.364835  3.491209 2.098901 2.700000 2.503297 0.989011 1.982418 1.758242 1.597802 19.537363              1.274572          15.0  15.0
hpt_breast_MLPSGD            setup_bo 1.318681 1.683516  2.823077 1.068132 2.087912 5.736264 0.943956 1.141758 1.513187 1.767033 20.083516              1.310201          16.0  16.0
hpt_breast_MLPSGD                qMES 1.318681 2.303297  2.810989 0.798901 3.674725 3.012088 0.989011 3.261538 1.212088 0.792308 20.173626              1.316080          17.0  17.0
hpt_breast_MLPSGD                 UCB 1.318681 2.340659  2.780220 1.278022 2.613187 3.383516 0.989011 1.237363 1.556044 2.796703 20.293407              1.323894          18.0  18.0
hpt_breast_MLPSGD             gphedge 1.058242 2.865934  2.135165 1.223077 1.984615 4.318681 0.938462 3.578022 1.715385 0.967033 20.784615              1.355939          19.0  19.0
hpt_breast_MLPSGD                 esp 0.890110 1.818681  2.935165 1.082418 5.473626 3.408791 0.989011 1.601099 1.451648 1.442857 21.093407              1.376084          20.0  20.0
hpt_breast_MLPSGD           lmabo-ab2 1.237363 1.924176  3.302198 1.391209 3.613187 3.480220 0.989011 2.469231 1.237363 1.506593 21.150549              1.379812          21.0  21.0
hpt_breast_MLPSGD          random_acq 1.253846 1.860440  2.572527 1.246154 6.709890 2.285714 0.989011 1.884615 1.086813 1.453846 21.342857              1.392358          22.0  22.0
hpt_breast_MLPSGD           lmabo-ab3 1.318681 2.919780  2.537363 0.617582 2.080220 5.080220 0.989011 3.025275 1.601099 1.569231 21.738462              1.418166          23.0  23.0
hpt_breast_MLPSGD   bo_alternating_k5 1.318681 3.038462  3.376923 1.914286 2.697802 2.176923 0.808791 3.313187 1.589011 2.314286 22.548352              1.471002          24.0  24.0
hpt_breast_MLPSGD     gphedge-curated 1.318681 1.426374  4.556044 1.376923 2.524176 4.762637 0.946154 2.453846 1.428571 2.041758 22.835165              1.489713          25.0  25.0
hpt_breast_MLPSGD   bo_alternating_k3 1.318681 2.783516  2.785714 1.364835 5.669231 3.710989 0.926374 1.994505 1.264835 1.361538 23.180220              1.512223          26.0  26.0
hpt_breast_MLPSGD  no_past_bo-curated 1.318681 3.864835  3.389011 1.159341 4.539560 1.739560 0.989011 3.006593 1.085714 2.114286 23.206593              1.513944          27.0  27.0
hpt_breast_MLPSGD                qJES 1.123077 3.059341  2.229670 1.239560 3.446154 4.490110 0.989011 2.531868 1.593407 2.779121 23.481319              1.531866          28.0  28.0
hpt_breast_MLPSGD    setup_bo-curated 1.318681 1.767033  2.320879 1.364835 3.597802 4.383516 0.761538 5.759341 1.281319 1.379121 23.934066              1.561402          29.0  29.0
hpt_breast_MLPSGD   bo_alternating_k1 1.269231 2.052747  3.765934 1.496703 4.240659 5.916484 0.989011 2.932967 1.168132 1.234066 25.065934              1.635243          30.0  30.0
hpt_breast_MLPSGD           lmabo-ab4 1.318681 4.874725  2.797802 1.465934 4.462637 4.217582 0.890110 3.785714 1.708791 1.687912 27.209890              1.775109          31.0  31.0
hpt_breast_MLPSGD random_acq_curated1 1.318681 2.047253  7.573626 1.483516 3.573626 4.937363 0.989011 3.578022 1.553846 1.169231 28.224176              1.841279          32.0  32.0
hpt_breast_MLPSGD                 qKG 1.016484 1.407692  6.468132 1.760440 5.697802 5.349451 0.989011 2.875824 1.213187 2.035165 28.813187              1.879705          33.0  33.0
hpt_breast_MLPSGD         esp-curated 1.295604 4.929670  2.530769 1.348352 2.383516 4.484615 0.989011 8.400000 1.470330 1.735165 29.567033              1.928884          34.0  34.0
hpt_breast_MLPSGD  bo_explore_exploit 1.317582 3.505495  4.862637 1.967033 4.532967 6.548352 0.989011 1.860440 1.598901 2.550549 29.732967              1.939709          35.0  35.0
hpt_breast_MLPSGD                qPES 1.183516 3.805495  1.775824 2.227473 7.403297 6.615385 0.989011 2.429670 1.471429 2.717582 30.618681              1.997491          36.0  36.0
hpt_breast_MLPSGD                  TS 1.272527 3.605495 10.121978 0.675824 8.135165 4.519780 0.989011 2.498901 1.347253 3.124176 36.290110              2.367482          37.0  37.0
hpt_breast_MLPSGD               llmgp 2.324176 5.056044  7.274725 3.694505 3.180220 3.317582 5.717582 2.396703 2.568132 7.918681 43.448352              2.834468          38.0  38.0
========================================================================================================================================================================================================
                problem              method     run_1     run_2     run_3     run_4     run_5     run_6     run_7     run_8     run_9    run_10        sum  relative_performance  problem_rank  rank
hpt_digits_RandomForest              llambo 20.323445 14.822530 14.501326 12.689643 12.102097  6.577404  3.629749  8.841211  7.013234  4.336402 104.837041              1.000000           1.0   1.0
hpt_digits_RandomForest   bo_alternating_k3  3.857704  2.980460 12.095017  9.814926  7.595839 33.575443  6.115088  8.008482 12.325200 11.089580 107.457738              1.024998           2.0   2.0
hpt_digits_RandomForest          lmabo-ops6  9.073022  3.347670 15.421588  6.710678 12.926422 20.002732 12.054497 17.713630 14.306779  8.224381 119.781398              1.142548           3.0   3.0
hpt_digits_RandomForest               lmabo  9.704403  4.302548 11.196776  4.651060 23.946164 19.331957  9.459342 13.021075 16.185932 11.998092 123.797348              1.180855           4.0   4.0
hpt_digits_RandomForest           lmabo-gpt 11.107918  2.776705 14.722883  9.160419 18.389413 17.151948 12.582243 16.158379 13.550938 11.471649 127.072494              1.212095           5.0   5.0
hpt_digits_RandomForest          lmabo-ops3 12.992488  4.641197 18.976184 12.199696 11.609244 16.357437 11.469859 18.827283  4.603003 16.601742 128.278135              1.223596           6.0   6.0
hpt_digits_RandomForest  no_past_bo-curated  9.050238  3.232848 18.736689 10.197811 15.573980  9.023121 14.666007 21.064122 14.347808 15.914624 131.807251              1.257258           7.0   7.0
hpt_digits_RandomForest                  EI 11.302273  1.865102 21.212594  8.029303 19.369235 19.724511  9.551325 20.779375 18.831140  3.732523 134.397382              1.281965           8.0   8.0
hpt_digits_RandomForest   bo_alternating_k5 11.051650  2.690849 10.875738  7.112108 29.449587 13.006232 10.254354 17.199087 21.668319 11.256473 134.564397              1.283558           9.0   9.0
hpt_digits_RandomForest           lmabo-ab1  5.478698  3.711952 21.199391  5.244261 29.537617 21.544457  7.709630 17.570081 17.929842  7.049396 136.975325              1.306555          10.0  10.0
hpt_digits_RandomForest           lmabo-ab3  4.213478  3.709721 21.938667 10.323652 21.105128 15.529706 12.118611 28.069161 11.359759 10.376599 138.744483              1.323430          11.0  11.0
hpt_digits_RandomForest                  TS  9.213752  6.932434 10.788013 14.069317 18.747315 17.390313 13.467410 19.993322 23.473921  8.063049 142.138847              1.355807          12.0  12.0
hpt_digits_RandomForest          no_past_bo 11.471168  2.517141 26.083668  9.925700 18.036130 18.766067 15.020502 15.392972 17.178778 11.457853 145.849981              1.391207          13.0  13.0
hpt_digits_RandomForest random_acq_curated2 11.686353  2.181684 25.175149  7.298235 11.363531 21.661406 12.197839 17.603084 27.728352 10.314104 147.209738              1.404177          14.0  14.0
hpt_digits_RandomForest   bo_alternating_k1  7.702907  3.326183 18.615923  5.927783  6.430710 37.658343 12.618915 18.546193 21.726264 15.769467 148.322688              1.414793          15.0  15.0
hpt_digits_RandomForest          random_acq  9.935333  2.857042 30.388718  4.203506 12.938393 22.567897 16.025335 21.573702 16.890799 13.503991 150.884717              1.439231          16.0  16.0
hpt_digits_RandomForest           lmabo-ops 11.832762  5.067267 23.994676  7.160934 19.459748 25.065866 11.759982 13.049322 18.028626 16.772448 152.191632              1.451697          17.0  17.0
hpt_digits_RandomForest                qJES  7.908526  5.144142 13.548194 12.301747 29.323379 30.992840  8.676748 27.729980 10.882837  6.158984 152.667377              1.456235          18.0  18.0
hpt_digits_RandomForest             gphedge  6.970562  2.858048 18.132150  6.172741 18.903317 21.337886 10.986025 30.021306 32.576586  9.778000 157.736623              1.504589          19.0  19.0
hpt_digits_RandomForest    setup_bo-curated 15.094350  4.191039 15.356411 12.416272 20.313417 16.800886 10.903691 34.035363 15.540444 13.429409 158.081281              1.507876          20.0  20.0
hpt_digits_RandomForest                 qKG  7.543660  3.065663 29.530401  8.521218 26.784524 16.260751 17.886076 23.001980 17.628315 12.592020 162.814608              1.553026          21.0  21.0
hpt_digits_RandomForest                 UCB  4.530479  3.571300 18.536128  5.043484 32.865384 21.270122 13.533821 36.062888 17.507606 13.339719 166.260932              1.585899          22.0  22.0
hpt_digits_RandomForest               LogEI  7.588779  2.186873 18.724541  7.181796 40.675329 24.939299 14.527083 36.413764  7.608198  8.528901 168.374563              1.606060          23.0  23.0
hpt_digits_RandomForest  bo_explore_exploit  5.734952  5.979798 14.307755  9.443942 21.811375 40.675329 15.130316 22.250604 22.113030 10.981764 168.428865              1.606578          24.0  24.0
hpt_digits_RandomForest               LogPI  5.835757  1.803914 38.897838  6.916192 20.384646 18.607764 14.464898 19.493728 28.294989 16.529612 171.229337              1.633290          25.0  25.0
hpt_digits_RandomForest                  PI  5.139300  1.254174 24.986539 11.292694 37.894924 11.898612 17.203764 16.200598 40.675329  5.992351 172.538285              1.645776          26.0  26.0
hpt_digits_RandomForest                qMES  5.283344  1.888370 36.087087  4.618237 31.919838 23.798606 18.875456 16.209873 21.853711 13.971039 174.505562              1.664541          27.0  27.0
hpt_digits_RandomForest random_acq_curated1  6.091096  2.482975 30.822602  7.666185 19.249500 40.227518 16.163856 27.680914 21.865678  8.183556 180.433880              1.721089          28.0  28.0
hpt_digits_RandomForest            setup_bo  6.968961  3.148581 40.675329 12.739022 33.239460 28.160298  9.406752 23.971681 18.100465  8.886660 185.297209              1.767478          29.0  29.0
hpt_digits_RandomForest     gphedge-curated 11.350384 12.608210 28.620355  4.488759 23.761506 30.427571 18.693232 17.893585 29.894916 12.432386 190.170905              1.813967          30.0  30.0
hpt_digits_RandomForest           lmabo-ab2  8.280935  2.269002 30.697093  5.733306 34.266892 30.855605 14.502168 40.675329 10.622115 13.449338 191.351782              1.825231          31.0  31.0
hpt_digits_RandomForest             PosMean 14.135970  1.514347 30.543283 10.701220 31.756440 20.683414  5.527241 28.300606 31.839078 18.005915 193.007513              1.841024          32.0  32.0
hpt_digits_RandomForest           lmabo-ab4 33.026068  2.405603 25.957161  4.874462 18.119026 40.675329  7.060897 26.272596 18.469813 19.446137 196.307092              1.872497          33.0  33.0
hpt_digits_RandomForest                 esp  6.734105  5.211003 24.765204 16.257004 36.823657 39.236219  9.053580 20.426622 37.695101  4.510048 200.712544              1.914519          34.0  34.0
hpt_digits_RandomForest         esp-curated 14.632688  8.106746 38.298696 14.980459 35.363667 18.201060 15.501632 35.669441 32.602694 12.887587 226.244671              2.158060          35.0  35.0
hpt_digits_RandomForest               llmgp 23.255789 23.255789 23.255789 23.255789 23.255789 23.255789 23.255789 23.255789 23.255789 23.255789 232.557891              2.218280          36.0  36.0
hpt_digits_RandomForest                qPES 34.974533 26.454365 37.072941 31.582874 40.675329 26.881577 26.727547 30.149145 31.997594 22.759486 309.275390              2.950058          37.0  37.0
hpt_digits_RandomForest              PosSTD 40.675329 17.402849 32.461443 40.675329 40.197280 28.547866 40.675329 33.229076 29.782323 40.675329 344.322153              3.284356          38.0  38.0
========================================================================================================================================================================================================
                problem              method     run_1     run_2     run_3     run_4     run_5     run_6     run_7     run_8     run_9    run_10        sum  relative_performance  problem_rank  rank
hpt_digits_DecisionTree              llambo 12.548439  7.808788 11.011875 19.823793  6.153890  0.942600  2.167329  2.158874 10.767024  7.689370  81.071983              1.000000           1.0   1.0
hpt_digits_DecisionTree          lmabo-ops6  5.943538  3.264776 11.884590 10.917931  9.048641 12.745065 21.902950  7.423934  5.986219  5.855208  94.972853              1.171463           2.0   2.0
hpt_digits_DecisionTree           lmabo-gpt 14.026783  3.359300 14.828921  6.753761 18.067261  9.392687  6.294917  7.283093  8.816958  7.691080  96.514761              1.190482           3.0   3.0
hpt_digits_DecisionTree                 UCB  4.224696  5.141097 10.545670  7.705086 13.567174  7.772521 11.098024 15.697569 10.019638 13.951494  99.722970              1.230055           4.0   4.0
hpt_digits_DecisionTree               lmabo 14.704606  3.479146  6.969284 10.571195 15.739547 21.306695  6.233689 29.205206 10.692472  6.325004 125.226844              1.544638           5.0   5.0
hpt_digits_DecisionTree             gphedge  5.567970  2.558480 23.890527  9.805323 23.443637  6.608356 13.268011 10.607167 16.587120 18.340860 130.677451              1.611869           6.0   6.0
hpt_digits_DecisionTree random_acq_curated1 13.323975  2.326472 12.048806  8.300651 11.928119 11.949850 20.468986 16.629758 13.543637 22.167526 132.687781              1.636666           7.0   7.0
hpt_digits_DecisionTree          no_past_bo 13.653060  2.605470 10.404376 15.789232 19.044109 19.709126 19.279507 11.205908 11.291312  9.891755 132.873854              1.638961           8.0   8.0
hpt_digits_DecisionTree                qJES 19.908495  8.341590 14.807633  7.110176 14.469907 10.332345  9.214611  9.975728 26.348675 13.201889 133.711049              1.649288           9.0   9.0
hpt_digits_DecisionTree                  EI  3.204887  3.902737 12.795847  4.699944 28.360830 13.261203  7.787191 29.318435  6.679766 24.650541 134.661381              1.661010          10.0  10.0
hpt_digits_DecisionTree          lmabo-ops3 10.663971  6.353149  9.638464  9.712695 24.635434 15.203016  6.844464 27.009661 17.442637 11.845372 139.348863              1.718829          11.0  11.0
hpt_digits_DecisionTree           lmabo-ab1 11.412736  2.242753 14.578861  9.388302 32.703539 20.406314 13.636882 13.834653 11.126383 13.246373 142.576795              1.758644          12.0  12.0
hpt_digits_DecisionTree           lmabo-ops 11.701397  3.915056 29.601896  3.215623 16.176172 10.723650 19.404640 27.725316 11.410803  9.780704 143.655257              1.771947          13.0  13.0
hpt_digits_DecisionTree random_acq_curated2  8.438736  3.075774 19.918952  7.600454 22.577642 12.004596 11.169709 20.652380 25.758753 15.135296 146.332293              1.804967          14.0  14.0
hpt_digits_DecisionTree           lmabo-ab3 11.248519  4.378084 14.505488 15.727121 28.686086 10.749191 19.069327 16.707369 20.806457  4.926402 146.804043              1.810786          15.0  15.0
hpt_digits_DecisionTree   bo_alternating_k5 10.745533  5.696621 10.875038 11.490389 31.271260 30.189928  8.710839 12.414398 21.029706  5.765407 148.189120              1.827871          16.0  16.0
hpt_digits_DecisionTree                qMES  9.125157  4.299783 21.946414  8.281203 28.912282  8.673995 12.490221 26.868890 11.048448 17.893679 149.540072              1.844535          17.0  17.0
hpt_digits_DecisionTree          random_acq 12.051366  4.014993 25.544976  8.150589 18.967170 18.396846 21.582130 17.433935 11.022966 14.610178 151.775149              1.872104          18.0  18.0
hpt_digits_DecisionTree               LogEI  5.158093  4.822133 22.026066  8.745285 24.753540 10.541529 21.330672 12.811076 16.710314 27.484622 154.383328              1.904275          19.0  19.0
hpt_digits_DecisionTree                 qKG 19.753470  3.416534 15.750535  7.686037 31.216588 12.528437 17.449504 10.003244 17.476625 20.425777 155.706750              1.920599          20.0  20.0
hpt_digits_DecisionTree  bo_explore_exploit 15.583821 12.717308 14.956751  9.617153 29.289960 14.062335 14.717078 16.910053 17.629456 10.333141 155.817055              1.921959          21.0  21.0
hpt_digits_DecisionTree               LogPI 26.733683  2.173450 32.345087  7.651487 13.005892 26.395808 20.345158  9.481609 13.102631  6.683216 157.918022              1.947874          22.0  22.0
hpt_digits_DecisionTree   bo_alternating_k1 14.076055  4.299596 15.805501  6.987581 26.654253 19.577426 21.395363 10.942216 22.309561 18.670772 160.718323              1.982415          23.0  23.0
hpt_digits_DecisionTree                  TS 26.826432 12.589997 16.054165 14.535970  7.922631 28.535443 13.298797 20.034527  9.006158 13.118572 161.922694              1.997271          24.0  24.0
hpt_digits_DecisionTree   bo_alternating_k3  8.408332  5.175784 29.266996  5.435114 13.040240 23.381160 15.738569 27.727479 17.983157 18.199610 164.356442              2.027290          25.0  25.0
hpt_digits_DecisionTree     gphedge-curated 13.112372  6.254716 22.109088  8.240874 18.344777 22.113897 18.373811 19.331384 28.908210 15.720709 172.509838              2.127860          26.0  26.0
hpt_digits_DecisionTree    setup_bo-curated 20.389253  6.013148 15.443888 13.870741 22.497128 19.002446 20.699360 27.659270 11.447544 19.635789 176.658568              2.179034          27.0  27.0
hpt_digits_DecisionTree           lmabo-ab4  7.142372 20.826118 27.006540 12.804548 27.354934 11.388532 14.601839 14.695826 18.817958 25.941258 180.579924              2.227402          28.0  28.0
hpt_digits_DecisionTree  no_past_bo-curated 20.248715  3.599268 15.345631 22.445680 18.035299 17.617145 15.148271 28.856734 20.541015 21.302631 183.140389              2.258985          29.0  29.0
hpt_digits_DecisionTree             PosMean  5.597216  3.090602 27.676371 12.963280 30.927962 17.155990 19.427336 19.586865 20.817729 27.129768 184.373119              2.274190          30.0  30.0
hpt_digits_DecisionTree           lmabo-ab2  4.810921  4.788491 13.532892 18.527231 26.880957 28.629803 15.724423 28.275368 29.141999 17.522611 187.834696              2.316888          31.0  31.0
hpt_digits_DecisionTree                 esp 27.438827  3.241719 24.215296  2.532647 21.981358 16.208862 18.366152 23.987538 31.136147 21.941670 191.050217              2.356550          32.0  32.0
hpt_digits_DecisionTree            setup_bo  8.048699  6.569313 19.814248 11.450451 33.095259 26.681130 12.348733 26.720732 28.219184 26.653221 199.600970              2.462022          33.0  33.0
hpt_digits_DecisionTree         esp-curated 25.049903  7.431295 19.766745  8.024742 27.480032 19.970674 22.019265 27.251061 26.570557 17.178357 200.742632              2.476104          34.0  34.0
hpt_digits_DecisionTree                  PI 26.675899  2.311860 28.049938 15.046273 23.291427 30.684112 20.646112 31.497528 20.475655 17.787539 216.466342              2.670051          35.0  35.0
hpt_digits_DecisionTree                qPES 32.969707 31.872840 29.872451 32.191370 17.172058 32.632065 30.650207 30.650496 30.658234 28.416759 297.086187              3.664474          36.0  36.0
hpt_digits_DecisionTree               llmgp 31.165656 31.047190 30.919323 30.869212 31.153419 31.165656 30.794069 30.955403 31.019527 31.165656 310.255113              3.826909          37.0  37.0
hpt_digits_DecisionTree              PosSTD 35.594875 35.594875 33.804141 35.594875 31.132440 35.594875 31.517682 31.659477 30.769019 35.594875 336.857134              4.155038          38.0  38.0
========================================================================================================================================================================================================
       problem              method    run_1    run_2    run_3    run_4    run_5    run_6    run_7    run_8        run_9   run_10      sum  relative_performance  problem_rank  rank
hpt_digits_SVM                 esp 0.039017 0.048745 0.008348 0.051562 0.034843 0.035539 0.040411 0.034843 4.979196e-02 0.046672 0.389773              1.000000           1.0   1.0
hpt_digits_SVM                  EI 0.039719 0.052252 0.042146 0.043202 0.034843 0.035190 0.019157 0.005227 7.315868e-02 0.046689 0.391582              1.004644           2.0   2.0
hpt_digits_SVM random_acq_curated1 0.043898 0.045977 0.040755 0.040415 0.034843 0.035539 0.036235 0.022648 2.299414e-02 0.070034 0.393337              1.009144           3.0   3.0
hpt_digits_SVM                qMES 0.036235 0.066857 0.040755 0.039718 0.004530 0.037630 0.041103 0.034843 3.936319e-02 0.055041 0.396073              1.016165           4.0   4.0
hpt_digits_SVM   bo_alternating_k1 0.051566 0.046672 0.042146 0.049469 0.034843 0.042491 0.038325 0.014983 3.832273e-02 0.038322 0.397138              1.018897           5.0   5.0
hpt_digits_SVM   bo_alternating_k3 0.043198 0.049452 0.042845 0.038670 0.034843 0.038319 0.018450 0.034843 4.423640e-02 0.058528 0.403386              1.034926           6.0   6.0
hpt_digits_SVM               lmabo 0.041790 0.040054 0.040755 0.040415 0.034843 0.039713 0.038669 0.034843 4.354680e-02 0.054352 0.408980              1.049278           7.0   7.0
hpt_digits_SVM           lmabo-ops 0.036235 0.056428 0.040755 0.039718 0.034738 0.045293 0.036927 0.034843 3.936561e-02 0.045285 0.409586              1.050833           8.0   8.0
hpt_digits_SVM    setup_bo-curated 0.036235 0.051557 0.047026 0.036930 0.034843 0.042503 0.039017 0.024739 4.695248e-02 0.055748 0.415550              1.066136           9.0   9.0
hpt_digits_SVM          no_past_bo 0.026125 0.073160 0.042840 0.054352 0.034843 0.035539 0.045991 0.011498 4.842726e-02 0.045987 0.418763              1.074377          10.0  10.0
hpt_digits_SVM          lmabo-ops6 0.042497 0.050151 0.040755 0.039718 0.034843 0.038675 0.046678 0.034843 4.354680e-02 0.048774 0.420481              1.078784          11.0  11.0
hpt_digits_SVM           lmabo-gpt 0.043900 0.066191 0.040755 0.040415 0.034843 0.035539 0.043886 0.034843 3.727744e-02 0.044598 0.422247              1.083316          12.0  12.0
hpt_digits_SVM           lmabo-ab2 0.048756 0.069634 0.042146 0.046686 0.034843 0.035539 0.038315 0.034843 4.285477e-02 0.037627 0.431246              1.106403          13.0  13.0
hpt_digits_SVM           lmabo-ab4 0.062662 0.048765 0.040755 0.036930 0.034843 0.046686 0.041103 0.034843 3.797672e-02 0.049462 0.434026              1.113536          14.0  14.0
hpt_digits_SVM          random_acq 0.047382 0.076296 0.043540 0.048777 0.012195 0.035539 0.049456 0.034843 4.424850e-02 0.041811 0.434086              1.113691          15.0  15.0
hpt_digits_SVM           lmabo-ab1 0.043203 0.064101 0.044926 0.045293 0.034843 0.043187 0.041790 0.034843 4.494052e-02 0.040412 0.437539              1.122550          16.0  16.0
hpt_digits_SVM                qJES 0.046678 0.052936 0.042143 0.048777 0.013589 0.042505 0.039017 0.034843 4.423882e-02 0.073506 0.438234              1.124332          17.0  17.0
hpt_digits_SVM                qPES 0.068264 0.057091 0.054687 0.039016 0.034843 0.019855 0.035538 0.034843 4.423882e-02 0.050151 0.438526              1.125083          18.0  18.0
hpt_digits_SVM   bo_alternating_k5 0.045289 0.042498 0.046315 0.036233 0.034843 0.046686 0.043895 0.034843 3.866875e-02 0.072099 0.441371              1.132380          19.0  19.0
hpt_digits_SVM           lmabo-ab3 0.043181 0.066849 0.040755 0.044596 0.034843 0.035539 0.038325 0.034843 4.912171e-02 0.054352 0.442405              1.135034          20.0  20.0
hpt_digits_SVM          lmabo-ops3 0.040411 0.057117 0.036225 0.037627 0.028223 0.049437 0.048735 0.034843 4.352744e-02 0.070728 0.446874              1.146500          21.0  21.0
hpt_digits_SVM            setup_bo 0.042497 0.054345 0.040755 0.045293 0.034843 0.053621 0.043184 0.034843 6.862664e-02 0.031004 0.449011              1.151982          22.0  22.0
hpt_digits_SVM               LogEI 0.045983 0.093998 0.040755 0.041111 0.014983 0.036930 0.039714 0.034843 5.783251e-02 0.046689 0.452839              1.161803          23.0  23.0
hpt_digits_SVM random_acq_curated2 0.037626 0.073141 0.042146 0.045293 0.034843 0.042493 0.038315 0.010105 5.957467e-02 0.070034 0.453569              1.163677          24.0  24.0
hpt_digits_SVM             gphedge 0.044585 0.050853 0.040755 0.050171 0.034843 0.039720 0.044592 0.034843 5.539107e-02 0.059232 0.454985              1.167309          25.0  25.0
hpt_digits_SVM                  TS 0.036814 0.047366 0.040755 0.069661 0.034843 0.043892 0.037623 0.034843 4.215307e-02 0.070728 0.458679              1.176785          26.0  26.0
hpt_digits_SVM                 qKG 0.055742 0.048068 0.056054 0.048080 0.034843 0.046684 0.044597 0.034843 3.658299e-02 0.055051 0.460545              1.181575          27.0  27.0
hpt_digits_SVM  bo_explore_exploit 0.043198 0.071706 0.053296 0.037976 0.034843 0.038322 0.036235 0.034843 4.076176e-02 0.071418 0.462597              1.186839          28.0  28.0
hpt_digits_SVM              llambo 0.042159 0.040406 0.043543 0.038314 0.057112 0.064101 0.044250 0.043191 4.910731e-02 0.040766 0.462949              1.187742          29.0  29.0
hpt_digits_SVM                 UCB 0.043898 0.082860 0.040755 0.040415 0.034779 0.045985 0.041103 0.016376 4.666333e-02 0.070370 0.463203              1.188394          30.0  30.0
hpt_digits_SVM  no_past_bo-curated 0.047372 0.071048 0.042148 0.038324 0.034843 0.044598 0.032387 0.034843 5.259635e-02 0.070034 0.468194              1.201198          31.0  31.0
hpt_digits_SVM         esp-curated 0.047370 0.069673 0.041790 0.038324 0.034843 0.042495 0.043895 0.034843 7.038090e-02 0.058535 0.482151              1.237005          32.0  32.0
hpt_digits_SVM     gphedge-curated 0.042506 0.051543 0.049806 0.066191 0.034843 0.045288 0.041790 0.034843 7.246424e-02 0.047386 0.486661              1.248577          33.0  33.0
hpt_digits_SVM             PosMean 0.044587 0.054345 0.040755 0.070728 0.034843 0.035539 0.070032 0.034843 3.867117e-02 0.070034 0.494377              1.268374          34.0  34.0
hpt_digits_SVM                  PI 0.037628 0.065494 0.043542 0.070728 0.034843 0.046669 0.070032 0.034843 4.491391e-02 0.070728 0.519423              1.332631          35.0  35.0
hpt_digits_SVM               llmgp 0.070728 0.034843 0.070728 0.070724 0.069565 0.071424 0.034843 0.072119 4.799754e-08 0.070724 0.565700              1.451361          36.0  36.0
hpt_digits_SVM               LogPI 0.038323 0.075943 0.040755 0.070728 0.034843 0.074200 0.072109 0.034843 7.384103e-02 0.070728 0.586312              1.504242          37.0  37.0
hpt_digits_SVM              PosSTD 0.074786 0.110551 0.046317 0.082477 0.034843 0.043880 0.070724 0.034843 7.315868e-02 0.070728 0.642308              1.647906          38.0  38.0
========================================================================================================================================================================================================
            problem              method     run_1    run_2    run_3     run_4    run_5     run_6     run_7    run_8    run_9    run_10        sum  relative_performance  problem_rank  rank
hpt_digits_AdaBoost random_acq_curated2  2.259975 1.171966 1.859685  2.128858 1.340944  1.239176  4.447840 1.616501 1.981214  3.753507  21.799666              1.000000           1.0   1.0
hpt_digits_AdaBoost                qMES  2.119568 2.018002 2.044377  4.008264 1.295958  1.590492  3.623330 0.641567 1.741836  3.214445  22.297840              1.022852           2.0   2.0
hpt_digits_AdaBoost               lmabo  2.878471 1.565537 2.669428  1.389528 0.858269  1.726899  4.118844 2.374972 2.901741  2.630669  23.114358              1.060308           3.0   3.0
hpt_digits_AdaBoost          lmabo-ops6  2.086399 1.249107 2.238628  4.634765 1.377314  0.830944  3.711213 1.721519 2.276958  3.693225  23.820071              1.092681           4.0   4.0
hpt_digits_AdaBoost            setup_bo  1.695144 1.541865 1.553692  5.662171 1.373240  1.436297  3.105683 1.809457 2.544400  3.287704  24.009653              1.101377           5.0   5.0
hpt_digits_AdaBoost                  EI  1.451440 1.439576 3.057832  5.126714 1.055673  1.348427  3.262871 1.523373 2.302506  3.493492  24.061905              1.103774           6.0   6.0
hpt_digits_AdaBoost           lmabo-gpt  2.368766 1.280813 1.570031  4.245574 1.240857  1.599027  3.484311 1.377856 2.419036  4.483803  24.070075              1.104149           7.0   7.0
hpt_digits_AdaBoost                 UCB  2.023467 1.422827 1.848986  2.806555 1.812040  1.614782  5.290643 1.193180 2.267331  3.809837  24.089649              1.105047           8.0   8.0
hpt_digits_AdaBoost          no_past_bo  1.872605 0.896456 1.826797  4.864254 0.720877  2.386398  2.604919 3.488788 1.339990  4.759269  24.760353              1.135813           9.0   9.0
hpt_digits_AdaBoost           lmabo-ab1  2.184339 1.452680 2.256565  2.662929 1.421143  1.923395  4.560821 1.337632 4.251037  3.398020  25.448559              1.167383          10.0  10.0
hpt_digits_AdaBoost               LogEI  1.857211 1.297744 2.632143  5.249293 1.323451  1.638474  3.608572 1.758327 1.906585  4.178593  25.450393              1.167467          11.0  11.0
hpt_digits_AdaBoost             gphedge  1.634617 1.519519 2.108055  2.068915 1.623520  1.669136  4.324809 1.860048 3.472500  5.555854  25.836974              1.185200          12.0  12.0
hpt_digits_AdaBoost           lmabo-ab3  2.181669 1.403419 2.148846  5.439453 0.925479  1.630205  4.844217 0.738255 1.770847  4.867049  25.949437              1.190359          13.0  13.0
hpt_digits_AdaBoost                 esp  2.414487 1.090684 2.391120  3.991206 1.043886  1.699406  3.775440 2.507149 3.013492  4.028078  25.954947              1.190612          14.0  14.0
hpt_digits_AdaBoost     gphedge-curated  2.887604 1.636480 3.792701  3.067103 1.754146  1.712813  4.020861 2.485670 2.288115  3.747377  27.392870              1.256573          15.0  15.0
hpt_digits_AdaBoost   bo_alternating_k5  3.467245 1.178089 3.633249  3.171092 1.457770  1.438814  4.336323 2.104941 3.228333  3.458390  27.474245              1.260306          16.0  16.0
hpt_digits_AdaBoost    setup_bo-curated  2.648176 1.856799 3.833643  1.681805 1.480274  1.570936  4.013486 1.949359 1.994010  6.759636  27.788124              1.274704          17.0  17.0
hpt_digits_AdaBoost           lmabo-ops  1.805984 1.434537 2.557219  4.729828 1.650681  1.861514  5.394992 2.021243 1.993177  4.353002  27.802178              1.275349          18.0  18.0
hpt_digits_AdaBoost          lmabo-ops3  1.681837 1.672891 2.901670  7.155375 1.537631  1.558989  3.227601 1.238145 2.516733  4.501253  27.992125              1.284062          19.0  19.0
hpt_digits_AdaBoost  no_past_bo-curated  1.909285 1.585838 2.434569  5.445145 1.317273  1.609308  4.462888 1.812150 1.677256  6.084013  28.337726              1.299916          20.0  20.0
hpt_digits_AdaBoost                  TS  3.191551 1.368830 4.570132  3.269494 1.823894  2.004309  3.863775 3.149425 2.396894  3.004380  28.642684              1.313905          21.0  21.0
hpt_digits_AdaBoost          random_acq  2.241120 1.373442 5.293135  2.299488 1.203657  1.332301  4.530248 2.217832 2.661012  5.766457  28.918693              1.326566          22.0  22.0
hpt_digits_AdaBoost               llmgp  2.816009 3.242215 3.033913  3.223508 2.448082  3.657791  2.760418 2.388023 2.931064  2.656058  29.157080              1.337501          23.0  23.0
hpt_digits_AdaBoost                qJES  2.955455 1.270721 2.399074  4.491450 1.697879  3.166565  4.795525 3.215117 2.087971  3.095243  29.175000              1.338323          24.0  24.0
hpt_digits_AdaBoost  bo_explore_exploit  2.755741 1.305316 5.255926  3.713005 2.109670  1.771228  4.384946 1.951134 3.870463  2.085435  29.202862              1.339601          25.0  25.0
hpt_digits_AdaBoost           lmabo-ab2  1.888596 1.678205 4.687585  2.375126 1.222830  1.541094  4.250016 1.362598 1.914017  8.853725  29.773791              1.365791          26.0  26.0
hpt_digits_AdaBoost         esp-curated  2.008659 1.393543 3.068953  4.498945 1.480274  1.665246  4.717973 1.424448 2.531340  7.025446  29.814828              1.367674          27.0  27.0
hpt_digits_AdaBoost               LogPI  2.009483 0.848053 5.435764  4.018983 1.021539  1.169262  3.517584 2.537489 2.326034  7.198516  30.082707              1.379962          28.0  28.0
hpt_digits_AdaBoost           lmabo-ab4  3.742357 1.684311 2.536282  3.762005 1.321692  1.829138  6.028153 1.149279 4.142269  4.303136  30.498622              1.399041          29.0  29.0
hpt_digits_AdaBoost                  PI  1.290722 1.458828 2.407663 10.052427 1.346906  1.448732  2.954136 2.197744 2.451249  5.852671  31.461078              1.443191          30.0  30.0
hpt_digits_AdaBoost                 qKG  3.466177 1.510192 3.660212  3.784880 1.723795  1.084282  2.376815 4.098467 3.351868  7.092227  32.148914              1.474743          31.0  31.0
hpt_digits_AdaBoost   bo_alternating_k3  3.020813 1.546818 5.380776  4.524081 0.897568  1.652612  4.465089 1.901739 2.834102  6.024443  32.248040              1.479291          32.0  32.0
hpt_digits_AdaBoost random_acq_curated1  1.569117 1.235857 6.563578  5.113106 1.036314  1.850348  3.117935 1.273704 2.970285  8.249078  32.979323              1.512836          33.0  33.0
hpt_digits_AdaBoost   bo_alternating_k1  2.240592 1.543569 5.740314  3.489680 1.544680  1.724110  4.201062 3.893456 2.500357  6.623532  33.501353              1.536783          34.0  34.0
hpt_digits_AdaBoost                qPES  4.072000 2.018002 3.174342  3.180070 3.305023  6.797574  2.925265 8.313938 5.490223  4.170532  43.446971              1.993011          35.0  35.0
hpt_digits_AdaBoost             PosMean  1.961164 1.293373 2.794682  9.677772 1.486457  1.002314  4.275377 3.588174 3.055419 16.218933  45.353665              2.080475          36.0  36.0
hpt_digits_AdaBoost              llambo  7.985977 8.161815 9.103040 10.330845 8.688830  9.449422  8.179473 9.891426 9.960729  8.350528  90.102085              4.133186          37.0  37.0
hpt_digits_AdaBoost              PosSTD 20.565960 2.018002 5.034821 22.703540 3.226463 24.712067 24.983183 8.132322 7.842053 18.928087 138.146499              6.337092          38.0  38.0
========================================================================================================================================================================================================
          problem              method    run_1    run_2    run_3    run_4     run_5     run_6     run_7    run_8    run_9   run_10       sum  relative_performance  problem_rank  rank
hpt_digits_MLPSGD                  PI 1.495624 0.816100 0.721378 1.288355  1.360401  1.601653  1.182864 0.772006 0.774936 1.091716 11.105033              1.000000           1.0   1.0
hpt_digits_MLPSGD             PosMean 1.606220 1.073899 0.928773 1.198600  1.417585  2.052291  1.021095 0.608137 0.978135 1.159415 12.044150              1.084567           2.0   2.0
hpt_digits_MLPSGD          lmabo-ops3 1.844340 0.989720 0.820806 1.225984  1.254724  1.223511  1.419999 0.975969 1.232149 1.101556 12.088757              1.088584           3.0   3.0
hpt_digits_MLPSGD               lmabo 1.672687 0.896406 0.925309 1.287190  1.319075  1.483760  1.361313 0.902908 1.054551 1.593406 12.496606              1.125310           4.0   4.0
hpt_digits_MLPSGD                  EI 1.894498 0.792021 0.794271 1.168660  1.428224  1.938742  1.380597 0.884623 0.858770 1.565850 12.706257              1.144189           5.0   5.0
hpt_digits_MLPSGD random_acq_curated2 1.139119 0.947250 1.000673 1.058929  1.719020  1.792685  1.780311 1.021537 0.928851 1.744049 13.132424              1.182565           6.0   6.0
hpt_digits_MLPSGD          lmabo-ops6 1.695457 0.883324 1.214950 1.162772  1.465510  1.898027  1.024203 1.325346 1.125662 1.397430 13.192681              1.187991           7.0   7.0
hpt_digits_MLPSGD           lmabo-gpt 1.551471 1.416921 1.730466 1.014004  1.164864  1.552210  1.744062 0.867788 1.128692 1.189007 13.359486              1.203012           8.0   8.0
hpt_digits_MLPSGD            setup_bo 0.865314 1.126145 1.047465 1.249520  1.120349  2.093175  2.353533 0.903250 0.958407 1.689530 13.406688              1.207262           9.0   9.0
hpt_digits_MLPSGD               llmgp 1.003823 1.169060 1.190667 1.356260  1.382496  2.031859  1.203564 1.304518 1.827762 1.206378 13.676386              1.231548          10.0  10.0
hpt_digits_MLPSGD               LogPI 1.420284 1.131258 1.082396 1.095226  1.244434  1.335978  1.329222 0.510045 0.865826 3.675189 13.689858              1.232762          11.0  11.0
hpt_digits_MLPSGD               LogEI 1.752705 0.696942 1.530181 1.117718  1.464283  1.634638  1.394406 1.026984 1.372984 2.173630 14.164471              1.275500          12.0  12.0
hpt_digits_MLPSGD     gphedge-curated 2.169602 1.075662 1.172330 1.094022  1.762066  1.942354  1.602377 0.814556 0.949457 1.679705 14.262130              1.284294          13.0  13.0
hpt_digits_MLPSGD             gphedge 1.593425 0.951478 1.275828 1.061287  2.795685  2.125812  1.433877 0.977777 0.928008 1.214500 14.357674              1.292898          14.0  14.0
hpt_digits_MLPSGD    setup_bo-curated 2.509871 1.308429 1.513686 1.245542  1.614897  1.571453  1.623138 0.705770 1.032542 1.325553 14.450880              1.301291          15.0  15.0
hpt_digits_MLPSGD                 qKG 1.274164 0.896542 1.371938 1.356041  1.645734  1.421577  3.178825 1.029220 1.057321 1.371466 14.602829              1.314974          16.0  16.0
hpt_digits_MLPSGD          no_past_bo 1.198416 1.049850 1.556526 1.984093  1.282771  1.762123  1.293907 0.486191 0.965664 3.123932 14.703472              1.324037          17.0  17.0
hpt_digits_MLPSGD          random_acq 2.483615 1.074231 1.149148 1.331382  1.039260  1.371218  1.914335 1.333769 1.318605 1.754792 14.770355              1.330060          18.0  18.0
hpt_digits_MLPSGD                qMES 1.583267 1.221720 1.689401 1.321248  1.697400  2.295636  1.366480 0.891120 0.855761 2.119032 15.041065              1.354437          19.0  19.0
hpt_digits_MLPSGD           lmabo-ops 1.519332 0.813284 1.437727 1.253597  1.152798  2.201713  2.258094 1.152706 1.105524 2.204403 15.099179              1.359670          20.0  20.0
hpt_digits_MLPSGD           lmabo-ab4 2.140418 1.127472 1.420720 1.123552  1.496882  1.895497  1.277403 1.268576 1.101970 2.357986 15.210475              1.369692          21.0  21.0
hpt_digits_MLPSGD           lmabo-ab3 2.057332 1.174352 1.957588 1.089818  1.849257  1.752933  2.032575 1.249992 1.178215 1.269223 15.611283              1.405784          22.0  22.0
hpt_digits_MLPSGD           lmabo-ab2 1.904197 1.453874 1.243553 0.802853  1.588563  1.673989  1.369354 0.922084 1.387796 3.545311 15.891574              1.431024          23.0  23.0
hpt_digits_MLPSGD   bo_alternating_k1 1.584789 1.370071 1.027738 2.376645  1.134376  2.631221  2.321138 1.049090 1.140112 1.588504 16.223685              1.460931          24.0  24.0
hpt_digits_MLPSGD   bo_alternating_k3 2.884491 0.736111 0.823336 1.703027  2.685071  1.847037  1.528068 1.971606 0.921753 1.787112 16.887613              1.520717          25.0  25.0
hpt_digits_MLPSGD                 UCB 1.386803 1.073246 1.212002 1.196548  1.465946  2.530973  2.441753 1.103994 2.762784 1.817564 16.991612              1.530082          26.0  26.0
hpt_digits_MLPSGD           lmabo-ab1 3.476382 1.311353 0.964842 1.374399  2.199833  1.315398  2.251126 1.070187 1.367319 1.710350 17.041189              1.534546          27.0  27.0
hpt_digits_MLPSGD                  TS 1.964818 1.005756 1.770851 1.677539  1.824413  2.229514  2.157636 1.711572 1.018035 1.820036 17.180172              1.547062          28.0  28.0
hpt_digits_MLPSGD  no_past_bo-curated 2.368258 0.947025 1.090301 1.246127  2.435915  3.123603  1.178130 1.115442 1.111839 2.585480 17.202120              1.549038          29.0  29.0
hpt_digits_MLPSGD  bo_explore_exploit 2.318521 1.379989 1.556727 2.252787  1.658370  1.641513  1.387654 2.001672 1.638340 1.633625 17.469198              1.573088          30.0  30.0
hpt_digits_MLPSGD random_acq_curated1 1.528735 0.905673 1.658740 1.394556  1.602023  3.568798  1.147659 1.218050 1.276276 3.319757 17.620266              1.586692          31.0  31.0
hpt_digits_MLPSGD   bo_alternating_k5 1.313253 1.255842 1.145377 1.475260  1.527616  4.163981  3.000042 1.263485 1.033827 1.516166 17.694849              1.593408          32.0  32.0
hpt_digits_MLPSGD         esp-curated 2.591123 1.101886 1.180069 1.402798  1.455972  2.822309  2.177784 1.823284 1.075397 2.187721 17.818345              1.604529          33.0  33.0
hpt_digits_MLPSGD                qJES 1.937950 0.891428 1.429715 1.952232  2.091635  3.177144  1.752764 1.643464 0.741105 2.286808 17.904247              1.612264          34.0  34.0
hpt_digits_MLPSGD                 esp 3.862545 1.036551 1.089461 1.436573  2.660264  2.117350  3.300423 1.063070 1.687104 1.221372 19.474714              1.753684          35.0  35.0
hpt_digits_MLPSGD                qPES 1.655030 1.529611 2.106693 2.777746  2.604562  2.815056  1.720435 1.623812 2.697096 1.274030 20.804072              1.873391          36.0  36.0
hpt_digits_MLPSGD              llambo 3.705202 1.840264 2.133539 3.251700  4.045746  8.946949  3.837053 1.715255 4.774587 4.874277 39.124571              3.523139          37.0  37.0
hpt_digits_MLPSGD              PosSTD 3.886631 1.924373 2.879480 4.525364 31.688498 13.232317 16.934501 2.765620 9.258166 7.472438 94.567389              8.515723          38.0  38.0
========================================================================================================================================================================================================
              problem              method     run_1    run_2     run_3    run_4     run_5    run_6    run_7    run_8    run_9    run_10       sum  relative_performance  problem_rank  rank
hpt_wine_RandomForest          no_past_bo  2.714778 2.245074  1.460099 1.442857  3.068227 2.225123 2.089286 1.846675 1.610837  1.852463 20.555419              1.000000           1.0   1.0
hpt_wine_RandomForest           lmabo-gpt  2.048399 1.250739  1.443842 3.179064  1.735714 2.698522 2.610837 1.458744 1.740394  2.513547 20.679803              1.006051           2.0   2.0
hpt_wine_RandomForest               lmabo  2.324507 0.925862  2.876601 2.266502  2.030049 3.200739 2.118473 1.988547 1.360837  2.393350 21.485468              1.045246           3.0   3.0
hpt_wine_RandomForest   bo_alternating_k1  1.711207 1.410345  2.472167 1.553941  2.939778 2.445813 2.192118 1.981773 1.699138  3.176232 21.582512              1.049967           4.0   4.0
hpt_wine_RandomForest                  EI  2.596921 1.843350  2.067980 2.143103  1.863300 3.836576 1.997537 1.535591 0.743842  3.153079 21.781281              1.059637           5.0   5.0
hpt_wine_RandomForest          lmabo-ops6  2.314039 2.150246  2.004680 2.212685  2.643103 2.973768 2.242611 1.155296 1.260714  2.925246 21.882389              1.064556           6.0   6.0
hpt_wine_RandomForest               LogEI  2.258374 1.868227  2.540394 2.213300  1.478571 2.764532 2.022414 1.811946 1.905419  3.224015 22.087192              1.074519           7.0   7.0
hpt_wine_RandomForest             PosMean  2.910099 1.777217  2.310837 1.607143  2.365640 3.415764 2.325862 2.167611 0.902217  2.560961 22.343350              1.086981           8.0   8.0
hpt_wine_RandomForest               LogPI  3.026724 2.541010  2.878818 1.288670  1.315025 2.922783 2.014655 1.892365 2.109483  2.455788 22.445320              1.091942           9.0   9.0
hpt_wine_RandomForest                  PI  1.805665 2.114901  3.621798 2.443842  1.932143 3.531034 1.687808 1.563793 1.926847  2.007020 22.634852              1.101162          10.0  10.0
hpt_wine_RandomForest            setup_bo  2.665025 1.923892  1.175369 2.330665  3.563670 3.455542 1.325000 2.109483 1.800739  2.967611 23.316995              1.134348          11.0  11.0
hpt_wine_RandomForest           lmabo-ab2  2.812808 1.869089  2.025123 3.433867  1.986823 2.210837 2.551970 2.162808 0.809975  3.651970 23.515271              1.143994          12.0  12.0
hpt_wine_RandomForest                 qKG  2.633374 2.057882  1.694458 2.279187  2.658005 3.572537 2.751478 1.809852 2.610714  2.124877 24.192365              1.176934          13.0  13.0
hpt_wine_RandomForest         esp-curated  3.064039 2.148276  2.593596 3.466379  2.151601 3.055542 2.076232 1.937315 2.139655  1.792611 24.425246              1.188263          14.0  14.0
hpt_wine_RandomForest          random_acq  3.615025 1.568719  1.775123 5.447660  2.144335 3.734606 2.025000 1.808867 0.983498  1.372291 24.475123              1.190690          15.0  15.0
hpt_wine_RandomForest             gphedge  2.197660 2.271675  2.397783 2.901847  3.267980 3.593842 2.258990 1.228695 2.024384  2.416749 24.559606              1.194800          16.0  16.0
hpt_wine_RandomForest   bo_alternating_k5  2.314901 2.092611  2.393719 2.915764  3.100616 3.781158 2.275616 1.594212 1.548276  2.820197 24.837069              1.208298          17.0  17.0
hpt_wine_RandomForest  no_past_bo-curated  3.289286 2.530665  2.895690 1.841872  2.822044 4.290394 1.895320 1.842488 1.497291  2.334729 25.239778              1.227889          18.0  18.0
hpt_wine_RandomForest          lmabo-ops3  2.806650 1.676847  2.494089 2.395567  3.296675 2.874138 1.871182 1.794581 2.252956  3.869581 25.332266              1.232389          19.0  19.0
hpt_wine_RandomForest random_acq_curated1  2.935961 2.276847  1.724877 3.125616  3.145074 4.388177 1.955788 0.853325 1.532389  3.617980 25.556034              1.243275          20.0  20.0
hpt_wine_RandomForest           lmabo-ab1  2.940887 2.288054  3.180172 3.210837  2.180911 2.745320 2.523399 2.082759 2.759852  1.801478 25.713670              1.250944          21.0  21.0
hpt_wine_RandomForest     gphedge-curated  2.907759 3.142365  2.595567 1.945936  3.041256 2.448030 2.498768 1.769335 2.486946  2.964532 25.800493              1.255167          22.0  22.0
hpt_wine_RandomForest                qMES  3.330542 1.595074  3.308251 3.253818  3.245443 1.226724 2.411823 2.788547 1.150739  4.310222 26.621182              1.295093          23.0  23.0
hpt_wine_RandomForest  bo_explore_exploit  2.246429 2.234236  4.178202 3.319704  2.670197 3.775985 1.988177 1.931158 1.571675  3.440394 27.356158              1.330849          24.0  24.0
hpt_wine_RandomForest                  TS  3.340394 2.180049  3.300739 2.192857  3.643103 2.860099 2.705665 2.328818 2.075246  2.785591 27.412562              1.333593          25.0  25.0
hpt_wine_RandomForest    setup_bo-curated  1.907759 2.571182  3.091379 4.348522  1.870936 6.405665 2.396059 2.344828 1.092241  2.134606 28.163177              1.370110          26.0  26.0
hpt_wine_RandomForest           lmabo-ops  3.212685 2.134606  1.811823 2.599384  3.063054 4.107635 2.323153 1.481404 2.519951  5.030049 28.283744              1.375975          27.0  27.0
hpt_wine_RandomForest                 UCB  2.765887 3.468103  2.396429 3.470690  4.283867 3.078571 1.763670 2.270320 1.607635  3.657635 28.762808              1.399281          28.0  28.0
hpt_wine_RandomForest random_acq_curated2  2.220690 2.202463  3.509852 3.029310  2.412192 5.694828 2.603079 0.812069 1.547537  4.753571 28.785591              1.400389          29.0  29.0
hpt_wine_RandomForest   bo_alternating_k3  3.220443 2.265764  4.310099 2.693596  3.160345 3.492980 2.652833 1.934975 1.487931  4.206650 29.425616              1.431526          30.0  30.0
hpt_wine_RandomForest           lmabo-ab3  3.166626 1.726108  2.031527 4.874261  1.850985 5.981404 2.263670 2.036330 1.910345  3.829064 29.670320              1.443431          31.0  31.0
hpt_wine_RandomForest                qPES  3.385099 3.402094  3.110591 3.265887  3.034483 5.439532 2.836330 2.760345 3.093966  3.962315 34.290640              1.668204          32.0  32.0
hpt_wine_RandomForest                qJES  3.742980 2.497906  5.123522 4.143842  4.635837 4.206281 1.846182 2.521305 1.006527  4.567734 34.292118              1.668276          33.0  33.0
hpt_wine_RandomForest                 esp  2.113793 2.259606  2.790394 3.756897  3.679064 4.766010 3.177340 3.273276 3.647537  5.364039 34.827956              1.694344          34.0  34.0
hpt_wine_RandomForest           lmabo-ab4  8.046675 2.174138  7.144951 2.987315  2.469212 2.715887 2.406773 3.372291 3.115764  3.182512 37.615517              1.829956          35.0  35.0
hpt_wine_RandomForest              llambo  1.163547 3.471798  5.487686 3.633744  5.957636 5.870691 2.398399 1.557020 4.365272  3.859853 37.765646              1.837260          36.0  36.0
hpt_wine_RandomForest               llmgp  4.839039 3.762685  3.195074 4.688670  4.898522 4.551355 4.455172 5.253818 5.508498  5.397537 46.550369              2.264628          37.0  37.0
hpt_wine_RandomForest              PosSTD 16.047291 2.271429 11.862562 2.073522 13.497906 4.650246 2.826355 2.142611 5.105419 29.938424 90.415764              4.398634          38.0  38.0
========================================================================================================================================================================================================
              problem              method     run_1    run_2     run_3     run_4     run_5     run_6    run_7     run_8     run_9   run_10        sum  relative_performance  problem_rank  rank
hpt_wine_DecisionTree               lmabo  3.458867 2.729310  2.757143  4.064039  2.053202  3.164532 2.424507  2.013424  2.324015 2.545320  27.534360              1.000000           1.0   1.0
hpt_wine_DecisionTree           lmabo-ops  2.053202 3.143596  2.423768  3.177956  3.174877  2.990394 1.749507  2.132389  4.465517 2.325369  27.636576              1.003712           2.0   2.0
hpt_wine_DecisionTree          lmabo-ops6  2.226232 2.248892  2.076355  2.663054  2.983498  1.417488 1.846921  4.667488  2.580788 4.997291  27.708005              1.006306           3.0   3.0
hpt_wine_DecisionTree                 UCB  2.992611 3.169951  2.138177  3.793596  3.135714  1.431773 1.192365  2.060714  2.913547 5.842857  28.671305              1.041292           4.0   4.0
hpt_wine_DecisionTree          lmabo-ops3  3.604187 2.052833  1.656404  3.318227  2.642365  2.774138 2.017365  5.098153  2.797537 3.194335  29.155542              1.058879           5.0   5.0
hpt_wine_DecisionTree           lmabo-gpt  3.063793 2.761946  2.264532  2.939901  1.631773  3.918473 1.244828  4.750616  3.169951 3.926355  29.672167              1.077641           6.0   6.0
hpt_wine_DecisionTree                 qKG  3.647291 2.068350  2.560591  4.414532  2.348768  2.768473 1.325000  2.174754  3.331034 5.449754  30.088547              1.092764           7.0   7.0
hpt_wine_DecisionTree    setup_bo-curated  3.431158 1.763547  4.035714  2.550000  2.588177  2.220690 1.813054  5.575985  3.430911 4.215394  31.624631              1.148552           8.0   8.0
hpt_wine_DecisionTree                qJES  2.966995 2.816626  4.099015  2.291010  2.512438  2.013547 2.199507  5.949015  3.738177 3.529433  32.115764              1.166389           9.0   9.0
hpt_wine_DecisionTree           lmabo-ab2  4.454433 5.271921  1.835961  5.451355  1.688916  3.612562 2.789532  2.785837  1.842365 2.588177  32.321059              1.173845          10.0  10.0
hpt_wine_DecisionTree                qMES  3.564286 4.058621  4.402217  2.606897  2.597044  5.321675 2.263054  2.737315  2.047167 3.191626  32.789901              1.190872          11.0  11.0
hpt_wine_DecisionTree               LogEI  2.123645 2.179187  5.812192  2.740394  2.053202  4.616995 1.903079  4.762315  2.588177 4.421429  33.200616              1.205789          12.0  12.0
hpt_wine_DecisionTree                  EI  1.518473 1.512192  6.701478  2.107143  3.427833  2.123645 2.241995  6.461700  3.343596 4.188670  33.626724              1.221264          13.0  13.0
hpt_wine_DecisionTree   bo_alternating_k1  2.287931 2.771429  6.289039  3.024138  3.603695  2.745567 2.143227  5.047414  2.679803 4.544212  35.136453              1.276095          14.0  14.0
hpt_wine_DecisionTree             PosMean  2.369951 3.260714  2.604433  5.061330  2.053202  3.094089 1.876970  6.014163  4.122167 4.954926  35.411946              1.286100          15.0  15.0
hpt_wine_DecisionTree            setup_bo  4.434975 2.813793  2.715640  3.511330  2.639286  4.158374 2.059483  6.403079  2.565640 4.778571  36.080172              1.310369          16.0  16.0
hpt_wine_DecisionTree   bo_alternating_k3  4.463793 2.523276  2.608128  3.161084  2.451478  5.967734 2.059483  4.240517  4.456404 4.148522  36.080419              1.310378          17.0  17.0
hpt_wine_DecisionTree             gphedge  3.290764 3.249138  4.650000  3.885222  2.261330  5.333251 1.669828  5.002956  2.046429 5.579310  36.968227              1.342622          18.0  18.0
hpt_wine_DecisionTree                 esp  4.449754 2.588177  4.926108  2.323645  2.376847  1.539778 2.241995  6.766010  6.119458 3.661330  36.993103              1.343525          19.0  19.0
hpt_wine_DecisionTree         esp-curated  3.132512 1.558744  6.382512  5.777340  3.193596  4.215764 2.252833  5.119335  2.666010 3.001724  37.300369              1.354684          20.0  20.0
hpt_wine_DecisionTree                  PI  2.460837 4.451355  4.750000  5.552586  2.045690  5.366749 1.876970  4.081281  4.926478 2.826108  38.338054              1.392371          21.0  21.0
hpt_wine_DecisionTree          random_acq  2.963054 2.398030  6.550862  3.110837  2.053202  6.457143 1.974507  4.695690  2.989409 5.233990  38.426724              1.395592          22.0  22.0
hpt_wine_DecisionTree           lmabo-ab1  3.817734 3.564286  2.956897  2.718473  2.883744 10.399507 2.241995  2.762931  3.058005 4.640640  39.044212              1.418018          23.0  23.0
hpt_wine_DecisionTree   bo_alternating_k5  2.812192 4.618719  3.771921  3.516502  1.971059  6.187931 2.607020  5.296552  3.958867 4.304187  39.044951              1.418045          24.0  24.0
hpt_wine_DecisionTree random_acq_curated2  3.702463 4.700616  6.008128  4.549877  2.588177  3.567980 2.077217  4.697167  3.181034 4.876724  39.949384              1.450892          25.0  25.0
hpt_wine_DecisionTree  bo_explore_exploit  4.295320 5.089409  4.400000  3.126478  2.370320  7.183621 2.451601  4.508990  2.445320 4.383005  40.254064              1.461958          26.0  26.0
hpt_wine_DecisionTree                  TS  3.515025 4.334483  3.054433  4.379433  4.136453  5.745567 2.424507  2.174754  7.289409 3.687192  40.741256              1.479651          27.0  27.0
hpt_wine_DecisionTree  no_past_bo-curated  3.968473 4.228325  3.318227  3.607635  1.703695  6.741256 2.241995  4.514286  4.520813 5.909360  40.754064              1.480117          28.0  28.0
hpt_wine_DecisionTree     gphedge-curated  8.314409 5.005172  2.053202  4.581158  3.931650  4.129064 2.088300  5.065887  3.557389 2.773153  41.499384              1.507185          29.0  29.0
hpt_wine_DecisionTree              llambo  5.299138 1.388916  5.629556  3.007389  6.753448  7.543104 3.399877  2.178202  2.606650 5.194334  43.000613              1.561707          30.0  30.0
hpt_wine_DecisionTree random_acq_curated1  4.509606 4.340887  7.398030  4.157266  2.940640  3.438424 2.059483  4.551970  4.080419 5.550985  43.027709              1.562691          31.0  31.0
hpt_wine_DecisionTree          no_past_bo  5.230049 2.413054  4.953448  5.602586  2.588177  5.632635 2.241995  6.224507  4.205296 5.560591  44.652340              1.621695          32.0  32.0
hpt_wine_DecisionTree           lmabo-ab3  4.724754 3.317857  2.614039  5.074384  2.123645  5.210468 1.686453  7.698892 11.340640 3.485591  47.276724              1.717008          33.0  33.0
hpt_wine_DecisionTree               LogPI  2.432266 3.946182  5.052463  6.301970  2.588177 12.446921 1.876970  4.555665  2.883744 5.271921  47.356281              1.719898          34.0  34.0
hpt_wine_DecisionTree                qPES  2.053202 3.592118  2.641379  8.721921 11.785099  4.400246 5.104187  4.739163  3.123153 5.629557  51.790025              1.880924          35.0  35.0
hpt_wine_DecisionTree               llmgp  9.048522 5.896552  2.032266 10.065271  6.662562  2.356897 3.474877  4.083990  4.965271 4.895074  53.481281              1.942347          36.0  36.0
hpt_wine_DecisionTree           lmabo-ab4  7.616749 6.455665  8.681034  2.574877  2.440764  3.794828 2.424507  6.297414  8.113916 5.229557  53.629310              1.947723          37.0  37.0
hpt_wine_DecisionTree              PosSTD 28.534483 6.972537 20.091379  4.479433 22.267734 21.696921 9.170567 14.753695  9.493966 4.965394 142.426108              5.172668          38.0  38.0
========================================================================================================================================================================================================
     problem              method    run_1    run_2    run_3    run_4    run_5    run_6    run_7    run_8    run_9   run_10       sum  relative_performance  problem_rank  rank
hpt_wine_SVM           lmabo-gpt 0.865271 0.809852 0.786453 0.892241 0.800246 0.581034 0.824138 0.522414 0.483867 0.775739  7.341256              1.000000           1.0   1.0
hpt_wine_SVM          lmabo-ops6 0.522906 0.648276 0.772167 0.974754 0.491010 0.869951 1.273892 0.601970 0.765271 0.746552  7.666749              1.044337           2.0   2.0
hpt_wine_SVM           lmabo-ops 1.387438 0.924138 0.779310 0.559606 0.823522 0.768966 1.070936 0.372906 0.496675 0.677094  7.860591              1.070742           3.0   3.0
hpt_wine_SVM               LogEI 0.832020 0.972537 0.794458 0.493227 0.654310 1.000000 0.971675 0.726478 0.716010 0.730296  7.891010              1.074886           4.0   4.0
hpt_wine_SVM          no_past_bo 0.763054 0.845074 0.610961 0.532266 1.011084 0.983374 0.895320 0.726478 0.737192 0.819335  7.924138              1.079398           5.0   5.0
hpt_wine_SVM                  EI 0.759852 1.098768 0.840517 0.753695 0.826970 0.887931 1.129310 0.684483 0.175493 0.789778  7.946798              1.082485           6.0   6.0
hpt_wine_SVM random_acq_curated1 0.594335 0.872783 0.882882 1.019704 0.900369 1.017365 1.082266 0.470936 0.671182 0.759606  8.271429              1.126705           7.0   7.0
hpt_wine_SVM random_acq_curated2 0.811576 1.151108 0.654064 0.507266 0.814286 0.934606 1.278818 0.715764 0.716010 0.747906  8.331404              1.134874           8.0   8.0
hpt_wine_SVM               LogPI 0.896675 0.778079 0.862685 0.812438 0.737438 1.045197 1.051108 0.714778 0.716010 0.776478  8.390887              1.142977           9.0   9.0
hpt_wine_SVM                 UCB 1.182020 0.825000 0.669089 0.859113 0.834113 0.828695 1.068227 0.720690 0.581158 0.838793  8.406897              1.145158          10.0  10.0
hpt_wine_SVM         esp-curated 0.939163 0.979187 0.786330 0.395936 1.081897 0.867488 1.151478 0.680049 0.772044 0.762192  8.415764              1.146366          11.0  11.0
hpt_wine_SVM               lmabo 0.611330 0.797167 0.878202 0.954680 0.947783 0.940640 1.188177 0.722414 0.679433 0.731527  8.451355              1.151214          12.0  12.0
hpt_wine_SVM  no_past_bo-curated 0.771921 0.772414 1.026478 0.789655 1.060099 0.589655 1.185961 0.773645 0.668596 0.831773  8.470197              1.153780          13.0  13.0
hpt_wine_SVM          lmabo-ops3 1.014409 1.153079 0.758374 0.913916 0.618350 0.724631 1.194089 0.372906 0.946921 0.793350  8.490025              1.156481          14.0  14.0
hpt_wine_SVM           lmabo-ab2 0.544335 0.761946 0.905419 1.373645 0.791995 0.908744 1.526355 0.394335 0.619581 0.769335  8.595690              1.170875          15.0  15.0
hpt_wine_SVM            setup_bo 0.764039 0.921921 0.576232 1.063300 0.788793 1.109236 1.044089 0.726478 0.756034 0.856650  8.606773              1.172384          16.0  16.0
hpt_wine_SVM     gphedge-curated 0.903079 0.852586 0.842118 0.882143 0.770074 1.186576 1.173892 0.740517 0.733621 0.754680  8.839286              1.204056          17.0  17.0
hpt_wine_SVM   bo_alternating_k5 0.660591 1.328202 0.743227 1.040148 0.451355 0.630049 1.323768 0.984606 0.805911 0.962562  8.930419              1.216470          18.0  18.0
hpt_wine_SVM           lmabo-ab3 0.866010 0.993350 0.881404 1.029064 0.720567 1.025616 1.099138 0.726478 0.794212 0.825246  8.961084              1.220647          19.0  19.0
hpt_wine_SVM           lmabo-ab1 0.937192 0.910345 0.806281 0.799384 0.885468 1.185222 1.216010 0.722167 0.710961 0.790271  8.963300              1.220949          20.0  20.0
hpt_wine_SVM    setup_bo-curated 0.981281 1.068719 0.924754 1.050985 0.930665 0.800000 1.244828 0.740148 0.675246 0.646798  9.063424              1.234588          21.0  21.0
hpt_wine_SVM   bo_alternating_k1 1.068842 0.942241 0.856527 0.875985 0.920320 0.772291 1.276847 0.787192 0.714409 0.902094  9.116749              1.241851          22.0  22.0
hpt_wine_SVM                qMES 1.331527 0.864532 0.755296 0.849631 0.862808 0.951232 1.547291 0.726478 0.475739 0.755049  9.119581              1.242237          23.0  23.0
hpt_wine_SVM              llambo 1.023276 0.942612 0.943227 0.960961 0.997414 0.720444 0.866380 0.730048 1.073400 0.909114  9.166877              1.248680          24.0  24.0
hpt_wine_SVM          random_acq 1.318966 1.014163 0.927709 0.635345 0.775985 1.001847 1.331034 0.583498 0.800739 0.789778  9.179064              1.250340          25.0  25.0
hpt_wine_SVM                 esp 0.746059 1.365887 0.874754 0.786700 0.916379 1.207143 0.964409 0.883990 0.807882 0.747660  9.300862              1.266931          26.0  26.0
hpt_wine_SVM             gphedge 1.122167 1.253571 0.857266 1.035591 0.737438 1.107020 1.159852 0.726478 0.744581 0.805049  9.549015              1.300733          27.0  27.0
hpt_wine_SVM                qJES 0.841379 1.595074 0.642488 1.364039 0.793719 0.918719 1.533744 0.563793 0.454803 1.004926  9.712685              1.323028          28.0  28.0
hpt_wine_SVM   bo_alternating_k3 1.102956 0.932020 0.940148 1.912931 0.681404 0.791133 1.040148 0.866872 0.730296 0.959113  9.957020              1.356310          29.0  29.0
hpt_wine_SVM                 qKG 1.538300 1.686084 0.974754 1.289655 1.214901 0.960961 0.947044 0.430049 0.469089 0.603941 10.114778              1.377799          30.0  30.0
hpt_wine_SVM                  TS 1.131650 1.155542 1.060714 1.179433 1.001601 0.793473 1.606527 0.728325 0.481897 0.992980 10.132143              1.380165          31.0  31.0
hpt_wine_SVM             PosMean 2.137069 1.331897 0.774754 0.939039 0.786453 1.157389 1.492488 0.408621 0.730296 0.819335 10.577340              1.440808          32.0  32.0
hpt_wine_SVM  bo_explore_exploit 1.771552 1.207759 0.977956 1.074015 1.002340 1.674138 1.156897 0.701232 0.792488 0.775739 11.134113              1.516650          33.0  33.0
hpt_wine_SVM           lmabo-ab4 1.452956 0.478818 1.467611 1.282882 0.728448 1.243596 1.124754 0.825493 1.446059 1.155788 11.206404              1.526497          34.0  34.0
hpt_wine_SVM                  PI 2.459236 1.578325 1.099754 0.927217 0.765271 1.306897 1.280049 0.719951 0.716010 0.895936 11.748645              1.600359          35.0  35.0
hpt_wine_SVM               llmgp 3.152709 1.877094 1.149384 1.213177 2.135099 2.321921 1.200616 0.701970 1.181897 1.385222 16.319089              2.222929          36.0  36.0
hpt_wine_SVM              PosSTD 0.971552 1.817365 1.099754 2.139778 0.982512 2.204803 2.450739 1.421429 2.105911 1.922414 17.116256              2.331516          37.0  37.0
hpt_wine_SVM                qPES 2.431404 1.549507 1.468350 1.879064 2.477833 1.348153 1.562438 1.792980 1.537315 1.188547 17.235591              2.347771          38.0  38.0
========================================================================================================================================================================================================
          problem              method    run_1    run_2    run_3    run_4    run_5    run_6    run_7    run_8    run_9   run_10       sum  relative_performance  problem_rank  rank
hpt_wine_AdaBoost             gphedge 0.825000 0.480542 1.055296 1.062808 0.369458 0.196552 1.020320 0.677217 0.751970 1.314286  7.753448              1.000000           1.0   1.0
hpt_wine_AdaBoost          lmabo-ops6 0.982020 0.745690 1.074507 0.552340 0.497783 0.475123 0.839778 0.943350 0.949015 1.257882  8.317488              1.072747           2.0   2.0
hpt_wine_AdaBoost               LogEI 0.863793 0.437192 0.932759 0.877217 0.500493 0.658744 1.179557 0.450123 1.106034 1.333867  8.339778              1.075622           3.0   3.0
hpt_wine_AdaBoost           lmabo-ab2 0.948030 1.056034 0.962931 0.999384 0.875739 0.461084 1.039901 0.810222 0.905788 0.931158  8.990271              1.159519           4.0   4.0
hpt_wine_AdaBoost           lmabo-gpt 0.941626 0.719828 0.857266 1.189532 0.369458 1.064655 1.106650 0.575493 0.933621 1.409729  9.167857              1.182423           5.0   5.0
hpt_wine_AdaBoost               lmabo 1.040640 0.700739 1.134975 0.923153 0.999631 0.744458 0.904310 0.646798 0.745567 1.425739  9.266010              1.195082           6.0   6.0
hpt_wine_AdaBoost     gphedge-curated 1.435099 0.752463 0.854187 0.842365 0.877709 0.750862 0.915148 0.733005 1.359483 0.788793  9.309113              1.200642           7.0   7.0
hpt_wine_AdaBoost                qMES 1.025862 0.351970 1.284729 1.064039 0.852217 0.712562 1.181281 0.781281 1.023153 1.044212  9.321305              1.202214           8.0   8.0
hpt_wine_AdaBoost           lmabo-ab1 1.569581 0.719828 0.868473 1.080419 0.582020 0.433744 1.462931 0.737808 0.815517 1.115640  9.385961              1.210553           9.0   9.0
hpt_wine_AdaBoost                  EI 1.514409 0.781158 1.058990 1.123153 0.783744 0.505172 0.774754 0.767488 1.030172 1.105049  9.444089              1.218050          10.0  10.0
hpt_wine_AdaBoost          lmabo-ops3 0.942857 0.746921 1.454433 0.919951 0.807020 0.843596 0.827217 0.766626 0.879064 1.287808  9.475493              1.222100          11.0  11.0
hpt_wine_AdaBoost                 UCB 0.969212 0.710837 1.391626 0.675123 0.834975 0.914409 0.867611 0.753695 1.176724 1.259975  9.554187              1.232250          12.0  12.0
hpt_wine_AdaBoost          random_acq 1.543473 0.741256 1.130172 1.010837 0.896552 0.574384 0.911330 0.794458 0.794704 1.282020  9.679187              1.248372          13.0  13.0
hpt_wine_AdaBoost  bo_explore_exploit 0.672537 0.641133 1.008990 1.112685 1.024384 0.866010 0.792118 0.843350 1.583498 1.198399  9.743103              1.256616          14.0  14.0
hpt_wine_AdaBoost           lmabo-ops 1.146675 0.688916 1.198153 1.149384 0.868227 0.560961 1.247291 0.712315 0.902217 1.385222  9.859360              1.271610          15.0  15.0
hpt_wine_AdaBoost    setup_bo-curated 0.781650 0.822167 0.927217 0.830419 0.860961 0.990148 1.057266 0.722660 0.952217 1.952340  9.897044              1.276470          16.0  16.0
hpt_wine_AdaBoost   bo_alternating_k3 1.188793 0.423399 1.407143 1.054926 0.898892 0.824138 1.042611 0.541995 1.840025 0.992488 10.214409              1.317402          17.0  17.0
hpt_wine_AdaBoost           lmabo-ab3 1.329803 0.836700 2.365517 0.729187 0.411823 1.098399 0.962808 0.379926 0.981281 1.217365 10.312808              1.330093          18.0  18.0
hpt_wine_AdaBoost random_acq_curated2 0.989286 0.782020 1.656034 1.450616 0.907512 0.538670 0.957389 0.753695 0.796552 1.552217 10.383990              1.339274          19.0  19.0
hpt_wine_AdaBoost random_acq_curated1 1.370936 0.719828 1.140271 1.192365 1.187808 0.458744 1.630296 0.668350 1.126724 0.998399 10.493719              1.353426          20.0  20.0
hpt_wine_AdaBoost            setup_bo 0.669828 0.719828 1.205172 1.705911 0.763424 0.711576 0.967857 0.723768 1.636946 1.704187 10.808498              1.394025          21.0  21.0
hpt_wine_AdaBoost           lmabo-ab4 0.753079 0.762685 2.175369 0.683621 1.092980 0.989039 1.144335 0.821798 1.219828 1.177709 10.820443              1.395565          22.0  22.0
hpt_wine_AdaBoost         esp-curated 0.639286 0.737192 3.061823 1.160099 0.805788 0.713793 0.907266 0.556034 0.737685 1.659975 10.978941              1.416007          23.0  23.0
hpt_wine_AdaBoost             PosMean 0.957143 0.719581 0.987438 1.152463 0.736823 0.832266 0.794335 0.712315 0.737438 3.355788 10.985591              1.416865          24.0  24.0
hpt_wine_AdaBoost   bo_alternating_k5 1.712931 0.585345 1.675123 0.998399 1.134113 1.015148 0.769089 0.572291 1.486453 1.170443 11.119335              1.434115          25.0  25.0
hpt_wine_AdaBoost   bo_alternating_k1 2.237192 0.523522 1.405049 0.898030 0.753202 0.882389 0.895443 0.743227 1.414655 1.525000 11.277709              1.454541          26.0  26.0
hpt_wine_AdaBoost                  TS 0.968103 0.529064 1.691133 0.981650 1.108005 0.588300 1.071921 1.038670 1.380911 1.952956 11.310714              1.458798          27.0  27.0
hpt_wine_AdaBoost  no_past_bo-curated 1.362438 0.707143 1.437562 1.472414 0.895320 0.520074 1.705049 0.739901 1.447660 1.404187 11.691749              1.507942          28.0  28.0
hpt_wine_AdaBoost          no_past_bo 1.149384 0.741256 1.085099 1.217857 0.778818 1.051601 1.011207 0.570813 1.689901 2.539409 11.835345              1.526462          29.0  29.0
hpt_wine_AdaBoost               LogPI 0.737685 0.795443 0.754064 1.100493 0.780172 0.805788 0.765517 0.719212 1.122167 4.354926 11.935468              1.539375          30.0  30.0
hpt_wine_AdaBoost                 esp 0.832143 0.720936 1.038547 1.069212 0.811330 0.830419 1.403202 0.719212 1.269212 3.585961 12.280172              1.583834          31.0  31.0
hpt_wine_AdaBoost                qJES 2.159852 0.705542 2.570936 0.617365 1.189655 0.883990 0.819458 0.805542 1.476108 1.471921 12.700369              1.638029          32.0  32.0
hpt_wine_AdaBoost                  PI 1.595074 0.717980 0.814901 1.641872 0.744458 0.813054 0.757020 0.760591 0.813300 4.354926 13.013177              1.678373          33.0  33.0
hpt_wine_AdaBoost                 qKG 1.714286 0.712685 2.331281 1.138424 1.271552 0.454926 0.834113 0.946798 1.878941 1.920443 13.203448              1.702913          34.0  34.0
hpt_wine_AdaBoost               llmgp 1.105172 1.046798 1.595813 1.970074 0.732512 1.192365 0.693719 1.601478 1.059113 2.276355 13.273399              1.711935          35.0  35.0
hpt_wine_AdaBoost                qPES 0.933744 0.993966 1.433374 1.876232 0.849384 1.876478 1.377709 0.923768 2.749384 2.665148 15.679187              2.022221          36.0  36.0
hpt_wine_AdaBoost              PosSTD 1.676478 1.059113 2.712438 2.095567 1.462562 2.807882 1.228571 1.046798 0.865764 5.338793 20.293966              2.617412          37.0  37.0
hpt_wine_AdaBoost              llambo 2.923030 3.075122 1.730296 2.384482 2.717856 2.707881 3.328694 1.775247 3.005050 2.991379 26.639038              3.435766          38.0  38.0
========================================================================================================================================================================================================
        problem              method     run_1     run_2     run_3     run_4     run_5     run_6     run_7     run_8     run_9    run_10        sum  relative_performance  problem_rank  rank
hpt_wine_MLPSGD            setup_bo  4.623768 12.086330  8.531404  8.375616 14.222044 10.838300 12.190764  7.522291 10.253079  8.443350  97.086946              1.000000           1.0   1.0
hpt_wine_MLPSGD          lmabo-ops6  5.426847 11.758498 10.362315  6.552217 14.795443 11.129433 11.880296  7.936084  8.040764 11.280172  99.162069              1.021374           2.0   2.0
hpt_wine_MLPSGD                qMES  9.947044  8.849631 10.190764  9.614532 15.592365 11.133374 10.021429  9.277217  7.083621  8.656034 100.366010              1.033775           3.0   3.0
hpt_wine_MLPSGD               LogPI  8.928695  9.578818 15.874631 10.060714 11.076847 10.679187  5.827217  8.664532 10.296675  9.623030 100.610345              1.036291           4.0   4.0
hpt_wine_MLPSGD           lmabo-ops  5.720197  9.738670 11.089655 10.889039 10.753079 13.124507 11.716010  8.533498 10.359360  9.911084 101.835099              1.048906           5.0   5.0
hpt_wine_MLPSGD random_acq_curated2 11.844704  8.891010 13.197660  9.012315  9.026108 10.453079  9.813793 11.017857 10.400000  8.343103 101.999631              1.050601           6.0   6.0
hpt_wine_MLPSGD               lmabo 10.348768 11.622291 14.541133 10.483744  9.827463  5.766379  9.561823 10.519089 11.450616  8.539286 102.660591              1.057409           7.0   7.0
hpt_wine_MLPSGD                  PI  6.380172 20.570443 14.062562  8.052833  4.619951  9.817611  9.170197  6.548276  7.464655 16.490148 103.176847              1.062726           8.0   8.0
hpt_wine_MLPSGD                 UCB 13.224631  8.808744 13.164163  8.513424 11.262069  9.794704 10.889655  6.192611 11.121182 10.640764 103.611946              1.067208           9.0   9.0
hpt_wine_MLPSGD             PosMean 10.449631 11.170690 14.617980  8.667857 10.719335 11.576232  7.775369  8.593350 10.537685 11.824507 105.932635              1.091111          10.0  10.0
hpt_wine_MLPSGD                  EI 17.145936 13.048892 16.347906 12.194951  6.854187 11.455665 12.680788  6.887562  7.265640  3.452709 107.334236              1.105548          11.0  11.0
hpt_wine_MLPSGD          lmabo-ops3  8.649138 11.520813  7.854557  8.850123 12.425000 11.739532 11.665025 19.240025  8.585837  8.074631 108.604680              1.118633          12.0  12.0
hpt_wine_MLPSGD           lmabo-gpt 12.537192 13.399631 13.568103 11.069458 16.444335  5.341995  9.673276  6.887562 12.214039  9.027340 110.162931              1.134683          13.0  13.0
hpt_wine_MLPSGD             gphedge  5.132389 14.549877 17.889901  8.152709 13.344089  9.754557 10.534606  7.292365 11.248399 12.360837 110.259729              1.135680          14.0  14.0
hpt_wine_MLPSGD               LogEI 11.195813 10.147414 12.775000  8.192365 16.378941 11.110099 11.958744  6.466133 10.955049 11.282512 110.462069              1.137764          15.0  15.0
hpt_wine_MLPSGD          no_past_bo 13.471305 10.500123  7.150123  8.226232 18.364901 12.560837 15.288300  7.228941 13.415640  6.927833 113.134236              1.165288          16.0  16.0
hpt_wine_MLPSGD           lmabo-ab1 14.363177 10.589039 14.498030 11.716010 12.764163  6.354803  9.927586 11.228448 11.189655 10.717734 113.348645              1.167496          17.0  17.0
hpt_wine_MLPSGD          random_acq  6.087192 16.238793 12.328818 11.610961 16.164163 13.524631 11.406281  7.923892 10.847044  7.961946 114.093719              1.175171          18.0  18.0
hpt_wine_MLPSGD  no_past_bo-curated 11.370074 13.800123 12.981527 11.341010 16.196305  9.980911 12.087562  6.887562 11.106527  9.933374 115.684975              1.191561          19.0  19.0
hpt_wine_MLPSGD                 esp 12.502586  8.402709 12.915148 12.053448 14.352217 12.926970 12.392365  7.084113 15.342734  9.127217 117.099507              1.206130          20.0  20.0
hpt_wine_MLPSGD random_acq_curated1 11.305542 12.025123 17.054926 10.699631 12.803695 10.116010  9.777586  7.228941 14.313424 12.121675 117.446552              1.209705          21.0  21.0
hpt_wine_MLPSGD           lmabo-ab3 10.241872 10.681897 14.932882 10.854433 17.193103 13.460099 11.919212  7.196675  9.619335 12.929310 119.028818              1.226002          22.0  22.0
hpt_wine_MLPSGD   bo_alternating_k1 11.586330  9.943473 17.585837 11.554433 15.841502  8.631034 12.256034  6.624631 15.032512 13.600985 122.656773              1.263370          23.0  23.0
hpt_wine_MLPSGD           lmabo-ab2 11.775739 16.653202 16.545320 10.440394 16.595813  9.889532 13.483867  6.887562 14.473030 10.051355 126.795813              1.306003          24.0  24.0
hpt_wine_MLPSGD   bo_alternating_k3 10.885714 11.725862 19.088547  9.839039 15.955911  7.907635 12.020567 17.571798 14.684852  9.628818 129.308744              1.331886          25.0  25.0
hpt_wine_MLPSGD              llambo 12.610838 14.420567 10.867980 14.332512 13.407142 11.038670 13.889286 12.359729 13.957759 13.274384 130.158867              1.340642          26.0  26.0
hpt_wine_MLPSGD         esp-curated 18.249877 12.667365 12.528941  9.571798 13.529680 13.608990 10.299877 15.218350 13.736330 12.315271 131.726478              1.356789          27.0  27.0
hpt_wine_MLPSGD     gphedge-curated 17.938424 17.698522 15.009852 13.657635 16.148276 11.553571 12.414532  6.887562 12.342118 12.249261 135.899754              1.399774          28.0  28.0
hpt_wine_MLPSGD    setup_bo-curated 10.227463 15.142734 18.341872 13.983374 19.461084 11.454064  9.214901 13.635345 12.347783 16.490148 140.298768              1.445084          29.0  29.0
hpt_wine_MLPSGD                qJES 12.463054  5.839409 17.087069 17.768350 17.413300 15.626724 20.390764 13.316502 10.032143 10.790025 140.727340              1.449498          30.0  30.0
hpt_wine_MLPSGD   bo_alternating_k5  9.791010 18.238054 19.958498 10.833498 20.784729 14.212315 13.547291 10.825123 12.166133 13.733621 144.090271              1.484136          31.0  31.0
hpt_wine_MLPSGD              PosSTD 11.332512 15.835961 20.301724 19.814409 15.377217 12.532266 15.135714 11.174261 14.215148 14.393227 150.112438              1.546165          32.0  32.0
hpt_wine_MLPSGD  bo_explore_exploit 18.124261 13.362069 17.398522 15.055542 20.056158 15.292365 12.270197 17.297414 10.409852 11.003695 150.270074              1.547789          33.0  33.0
hpt_wine_MLPSGD           lmabo-ab4 10.323030 21.370567 16.301232 13.784360 20.664163 16.334483  8.828695 13.871429 20.961946 11.515887 153.955788              1.585752          34.0  34.0
hpt_wine_MLPSGD                 qKG 16.780296 13.486823 19.442611 19.774015 12.289532 15.883251 17.396305 18.104064 14.556158 12.011084 159.724138              1.645166          35.0  35.0
hpt_wine_MLPSGD                  TS 19.067734 16.667734 20.337438 17.037931 17.900493 14.074384 14.272414 17.055788 18.950862 14.163670 169.528448              1.746151          36.0  36.0
hpt_wine_MLPSGD                qPES 18.935345 19.361207 20.203079 11.218350 15.630542 21.116133 16.191995 18.410222 21.731158 16.490148 179.288177              1.846676          37.0  37.0
hpt_wine_MLPSGD               llmgp 21.664655 20.835591 12.427833 18.359483 14.232143 20.967118 19.995936 14.388916 17.708621 22.274631 182.854926              1.883414          38.0  38.0
========================================================================================================================================================================================================
                  problem              method     run_1    run_2     run_3     run_4     run_5    run_6     run_7     run_8     run_9    run_10        sum  relative_performance  problem_rank  rank
hpt_diabetes_RandomForest                  EI  2.093523 1.810867  3.415806  4.897041  1.915601 2.102631  2.220493  4.229915  2.518004  2.502910  27.706792              1.000000           1.0   1.0
hpt_diabetes_RandomForest           lmabo-gpt  1.986020 2.085362  4.255371  3.002652  2.189213 4.417485  2.800966  3.726537  2.771411  3.155992  30.391009              1.096879           2.0   2.0
hpt_diabetes_RandomForest               LogEI  2.357196 2.014136  2.458317  6.906522  2.111643 3.497304  1.661873  5.292815  2.909867  3.342998  32.552670              1.174899           3.0   3.0
hpt_diabetes_RandomForest   bo_alternating_k3  2.154648 2.193399  3.581141  3.660712  2.947294 5.767386  2.352638  2.388074  4.034456  4.896651  33.976399              1.226284           4.0   4.0
hpt_diabetes_RandomForest               lmabo  2.696509 2.353638  4.165265  3.809298  2.943291 3.501006  2.304314  3.399462  5.517684  3.780189  34.470656              1.244123           5.0   5.0
hpt_diabetes_RandomForest          random_acq  2.044444 1.880161  5.079414  4.966832  1.996312 4.590133  2.573165  3.088907  3.399193  5.647193  35.265753              1.272820           6.0   6.0
hpt_diabetes_RandomForest          lmabo-ops3  2.391790 1.885431  4.190273  4.086855  3.459769 4.650329  1.388166  4.172958  3.483599  6.086052  35.795221              1.291929           7.0   7.0
hpt_diabetes_RandomForest                 UCB  2.888681 2.732526  4.732942  4.103672  3.217780 4.628243  2.792109  3.910622  3.354149  3.657756  36.018480              1.299987           8.0   8.0
hpt_diabetes_RandomForest   bo_alternating_k1  2.953360 1.756866  5.462971  3.652737  2.288367 5.195347  3.372235  3.122742  4.343672  3.999164  36.147461              1.304643           9.0   9.0
hpt_diabetes_RandomForest           lmabo-ab1  2.503632 2.047531  3.604484  4.490649  2.778176 5.708297  2.718306  4.600731  3.202430  4.859354  36.513590              1.317857          10.0  10.0
hpt_diabetes_RandomForest random_acq_curated1  2.826677 2.372532  3.111270  4.940093  1.952556 3.434780  2.301692  3.609847  6.776680  5.739971  37.066099              1.337798          11.0  11.0
hpt_diabetes_RandomForest                 qKG  3.140675 1.824231  3.875936  5.875093  3.839752 4.433262  2.707082  3.841336  3.759165  4.326404  37.622936              1.357896          12.0  12.0
hpt_diabetes_RandomForest           lmabo-ops  2.371763 4.386400  3.313217  5.410108  2.944839 4.890633  4.261274  2.523509  5.336899  2.384730  37.823372              1.365130          13.0  13.0
hpt_diabetes_RandomForest random_acq_curated2  2.354112 2.052883  2.807851  6.572385  1.582638 4.948122  1.882938  3.558386  6.300320  5.804968  37.864604              1.366618          14.0  14.0
hpt_diabetes_RandomForest                qMES  2.280191 2.050222  3.098153  6.713831  2.960762 9.274466  2.142078  3.115111  3.613533  2.665545  37.913892              1.368397          15.0  15.0
hpt_diabetes_RandomForest          lmabo-ops6  2.001232 1.685630  3.016399  3.611382  1.999440 6.073528  4.032868  3.021262  6.379886  6.127270  37.948898              1.369660          16.0  16.0
hpt_diabetes_RandomForest   bo_alternating_k5  2.289940 2.010875  3.614553  4.934760  2.769585 7.905395  2.359288  4.195403  3.864566  4.257933  38.202300              1.378806          17.0  17.0
hpt_diabetes_RandomForest           lmabo-ab2  2.848475 2.977356  4.990624  3.845256  3.163515 6.725322  2.249323  3.412061  6.066375  2.740226  39.018533              1.408266          18.0  18.0
hpt_diabetes_RandomForest                qJES  3.125007 2.353268  3.370190  7.195077  3.276122 4.543975  2.134506  4.606664  4.149921  4.427444  39.182173              1.414172          19.0  19.0
hpt_diabetes_RandomForest                  TS  2.888936 2.440747  5.023825  4.026005  3.788330 6.120750  3.674054  4.239364  3.281711  3.772796  39.256518              1.416855          20.0  20.0
hpt_diabetes_RandomForest  no_past_bo-curated  3.556263 1.798152  6.679568  3.714986  2.299833 4.464593  3.881438  2.981990  9.018405  2.997193  41.392419              1.493945          21.0  21.0
hpt_diabetes_RandomForest           lmabo-ab3  4.076730 2.261346  4.424021  5.064553  2.268737 8.647980  3.300184  2.904964  4.906478  4.038471  41.893464              1.512029          22.0  22.0
hpt_diabetes_RandomForest              llambo  3.001124 4.260393  5.053386  7.276833  2.320126 5.927254  2.100866  3.708347  4.475116  4.189876  42.313321              1.527182          23.0  23.0
hpt_diabetes_RandomForest    setup_bo-curated  2.451972 2.067101  5.420699  6.096166  2.371762 3.343199  3.933172  5.342500  6.649208  4.695817  42.371596              1.529286          24.0  24.0
hpt_diabetes_RandomForest                  PI  3.800162 1.422263  6.317651  5.033136  3.160510 4.617116  4.788765  5.058517  3.715712  4.507916  42.421748              1.531096          25.0  25.0
hpt_diabetes_RandomForest  bo_explore_exploit  2.511192 2.663134  6.342146  4.259848  3.498064 4.498949  3.218148  3.710454  4.768917  7.338532  42.809384              1.545086          26.0  26.0
hpt_diabetes_RandomForest             gphedge  2.533529 1.709185  3.741316  5.744462  2.370322 5.731686  3.118183  3.802221  8.593492  5.559551  42.903946              1.548499          27.0  27.0
hpt_diabetes_RandomForest         esp-curated  3.999600 2.841450  5.403757  5.136954  3.914148 6.255293  2.223258  4.304863  5.042666  4.542727  43.664717              1.575957          28.0  28.0
hpt_diabetes_RandomForest                 esp  3.244126 1.592062  4.911389  4.565064  2.754657 5.460313  5.054239  4.899348  5.442981  6.731911  44.656091              1.611738          29.0  29.0
hpt_diabetes_RandomForest            setup_bo  4.829720 2.420791  5.072058  5.858930  5.633221 2.557829  3.675424  5.817476  4.161456  4.692403  44.719310              1.614020          30.0  30.0
hpt_diabetes_RandomForest     gphedge-curated  3.207703 2.722196  4.781827  7.592618  2.145343 6.818861  2.609580  6.795373  5.263539  5.421658  47.358700              1.709281          31.0  31.0
hpt_diabetes_RandomForest             PosMean  2.311150 2.027599  5.337704  7.874508  1.884788 4.298991  4.128815 10.072535 11.896771  3.438604  53.271465              1.922686          32.0  32.0
hpt_diabetes_RandomForest               LogPI  3.957841 1.069268  2.967782  4.940878  1.747546 6.158793  5.636941 11.250348  4.320940 11.845669  53.896006              1.945227          33.0  33.0
hpt_diabetes_RandomForest           lmabo-ab4  2.777978 4.459127  3.868652  4.637984  6.807288 8.800281  4.839754  5.687324  8.872432  3.303560  54.054380              1.950943          34.0  34.0
hpt_diabetes_RandomForest          no_past_bo  5.556341 4.353528  6.372288  4.594396  3.179843 6.608277  4.756462  4.841790  6.849587  7.258375  54.370886              1.962367          35.0  35.0
hpt_diabetes_RandomForest               llmgp  6.690278 6.867481  4.997149  5.221179  5.578637 8.461526  5.532392  6.172812  6.327863  5.631764  61.481080              2.218989          36.0  36.0
hpt_diabetes_RandomForest                qPES 12.517398 7.340876 10.061393  7.637639 10.320494 4.941912  5.789489  7.226655  9.840370 15.036969  90.713194              3.274042          37.0  37.0
hpt_diabetes_RandomForest              PosSTD 22.069562 2.609108 18.501447 20.129706 20.970127 7.654841 10.265576 14.007296 13.660498 25.853778 155.721940              5.620353          38.0  38.0
========================================================================================================================================================================================================
                  problem              method     run_1     run_2     run_3     run_4     run_5     run_6     run_7     run_8     run_9    run_10        sum  relative_performance  problem_rank  rank
hpt_diabetes_DecisionTree          lmabo-ops6  5.043991  3.208174  4.253911  1.046944  2.731883  2.780336  3.285522  4.654916  4.538785  8.205653  39.750114              1.000000           1.0   1.0
hpt_diabetes_DecisionTree              llambo  7.466018  2.815416  6.273363  6.525070  2.959025  1.855854  2.678090  6.780891  1.890145  1.832867  41.076740              1.033374           2.0   2.0
hpt_diabetes_DecisionTree random_acq_curated1  3.074801  4.112518  7.479278  1.371561  2.487960  1.545106  7.520209  5.120991  7.891781  2.968476  43.572680              1.096165           3.0   3.0
hpt_diabetes_DecisionTree          random_acq  1.503833  2.259972  7.169806  6.463128  3.435239  3.127200  1.075985  8.390263  5.554813  5.227192  44.207430              1.112133           4.0   4.0
hpt_diabetes_DecisionTree           lmabo-gpt  2.798680  3.302543  4.512707  3.628290  5.714256  6.110917  4.202028  2.629215  8.264344  3.704421  44.867401              1.128736           5.0   5.0
hpt_diabetes_DecisionTree           lmabo-ab3  2.421093  2.429164  7.245457  5.160526  1.880091  2.841255  7.643315  4.463803  4.397529  7.552695  46.034928              1.158108           6.0   6.0
hpt_diabetes_DecisionTree                 qKG  4.265611  2.292862  5.454211  4.182804  2.383611  8.518902  5.308636  4.969383  5.972066  3.444845  46.792930              1.177177           7.0   7.0
hpt_diabetes_DecisionTree          lmabo-ops3  4.292213  2.199815  5.699163  7.645890  3.672230  6.726251  3.462402  4.240966  3.819570  5.383935  47.142434              1.185970           8.0   8.0
hpt_diabetes_DecisionTree         esp-curated  2.793259  0.845454  7.053917  9.540008  4.349261  5.423358  1.601858  5.893522  5.677349  4.058458  47.236444              1.188335           9.0   9.0
hpt_diabetes_DecisionTree   bo_alternating_k5  1.339343  3.071521  7.628062  2.710286  1.399785  5.106514  7.447343  6.525405  8.403709  5.043792  48.675760              1.224544          10.0  10.0
hpt_diabetes_DecisionTree                qJES  2.941796  3.899394  6.911782  5.665152  6.796091  2.925224  4.999810  7.553303  3.230524  4.781246  49.704321              1.250420          11.0  11.0
hpt_diabetes_DecisionTree random_acq_curated2  1.911808  2.186151  3.497367  7.545831  3.402173  7.744786  5.208630  8.049280  7.367663  3.491283  50.404972              1.268046          12.0  12.0
hpt_diabetes_DecisionTree                  TS  3.228095  2.932776  8.020586  7.556287  8.044175  4.375659  6.655177  5.491578  2.492904  2.250899  51.048136              1.284226          13.0  13.0
hpt_diabetes_DecisionTree  no_past_bo-curated  6.253458  4.506249  4.722120  7.750565  2.084091  9.638104  2.585384  4.291640  3.772209  5.570270  51.174089              1.287395          14.0  14.0
hpt_diabetes_DecisionTree   bo_alternating_k3  5.429478  1.710006  8.381735  8.191876  2.177000  2.165015  3.554831  6.018663  6.693631  6.986623  51.308860              1.290785          15.0  15.0
hpt_diabetes_DecisionTree               lmabo  6.491491  2.964490  7.301880  7.682473  4.475521  6.447175  4.030972  4.654810  5.106924  3.454459  52.610195              1.323523          16.0  16.0
hpt_diabetes_DecisionTree           lmabo-ab1  5.890877  3.269045  9.092895  8.057597  2.009776  4.064556  3.467947  5.371122  5.568295  5.831637  52.623749              1.323864          17.0  17.0
hpt_diabetes_DecisionTree               LogPI  1.129300  2.183926  9.137654  7.655476  2.141444  5.839169  3.300199  2.809859 10.538569  8.216160  52.951756              1.332116          18.0  18.0
hpt_diabetes_DecisionTree           lmabo-ops  2.169088  1.474502  6.630973  7.846728  2.953275  7.197515  8.118129  2.397638  8.491148  6.176344  53.455340              1.344785          19.0  19.0
hpt_diabetes_DecisionTree          no_past_bo  9.056597  6.204817  2.944448  2.517320  3.886668  8.434131  1.232495  7.636201  7.365988  4.515290  53.793957              1.353303          20.0  20.0
hpt_diabetes_DecisionTree            setup_bo  8.197220  4.093970  4.893834  7.036147  4.090348  4.580224  5.282499  8.013175  4.107472  3.744201  54.039090              1.359470          21.0  21.0
hpt_diabetes_DecisionTree   bo_alternating_k1  3.162261  4.135642  5.432686  4.760980  2.554103  9.061601  6.221828  6.638901  4.451766  7.927150  54.346919              1.367214          22.0  22.0
hpt_diabetes_DecisionTree             gphedge  2.974263  3.830184  8.311680  7.847007  4.974886  3.517901  6.912020  6.946119  3.305409  7.301118  55.920587              1.406803          23.0  23.0
hpt_diabetes_DecisionTree               LogEI  7.853266  2.096684  6.703100  1.996834  3.246961  1.819202  2.584862  9.537582  8.891307 12.433135  57.162933              1.438057          24.0  24.0
hpt_diabetes_DecisionTree           lmabo-ab2  3.992148  3.197657  7.407611  7.586649  2.863101  3.929495  7.506960  7.879508  7.140995  6.004485  57.508609              1.446753          25.0  25.0
hpt_diabetes_DecisionTree    setup_bo-curated  4.657946  4.494622  7.371557  2.188177  4.405407  8.321637  5.632053  4.984452  7.661158  7.972011  57.689019              1.451292          26.0  26.0
hpt_diabetes_DecisionTree     gphedge-curated  7.112492  3.619298  6.765668  7.241217  5.043794  8.189213  8.278111  2.559473  5.804268  3.158758  57.772292              1.453387          27.0  27.0
hpt_diabetes_DecisionTree           lmabo-ab4  8.625860  2.096464  6.955455 10.113737  5.470650  6.640417  7.237385  6.403314  2.880530  3.307492  59.731304              1.502670          28.0  28.0
hpt_diabetes_DecisionTree                qMES  5.515881  5.290298  7.492528  7.587465  3.293520  7.390600  6.653588  7.658579  6.452775  2.402222  59.737455              1.502825          29.0  29.0
hpt_diabetes_DecisionTree  bo_explore_exploit  3.699352  4.792901  6.589135  4.064997  7.233807  8.947525  3.931855  7.773647  9.385969  5.393591  61.812780              1.555034          30.0  30.0
hpt_diabetes_DecisionTree             PosMean  3.019428  2.342785  8.307964 13.321097  1.491578  1.895039  3.386927 13.035777 13.321097  1.831495  61.953187              1.558566          31.0  31.0
hpt_diabetes_DecisionTree                  EI  8.047134  7.416365  8.013568  7.855607  2.043585  1.236898  7.822591  3.106457  8.196835  8.665245  62.404285              1.569915          32.0  32.0
hpt_diabetes_DecisionTree                 UCB  4.628759  7.874537  8.954530  3.213187  3.584428  6.095229  5.413391  7.962256  8.061366  7.620518  63.408201              1.595170          33.0  33.0
hpt_diabetes_DecisionTree                 esp  8.092432  6.253693  5.083798  5.985349  2.040253  7.844255  6.851729  8.750522  8.545388  4.240838  63.688256              1.602216          34.0  34.0
hpt_diabetes_DecisionTree                  PI  7.987214  2.161800  5.714006  5.211032  2.129406  8.781028  3.713652 11.606831  9.424689  8.195850  64.925508              1.633341          35.0  35.0
hpt_diabetes_DecisionTree                qPES 10.769203  8.543902  7.605772  8.150125  7.496272  9.606758  6.712948  9.030325  7.128479  9.503824  84.547607              2.126978          36.0  36.0
hpt_diabetes_DecisionTree               llmgp  9.553122  6.648307  6.567465 11.026012  8.906008  8.091678 11.759790  9.811447  9.182062  6.736164  88.282055              2.220926          37.0  37.0
hpt_diabetes_DecisionTree              PosSTD 22.546418 18.573109 13.130884 12.857388 17.108267 21.645837 13.035777 13.035777  7.817018 22.546418 162.296893              4.082929          38.0  38.0
========================================================================================================================================================================================================
         problem              method    run_1     run_2     run_3     run_4    run_5    run_6    run_7     run_8     run_9    run_10        sum  relative_performance  problem_rank  rank
hpt_diabetes_SVM                 UCB 0.482122  0.499964  0.392024  0.626763 0.551067 0.198019 0.262948  0.644918  0.302120  0.474195   4.434139              1.000000           1.0   1.0
hpt_diabetes_SVM           lmabo-ops 0.449492  0.510441  0.618312  0.672908 0.517191 0.213670 0.256092  0.526223  0.306184  0.556275   4.626787              1.043446           2.0   2.0
hpt_diabetes_SVM          lmabo-ops6 0.317796  0.424607  0.707157  0.643542 0.571594 0.296581 0.267378  0.773223  0.317129  0.501345   4.820351              1.087100           3.0   3.0
hpt_diabetes_SVM                  EI 0.255626  0.533395  0.841766  0.810552 0.539499 0.157544 0.229236  0.694693  0.342808  0.511160   4.916279              1.108734           4.0   4.0
hpt_diabetes_SVM               LogEI 0.358015  0.540525  0.770846  0.863872 0.482742 0.158346 0.274080  0.831868  0.325433  0.474411   5.080139              1.145688           5.0   5.0
hpt_diabetes_SVM           lmabo-gpt 0.288775  0.561629  0.926374  0.794848 0.528918 0.177828 0.258635  0.889006  0.332202  0.516695   5.274910              1.189613           6.0   6.0
hpt_diabetes_SVM           lmabo-ab2 0.562038  0.469738  0.404880  0.852513 0.561448 0.170172 0.274571  0.981635  0.312686  0.777191   5.366871              1.210352           7.0   7.0
hpt_diabetes_SVM   bo_alternating_k1 0.288646  0.544608  1.343348  0.907532 0.683998 0.201366 0.317518  0.345993  0.324621  0.487641   5.445271              1.228033           8.0   8.0
hpt_diabetes_SVM               lmabo 0.547116  0.570517  0.780895  0.555069 0.906281 0.220886 0.270720  0.741527  0.398449  0.564433   5.555892              1.252981           9.0   9.0
hpt_diabetes_SVM           lmabo-ab3 0.441864  0.492625  0.622593  1.012976 0.580918 0.291041 0.486696  0.382088  0.306184  0.972400   5.589384              1.260534          10.0  10.0
hpt_diabetes_SVM random_acq_curated1 0.286290  0.592081  0.944725  0.945111 0.575976 0.160927 0.252953  0.687257  0.325842  0.851655   5.622816              1.268074          11.0  11.0
hpt_diabetes_SVM          lmabo-ops3 0.469150  0.725277  0.552560  0.799268 0.628447 0.182194 0.461369  0.937542  0.300351  0.597990   5.654147              1.275140          12.0  12.0
hpt_diabetes_SVM                qMES 0.485064  0.439257  1.252753  0.694816 0.568585 0.301362 0.326104  0.687571  0.424102  0.483724   5.663337              1.277212          13.0  13.0
hpt_diabetes_SVM     gphedge-curated 0.408361  0.531229  0.716941  0.881972 0.554793 0.252990 0.274233  0.908506  0.347002  0.798863   5.674890              1.279818          14.0  14.0
hpt_diabetes_SVM         esp-curated 0.469424  0.486413  1.000569  1.109115 0.644340 0.213717 0.278646  0.713894  0.345092  0.520857   5.782066              1.303988          15.0  15.0
hpt_diabetes_SVM                qJES 0.450007  0.576905  1.688703  0.649156 0.480386 0.174672 0.245315  0.737760  0.264453  0.544450   5.811807              1.310696          16.0  16.0
hpt_diabetes_SVM   bo_alternating_k3 0.376905  0.622814  1.143556  0.525840 0.772619 0.198134 0.298954  0.767164  0.453100  0.695026   5.854111              1.320236          17.0  17.0
hpt_diabetes_SVM random_acq_curated2 0.336853  0.523827  1.076725  0.957904 0.579707 0.155125 0.287456  0.850016  0.447012  0.674878   5.889504              1.328218          18.0  18.0
hpt_diabetes_SVM    setup_bo-curated 0.370708  0.828707  0.685130  1.084969 0.577241 0.158667 0.292412  0.689391  0.409536  0.833287   5.930048              1.337362          19.0  19.0
hpt_diabetes_SVM            setup_bo 0.540993  0.462742  0.955069  1.006185 0.832785 0.190182 0.356549  0.376926  0.833512  0.467214   6.022157              1.358134          20.0  20.0
hpt_diabetes_SVM   bo_alternating_k5 0.286280  0.638578  1.358686  0.817308 0.563814 0.171497 0.313314  0.633405  0.636263  0.666880   6.086026              1.372538          21.0  21.0
hpt_diabetes_SVM  bo_explore_exploit 0.464257  0.855427  1.375101  0.494872 0.616770 0.256964 0.253331  0.831279  0.381600  0.618185   6.147785              1.386466          22.0  22.0
hpt_diabetes_SVM          random_acq 0.438969  0.619560  1.260469  0.733770 0.749475 0.148078 0.305942  1.047578  0.438771  0.586142   6.328755              1.427279          23.0  23.0
hpt_diabetes_SVM  no_past_bo-curated 0.650942  0.570057  0.953751  0.980163 0.762023 0.209693 0.261148  0.761690  0.356672  0.864170   6.370308              1.436651          24.0  24.0
hpt_diabetes_SVM           lmabo-ab1 0.399617  0.599246  0.601255  0.591134 1.071090 0.238126 0.318440  0.731844  0.856237  0.975598   6.382586              1.439420          25.0  25.0
hpt_diabetes_SVM             gphedge 0.448410  0.660487  1.600618  0.980360 0.729743 0.217688 0.314276  1.102880  0.697662  0.651299   7.403423              1.669642          26.0  26.0
hpt_diabetes_SVM                 esp 0.634122  0.569105  0.679650  3.514490 0.709354 0.222215 0.284145  0.720606  0.557584  0.507759   8.399031              1.894174          27.0  27.0
hpt_diabetes_SVM           lmabo-ab4 0.335606  0.815093  0.745865  1.952365 1.116266 0.330496 0.324832  0.741282  1.310189  0.868068   8.540063              1.925980          28.0  28.0
hpt_diabetes_SVM                  TS 0.426682  1.669405  1.618024  1.455289 0.682925 0.291587 0.206678  0.800316  0.498498  0.902903   8.552307              1.928741          29.0  29.0
hpt_diabetes_SVM                 qKG 0.623899  1.929401  1.002163  1.270250 0.744803 0.601935 0.591625  0.650415  0.485023  0.966290   8.865805              1.999442          30.0  30.0
hpt_diabetes_SVM             PosMean 0.684067  1.189123  1.354726  1.336844 0.835555 0.216204 0.317004  1.298838  0.972555  0.879965   9.084882              2.048849          31.0  31.0
hpt_diabetes_SVM                  PI 0.863253  1.133400  2.089171  2.872942 0.810508 0.321972 0.385361  1.715273  0.786886  0.769083  11.747850              2.649409          32.0  32.0
hpt_diabetes_SVM               LogPI 0.777792  1.106938  1.873854  2.590102 0.941352 0.260640 0.363703  2.322113  0.623188  1.029118  11.888800              2.681197          33.0  33.0
hpt_diabetes_SVM              llambo 2.045654  0.914753  1.679772  1.238021 1.202113 0.391099 1.682328  1.992372  1.385334  1.302804  13.834250              3.119940          34.0  34.0
hpt_diabetes_SVM               llmgp 1.644150  1.866967  0.983064  1.389281 2.223334 0.791038 1.327870  1.409417  2.026893  1.499558  15.161572              3.419282          35.0  35.0
hpt_diabetes_SVM          no_past_bo 1.307506  2.418120  1.348351  1.714565 2.610487 0.352686 0.551621  0.920859  0.921716  4.182502  16.328413              3.682431          36.0  36.0
hpt_diabetes_SVM                qPES 1.155364  3.139698  1.834244  1.944821 1.631109 1.029999 2.350755  1.504484  1.356011  1.666881  17.613366              3.972218          37.0  37.0
hpt_diabetes_SVM              PosSTD 7.611965 25.253864 26.079349 25.658911 7.498419 1.147855 9.318596 13.403154 14.332673 26.426952 156.731738             35.346599          38.0  38.0
========================================================================================================================================================================================================
              problem              method    run_1    run_2    run_3    run_4    run_5    run_6    run_7    run_8    run_9   run_10       sum  relative_performance  problem_rank  rank
hpt_diabetes_AdaBoost                  TS 1.301909 1.043414 1.842773 1.207351 0.700605 0.889008 1.011987 1.091126 0.985296 1.266863 11.340332              1.000000           1.0   1.0
hpt_diabetes_AdaBoost     gphedge-curated 1.330232 1.072327 1.734025 1.136779 1.001819 1.064628 0.904503 1.005316 1.072459 1.067543 11.389630              1.004347           2.0   2.0
hpt_diabetes_AdaBoost              PosSTD 1.124620 1.002899 1.634550 0.518635 1.255745 0.883639 1.241773 1.004412 1.124425 1.681744 11.472442              1.011650           3.0   3.0
hpt_diabetes_AdaBoost   bo_alternating_k1 1.220482 0.994415 1.459552 0.749993 1.149906 1.057020 1.056281 1.272817 1.203107 1.637547 11.801120              1.040633           4.0   4.0
hpt_diabetes_AdaBoost  bo_explore_exploit 1.008400 1.163704 1.714586 1.062841 1.142493 1.061731 1.050722 1.129067 1.061685 1.513434 11.908662              1.050116           5.0   5.0
hpt_diabetes_AdaBoost             PosMean 1.386738 1.019887 1.866651 1.068887 0.799416 0.943093 1.050120 1.142411 1.183232 1.488640 11.949075              1.053679           6.0   6.0
hpt_diabetes_AdaBoost   bo_alternating_k5 0.943592 1.373826 1.697237 0.876881 1.269075 1.004798 1.079284 1.154454 1.275236 1.413292 12.087674              1.065901           7.0   7.0
hpt_diabetes_AdaBoost         esp-curated 1.164974 1.178698 2.028237 0.992190 0.978431 1.064628 1.116886 0.951636 1.100517 1.530518 12.106716              1.067580           8.0   8.0
hpt_diabetes_AdaBoost    setup_bo-curated 1.189418 1.269870 1.487370 1.157836 1.267899 0.998342 1.186747 0.930894 0.975157 1.677300 12.140833              1.070589           9.0   9.0
hpt_diabetes_AdaBoost random_acq_curated2 1.345786 1.368420 1.060396 1.068133 1.318813 1.064628 1.013726 1.348306 1.157066 1.604869 12.350143              1.089046          10.0  10.0
hpt_diabetes_AdaBoost                 esp 1.231040 1.120237 1.787149 0.983812 1.202775 1.064628 0.909308 1.049326 1.276621 1.746996 12.371891              1.090964          11.0  11.0
hpt_diabetes_AdaBoost  no_past_bo-curated 0.997985 1.318406 2.097658 1.207567 1.048433 0.765203 1.068579 1.262189 1.155234 1.451603 12.372855              1.091049          12.0  12.0
hpt_diabetes_AdaBoost          random_acq 1.187492 1.203292 1.916255 1.215039 0.969174 1.000585 1.186290 1.199839 0.987512 1.522120 12.387601              1.092349          13.0  13.0
hpt_diabetes_AdaBoost             gphedge 1.136373 1.228915 2.016162 1.193592 1.198451 1.038011 1.030935 1.148912 1.022115 1.488755 12.502222              1.102456          14.0  14.0
hpt_diabetes_AdaBoost           lmabo-ab1 1.223176 1.183119 1.875590 0.992714 1.344330 1.062942 1.073270 1.082625 1.091590 1.641665 12.571021              1.108523          15.0  15.0
hpt_diabetes_AdaBoost           lmabo-gpt 1.102467 1.348840 1.585130 1.059909 0.933502 1.064628 1.124364 1.456830 1.295349 1.693118 12.664137              1.116734          16.0  16.0
hpt_diabetes_AdaBoost                  EI 1.331714 1.304978 1.871904 1.071013 1.038922 0.898147 1.206820 1.267539 1.104546 1.580683 12.676266              1.117804          17.0  17.0
hpt_diabetes_AdaBoost          lmabo-ops3 1.154436 1.145596 1.935535 1.138962 1.143612 0.984176 1.186681 1.068374 0.967296 1.992169 12.716836              1.121381          18.0  18.0
hpt_diabetes_AdaBoost               lmabo 1.401897 1.114386 1.811967 0.805681 1.166404 1.064628 1.096496 1.241626 1.423644 1.662396 12.789124              1.127756          19.0  19.0
hpt_diabetes_AdaBoost           lmabo-ab4 1.662610 1.035278 1.610405 1.138984 0.953762 1.064628 1.280557 1.331196 1.074056 1.669380 12.820856              1.130554          20.0  20.0
hpt_diabetes_AdaBoost random_acq_curated1 1.162551 1.067989 1.913207 1.142556 1.035232 1.063065 1.196900 1.274685 1.389800 1.602588 12.848574              1.132998          21.0  21.0
hpt_diabetes_AdaBoost              llambo 1.186159 1.207845 1.810736 1.235374 1.078713 1.064628 1.068998 1.187550 1.344205 1.714805 12.899015              1.137446          22.0  22.0
hpt_diabetes_AdaBoost           lmabo-ab3 1.067410 1.311973 2.379162 1.154225 1.022433 0.844845 1.106486 1.178387 1.146240 1.773278 12.984439              1.144979          23.0  23.0
hpt_diabetes_AdaBoost                  PI 1.244381 1.373397 2.071235 1.231980 1.138237 1.064628 1.163309 1.078727 0.947851 1.727669 13.041413              1.150003          24.0  24.0
hpt_diabetes_AdaBoost                 qKG 1.236718 0.973245 2.184154 1.227614 1.323521 1.049031 0.722458 1.468818 1.147571 1.724039 13.057169              1.151392          25.0  25.0
hpt_diabetes_AdaBoost   bo_alternating_k3 1.326782 1.228065 1.780020 1.111252 1.328209 0.780985 1.237332 1.282340 1.413257 1.691404 13.179644              1.162192          26.0  26.0
hpt_diabetes_AdaBoost          lmabo-ops6 1.215411 1.179046 1.891725 1.112004 1.098812 0.930641 1.124397 1.353286 1.421278 1.904569 13.231170              1.166736          27.0  27.0
hpt_diabetes_AdaBoost                qMES 0.908045 1.361885 2.286906 1.182447 0.899474 0.989794 1.174076 1.331685 1.378702 1.794450 13.307465              1.173463          28.0  28.0
hpt_diabetes_AdaBoost               LogPI 1.438218 1.151186 2.024981 1.205186 1.302537 1.059268 1.100721 0.940511 1.462614 1.632292 13.317513              1.174349          29.0  29.0
hpt_diabetes_AdaBoost            setup_bo 1.303539 1.561802 1.913093 0.878324 1.252933 1.064628 0.980726 1.101372 0.882288 2.400149 13.338854              1.176231          30.0  30.0
hpt_diabetes_AdaBoost               LogEI 1.251737 1.554816 2.075736 1.150838 1.019981 0.930484 1.280557 1.414103 1.015853 1.820720 13.514826              1.191749          31.0  31.0
hpt_diabetes_AdaBoost           lmabo-ops 1.305887 1.145084 1.831577 1.256873 0.917325 1.064628 1.057781 1.488699 1.251693 2.387885 13.707432              1.208733          32.0  32.0
hpt_diabetes_AdaBoost                 UCB 1.363790 1.421199 1.902183 1.257654 1.037332 1.023152 1.222656 1.171161 1.379192 2.337560 14.115879              1.244750          33.0  33.0
hpt_diabetes_AdaBoost           lmabo-ab2 1.204858 1.305826 3.267805 1.221545 0.907783 0.965354 0.977768 1.117039 1.000690 2.207887 14.176556              1.250101          34.0  34.0
hpt_diabetes_AdaBoost                qJES 1.363719 1.242701 1.933007 1.213559 1.632667 1.009182 1.145464 1.438888 1.360646 1.945193 14.285025              1.259665          35.0  35.0
hpt_diabetes_AdaBoost               llmgp 3.806801 1.003583 2.359710 0.921637 1.423195 1.039409 0.884473 0.969329 1.460038 0.927312 14.795487              1.304679          36.0  36.0
hpt_diabetes_AdaBoost          no_past_bo 1.528361 1.722500 2.222698 1.095579 1.577941 1.062279 1.245920 1.631427 1.235026 1.599480 14.921211              1.315765          37.0  37.0
hpt_diabetes_AdaBoost                qPES 1.467851 1.363197 3.614691 1.178180 1.536504 1.064628 1.132939 1.318346 1.051136 3.948018 17.675491              1.558640          38.0  38.0
========================================================================================================================================================================================================
            problem              method     run_1     run_2     run_3     run_4     run_5     run_6     run_7     run_8     run_9    run_10        sum  relative_performance  problem_rank  rank
hpt_diabetes_MLPSGD random_acq_curated1 10.551033  3.272778  4.930938 11.526048  4.876790  8.450355  7.140821  7.650392 10.810550  7.830915  77.040620              1.000000           1.0   1.0
hpt_diabetes_MLPSGD          lmabo-ops6  3.174445  3.675552  7.700438  8.279373  9.040500  7.777554  0.912715  8.222687  5.637658 24.798960  79.219884              1.028287           2.0   2.0
hpt_diabetes_MLPSGD           lmabo-gpt 12.386209  9.535849  7.663767 15.705548  2.927068  5.965221  4.012576  5.821918  6.644777 11.932934  82.595869              1.072108           3.0   3.0
hpt_diabetes_MLPSGD                qMES  6.148691 15.393044  5.263840 11.556203  6.184431  4.848454  4.931026  7.979423 10.466303 12.059429  84.830846              1.101118           4.0   4.0
hpt_diabetes_MLPSGD                 UCB 10.434046  6.161743 11.666010  7.862986  5.374813  3.604939 16.436676  5.993770  7.655774 12.956334  88.147092              1.144164           5.0   5.0
hpt_diabetes_MLPSGD               LogEI  4.866427  3.966119  8.053395 24.415607  6.803973  2.644466  6.490251 11.455969  7.264988 12.803618  88.764812              1.152182           6.0   6.0
hpt_diabetes_MLPSGD               LogPI 10.193688  4.863850  8.977860 18.966092  7.537513  4.646159  5.229193  4.607205  6.255229 18.007370  89.284158              1.158923           7.0   7.0
hpt_diabetes_MLPSGD               lmabo  7.299367 10.367360  7.686504  7.351458 10.270641  5.800080 18.559700  8.698347  5.014699  8.339509  89.387665              1.160267           8.0   8.0
hpt_diabetes_MLPSGD          lmabo-ops3 10.254275  6.673332  4.395147 14.380067  5.818680 23.064633 11.241269  6.602030  5.111756  5.710506  93.251696              1.210422           9.0   9.0
hpt_diabetes_MLPSGD            setup_bo 10.187701  8.979675  3.859818  8.235880 13.791203 13.138739  5.023949  6.700429  9.210234 15.536589  94.664217              1.228757          10.0  10.0
hpt_diabetes_MLPSGD                 esp 14.900669  3.387689  4.700717  8.767440  4.135893  8.549748 12.760721 15.029006  4.202558 18.382694  94.817136              1.230742          11.0  11.0
hpt_diabetes_MLPSGD                  EI 24.472521  4.340312  6.663512 11.199124  5.559350  4.582716  5.357122 13.001345  5.709038 21.665987 102.551027              1.331129          12.0  12.0
hpt_diabetes_MLPSGD           lmabo-ops 14.658993  2.873597  7.484516  8.236844  9.342861 15.169598  3.405962  7.240732 18.026828 18.585083 105.025014              1.363242          13.0  13.0
hpt_diabetes_MLPSGD random_acq_curated2 22.089878  9.175937  9.590333  6.331163 10.829574 13.202116 10.249703  3.674850  9.231368 11.751992 106.126913              1.377545          14.0  14.0
hpt_diabetes_MLPSGD             gphedge 24.589387  5.573077 14.219413 10.024184  5.785724 19.949924  4.872496  8.802629  8.163583  5.756634 107.737052              1.398445          15.0  15.0
hpt_diabetes_MLPSGD             PosMean 15.500444 11.685374 14.870543 10.596451  4.749007 10.467992 17.149870 12.155988  6.928486  4.812536 108.916691              1.413757          16.0  16.0
hpt_diabetes_MLPSGD              llambo  5.368100  4.264681  5.861135  9.882156 13.306581 24.919246 17.149658  6.486935  4.998028 20.413036 112.649555              1.462210          17.0  17.0
hpt_diabetes_MLPSGD                  PI 24.638751  6.844709  9.694182 24.487715 10.034485 12.620719  2.318583  8.033212  6.289111  8.617451 113.578920              1.474273          18.0  18.0
hpt_diabetes_MLPSGD           lmabo-ab1 14.009407 12.384685 23.813386  4.890976 18.162636  7.808744  2.471922  7.968653  6.798537 17.419651 115.728597              1.502176          19.0  19.0
hpt_diabetes_MLPSGD   bo_alternating_k1  6.394234  6.620370 18.660071 13.103496  9.828052 12.543568 12.254937 15.310616 12.022813 12.553879 119.292036              1.548430          20.0  20.0
hpt_diabetes_MLPSGD           lmabo-ab3 24.400765 10.152382 10.423862  8.348720  3.754960 12.377269 22.845423 18.234985  6.654656  4.705980 121.899002              1.582269          21.0  21.0
hpt_diabetes_MLPSGD   bo_alternating_k3 16.539944  9.676691  6.980375 16.105281  7.799689 18.463751 13.723940 12.940394 15.129680  6.273075 123.632820              1.604774          22.0  22.0
hpt_diabetes_MLPSGD         esp-curated 15.713447  9.255378  7.722044 19.595483 14.982239 19.855017  3.169158 16.977533  5.240123 13.841492 126.351914              1.640069          23.0  23.0
hpt_diabetes_MLPSGD     gphedge-curated  8.360205 21.385328 14.423496 15.907405  7.694352 11.537355 12.800538  4.885182 16.178548 15.531325 128.703732              1.670596          24.0  24.0
hpt_diabetes_MLPSGD    setup_bo-curated 18.619355  9.714697 13.357158 10.384736 17.042803 17.996115 11.004000 11.846788  9.686102  9.722870 129.374623              1.679304          25.0  25.0
hpt_diabetes_MLPSGD           lmabo-ab4 16.032101 20.270220 12.811481 10.209281 23.229846  4.505495  3.827528 11.594368 13.098637 15.308022 130.886980              1.698935          26.0  26.0
hpt_diabetes_MLPSGD   bo_alternating_k5 16.418327  6.052877 16.837279  7.741340  8.047229  9.131314 20.649957 17.607703  5.421449 23.939721 131.847194              1.711398          27.0  27.0
hpt_diabetes_MLPSGD          random_acq 10.811584 16.547198 16.744137 15.326167  4.598353 23.609233  8.823749  9.512729 17.932672 13.285080 137.190901              1.780761          28.0  28.0
hpt_diabetes_MLPSGD  bo_explore_exploit 17.162926 10.866681 13.149336 16.149620 10.185019 24.675441 12.393135 14.425032 12.042727  8.618782 139.668698              1.812923          29.0  29.0
hpt_diabetes_MLPSGD                qJES 13.116646  3.608818  9.009901 20.094759 22.909176 22.096051 11.615325 12.997020 12.029062 18.738166 146.214924              1.897894          30.0  30.0
hpt_diabetes_MLPSGD  no_past_bo-curated  7.537981  6.406566  8.777777 20.677903 24.798157 19.870670 23.635711 15.081674  7.226352 12.711586 146.724378              1.904507          31.0  31.0
hpt_diabetes_MLPSGD           lmabo-ab2 14.072731 23.878975 12.018926  7.137197 22.644478 16.166177 23.116316 10.735243  3.955948 13.701158 147.427149              1.913629          32.0  32.0
hpt_diabetes_MLPSGD               llmgp  8.813119 20.349128 12.463881  4.389907 24.866798 21.462381 15.953397 19.007566 18.367700 11.321319 156.995196              2.037824          33.0  33.0
hpt_diabetes_MLPSGD                 qKG 16.145707 16.460799 12.383424 20.292400 18.248015 14.006273 16.080913 21.376161 15.665546  9.604527 160.263765              2.080250          34.0  34.0
hpt_diabetes_MLPSGD          no_past_bo 18.182973 25.017634  7.705217 21.024103  3.370599 21.727010 24.459911  8.980062  9.657970 24.976414 165.101894              2.143050          35.0  35.0
hpt_diabetes_MLPSGD                  TS 18.383273  9.038281 14.114281 17.427100 16.028855 17.812101 17.762897 16.255706 20.641327 20.160003 167.623824              2.175785          36.0  36.0
hpt_diabetes_MLPSGD                qPES 18.051068 13.801940 23.326078 19.822324 17.270852 16.843139 23.880111 18.426407 22.921764 23.440562 197.784246              2.567272          37.0  37.0
hpt_diabetes_MLPSGD              PosSTD 24.425837 24.133988 25.129785 24.232840 26.117703 20.622697 25.137685 25.469198 24.830561 21.837123 241.937418              3.140388          38.0  38.0
========================================================================================================================================================================================================
Using 50 fully-completed problems for statistical tests
Friedman tests:
  Relative performance: chi2 = 618.424, p = 1.380e-106
  Ranks:                chi2 = 618.424, p = 1.380e-106

Pairwise (control=lmabo) Holm-corrected p-values:
                     p_rel_holm  p_rank_holm
method                                      
PI                    3.707e-03    1.541e-04
LogPI                 7.403e-03    3.888e-04
EI                    2.852e-04    3.867e-05
LogEI                 8.239e-06    1.494e-06
PosMean               1.052e-02    5.062e-04
PosSTD                3.372e-08    3.466e-08
UCB                   2.594e-07    1.321e-07
TS                    1.099e-07    7.052e-08
qKG                   7.185e-08    5.089e-08
qPES                  2.796e-08    2.738e-08
qMES                  5.155e-07    2.036e-07
qJES                  4.298e-08    4.792e-08
random_acq            5.155e-07    1.908e-07
random_acq_curated2   1.816e-07    2.069e-07
random_acq_curated1   7.907e-06    3.597e-06
bo_alternating_k1     7.937e-08    1.381e-07
bo_alternating_k3     1.265e-07    6.323e-08
bo_alternating_k5     7.784e-08    1.103e-07
bo_explore_exploit    6.621e-08    6.323e-08
llambo                1.553e-04    1.494e-06
llmgp                 3.697e-08    3.520e-08
gphedge               1.816e-07    1.652e-07
no_past_bo            1.265e-07    1.652e-07
setup_bo              1.114e-07    8.908e-08
esp                   4.298e-08    5.533e-08
esp-curated           1.284e-07    1.652e-07
gphedge-curated       4.298e-08    8.908e-08
lmabo-ab1             4.247e-07    2.610e-07
lmabo-ab2             4.298e-08    3.466e-08
lmabo-ab3             1.620e-07    7.595e-08
lmabo-ab4             3.072e-08    3.020e-08
lmabo-gpt             1.000e+00    1.840e-01
lmabo-ops             2.476e-07    1.723e-07
lmabo-ops3            3.208e-04    6.280e-05
lmabo-ops6            1.000e+00    3.995e-01
no_past_bo-curated    1.021e-07    9.005e-08
setup_bo-curated      4.522e-08    6.502e-08
Wrote LaTeX summary to summary/full.tex
Wrote LaTeX ablation summary to summary/ablation.tex
Wrote LaTeX ablation summary to summary/curated.tex
