custom_id,winner_idx,loser_idx,llm_choice,true_winner,llm_correct
q_000000,1134,11704,A,B,False
q_000001,6582,9834,B,B,True
q_000003,4493,5577,A,A,True
q_000004,5502,11317,A,A,True
q_000005,954,10909,B,B,True
q_000006,1092,3511,A,B,False
q_000007,12592,8861,A,A,True
q_000008,2560,6151,B,B,True
q_000009,1197,2221,B,B,True
q_000010,6689,5257,B,A,False
q_000011,3244,12397,A,A,True
q_000012,6674,9349,B,A,False
q_000013,2997,9671,B,A,False
q_000014,5074,9117,B,B,True
q_000015,11536,9988,A,A,True
q_000016,1047,6521,B,B,True
q_000017,1628,9704,A,A,True
q_000018,994,10670,A,A,True
q_000019,5723,5811,A,A,True
q_000020,8492,6357,A,A,True
q_000021,12140,4712,B,B,True
q_000022,2319,3177,A,B,False
q_000023,671,11775,A,B,False
q_000024,9541,9931,A,A,True
q_000025,8182,11355,B,A,False
q_000026,5113,7179,B,B,True
q_000027,768,10454,A,A,True
q_000028,6362,6930,B,B,True
q_000029,5634,4970,A,B,False
q_000030,5737,5724,A,A,True
q_000031,687,2887,A,B,False
q_000032,1171,4032,B,B,True
q_000033,12694,7046,A,B,False
q_000034,582,11281,A,A,True
q_000035,811,11618,B,B,True
q_000036,6576,10905,B,B,True
q_000037,7431,10516,A,B,False
q_000038,11861,3516,A,B,False
q_000039,8027,2768,A,A,True
q_000040,2099,12508,B,B,True
q_000042,4435,8901,A,A,True
q_000043,4504,5712,B,A,False
q_000044,863,7644,A,B,False
q_000045,12334,4101,A,B,False
q_000046,5663,10077,A,A,True
q_000047,270,11348,A,A,True
q_000048,8470,8614,B,B,True
q_000049,8339,9890,B,B,True
q_000050,6792,9656,B,B,True
q_000051,2473,7795,B,B,True
q_000052,4624,9500,A,A,True
q_000053,11490,5930,A,B,False
q_000054,6325,2775,A,A,True
q_000055,557,6059,A,A,True
q_000056,6945,7143,B,B,True
q_000057,1960,4379,A,B,False
q_000058,12374,9446,B,A,False
q_000059,6499,8679,A,B,False
q_000060,7531,11721,A,B,False
q_000061,2474,9463,B,B,True
q_000062,5283,4659,A,A,True
q_000063,12294,7949,A,B,False
q_000064,5443,5221,A,A,True
q_000065,4139,9784,A,B,False
q_000067,1950,4707,A,A,True
q_000068,970,4307,A,A,True
q_000069,4045,5966,B,A,False
q_000070,10361,10110,A,B,False
q_000071,2407,11026,A,B,False
q_000072,5882,5997,A,B,False
q_000073,1651,6423,A,A,True
q_000074,3740,8723,A,A,True
q_000075,6044,6757,A,B,False
q_000076,4195,8977,A,B,False
q_000077,2883,9179,A,A,True
q_000078,7172,12312,A,B,False
q_000079,8511,7343,A,A,True
q_000080,4324,11947,B,B,True
q_000081,884,5555,B,B,True
q_000082,2042,8741,A,A,True
q_000083,10580,10215,B,A,False
q_000084,7019,8002,A,A,True
q_000085,11725,8898,B,B,True
q_000086,1236,4026,A,B,False
q_000087,677,3968,A,B,False
q_000088,8045,9756,A,B,False
q_000089,1541,10575,B,B,True
q_000090,5530,1069,B,B,True
q_000091,8920,10225,B,B,True
q_000092,5520,10695,A,A,True
q_000093,7681,4924,A,A,True
q_000094,11411,9501,A,A,True
q_000095,4861,3663,B,B,True
q_000096,3044,7765,A,B,False
q_000097,6852,8672,B,B,True
q_000098,7370,8091,A,B,False
q_000099,1776,8937,A,A,True
q_000100,4833,10581,B,B,True
q_000101,2540,6410,A,A,True
q_000102,7512,10227,A,A,True
q_000103,1781,93,A,A,True
q_000104,2688,10125,A,A,True
q_000105,1137,9999,B,B,True
q_000106,2516,9915,B,B,True
q_000107,5576,8448,A,B,False
q_000108,5992,11913,A,A,True
q_000109,11726,8960,A,A,True
q_000110,3521,9693,B,A,False
q_000111,7087,9920,B,A,False
q_000112,2573,7060,B,A,False
q_000113,4551,5831,A,A,True
q_000114,6424,9737,A,A,True
q_000115,11546,7226,B,B,True
q_000116,473,12230,A,A,True
q_000117,1776,4938,A,A,True
q_000118,3119,6183,B,B,True
q_000119,1455,6469,A,A,True
q_000120,715,5586,A,A,True
q_000121,1480,8493,B,A,False
q_000122,575,8316,A,B,False
q_000123,5986,9370,A,A,True
q_000124,2850,10865,A,A,True
q_000125,7182,8898,B,A,False
q_000126,1007,4769,A,A,True
q_000127,9720,10092,A,A,True
q_000128,1468,7301,A,A,True
q_000129,4131,8065,A,B,False
q_000130,2602,7183,A,A,True
q_000131,7034,5541,B,B,True
q_000132,1151,7140,B,B,True
q_000133,2139,7105,B,B,True
q_000134,8475,10100,B,B,True
q_000135,12256,3862,A,B,False
q_000136,550,7660,B,A,False
q_000137,391,1094,A,A,True
q_000138,4415,12099,B,B,True
q_000139,5549,8247,B,B,True
q_000140,11685,12487,B,B,True
q_000141,2726,8961,A,A,True
q_000142,3513,9115,B,A,False
q_000143,2004,5191,B,B,True
q_000144,6503,12613,A,B,False
q_000145,4642,10843,A,B,False
q_000146,440,10592,A,B,False
q_000147,548,2972,B,B,True
q_000148,230,10440,A,A,True
q_000149,741,7072,B,B,True
q_000150,12331,10872,B,A,False
q_000151,3575,12642,A,B,False
q_000152,11659,7542,A,B,False
q_000153,3730,5462,B,A,False
q_000154,3467,5519,A,B,False
q_000155,12580,8411,A,A,True
q_000156,1605,2328,A,A,True
q_000157,1604,7077,A,A,True
q_000158,6417,6459,A,A,True
q_000159,4987,9960,A,A,True
q_000160,6300,12657,A,B,False
q_000161,8441,11460,A,A,True
q_000162,3428,5199,A,B,False
q_000163,5164,11139,B,A,False
q_000164,5311,2690,A,B,False
q_000165,4111,10343,A,A,True
q_000166,56,4081,B,A,False
q_000167,2122,8623,A,A,True
q_000168,4247,10908,B,B,True
q_000169,288,11259,B,B,True
q_000170,2128,1349,A,B,False
q_000171,1144,9744,B,B,True
q_000172,1796,9804,B,B,True
q_000173,9179,7986,B,A,False
q_000174,8925,8854,A,A,True
q_000175,1939,5869,B,A,False
q_000176,1404,9111,B,B,True
q_000177,928,2049,B,B,True
q_000178,11443,9001,B,A,False
q_000179,7810,6366,B,A,False
q_000180,1517,11919,A,A,True
q_000181,6357,1935,A,A,True
q_000182,6319,10112,A,A,True
q_000183,3024,8848,B,B,True
q_000184,7696,6297,A,A,True
q_000185,5669,3720,A,B,False
q_000186,2112,3316,B,A,False
q_000187,4982,4842,A,B,False
q_000188,3034,4475,B,A,False
q_000189,6296,3831,A,A,True
q_000190,2610,8688,B,B,True
q_000191,8009,4959,B,B,True
q_000192,7909,7716,B,B,True
q_000193,4598,4921,A,B,False
q_000194,8341,12194,A,A,True
q_000195,1114,1471,A,B,False
q_000196,1749,4352,A,B,False
q_000197,1500,10998,B,B,True
q_000198,4306,5868,B,B,True
q_000199,12222,7741,B,B,True
q_000200,4654,9400,A,B,False
q_000201,1856,11544,B,A,False
q_000202,6290,12354,A,A,True
q_000203,5386,8891,B,A,False
q_000204,5812,11305,A,B,False
q_000205,3378,5295,A,B,False
q_000206,5153,9711,A,A,True
q_000207,7632,12315,A,A,True
q_000208,2425,3348,A,B,False
q_000209,7737,9895,B,B,True
q_000210,3318,12495,B,B,True
q_000211,8199,9109,B,A,False
q_000212,891,10025,A,A,True
q_000213,5710,8868,A,A,True
q_000214,424,9364,B,A,False
q_000215,1313,3459,B,B,True
q_000216,1007,3616,A,A,True
q_000217,3874,1225,A,B,False
q_000218,45,5680,B,A,False
q_000219,220,11468,B,A,False
q_000220,1621,10028,B,B,True
q_000221,5777,5791,A,A,True
q_000222,2539,8946,B,B,True
q_000223,2571,5457,A,B,False
q_000224,9169,8805,A,A,True
q_000225,3887,9331,B,A,False
q_000226,3661,10275,A,B,False
q_000227,2123,7360,B,B,True
q_000228,12190,6949,B,A,False
q_000229,2246,8024,B,B,True
q_000230,5886,12490,B,B,True
q_000231,3896,10884,A,A,True
q_000232,1414,248,A,A,True
q_000233,4853,9638,A,A,True
q_000234,4165,6261,B,B,True
q_000235,9140,9142,B,B,True
q_000236,8428,9099,B,B,True
q_000237,909,5490,A,B,False
q_000238,7469,3921,A,A,True
q_000239,4355,7971,B,A,False
q_000240,1782,7813,A,A,True
q_000241,7422,4972,B,B,True
q_000242,1203,6828,A,A,True
q_000243,8258,9095,B,B,True
q_000244,3727,7989,A,A,True
q_000245,2531,1073,A,A,True
q_000247,5284,12038,B,B,True
q_000248,5642,9998,B,B,True
q_000249,529,12678,B,B,True
q_000250,2349,2280,B,A,False
q_000251,6277,10405,B,B,True
q_000252,2392,12557,A,B,False
q_000253,3808,4191,A,A,True
q_000254,1879,8394,B,B,True
q_000255,1836,8436,A,A,True
q_000256,8611,11046,B,B,True
q_000257,1314,1057,A,B,False
q_000258,2226,8142,A,B,False
q_000259,7467,11070,A,A,True
q_000260,406,10082,A,A,True
q_000261,2168,6556,A,A,True
q_000262,978,3811,B,B,True
q_000263,2242,11754,B,B,True
q_000264,12575,6180,B,B,True
q_000265,7384,4160,B,B,True
q_000266,1082,5680,B,A,False
q_000267,4407,10174,B,B,True
q_000268,2579,7782,B,A,False
q_000269,7509,11057,A,A,True
q_000270,2246,3745,A,A,True
q_000271,289,6603,B,A,False
q_000272,1925,9238,A,B,False
q_000273,12180,6103,B,A,False
q_000274,5300,5313,B,B,True
q_000275,6128,9539,A,A,True
q_000276,149,5935,B,A,False
q_000277,9946,10498,B,B,True
q_000278,826,8766,B,B,True
q_000279,1051,9718,B,B,True
q_000280,3505,5349,B,B,True
q_000281,4885,6184,A,A,True
q_000282,8528,7267,B,B,True
q_000283,6235,8157,A,B,False
q_000284,5606,11755,B,A,False
q_000285,10894,11916,B,A,False
q_000286,2046,685,A,A,True
q_000287,1928,7264,B,A,False
q_000288,6890,12028,A,A,True
q_000289,6016,4932,B,A,False
q_000290,7374,10261,B,A,False
q_000291,720,3392,B,B,True
q_000292,1330,12119,B,A,False
q_000293,4212,5195,B,B,True
q_000294,6925,9115,B,A,False
q_000295,6616,9813,A,A,True
q_000296,11368,10797,A,A,True
q_000297,2503,5577,B,B,True
q_000298,2564,3615,A,B,False
q_000299,274,6885,A,B,False
q_000300,4621,6949,B,A,False
q_000301,464,10499,B,B,True
q_000302,125,5682,A,A,True
q_000303,11386,11405,A,B,False
q_000304,2082,6897,A,A,True
q_000305,1782,10419,A,A,True
q_000306,5683,3839,A,A,True
q_000307,7039,6663,B,B,True
q_000309,1380,8968,A,B,False
q_000310,8101,8463,A,B,False
q_000311,1321,8542,B,A,False
q_000312,1511,3752,A,B,False
q_000313,3573,10739,B,A,False
q_000314,509,3098,B,A,False
q_000315,8379,9088,A,A,True
q_000316,6613,9279,A,A,True
q_000317,1524,9238,A,B,False
q_000318,1560,11928,A,A,True
q_000319,12461,9767,A,B,False
q_000320,394,4074,A,B,False
q_000321,286,1369,A,A,True
q_000322,212,7810,B,A,False
q_000323,11639,7986,B,A,False
q_000324,11770,12391,A,A,True
q_000325,2182,2925,B,A,False
q_000326,3004,10111,A,A,True
q_000327,475,9139,A,A,True
q_000328,1795,2919,A,A,True
q_000329,895,7050,B,A,False
q_000330,6199,6948,A,B,False
q_000331,1031,4713,A,A,True
q_000332,1443,3938,B,B,True
q_000333,5925,10543,B,B,True
q_000334,5845,10364,B,B,True
q_000335,12630,10270,A,A,True
q_000336,12239,7978,A,B,False
q_000337,3513,4029,B,A,False
q_000338,2576,4171,A,B,False
q_000339,7783,12108,A,A,True
q_000340,2201,8067,A,A,True
q_000341,3696,6589,A,A,True
q_000342,7902,9770,B,B,True
q_000343,6544,10700,B,B,True
q_000344,752,11505,B,B,True
q_000345,3666,3252,A,B,False
q_000346,12597,3237,A,A,True
q_000347,7051,11893,B,B,True
q_000348,2296,2355,A,A,True
q_000349,2092,12079,B,B,True
q_000350,6774,11652,A,A,True
q_000351,571,4225,A,A,True
q_000352,3796,5173,B,B,True
q_000353,5529,5583,A,A,True
q_000354,542,12317,A,A,True
q_000355,12610,11293,B,B,True
q_000356,1926,9903,B,A,False
q_000357,4224,11329,A,B,False
q_000358,1156,6956,A,B,False
q_000359,4837,9512,B,B,True
q_000360,2899,10745,B,B,True
q_000361,3864,11318,A,B,False
q_000362,1361,2839,B,A,False
q_000363,11352,10286,A,A,True
q_000364,1474,8320,A,A,True
q_000365,6593,11821,A,A,True
q_000366,83,5966,B,A,False
q_000367,8019,4014,B,A,False
q_000368,280,7120,A,A,True
q_000369,7924,9809,A,A,True
q_000370,4263,12576,A,A,True
q_000371,8408,4956,B,B,True
q_000372,1792,5213,A,A,True
q_000373,158,4748,B,B,True
q_000374,6252,11261,A,B,False
q_000375,1201,2210,B,B,True
q_000376,1793,9360,A,A,True
q_000377,1873,9489,A,A,True
q_000378,4829,3519,A,A,True
q_000380,67,6174,B,B,True
q_000381,8311,11903,B,B,True
q_000382,3676,12043,B,B,True
q_000383,1733,3062,B,A,False
q_000384,405,7273,A,B,False
q_000385,1088,1560,A,B,False
q_000386,860,9372,A,B,False
q_000387,4861,10560,B,B,True
q_000388,5209,11332,A,A,True
q_000389,1948,3164,B,A,False
q_000390,3593,9488,A,A,True
q_000391,2278,1853,A,B,False
q_000392,4666,7090,A,B,False
q_000393,1857,7616,B,B,True
q_000394,9148,8647,A,A,True
q_000395,3255,11112,A,A,True
q_000396,569,7184,B,B,True
q_000397,2496,6821,A,B,False
q_000398,8049,3564,A,B,False
q_000399,3943,9633,A,B,False
q_000400,12681,7123,B,B,True
q_000401,10835,9878,A,B,False
q_000402,3291,4071,A,B,False
q_000403,12349,9548,B,A,False
q_000404,6344,4357,B,B,True
q_000405,6362,7983,B,B,True
q_000406,6251,5511,A,B,False
q_000407,1828,11532,B,B,True
q_000408,3446,11872,A,B,False
q_000409,6604,177,A,A,True
q_000410,2214,2090,A,B,False
q_000411,8048,2918,A,B,False
q_000412,468,3548,A,A,True
q_000413,1675,5230,A,A,True
q_000414,125,228,A,A,True
q_000415,4159,8611,B,A,False
q_000416,6150,12317,B,B,True
q_000417,1548,4214,B,A,False
q_000418,3767,4904,B,A,False
q_000419,1885,6433,B,B,True
q_000420,11785,9080,A,A,True
q_000421,8822,10122,A,A,True
q_000422,5778,9735,B,B,True
q_000423,704,7384,B,B,True
q_000424,793,5299,A,A,True
q_000425,2538,8573,B,B,True
q_000426,11803,10982,A,A,True
q_000427,10984,10217,A,B,False
q_000428,318,5152,B,B,True
q_000429,6320,9090,A,A,True
q_000430,2072,1072,A,A,True
q_000431,892,9390,A,A,True
q_000432,9730,10495,A,A,True
q_000433,1665,5444,A,A,True
q_000434,5513,6313,A,A,True
q_000435,1573,4361,B,B,True
q_000436,3979,7208,B,A,False
q_000437,11785,12523,A,A,True
q_000438,1028,10371,A,A,True
q_000439,5052,8784,B,B,True
q_000440,12365,4945,A,B,False
q_000441,3823,9166,A,A,True
q_000442,1680,4310,A,A,True
q_000443,6554,6208,A,A,True
q_000444,1843,6459,A,A,True
q_000445,8423,9014,A,B,False
q_000446,769,3986,A,B,False
q_000447,12143,9181,A,A,True
q_000448,6620,7671,A,B,False
q_000449,843,3639,B,B,True
q_000450,12202,6430,A,B,False
q_000451,2828,11750,A,B,False
q_000452,6050,6342,A,B,False
q_000453,315,164,A,A,True
q_000454,7585,9172,B,B,True
q_000455,7054,6478,A,A,True
q_000456,1883,4604,A,A,True
q_000457,8056,11128,B,B,True
q_000458,8195,10683,A,B,False
q_000459,1346,7746,B,B,True
q_000460,1869,9191,A,A,True
q_000461,1783,6356,A,A,True
q_000462,9515,8902,A,A,True
q_000463,5326,11765,A,B,False
q_000464,82,7678,B,A,False
q_000465,2188,12278,B,A,False
q_000466,2109,8615,A,A,True
q_000467,948,7574,A,A,True
q_000468,2306,3976,B,B,True
q_000469,11655,11855,A,A,True
q_000470,9381,10188,A,B,False
q_000471,11471,10220,A,A,True
q_000472,5490,4477,A,B,False
q_000473,5939,8678,B,B,True
q_000474,8060,8895,B,B,True
q_000475,3125,9971,B,B,True
q_000476,11977,10762,B,A,False
q_000477,226,12322,A,A,True
q_000478,1402,8432,B,B,True
q_000479,1387,9725,B,B,True
q_000480,3658,5689,B,A,False
q_000481,8563,10539,B,B,True
q_000482,3183,7044,B,B,True
q_000483,2832,10124,B,B,True
q_000484,1220,5883,A,A,True
q_000485,2956,6519,B,B,True
q_000486,4246,10638,B,B,True
q_000487,6744,10452,A,A,True
q_000488,3491,9722,B,B,True
q_000489,7701,10930,A,A,True
q_000490,4522,11857,B,B,True
q_000491,7133,11025,A,B,False
q_000492,4121,9572,B,A,False
q_000493,7664,6643,A,A,True
q_000494,3683,6726,A,A,True
q_000495,5242,8865,B,A,False
q_000496,1511,5996,A,B,False
q_000497,6712,4755,A,A,True
q_000498,8277,11771,A,A,True
q_000499,5411,5307,A,B,False
q_000500,1445,6663,B,B,True
q_000501,1086,8284,B,B,True
q_000502,12232,11052,B,B,True
q_000503,1602,11022,B,B,True
q_000504,3482,11092,A,A,True
q_000505,5767,9660,A,A,True
q_000506,6747,12042,B,B,True
q_000507,313,3149,A,B,False
q_000508,2759,3414,A,A,True
q_000509,665,3007,A,A,True
q_000510,12638,5306,A,A,True
q_000511,11494,9479,A,A,True
q_000512,9736,10684,B,B,True
q_000513,8945,10375,B,B,True
q_000514,12187,10780,B,B,True
q_000515,53,1338,A,B,False
q_000516,10008,11202,A,B,False
q_000517,846,3964,A,B,False
q_000518,6041,8779,A,B,False
q_000519,7554,9699,B,A,False
q_000520,4546,8714,B,B,True
q_000521,1857,5306,A,A,True
q_000522,2443,7772,A,A,True
q_000523,5957,10478,B,B,True
q_000524,7984,4049,A,B,False
q_000525,3943,5830,B,A,False
q_000526,5007,11732,B,B,True
q_000527,1828,2568,B,B,True
q_000528,11629,4923,B,B,True
q_000529,11702,9166,A,A,True
q_000530,7606,11057,B,B,True
q_000531,2103,1309,A,A,True
q_000532,2323,1980,B,A,False
q_000533,3617,6445,B,B,True
q_000534,8927,7337,A,A,True
q_000535,2159,1952,A,B,False
q_000536,4127,5790,B,A,False
q_000537,592,1468,A,B,False
q_000538,669,6865,B,A,False
q_000539,1820,268,A,A,True
q_000540,9265,9009,B,B,True
q_000541,704,11046,A,A,True
q_000542,2475,6338,A,A,True
q_000543,2219,2238,A,B,False
q_000544,11707,10559,B,B,True
q_000546,1966,5454,A,B,False
q_000547,1755,7512,A,B,False
q_000548,4486,6556,B,B,True
q_000549,9346,8650,A,B,False
q_000550,5046,10204,A,A,True
q_000551,5660,5002,A,B,False
q_000552,4323,10523,A,A,True
q_000553,4040,11990,A,A,True
q_000554,12509,8686,B,A,False
q_000555,6410,8441,A,A,True
q_000556,5561,9352,A,A,True
q_000557,6752,11118,B,A,False
q_000558,11245,10072,B,B,True
q_000559,8344,10814,B,B,True
q_000560,6817,10340,B,B,True
q_000561,513,553,A,A,True
q_000562,6265,10922,A,B,False
q_000563,2306,12080,B,B,True
q_000564,8489,11297,B,B,True
q_000565,3008,12153,A,B,False
q_000566,2898,7213,B,B,True
q_000567,3508,3168,A,B,False
q_000568,8165,7704,B,A,False
q_000569,7984,7258,A,B,False
q_000570,1838,12057,B,B,True
q_000571,2565,5289,B,B,True
q_000572,3586,3702,A,B,False
q_000573,626,6956,A,B,False
q_000574,89,1880,A,B,False
q_000575,4748,9794,A,B,False
q_000576,1391,11763,A,A,True
q_000577,6655,11941,B,B,True
q_000578,8587,11353,B,B,True
q_000579,1292,4310,A,B,False
q_000580,1186,4734,A,A,True
q_000581,10590,8812,B,A,False
q_000582,1128,1356,A,A,True
q_000583,661,9103,B,B,True
q_000584,7016,5135,A,B,False
q_000585,2810,11751,A,B,False
q_000586,11401,8760,B,B,True
q_000587,7993,1260,A,B,False
q_000588,2079,10637,A,A,True
q_000589,8328,10718,A,B,False
q_000590,5225,10174,A,A,True
q_000591,11469,9709,A,B,False
q_000592,3048,6253,A,A,True
q_000593,12707,12447,B,A,False
q_000594,11782,4074,A,A,True
q_000595,511,10191,B,B,True
q_000596,5222,7362,A,A,True
q_000597,2570,9904,A,B,False
q_000598,7978,5721,A,B,False
q_000599,1843,8164,A,A,True
q_000600,7831,6806,A,A,True
q_000601,1962,9898,B,B,True
q_000602,7918,9391,A,A,True
q_000603,1710,5772,B,A,False
q_000604,12618,10496,A,B,False
q_000605,6811,11163,A,A,True
q_000606,4105,7627,A,B,False
q_000607,5702,6534,B,B,True
q_000608,12287,9096,A,B,False
q_000609,8494,10896,B,B,True
q_000610,1770,10593,B,B,True
q_000611,4784,5880,B,B,True
q_000612,12607,9963,A,A,True
q_000613,4061,4893,B,B,True
q_000614,168,8719,B,B,True
q_000615,8127,10600,A,A,True
q_000616,3174,11852,B,B,True
q_000617,8330,3385,B,B,True
q_000618,777,8069,B,B,True
q_000619,1776,4458,A,B,False
q_000620,4567,5510,A,B,False
q_000622,2098,10902,A,A,True
q_000623,5297,6334,A,B,False
q_000624,7677,3978,B,B,True
q_000625,2392,2955,B,A,False
q_000626,138,4297,A,A,True
q_000627,6140,4670,B,A,False
q_000628,7037,6417,A,A,True
q_000629,4656,8573,B,A,False
q_000630,9364,10230,A,B,False
q_000631,4161,4665,A,B,False
q_000632,2119,5513,B,A,False
q_000633,4822,10721,A,A,True
q_000634,2324,9688,B,A,False
q_000635,6774,8713,B,B,True
q_000636,497,2991,B,A,False
q_000637,3772,5944,A,B,False
q_000638,7869,10073,A,A,True
q_000639,10911,12057,A,A,True
q_000640,8524,6457,A,A,True
q_000641,11643,5882,A,A,True
q_000642,4828,10853,A,A,True
q_000643,5266,6111,A,B,False
q_000644,207,9787,B,A,False
q_000645,1318,4172,A,B,False
q_000646,5851,9609,A,B,False
q_000647,6803,4606,A,A,True
q_000648,12205,10810,A,A,True
q_000649,5045,10782,A,A,True
q_000650,12667,6216,A,B,False
q_000651,2295,8292,B,B,True
q_000652,2390,2571,A,B,False
q_000653,7470,10221,B,B,True
q_000654,7027,10199,A,A,True
q_000655,1828,6769,B,B,True
q_000656,6389,9737,A,A,True
q_000657,8042,2842,B,A,False
q_000658,921,9367,B,B,True
q_000659,3661,7129,B,A,False
q_000660,2245,8313,A,B,False
q_000661,3417,9338,A,B,False
q_000662,446,3670,B,B,True
q_000663,2572,8128,A,B,False
q_000664,4484,7592,B,B,True
q_000665,8774,8829,A,B,False
q_000666,6395,1956,A,A,True
q_000667,3828,10936,B,B,True
q_000668,1292,11676,A,B,False
q_000669,1679,1111,B,B,True
q_000670,3334,12103,A,B,False
q_000671,7807,6219,A,A,True
q_000672,1835,8084,B,B,True
q_000673,1209,1181,A,A,True
q_000674,7902,11147,A,A,True
q_000675,6547,9221,A,A,True
q_000676,7380,9092,A,B,False
q_000677,1074,9228,B,A,False
q_000679,7883,11892,B,B,True
q_000680,10936,9192,B,A,False
q_000681,5696,1746,A,A,True
q_000682,12198,10953,B,B,True
q_000683,12184,12019,A,A,True
q_000684,2152,6943,B,A,False
q_000685,1293,10176,A,B,False
q_000686,5168,7846,A,B,False
q_000688,5657,7362,A,A,True
q_000689,9944,10167,B,B,True
q_000690,6802,12664,B,B,True
q_000691,5333,10103,B,B,True
q_000692,11834,12015,B,B,True
q_000693,1942,12021,B,B,True
q_000694,1145,5687,A,B,False
q_000695,1980,3219,A,A,True
q_000696,8319,9172,A,B,False
q_000697,7498,11712,B,B,True
q_000698,638,12678,A,B,False
q_000699,1208,2969,B,B,True
q_000700,6614,9245,B,B,True
q_000701,7830,11106,A,A,True
q_000702,2131,10593,A,B,False
q_000703,2176,6395,B,A,False
q_000704,2217,1644,B,A,False
q_000705,5867,7178,B,B,True
q_000706,99,9860,B,B,True
q_000707,7872,7273,A,A,True
q_000708,6047,4934,B,A,False
q_000709,2732,5921,B,A,False
q_000710,8283,8631,B,B,True
q_000711,5443,6640,A,B,False
q_000712,5998,9247,B,B,True
q_000713,11924,9707,B,B,True
q_000715,3027,10155,B,A,False
q_000716,6578,11687,A,A,True
q_000717,6253,11709,A,B,False
q_000718,2995,3843,A,A,True
q_000719,7619,12633,A,A,True
q_000720,1768,2688,B,A,False
q_000721,660,11832,A,B,False
q_000722,3902,10737,B,B,True
q_000723,1521,6752,B,A,False
q_000724,76,9986,B,B,True
q_000725,2183,1488,A,A,True
q_000726,9164,10049,B,B,True
q_000727,1115,7900,B,A,False
q_000728,7691,6203,B,B,True
q_000729,12574,8359,B,A,False
q_000730,2902,9261,A,A,True
q_000731,5319,11396,A,B,False
q_000732,4513,11710,A,B,False
q_000733,11751,9839,B,A,False
q_000734,2646,9951,B,B,True
q_000735,2711,8529,A,A,True
q_000736,2660,9282,B,B,True
q_000737,4239,6891,A,A,True
q_000738,6388,9380,A,A,True
q_000739,2984,11414,A,A,True
q_000740,3308,10382,B,B,True
q_000741,11428,9689,B,A,False
q_000742,8063,9577,A,A,True
q_000743,2429,3437,A,A,True
q_000744,9215,10104,B,A,False
q_000745,4628,1956,A,B,False
q_000746,5654,6762,B,B,True
q_000747,154,3995,A,B,False
q_000748,8250,3977,A,B,False
q_000749,2003,2312,B,B,True
q_000750,12215,2999,A,A,True
q_000751,2411,1878,A,B,False
q_000752,2330,1096,A,A,True
q_000753,985,11894,A,A,True
q_000754,7052,7045,A,B,False
q_000755,5564,11025,B,B,True
q_000756,3831,9371,B,A,False
q_000757,4871,9911,A,A,True
q_000758,1625,6907,A,A,True
q_000759,3233,9272,B,A,False
q_000760,2236,784,B,A,False
q_000761,7026,9952,B,B,True
q_000763,5364,11894,A,A,True
q_000764,435,4585,A,B,False
q_000765,9854,9915,A,A,True
q_000766,7785,12577,A,A,True
q_000767,6091,4104,A,A,True
q_000768,1778,3984,B,B,True
q_000769,7174,4782,A,B,False
q_000770,8284,6378,B,A,False
q_000771,4849,12537,A,A,True
q_000772,62,4649,B,A,False
q_000773,2385,9120,A,B,False
q_000774,3186,10754,A,A,True
q_000775,7442,12087,B,B,True
q_000776,5385,9331,A,B,False
q_000777,1506,9540,A,B,False
q_000778,3443,6562,B,A,False
q_000779,10807,9569,A,B,False
q_000780,7523,11155,A,B,False
q_000782,1560,4489,A,B,False
q_000783,1549,6591,B,B,True
q_000784,3909,6076,A,B,False
q_000785,7475,9705,B,B,True
q_000786,2353,411,A,A,True
q_000787,693,8718,A,A,True
q_000789,914,156,B,B,True
q_000790,2434,1216,A,B,False
q_000791,5773,4781,A,A,True
q_000792,53,9182,B,A,False
q_000793,2839,10488,B,B,True
q_000794,5480,6922,A,A,True
q_000795,3752,4761,B,B,True
q_000796,12304,11389,B,A,False
q_000797,1191,5826,A,A,True
q_000798,4007,9145,A,A,True
q_000799,7523,5620,A,A,True
q_000800,8186,153,A,B,False
q_000801,8536,3836,A,A,True
q_000802,666,6551,A,B,False
q_000803,11669,10061,B,B,True
q_000804,4210,9380,A,A,True
q_000805,8266,9927,B,B,True
q_000806,6923,3735,B,B,True
q_000807,1405,5037,A,B,False
q_000808,4967,8895,A,B,False
q_000809,11879,12669,A,B,False
q_000810,562,11155,A,A,True
q_000811,9229,11171,A,B,False
q_000812,6843,8698,A,A,True
q_000813,6705,3607,A,A,True
q_000814,12270,9885,B,A,False
q_000815,2628,10634,B,A,False
q_000816,550,12123,B,B,True
q_000817,1352,8246,A,B,False
q_000818,7829,8460,B,B,True
q_000819,7519,12696,B,B,True
q_000820,304,10323,A,A,True
q_000821,8459,8683,B,B,True
q_000822,1735,1205,A,B,False
q_000823,8261,9925,A,A,True
q_000824,7920,9260,B,B,True
q_000825,1149,11626,B,B,True
q_000826,11899,8650,B,A,False
q_000828,544,10971,A,A,True
q_000829,368,8008,A,A,True
q_000830,3124,11872,B,B,True
q_000831,3060,12274,A,A,True
q_000833,1817,11580,B,B,True
q_000834,10855,11187,B,B,True
q_000835,33,9870,B,A,False
q_000836,10271,11244,B,B,True
q_000837,2518,8102,B,B,True
q_000838,185,7290,A,A,True
q_000839,2268,11570,A,B,False
q_000840,3671,11672,B,A,False
q_000841,8339,3750,A,A,True
q_000842,11555,5309,B,B,True
q_000843,459,3780,B,A,False
q_000844,69,12321,B,B,True
q_000845,68,6139,A,A,True
q_000846,1986,1449,B,A,False
q_000847,138,657,A,A,True
q_000848,12455,10419,B,A,False
q_000849,7700,2996,A,A,True
q_000850,12453,9793,B,A,False
q_000851,369,10184,B,B,True
q_000852,12239,11394,A,B,False
q_000853,8267,3031,A,A,True
q_000854,3656,2855,A,B,False
q_000855,10793,11299,B,A,False
q_000856,3111,3784,B,B,True
q_000857,728,12678,A,A,True
q_000858,7618,8502,B,A,False
q_000859,5700,10177,B,B,True
q_000860,744,12302,B,B,True
q_000861,11788,3305,A,A,True
q_000862,741,1528,B,B,True
q_000863,9811,10839,B,B,True
q_000864,1273,10751,B,B,True
q_000865,1438,8871,B,B,True
q_000866,1582,10416,B,B,True
q_000867,12379,10647,B,A,False
q_000868,5674,12333,A,A,True
q_000869,510,9083,A,A,True
q_000870,937,5797,A,A,True
q_000871,2564,6403,B,A,False
q_000872,1445,12051,B,B,True
q_000873,1587,1228,A,B,False
q_000874,8861,10083,A,A,True
q_000875,231,6411,A,B,False
q_000876,6859,10215,B,B,True
q_000877,6919,9469,B,B,True
q_000878,6966,11281,A,A,True
q_000879,8006,5259,A,A,True
q_000880,1093,9978,B,B,True
q_000881,10814,10707,B,A,False
q_000882,5702,4128,B,B,True
q_000883,1972,8162,B,A,False
q_000884,5856,10334,A,B,False
q_000885,5488,9334,B,B,True
q_000886,674,10162,B,B,True
q_000887,2453,2871,A,A,True
q_000888,200,1520,A,A,True
q_000889,3440,6104,A,B,False
q_000890,1271,10440,B,B,True
q_000891,2071,9020,A,A,True
q_000892,4322,6639,A,B,False
q_000893,8476,12455,B,B,True
q_000895,7697,7771,A,A,True
q_000896,6709,6471,A,A,True
q_000897,693,10293,A,A,True
q_000898,892,11121,A,B,False
q_000899,7831,5712,B,A,False
q_000900,55,5484,A,B,False
q_000901,538,3540,B,B,True
q_000902,2784,5638,A,A,True
q_000903,11234,10627,A,B,False
q_000904,5831,6374,A,B,False
q_000905,8780,9016,A,A,True
q_000906,5230,5317,B,A,False
q_000907,2200,8980,A,B,False
q_000908,4716,9053,A,B,False
q_000909,1166,6710,B,B,True
q_000910,11873,9787,A,B,False
q_000911,2332,11130,B,B,True
q_000912,4783,2013,B,B,True
q_000913,2894,12453,B,B,True
q_000914,12132,7522,A,B,False
q_000915,5827,5104,A,B,False
q_000916,6899,3943,A,B,False
q_000917,10117,9963,B,A,False
q_000918,7652,3233,A,A,True
q_000919,1690,8087,A,A,True
q_000920,1166,11088,A,A,True
q_000921,7273,10268,B,B,True
q_000922,5674,9719,A,A,True
q_000923,1844,4480,A,A,True
q_000924,3155,10958,B,B,True
q_000925,1595,12021,B,B,True
q_000926,6877,11042,A,A,True
q_000927,1006,3828,A,A,True
q_000928,8083,5316,B,B,True
q_000929,7345,10711,B,A,False
q_000930,6830,7869,A,B,False
q_000931,9893,8892,B,B,True
q_000932,4368,3271,B,B,True
q_000933,3659,8250,A,B,False
q_000934,5625,3379,A,A,True
q_000935,1479,11952,B,B,True
q_000936,2007,3523,B,A,False
q_000937,1886,3141,B,A,False
q_000938,5866,9615,A,B,False
q_000939,2706,6459,A,A,True
q_000940,2109,8779,B,B,True
q_000941,5134,9315,B,B,True
q_000942,11609,6834,B,B,True
q_000943,2739,6025,A,A,True
q_000944,1643,8969,A,A,True
q_000945,1515,2746,A,B,False
q_000946,12369,9982,B,B,True
q_000947,409,1704,B,A,False
q_000948,7499,12044,A,A,True
q_000949,3533,7584,A,A,True
q_000950,1187,4738,A,A,True
q_000951,3871,8755,B,A,False
q_000952,7811,4825,A,A,True
q_000953,8304,5437,B,B,True
q_000954,2840,9982,B,B,True
q_000955,7764,7224,B,A,False
q_000956,5093,9609,B,B,True
q_000957,8064,12276,B,A,False
q_000958,4578,12344,A,A,True
q_000959,5233,6007,A,B,False
q_000960,1950,6052,A,B,False
q_000961,5194,10929,B,B,True
q_000962,12231,10674,A,A,True
q_000963,2765,8209,B,B,True
q_000964,12060,10446,B,A,False
q_000965,1070,7476,B,A,False
q_000966,7644,9648,B,B,True
q_000967,4028,10293,A,A,True
q_000968,11695,9084,A,A,True
q_000969,458,7426,A,B,False
q_000970,3795,11430,B,B,True
q_000971,8304,5316,B,B,True
q_000972,6064,10754,A,A,True
q_000973,2290,6024,A,B,False
q_000974,1880,8455,A,A,True
q_000975,2866,5559,B,A,False
q_000976,1210,11033,B,B,True
q_000977,7273,11189,A,A,True
q_000978,4458,10724,A,A,True
q_000979,2737,7189,B,B,True
q_000980,7494,6255,A,A,True
q_000981,1,8920,A,B,False
q_000982,6950,12448,B,B,True
q_000983,8233,3272,B,B,True
q_000984,7461,7935,B,A,False
q_000985,8290,6195,B,B,True
q_000986,11494,7836,B,B,True
q_000987,4017,10435,B,B,True
q_000988,3129,9872,B,B,True
q_000989,8174,10005,B,B,True
q_000990,1517,4354,B,B,True
q_000991,6977,11677,A,A,True
q_000992,796,2503,A,B,False
q_000993,5482,5789,A,A,True
q_000994,6730,4821,A,B,False
q_000995,7955,4966,B,B,True
q_000996,6688,12417,B,A,False
q_000997,4583,2940,A,B,False
q_000998,7370,12221,A,B,False
q_000999,2771,6515,A,A,True
q_001000,11582,10270,A,A,True
q_001001,9353,9361,A,A,True
q_001002,7094,5271,B,B,True
q_001003,1021,11262,B,B,True
q_001004,1630,1940,A,A,True
q_001005,3084,11703,A,A,True
q_001006,5163,10803,A,A,True
q_001007,6399,11256,B,B,True
q_001008,1519,9319,A,A,True
q_001009,6611,7331,B,B,True
q_001010,3415,4413,B,A,False
q_001011,592,10163,B,B,True
q_001012,7870,3124,A,B,False
q_001013,3995,8949,A,A,True
q_001014,6598,12192,A,A,True
q_001015,6438,10640,B,A,False
q_001016,4879,4134,B,B,True
q_001017,6279,10857,A,A,True
q_001018,530,3143,A,B,False
q_001019,1472,8671,B,B,True
q_001020,711,11987,A,A,True
q_001021,56,916,B,A,False
q_001022,11755,11035,B,B,True
q_001023,2614,10698,B,B,True
q_001024,6119,10443,B,B,True
q_001026,987,1836,A,A,True
q_001027,3565,8923,A,B,False
q_001028,6127,7182,A,A,True
q_001029,6471,4245,B,A,False
q_001030,6145,6195,A,B,False
q_001031,2198,9497,B,B,True
q_001032,12276,9286,A,A,True
q_001033,3988,6516,A,A,True
q_001034,846,1977,A,B,False
q_001035,4159,9437,B,A,False
q_001036,11471,6303,B,A,False
q_001037,1317,186,B,A,False
q_001038,5549,2911,B,A,False
q_001039,2574,10510,B,B,True
q_001040,12363,8973,A,B,False
q_001041,5093,10883,A,A,True
q_001042,5276,11169,A,B,False
q_001043,7007,4730,A,A,True
q_001044,6430,9011,A,A,True
q_001045,1952,11926,B,B,True
q_001046,3042,8792,B,A,False
q_001047,3046,7635,B,A,False
q_001048,3578,8494,A,B,False
q_001049,1521,8464,B,A,False
q_001050,28,6459,B,B,True
q_001051,4637,1938,A,A,True
q_001052,945,6375,B,B,True
q_001053,12178,9069,A,A,True
q_001054,974,5608,A,A,True
q_001055,12649,144,A,B,False
q_001056,5712,9424,A,A,True
q_001057,8335,9811,A,A,True
q_001058,5394,9131,A,B,False
q_001059,2074,3951,A,A,True
q_001060,9791,11117,A,B,False
q_001061,2291,8738,B,A,False
q_001062,1830,7253,B,B,True
q_001063,7101,8963,A,B,False
q_001064,2779,9569,B,A,False
q_001065,4928,4770,A,B,False
q_001066,664,11761,B,A,False
q_001067,8144,5988,A,A,True
q_001068,4239,8604,B,B,True
q_001069,136,3924,A,A,True
q_001070,6833,8577,A,B,False
q_001071,2656,12115,A,A,True
q_001072,2981,9613,B,A,False
q_001073,3693,6672,A,A,True
q_001074,1525,5930,B,A,False
q_001075,2081,6887,B,B,True
q_001076,2590,9041,A,B,False
q_001077,2108,10855,A,A,True
q_001078,5308,3696,B,B,True
q_001079,8440,10626,B,A,False
q_001080,2404,11694,B,A,False
q_001081,12568,4101,A,A,True
q_001082,12173,2175,A,A,True
q_001083,7019,7064,A,A,True
q_001084,352,2547,A,B,False
q_001085,1055,10661,A,B,False
q_001086,6371,10186,A,A,True
q_001087,12584,6933,B,B,True
q_001088,4189,8271,A,A,True
q_001089,1799,5481,B,B,True
q_001090,6390,5292,B,B,True
q_001091,5696,9631,B,B,True
q_001092,5673,10710,B,A,False
q_001093,4988,10773,A,A,True
q_001094,4175,2757,A,B,False
q_001095,1017,2536,A,A,True
q_001096,5130,10615,A,A,True
q_001097,1036,9597,A,A,True
q_001098,523,8527,A,B,False
q_001099,5512,4963,A,A,True
q_001100,6095,4656,B,B,True
q_001101,6787,5963,A,B,False
q_001102,1043,11676,A,A,True
q_001103,1914,4788,A,B,False
q_001104,3892,12354,B,B,True
q_001105,2299,7987,B,B,True
q_001106,3101,7293,A,A,True
q_001107,6425,11525,B,A,False
q_001108,5956,11953,B,B,True
q_001109,568,11900,B,B,True
q_001110,8032,11821,A,B,False
q_001111,5202,2958,A,B,False
q_001112,2447,11749,B,B,True
q_001113,1048,3711,A,A,True
q_001114,2470,4062,B,B,True
q_001115,3836,6228,B,B,True
q_001116,12651,8860,B,B,True
q_001117,7699,7452,B,B,True
q_001118,6005,9190,A,A,True
q_001119,3253,6268,A,A,True
q_001120,176,6440,B,A,False
q_001121,1069,3417,A,A,True
q_001122,3416,6321,A,B,False
q_001123,3096,4314,B,B,True
q_001124,11291,10680,B,A,False
q_001125,9481,10719,B,A,False
q_001126,2227,10852,A,A,True
q_001127,8102,11945,B,B,True
q_001128,8371,7067,A,A,True
q_001129,8249,4451,A,B,False
q_001130,6740,5169,B,B,True
q_001131,2484,8516,A,B,False
q_001132,595,10094,A,A,True
q_001133,5345,9694,B,A,False
q_001134,7800,9938,A,A,True
q_001135,739,4470,B,B,True
q_001136,4883,9212,B,B,True
q_001137,12580,4659,A,A,True
q_001138,12545,9449,B,A,False
q_001139,6855,5894,A,A,True
q_001140,562,11196,B,B,True
q_001141,4300,8631,A,A,True
q_001142,11834,9082,B,A,False
q_001143,11610,10730,B,B,True
q_001144,4207,12047,A,A,True
q_001145,7993,6132,A,B,False
q_001146,6751,1361,A,A,True
q_001147,3168,9766,A,A,True
q_001148,9107,8757,B,B,True
q_001149,7718,10826,B,B,True
q_001150,4700,5540,B,A,False
q_001151,5107,6414,B,B,True
q_001152,5475,9016,A,A,True
q_001153,11557,5367,B,B,True
q_001154,1967,3875,B,B,True
q_001155,7461,12444,B,B,True
q_001156,1527,4439,A,B,False
q_001157,3539,10804,B,B,True
q_001158,881,4882,A,B,False
q_001159,5958,4327,A,A,True
q_001160,7407,12531,A,A,True
q_001161,2031,6338,B,A,False
q_001162,3109,10774,B,B,True
q_001163,2269,6752,A,A,True
q_001164,1195,6569,B,A,False
q_001165,1334,7669,B,A,False
q_001166,278,3788,A,A,True
q_001167,5064,9543,A,A,True
q_001168,5091,12684,A,A,True
q_001169,8087,11655,B,B,True
q_001170,1136,7992,A,A,True
q_001171,4183,8016,A,A,True
q_001172,5261,4975,A,A,True
q_001173,2255,758,B,A,False
q_001174,108,5328,A,A,True
q_001175,5975,4305,A,A,True
q_001176,5131,4021,B,A,False
q_001177,2434,6407,A,A,True
q_001178,3293,10130,B,B,True
q_001179,315,9792,A,A,True
q_001180,179,7725,A,B,False
q_001181,8136,11784,B,A,False
q_001182,11487,8778,B,A,False
q_001183,5695,11070,A,A,True
q_001184,4108,5340,A,B,False
q_001185,3907,9949,B,B,True
q_001186,1809,10177,B,B,True
q_001187,4649,7605,A,A,True
q_001188,7198,11043,B,B,True
q_001189,92,8034,B,B,True
q_001190,5280,9544,A,B,False
q_001191,3532,9495,B,B,True
q_001192,2164,9928,B,B,True
q_001193,12159,8933,B,B,True
q_001194,6681,10894,A,A,True
q_001195,8053,5367,B,B,True
q_001196,7141,9066,A,B,False
q_001197,8238,12475,B,B,True
q_001198,10883,10200,A,B,False
q_001200,3976,11169,A,B,False
q_001201,6067,9375,A,A,True
q_001202,12124,12513,B,B,True
q_001203,11588,9675,B,B,True
q_001204,1880,8271,B,B,True
q_001205,11477,11679,A,A,True
q_001206,6545,10028,A,A,True
q_001207,1996,9158,A,A,True
q_001209,12239,2593,B,A,False
q_001210,7921,11809,A,A,True
q_001211,9592,9936,A,A,True
q_001212,5854,7311,A,B,False
q_001213,8018,11013,B,B,True
q_001214,943,5252,B,B,True
q_001215,1450,11500,A,A,True
q_001216,1985,6443,B,B,True
q_001217,3987,9306,B,B,True
q_001218,2549,10282,A,A,True
q_001219,5592,10775,A,B,False
q_001220,8255,6862,A,B,False
q_001221,7028,8689,A,A,True
q_001223,2483,8312,B,B,True
q_001224,5297,12255,A,B,False
q_001225,1607,12323,B,B,True
q_001226,1363,9584,B,A,False
q_001227,12511,8929,B,A,False
q_001228,1957,10488,B,B,True
q_001229,2013,3662,B,B,True
q_001230,12197,10438,A,A,True
q_001231,9323,10093,B,B,True
q_001232,1406,12330,A,A,True
q_001233,7078,9530,B,A,False
q_001234,8094,10384,A,A,True
q_001235,4402,6059,A,A,True
q_001236,59,4840,A,B,False
q_001237,1574,3501,A,A,True
q_001238,6555,3783,A,B,False
q_001239,520,12501,B,B,True
q_001240,7720,6457,B,B,True
q_001241,9176,9877,A,B,False
q_001242,12240,9906,A,A,True
q_001243,6222,9886,B,A,False
q_001244,5088,11118,A,A,True
q_001245,12523,9767,A,B,False
q_001246,4168,10925,B,A,False
q_001247,7421,5908,B,B,True
q_001248,4132,3843,A,A,True
q_001249,11939,12426,A,A,True
q_001250,3074,9278,A,A,True
q_001251,7419,5230,A,A,True
q_001252,941,5737,A,A,True
q_001253,6608,10085,A,A,True
q_001254,8257,9910,A,A,True
q_001255,1078,3477,B,A,False
q_001256,2820,10526,B,A,False
q_001257,7058,3579,A,A,True
q_001258,1799,6866,A,A,True
q_001259,9363,10191,A,B,False
q_001260,3381,9001,A,B,False
q_001261,11749,4253,A,B,False
q_001262,5648,8244,A,B,False
q_001263,9259,10452,A,A,True
q_001264,3029,10010,A,A,True
q_001266,700,10855,B,B,True
q_001267,5582,4736,A,A,True
q_001268,2925,12111,A,A,True
q_001269,619,1237,A,B,False
q_001270,4689,7291,A,A,True
q_001271,1389,8470,B,A,False
q_001272,11836,8779,B,B,True
q_001273,120,8581,A,B,False
q_001274,8912,9691,B,A,False
q_001275,9063,10000,A,A,True
q_001277,6679,9831,B,A,False
q_001278,103,192,A,A,True
q_001279,6223,10996,A,B,False
q_001280,8193,9401,A,B,False
q_001281,7235,9395,A,A,True
q_001282,4999,7300,A,B,False
q_001283,6561,10176,B,A,False
q_001284,4852,7014,A,B,False
q_001285,622,4113,B,A,False
q_001286,7687,11535,A,B,False
q_001287,3577,2980,A,B,False
q_001288,1295,6245,B,B,True
q_001289,7902,5277,A,A,True
q_001290,2969,9075,A,A,True
q_001292,5638,8047,A,A,True
q_001293,1720,57,A,B,False
q_001294,8482,12093,B,B,True
q_001295,4126,6539,A,B,False
q_001296,629,3341,A,A,True
q_001297,2443,8606,B,B,True
q_001298,6742,12699,B,B,True
q_001299,376,5427,B,B,True
q_001300,2563,9652,B,A,False
q_001301,1696,5100,A,B,False
q_001302,8264,8892,B,B,True
q_001303,11380,9667,A,B,False
q_001304,4486,7759,B,B,True
q_001305,1315,8534,B,A,False
q_001306,3235,4506,A,B,False
q_001307,8453,3019,A,A,True
q_001308,1449,5273,A,A,True
q_001309,3401,10835,A,A,True
q_001310,25,6660,B,A,False
q_001311,4422,6000,A,B,False
q_001312,2167,9906,A,B,False
q_001313,2541,10843,B,B,True
q_001315,3798,9279,A,A,True
q_001316,6220,9017,A,B,False
q_001317,7501,12049,A,A,True
q_001318,5705,5020,A,A,True
q_001319,5044,2817,A,A,True
q_001320,1456,2593,B,B,True
q_001321,12111,3492,B,B,True
q_001322,7494,6984,B,A,False
q_001323,4132,11264,B,B,True
q_001324,8312,11008,A,A,True
q_001325,2384,7088,B,B,True
q_001326,1459,8632,A,A,True
q_001327,1078,8915,A,B,False
q_001328,1515,8577,A,B,False
q_001329,2532,4344,A,A,True
q_001330,5716,9064,A,A,True
q_001331,5651,9119,B,A,False
q_001332,2823,5399,A,A,True
q_001333,862,10259,A,B,False
q_001334,7544,6780,A,B,False
q_001335,12692,8857,A,B,False
q_001336,2580,8110,A,B,False
q_001337,3765,5294,A,B,False
q_001338,4373,9851,B,A,False
q_001339,5184,11329,A,B,False
q_001340,6787,10049,A,A,True
q_001341,1739,3481,B,A,False
q_001342,6525,1517,A,B,False
q_001343,11735,7304,A,B,False
q_001344,2372,4392,A,B,False
q_001345,1792,12676,A,A,True
q_001346,3790,10872,B,A,False
q_001347,7713,8906,B,B,True
q_001348,12609,9335,A,A,True
q_001349,3911,7563,A,A,True
q_001350,766,744,B,B,True
q_001351,2310,4986,B,A,False
q_001352,5242,6300,B,A,False
q_001353,1194,11630,B,B,True
q_001354,444,2789,A,B,False
q_001355,6314,8331,A,B,False
q_001356,4371,10474,A,A,True
q_001357,2962,1707,A,A,True
q_001358,1309,6640,A,B,False
q_001359,4643,7278,A,B,False
q_001360,1047,8483,A,B,False
q_001361,854,12445,B,A,False
q_001362,4458,11247,B,B,True
q_001364,7049,12398,B,B,True
q_001365,443,224,B,A,False
q_001366,12222,3834,B,B,True
q_001367,1815,5760,B,B,True
q_001368,1448,12238,A,A,True
q_001369,1516,8063,B,A,False
q_001370,1550,11190,A,A,True
q_001371,4361,5887,A,A,True
q_001372,8135,5714,A,B,False
q_001373,5342,9462,B,B,True
q_001374,201,11275,B,B,True
q_001375,3766,12188,B,A,False
q_001376,1681,12228,B,B,True
q_001377,1853,9555,B,B,True
q_001378,6393,9484,B,B,True
q_001380,2667,12459,A,A,True
q_001381,3826,3615,A,A,True
q_001382,11752,4405,A,B,False
q_001383,11397,7308,B,B,True
q_001384,3034,4909,A,B,False
q_001385,2987,11864,B,B,True
q_001386,2524,7121,B,B,True
q_001387,3701,4133,B,A,False
q_001388,11319,8803,B,A,False
q_001389,6512,11550,A,B,False
q_001390,880,3888,B,B,True
q_001391,6728,10251,A,A,True
q_001392,2899,12503,A,A,True
q_001393,9432,8789,A,B,False
q_001394,2740,4248,B,B,True
q_001395,7507,9549,B,B,True
q_001396,7877,11411,B,B,True
q_001397,8303,9816,B,B,True
q_001398,317,11704,A,A,True
q_001399,6860,3804,A,A,True
q_001400,827,10859,A,A,True
q_001401,6811,3067,A,A,True
q_001402,3808,5861,A,A,True
q_001403,4097,9135,A,B,False
q_001404,2254,3160,A,B,False
q_001405,1975,8865,A,A,True
q_001406,4409,5612,A,A,True
q_001407,8514,11109,A,A,True
q_001408,19,5334,B,A,False
q_001409,3599,4856,B,A,False
q_001410,771,2722,A,B,False
q_001411,7134,10527,A,B,False
q_001412,873,3184,A,B,False
q_001413,3001,10063,B,B,True
q_001414,5422,7434,B,B,True
q_001415,1979,9959,A,B,False
q_001416,8068,11648,A,A,True
q_001417,4385,5570,B,B,True
q_001418,3080,10939,B,B,True
q_001419,3225,6051,B,A,False
q_001420,2435,12071,B,B,True
q_001421,12639,8427,B,B,True
q_001422,7485,6115,B,B,True
q_001423,2935,8572,B,B,True
q_001424,3248,11096,A,A,True
q_001425,8342,10351,A,A,True
q_001426,5120,8534,B,A,False
q_001427,11468,6521,B,B,True
q_001428,8338,3392,A,A,True
q_001429,1937,10007,A,B,False
q_001430,5975,10271,A,A,True
q_001431,2353,3283,A,A,True
q_001432,375,2175,B,B,True
q_001433,6629,7143,B,B,True
q_001434,4058,11136,A,A,True
q_001435,1295,9315,A,B,False
q_001436,5428,3919,A,B,False
q_001437,8297,5060,A,B,False
q_001438,7573,4052,A,B,False
q_001439,2958,12139,A,A,True
q_001440,10420,9905,B,A,False
q_001441,6515,3749,A,B,False
q_001442,2753,11875,B,B,True
q_001443,1209,5502,B,B,True
q_001444,1775,8809,B,B,True
q_001445,455,319,A,B,False
q_001446,11918,10234,B,B,True
q_001447,12196,12365,B,B,True
q_001448,1412,9393,B,B,True
q_001449,1309,1225,A,B,False
q_001450,3731,11874,A,A,True
q_001451,521,1587,B,A,False
q_001452,652,5180,A,A,True
q_001453,3126,11066,A,A,True
q_001454,1766,7269,B,B,True
q_001456,4862,12511,A,A,True
q_001457,5783,5541,B,B,True
q_001458,11830,3352,B,A,False
q_001459,6557,8247,B,A,False
q_001460,4058,10040,B,B,True
q_001461,3971,11880,A,A,True
q_001462,604,7380,A,A,True
q_001463,1263,648,A,A,True
q_001464,4989,10825,B,B,True
q_001465,1418,3096,A,A,True
q_001466,8076,8163,A,B,False
q_001467,4886,10931,B,B,True
q_001468,496,9879,A,B,False
q_001469,769,9919,B,B,True
q_001470,11642,11407,A,A,True
q_001471,12634,8872,A,B,False
q_001472,5709,8401,B,B,True
q_001473,2630,3988,A,B,False
q_001474,1846,12416,A,A,True
q_001475,3838,12006,B,B,True
q_001476,5242,6232,B,B,True
q_001477,5008,4366,B,B,True
q_001478,2929,9326,B,B,True
q_001479,5294,9086,A,B,False
q_001480,1925,10284,A,B,False
q_001481,21,11216,B,A,False
q_001482,3684,11143,B,B,True
q_001483,2170,1424,A,B,False
q_001484,2155,5270,A,B,False
q_001485,2613,10962,A,B,False
q_001486,2066,7971,A,A,True
q_001487,7382,15,A,A,True
q_001488,1412,10892,A,A,True
q_001489,6457,10722,A,B,False
q_001490,3492,10335,A,B,False
q_001491,1003,6220,A,A,True
q_001492,371,8839,A,A,True
q_001493,4232,10811,A,A,True
q_001494,5211,12483,A,A,True
q_001496,7003,9869,A,A,True
q_001497,5162,9918,A,B,False
q_001498,2043,5937,A,B,False
q_001499,4318,10688,B,A,False
q_001500,3192,6731,A,A,True
q_001501,11581,3308,B,B,True
q_001502,2232,2910,A,B,False
q_001503,1662,4097,A,A,True
q_001504,7367,7592,B,A,False
q_001505,3081,7297,A,B,False
q_001506,11615,7129,B,B,True
q_001507,1882,6097,A,A,True
q_001508,6335,10969,B,B,True
q_001509,11798,8682,A,A,True
q_001510,1141,4235,A,B,False
q_001511,2900,10139,B,B,True
q_001512,1598,9453,A,A,True
q_001513,4202,2971,A,A,True
q_001515,3783,11821,B,A,False
q_001516,6638,6132,B,B,True
q_001517,617,4848,A,B,False
q_001518,6287,7805,B,A,False
q_001519,5855,5152,A,B,False
q_001520,5639,10977,B,B,True
q_001521,9041,10385,A,A,True
q_001522,2431,7040,A,B,False
q_001523,1912,7173,B,B,True
q_001524,7670,10236,B,B,True
q_001525,602,5438,B,A,False
q_001526,4053,10464,B,B,True
q_001527,1756,9142,B,B,True
q_001528,261,11229,A,A,True
q_001529,5818,11674,A,B,False
q_001530,1141,7098,A,A,True
q_001531,1630,117,B,B,True
q_001532,1415,11853,B,B,True
q_001533,2393,1366,A,B,False
q_001534,8044,10375,A,A,True
q_001535,397,4141,B,B,True
q_001536,1951,3671,B,B,True
q_001537,7661,1406,A,A,True
q_001538,5062,8974,A,A,True
q_001539,1713,7880,A,B,False
q_001542,1775,1129,B,B,True
q_001543,3425,7232,B,A,False
q_001544,2931,3015,A,A,True
q_001545,7500,8836,A,A,True
q_001546,3165,8735,B,B,True
q_001547,359,10793,B,B,True
q_001548,6277,3389,A,A,True
q_001549,60,5960,A,B,False
q_001550,3566,9776,B,A,False
q_001551,664,10843,B,B,True
q_001552,6775,11197,B,B,True
q_001553,4199,7867,A,B,False
q_001554,5817,4353,B,A,False
q_001555,2068,197,A,A,True
q_001556,3511,11393,B,A,False
q_001557,5960,9821,B,B,True
q_001558,12645,7956,B,A,False
q_001559,10870,9746,A,B,False
q_001560,6642,3699,A,A,True
q_001561,1274,3230,B,B,True
q_001562,3157,4974,B,B,True
q_001563,11674,9342,A,A,True
q_001564,8127,7076,A,A,True
q_001565,5774,7424,B,B,True
q_001566,6459,12303,B,B,True
q_001567,7668,6412,A,B,False
q_001568,11555,12618,B,B,True
q_001569,7618,12512,B,B,True
q_001570,1010,7587,B,B,True
q_001572,6226,9328,A,B,False
q_001573,9026,10332,A,B,False
q_001574,1887,10902,A,A,True
q_001575,4045,9907,B,B,True
q_001576,8416,6965,B,A,False
q_001577,10155,9888,A,B,False
q_001578,418,1436,A,B,False
q_001579,7634,3423,A,A,True
q_001580,3766,3088,B,A,False
q_001581,8309,2749,A,A,True
q_001582,6549,9572,B,B,True
q_001583,1882,5261,B,B,True
q_001584,8078,2451,A,A,True
q_001585,6295,4035,B,A,False
q_001586,12304,10461,B,A,False
q_001587,993,33,A,A,True
q_001589,378,2460,A,A,True
q_001590,3411,9351,A,B,False
q_001591,4402,8027,A,A,True
q_001592,4871,9260,A,A,True
q_001593,241,11110,B,B,True
q_001594,69,8921,B,B,True
q_001595,623,2103,B,A,False
q_001596,6076,8376,B,A,False
q_001597,7097,9215,A,A,True
q_001598,3314,10740,A,A,True
q_001599,8091,8997,B,B,True
q_001600,3370,3830,A,B,False
q_001601,11847,9385,A,B,False
q_001602,2254,10495,A,A,True
q_001603,8325,4029,B,A,False
q_001604,6738,1578,A,B,False
q_001605,1309,11308,A,A,True
q_001606,1880,7686,A,B,False
q_001607,1865,7546,B,B,True
q_001608,3002,6856,A,B,False
q_001609,1601,8079,B,B,True
q_001610,917,9865,B,B,True
q_001611,1826,2740,A,A,True
q_001612,3757,8516,A,B,False
q_001613,11795,8807,B,A,False
q_001614,766,2810,A,A,True
q_001615,2197,11698,B,B,True
q_001616,6785,10093,A,A,True
q_001617,6446,12054,B,B,True
q_001618,1542,10562,A,B,False
q_001619,3722,12602,A,B,False
q_001620,3367,7112,B,B,True
q_001621,50,9110,A,B,False
q_001622,996,11742,A,A,True
q_001623,210,8425,B,B,True
q_001624,7031,5841,B,B,True
q_001625,452,12619,A,B,False
q_001626,11016,7342,B,B,True
q_001627,7429,3374,A,A,True
q_001628,4932,11107,B,B,True
q_001629,1613,2627,A,A,True
q_001630,6882,7276,A,A,True
q_001631,4712,11401,B,A,False
q_001632,1158,11346,A,A,True
q_001633,12110,11186,A,B,False
q_001634,5274,9785,A,B,False
q_001635,6813,10744,A,A,True
q_001636,2102,9770,A,A,True
q_001637,7901,3728,A,A,True
q_001638,2317,11694,B,A,False
q_001639,6734,3471,A,A,True
q_001640,4364,9169,B,B,True
q_001641,2443,642,A,A,True
q_001642,5682,9019,A,A,True
q_001643,7555,3525,B,A,False
q_001644,1678,8293,A,A,True
q_001645,826,3745,B,A,False
q_001646,8066,4364,B,A,False
q_001647,8432,8166,A,B,False
q_001648,6667,12411,A,B,False
q_001649,8347,10625,A,A,True
q_001650,2411,12628,B,B,True
q_001651,230,10654,B,B,True
q_001652,5585,660,B,A,False
q_001653,7570,11074,B,B,True
q_001654,1985,12128,A,B,False
q_001655,2034,2938,A,B,False
q_001656,4560,10767,B,B,True
q_001657,11104,9441,B,B,True
q_001658,6543,10661,B,A,False
q_001659,1712,3223,B,B,True
q_001661,7761,4749,A,A,True
q_001662,2354,9388,B,B,True
q_001663,7033,6550,A,B,False
q_001664,1778,6674,A,A,True
q_001665,629,5034,B,A,False
q_001666,3650,9551,B,A,False
q_001667,1992,8610,A,A,True
q_001668,6768,11134,A,A,True
q_001669,3444,9222,A,B,False
q_001670,8062,9696,A,A,True
q_001671,1621,7203,A,A,True
q_001672,3401,5613,A,A,True
q_001673,11868,9637,B,A,False
q_001674,8176,9118,B,B,True
q_001675,3663,12496,B,A,False
q_001676,1903,9500,B,B,True
q_001677,6368,5328,B,B,True
q_001678,2987,11743,A,B,False
q_001679,6538,12662,B,B,True
q_001680,11913,11978,A,A,True
q_001681,158,7200,B,B,True
q_001682,446,421,B,B,True
q_001683,5229,10114,A,A,True
q_001684,6530,4554,B,A,False
q_001685,6610,11814,A,A,True
q_001686,5439,9314,A,A,True
q_001687,2827,5184,B,B,True
q_001688,6480,11937,A,B,False
q_001689,2281,1195,A,B,False
q_001690,6021,9812,B,A,False
q_001691,6802,11304,A,A,True
q_001692,8354,6477,B,B,True
q_001693,5430,5019,B,A,False
q_001694,2033,5556,A,B,False
q_001695,8673,10127,A,B,False
q_001696,6428,5957,B,A,False
q_001697,534,1898,A,B,False
q_001698,4570,9413,A,B,False
q_001699,12218,7849,A,B,False
q_001701,2267,9030,A,A,True
q_001702,2201,8666,A,A,True
q_001703,2535,12350,A,A,True
q_001704,12584,11688,A,A,True
q_001705,1852,10914,B,B,True
q_001706,2782,12497,B,B,True
q_001707,11595,3129,A,B,False
q_001708,3097,12280,A,A,True
q_001709,2695,11847,B,B,True
q_001710,3367,4353,A,B,False
q_001711,8013,5969,A,B,False
q_001712,3093,11181,A,B,False
q_001713,483,9320,B,B,True
q_001714,2926,8189,A,A,True
q_001715,983,11160,B,B,True
q_001716,8207,10771,B,A,False
q_001717,4817,9980,A,A,True
q_001718,2342,5248,A,B,False
q_001719,6569,7210,B,B,True
q_001720,1128,2607,A,A,True
q_001721,7184,9425,B,A,False
q_001722,8295,11384,A,A,True
q_001723,11179,9290,A,B,False
q_001724,6784,10585,B,B,True
q_001725,3063,9948,B,B,True
q_001726,2424,12068,A,A,True
q_001727,2038,7241,A,B,False
q_001728,1615,5647,A,A,True
q_001729,1329,7800,B,A,False
q_001730,8367,9894,B,B,True
q_001731,11486,11212,A,B,False
q_001732,1148,8888,B,B,True
q_001733,3370,10998,B,B,True
q_001734,9250,10942,A,A,True
q_001735,8657,10141,B,B,True
q_001736,5431,6390,B,A,False
q_001737,1936,1269,A,B,False
q_001738,41,6152,B,B,True
q_001739,2597,2184,B,B,True
q_001740,5477,6804,A,A,True
q_001741,11454,9448,A,B,False
q_001742,2486,5792,B,B,True
q_001743,293,1499,B,B,True
q_001744,2673,9373,A,A,True
q_001745,309,12443,A,A,True
q_001746,12554,12496,A,A,True
q_001747,4792,9847,A,B,False
q_001748,5126,10228,A,A,True
q_001749,4606,9140,B,A,False
q_001750,4916,11832,B,A,False
q_001751,5040,11277,A,A,True
q_001752,7989,10667,A,A,True
q_001753,5014,10163,B,B,True
q_001754,2599,7963,A,B,False
q_001755,2286,4054,A,B,False
q_001756,6868,4422,B,A,False
q_001757,7735,8264,A,A,True
q_001758,9240,7260,B,B,True
q_001759,7383,3983,A,B,False
q_001760,6130,4888,A,B,False
q_001761,1325,5199,A,A,True
q_001762,129,5791,B,A,False
q_001763,7647,8736,B,B,True
q_001764,3867,7317,B,A,False
q_001765,4048,11885,B,B,True
q_001766,6407,5874,B,B,True
q_001767,5942,11011,A,A,True
q_001768,860,7676,A,B,False
q_001769,2500,11677,B,B,True
q_001770,784,4295,A,A,True
q_001771,4793,10788,A,A,True
q_001772,556,4609,B,B,True
q_001773,5008,4095,A,A,True
q_001774,5420,9770,B,A,False
q_001775,1666,3006,B,B,True
q_001776,4221,12570,A,A,True
q_001777,2069,11344,A,A,True
q_001778,3910,7258,A,A,True
q_001779,5755,8698,B,B,True
q_001780,595,9679,A,B,False
q_001781,4313,8993,A,B,False
q_001782,300,6107,A,B,False
q_001783,12134,10510,A,A,True
q_001784,2451,9241,B,B,True
q_001785,3095,3528,A,B,False
q_001786,2518,224,A,A,True
q_001787,1257,1513,A,B,False
q_001788,2526,6008,B,B,True
q_001789,7940,9574,A,A,True
q_001790,7424,10870,B,B,True
q_001791,7500,11194,A,B,False
q_001792,5660,4368,A,B,False
q_001793,3533,3433,B,B,True
q_001794,1289,6074,B,A,False
q_001795,7430,2568,A,B,False
q_001796,1789,12397,B,B,True
q_001797,2360,10042,A,A,True
q_001798,5195,6085,A,B,False
q_001799,4447,6633,B,A,False
q_001800,725,338,B,B,True
q_001801,3079,5952,B,B,True
q_001802,5778,169,A,A,True
q_001803,3296,9212,B,A,False
q_001804,1626,6224,B,B,True
q_001805,574,9985,B,B,True
q_001806,109,7182,B,B,True
q_001807,6118,12126,A,B,False
q_001808,1142,9959,B,B,True
q_001809,12190,1875,A,B,False
q_001810,1482,3110,A,B,False
q_001811,8291,11299,B,B,True
q_001812,3419,8558,A,B,False
q_001813,6296,9722,A,A,True
q_001814,7987,11227,A,A,True
q_001815,1407,8919,B,A,False
q_001816,2973,3389,A,A,True
q_001817,3977,3207,B,A,False
q_001818,1721,7050,A,B,False
q_001819,281,3745,B,B,True
q_001820,3959,3973,B,B,True
q_001821,6449,9718,A,A,True
q_001822,3832,2598,A,B,False
q_001823,3631,11139,A,B,False
q_001824,12497,9818,B,A,False
q_001825,11456,3682,A,B,False
q_001826,1337,11466,A,A,True
q_001827,11780,12510,A,A,True
q_001828,7802,8563,B,A,False
q_001829,1944,12483,A,A,True
q_001830,4508,2613,A,B,False
q_001831,12109,11870,B,B,True
q_001832,18,7480,A,B,False
q_001833,913,6401,A,A,True
q_001834,7577,5211,B,B,True
q_001835,1751,10651,A,A,True
q_001836,11961,11373,B,A,False
q_001837,3868,3603,B,B,True
q_001838,6385,2825,A,A,True
q_001839,7025,8055,A,A,True
q_001840,5402,12264,A,B,False
q_001841,1232,7072,B,B,True
q_001842,1548,10374,B,B,True
q_001843,11742,10747,A,A,True
q_001844,6511,9440,B,A,False
q_001845,2278,7837,B,A,False
q_001846,2418,5115,A,B,False
q_001847,2599,6891,A,A,True
q_001848,6620,9165,B,B,True
q_001849,2100,12058,A,A,True
q_001850,1040,5608,A,A,True
q_001851,1245,3218,A,A,True
q_001852,5773,11289,A,A,True
q_001853,2037,8065,A,B,False
q_001854,1355,7252,A,B,False
q_001855,770,10825,A,A,True
q_001856,4765,12333,B,B,True
q_001857,979,7424,A,A,True
q_001858,7757,6658,A,B,False
q_001859,7588,9341,A,A,True
q_001860,6529,9400,B,A,False
q_001861,7006,3761,B,B,True
q_001863,4718,7281,B,B,True
q_001864,4623,10612,B,A,False
q_001865,5144,6018,B,B,True
q_001866,1410,8617,B,B,True
q_001867,9657,9433,A,A,True
q_001868,383,1948,B,B,True
q_001869,12607,9814,B,B,True
q_001870,549,1229,A,B,False
q_001871,2628,3504,A,A,True
q_001872,7667,4406,B,A,False
q_001873,4109,11964,B,B,True
q_001874,4470,5190,A,A,True
q_001875,1533,4104,A,A,True
q_001876,5540,2959,B,A,False
q_001877,11386,9698,B,A,False
q_001878,9234,10514,B,B,True
q_001879,1276,4421,A,B,False
q_001880,4891,3283,A,A,True
q_001881,3361,8599,A,B,False
q_001882,2259,757,A,B,False
q_001883,5666,10755,B,B,True
q_001884,2795,7849,A,B,False
q_001885,2281,7723,B,A,False
q_001886,995,8268,A,A,True
q_001887,5255,10533,B,B,True
q_001888,781,3430,A,A,True
q_001889,5716,6532,A,A,True
q_001890,2354,7271,A,B,False
q_001891,3116,6038,A,A,True
q_001892,5692,11168,A,B,False
q_001893,3392,9025,A,A,True
q_001894,1704,9816,B,B,True
q_001895,6555,10817,B,A,False
q_001896,2741,7297,B,B,True
q_001897,3334,11112,B,A,False
q_001898,5573,9493,A,A,True
q_001899,4311,10718,A,B,False
q_001900,6796,12216,A,B,False
q_001901,4941,6745,A,B,False
q_001902,5021,9148,A,A,True
q_001903,1641,3156,B,B,True
q_001905,3110,3049,A,A,True
q_001906,3762,10413,A,A,True
q_001907,2049,6792,A,B,False
q_001908,464,2819,B,A,False
q_001909,11642,11944,A,A,True
q_001910,945,10361,B,B,True
q_001911,3819,11283,B,B,True
q_001912,1526,39,A,B,False
q_001913,3359,9877,B,A,False
q_001914,4172,4787,B,B,True
q_001915,6577,5166,B,B,True
q_001916,3586,10448,B,A,False
q_001917,12297,6234,B,B,True
q_001918,5738,9495,A,A,True
q_001919,6731,10739,A,B,False
q_001920,1590,4997,A,A,True
q_001921,6818,1902,A,B,False
q_001922,11539,10488,A,A,True
q_001924,2995,4592,B,A,False
q_001925,1674,10062,A,A,True
q_001926,4571,2223,A,B,False
q_001927,1597,9759,A,A,True
q_001928,2319,11221,A,B,False
q_001929,6211,12100,A,B,False
q_001930,1136,8340,B,A,False
q_001931,6125,9299,A,A,True
q_001932,10601,11186,A,B,False
q_001933,7416,12112,B,B,True
q_001934,1864,3729,A,A,True
q_001935,2078,2559,B,A,False
q_001936,4517,4735,A,A,True
q_001937,713,7044,B,A,False
q_001938,12196,8878,B,B,True
q_001939,2639,4695,B,B,True
q_001940,2089,9042,A,B,False
q_001941,787,3217,A,A,True
q_001942,4089,11109,B,B,True
q_001943,381,5019,A,A,True
q_001944,1113,4830,A,B,False
q_001945,1512,10532,B,A,False
q_001946,1996,7593,A,A,True
q_001947,11649,10728,B,A,False
q_001948,21,10188,A,B,False
q_001949,432,4085,B,A,False
q_001950,11631,10995,A,A,True
q_001952,912,11069,B,B,True
q_001953,8512,5909,A,A,True
q_001954,12337,10412,A,B,False
q_001956,2035,6717,A,A,True
q_001957,1898,6758,B,B,True
q_001958,8392,1509,A,A,True
q_001959,2379,10235,A,B,False
q_001960,6780,10669,B,B,True
q_001961,2751,12562,A,A,True
q_001962,1811,1587,B,B,True
q_001963,993,10397,B,B,True
q_001964,3279,10380,B,B,True
q_001965,9523,9423,B,B,True
q_001966,11339,4713,B,A,False
q_001967,5956,7728,A,A,True
q_001968,12652,10663,A,A,True
q_001970,4224,10530,A,B,False
q_001971,11698,8802,B,B,True
q_001972,1711,8664,A,A,True
q_001973,11580,4337,A,A,True
q_001974,7104,9913,B,A,False
q_001975,637,434,A,B,False
q_001976,2379,11839,B,A,False
q_001977,7976,4350,B,A,False
q_001978,726,9384,B,A,False
q_001979,2772,10094,A,A,True
q_001980,8355,9491,A,A,True
q_001981,7913,6024,A,A,True
q_001982,688,8580,B,A,False
q_001983,5387,9540,A,B,False
q_001984,8098,5772,A,A,True
q_001985,4955,10084,B,A,False
q_001986,1994,10512,B,B,True
q_001987,2419,2693,A,B,False
q_001988,2131,2676,A,B,False
q_001989,11737,10199,B,A,False
q_001990,5378,6747,A,B,False
q_001991,5565,4823,A,B,False
q_001992,3649,10872,A,B,False
q_001993,8120,11273,A,A,True
q_001994,2973,9580,A,A,True
q_001995,29,4506,A,A,True
q_001996,7022,5232,B,B,True
q_001997,12622,10669,A,A,True
q_001998,8534,3565,A,A,True
q_001999,3569,6918,B,A,False
q_002000,2987,11157,B,A,False
q_002001,789,4900,A,A,True
q_002003,5823,8946,A,B,False
q_002004,11675,10138,B,B,True
q_002005,1640,9995,A,A,True
q_002006,5515,3929,A,A,True
q_002007,1936,6133,A,B,False
q_002008,12168,10008,B,B,True
q_002009,8034,5406,A,A,True
q_002010,6312,10662,B,A,False
q_002011,4993,7337,B,B,True
q_002012,1946,6339,B,A,False
q_002013,7436,11713,B,B,True
q_002014,8230,2841,B,A,False
q_002015,5406,4055,A,B,False
q_002016,5260,3867,A,B,False
q_002017,9227,9627,B,A,False
q_002018,7782,9143,A,A,True
q_002019,5079,5859,B,B,True
q_002020,3848,10451,A,B,False
q_002021,8386,5756,A,B,False
q_002022,12113,8364,B,B,True
q_002023,7620,7692,A,A,True
q_002024,926,11254,B,B,True
q_002025,12539,6007,B,A,False
q_002026,7801,4154,A,A,True
q_002027,3312,12072,A,A,True
q_002029,2947,4354,A,A,True
q_002030,7062,9556,B,B,True
q_002031,2252,2247,A,A,True
q_002032,1153,11052,B,B,True
q_002033,8616,8761,A,B,False
q_002034,6620,12531,B,B,True
q_002035,5706,10749,B,B,True
q_002036,7417,8098,A,B,False
q_002037,511,4938,B,B,True
q_002038,12554,5055,A,B,False
q_002039,5713,2593,A,A,True
q_002040,2006,3680,B,B,True
q_002041,11323,11340,A,B,False
q_002042,9520,9484,B,B,True
q_002043,5631,9525,B,A,False
q_002044,3529,10568,A,A,True
q_002046,7613,5754,A,B,False
q_002047,1430,6752,B,B,True
q_002048,6839,9542,A,A,True
q_002049,1372,8386,B,A,False
q_002050,2189,8690,B,B,True
q_002051,856,3843,A,B,False
q_002052,6534,4590,A,B,False
q_002053,4668,12040,A,A,True
q_002054,1662,9079,A,A,True
q_002055,4655,6009,A,B,False
q_002056,2550,9336,B,B,True
q_002057,3107,9384,A,A,True
q_002058,5009,11307,B,B,True
q_002059,4442,5123,A,B,False
q_002060,5133,11363,A,A,True
q_002061,79,7138,B,B,True
q_002062,1900,3818,B,B,True
q_002063,4460,9146,A,A,True
q_002064,7492,9138,B,B,True
q_002065,1514,6466,A,A,True
q_002066,11815,9213,A,A,True
q_002067,1631,11525,B,B,True
q_002068,4198,8295,A,A,True
q_002069,57,5328,B,B,True
q_002070,2408,10414,A,A,True
q_002071,8222,8849,B,B,True
q_002072,5117,10642,B,B,True
q_002073,11833,4350,B,B,True
q_002074,10597,8850,B,B,True
q_002075,7898,5186,B,B,True
q_002076,5900,10654,B,B,True
q_002077,1223,5591,A,A,True
q_002078,3285,8199,B,B,True
q_002079,1599,12575,A,A,True
q_002080,4793,10511,B,B,True
q_002081,1166,12396,B,B,True
q_002082,4127,6438,B,B,True
q_002083,8482,5949,A,B,False
q_002084,1668,3813,A,A,True
q_002085,8330,1371,A,A,True
q_002086,11135,9315,A,A,True
q_002087,8423,9158,B,A,False
q_002088,5085,3875,B,B,True
q_002089,251,12217,B,A,False
q_002090,2336,11275,A,A,True
q_002091,4149,9894,B,A,False
q_002092,5746,10228,A,A,True
q_002093,2513,7932,B,B,True
q_002094,473,2064,A,B,False
q_002095,7762,9887,A,B,False
q_002096,8630,11940,A,B,False
q_002097,12426,10935,B,B,True
q_002098,4397,9546,A,A,True
q_002099,929,3134,B,B,True
q_002100,784,11603,B,B,True
q_002101,1900,8486,B,B,True
q_002102,2188,3804,A,A,True
q_002103,1644,10556,B,B,True
q_002104,2480,11069,B,B,True
q_002105,1844,3496,B,B,True
q_002106,404,9732,B,A,False
q_002107,1762,4871,B,A,False
q_002108,3564,7669,A,B,False
q_002109,3602,3576,B,A,False
q_002110,3571,6296,A,B,False
q_002111,3093,8574,A,B,False
q_002112,11618,10165,B,B,True
q_002113,11566,326,A,A,True
q_002114,2550,9422,B,B,True
q_002115,2573,7195,B,A,False
q_002116,12206,10704,B,B,True
q_002117,5098,6888,A,A,True
q_002118,885,6937,A,B,False
q_002119,7008,8912,B,B,True
q_002120,3435,9772,A,B,False
q_002121,3869,12108,A,B,False
q_002122,7400,11718,A,B,False
q_002123,7752,11963,B,B,True
q_002124,3288,9473,B,B,True
q_002125,7514,3241,A,A,True
q_002126,3909,6872,A,A,True
q_002127,12214,7948,A,B,False
q_002128,815,12023,A,A,True
q_002129,4447,4072,A,A,True
q_002130,322,9123,A,A,True
q_002131,29,12403,A,A,True
q_002132,59,6601,A,B,False
q_002133,5079,9927,A,A,True
q_002134,5596,9401,A,B,False
q_002135,10513,8709,B,B,True
q_002136,1773,6918,A,A,True
q_002137,295,746,B,A,False
q_002138,2165,6851,A,B,False
q_002139,5083,7947,B,B,True
q_002140,114,8905,A,A,True
q_002141,8399,11119,A,B,False
q_002142,12229,11294,A,A,True
q_002143,1852,7754,B,B,True
q_002144,4607,9388,B,B,True
q_002145,7020,5641,A,A,True
q_002146,2242,11997,B,B,True
q_002147,3090,11892,A,A,True
q_002148,2883,10766,B,B,True
q_002149,208,10851,A,A,True
q_002150,4169,8960,B,A,False
q_002151,4094,11015,B,B,True
q_002152,238,10884,A,A,True
q_002153,6919,6248,A,A,True
q_002154,8954,9201,A,A,True
q_002155,6224,9932,B,B,True
q_002156,5626,11820,A,A,True
q_002157,8033,9185,A,B,False
q_002158,11696,10330,A,A,True
q_002159,12627,4245,A,B,False
q_002160,11785,10281,A,A,True
q_002161,3103,5565,B,B,True
q_002162,5119,5172,A,A,True
q_002163,11596,5433,B,B,True
q_002164,12128,12080,B,B,True
q_002165,3580,11738,A,B,False
q_002166,4015,9559,B,B,True
q_002167,7944,10715,B,B,True
q_002168,785,11894,B,B,True
q_002169,6177,12430,B,A,False
q_002170,265,2474,A,B,False
q_002171,9260,9466,B,B,True
q_002172,12665,5684,B,A,False
q_002173,4529,9716,B,A,False
q_002174,834,2963,B,A,False
q_002175,1663,9690,A,A,True
q_002176,1337,9708,B,B,True
q_002177,6107,10958,A,A,True
q_002178,3699,7957,A,B,False
q_002179,5800,10521,B,B,True
q_002180,7014,8892,B,B,True
q_002181,3052,4459,A,B,False
q_002182,7703,5736,B,B,True
q_002183,8194,8772,B,A,False
q_002184,8054,11551,B,A,False
q_002185,3676,6256,B,B,True
q_002186,4403,3880,A,A,True
q_002187,3275,9669,B,A,False
q_002188,5867,6672,A,B,False
q_002189,7446,4957,A,A,True
q_002190,4607,5842,A,A,True
q_002191,5210,6806,A,B,False
q_002192,1782,3639,B,B,True
q_002193,735,2781,A,A,True
q_002194,8354,8447,A,A,True
q_002195,2222,10369,A,A,True
q_002197,10934,9933,B,B,True
q_002198,2731,7255,A,A,True
q_002199,2131,4849,A,B,False
q_002200,4651,12431,A,A,True
q_002201,95,445,A,A,True
q_002202,497,9602,B,A,False
q_002203,2130,4270,B,A,False
q_002204,5775,11507,A,A,True
q_002205,5230,10133,A,A,True
q_002206,86,1707,A,B,False
q_002207,9122,10663,B,B,True
q_002208,1871,2980,B,A,False
q_002209,4619,1758,A,B,False
q_002210,6383,8893,B,B,True
q_002211,9839,9469,B,B,True
q_002213,1470,10902,B,B,True
q_002214,1466,6121,A,B,False
q_002215,4334,4956,A,A,True
q_002216,4283,5725,A,A,True
q_002217,12690,10170,B,B,True
q_002218,3640,8448,B,A,False
q_002219,1612,2447,A,A,True
q_002220,12019,9535,A,B,False
q_002221,1956,5277,A,B,False
q_002222,335,4432,A,B,False
q_002223,1240,5372,A,A,True
q_002224,5096,12684,B,B,True
q_002225,668,7874,B,A,False
q_002226,12664,11152,A,B,False
q_002227,820,11853,B,B,True
q_002228,3680,6421,A,B,False
q_002229,1331,12463,B,A,False
q_002230,8039,6262,B,B,True
q_002231,885,10619,A,B,False
q_002232,7498,11924,B,B,True
q_002233,1753,6908,A,A,True
q_002234,1512,7479,A,B,False
q_002235,12038,10047,A,B,False
q_002236,4770,3169,B,A,False
q_002237,6836,3438,A,A,True
q_002238,6050,11406,A,A,True
q_002239,7989,11243,B,A,False
q_002240,2841,9339,A,A,True
q_002241,2344,8430,B,B,True
q_002242,5846,5751,A,B,False
q_002243,1421,6869,A,A,True
q_002244,2233,9033,A,A,True
q_002245,4896,10578,B,B,True
q_002246,10565,7315,B,B,True
q_002247,2241,11835,B,B,True
q_002248,1979,10462,A,A,True
q_002249,11866,5381,A,B,False
q_002250,12688,6435,A,B,False
q_002251,2522,7016,B,A,False
q_002252,3096,10870,B,B,True
q_002253,7880,6363,A,A,True
q_002254,3749,10913,A,A,True
q_002255,8109,8719,B,B,True
q_002256,1588,10120,A,A,True
q_002257,8294,7147,A,A,True
q_002258,15,9662,A,B,False
q_002259,1580,12605,A,A,True
q_002260,301,6410,A,B,False
q_002261,12700,8310,A,B,False
q_002262,403,5899,B,A,False
q_002263,6562,10153,B,B,True
q_002264,1614,1347,B,B,True
q_002265,1210,4386,A,A,True
q_002266,12088,8684,B,A,False
q_002268,2300,1502,A,A,True
q_002269,1478,12410,B,B,True
q_002270,7537,4071,B,A,False
q_002271,4044,11825,A,A,True
q_002272,625,3773,A,A,True
q_002273,1392,5860,A,A,True
q_002274,2260,4768,B,A,False
q_002275,2648,5397,B,B,True
q_002276,2668,1539,A,A,True
q_002277,654,3792,B,A,False
q_002278,8168,4686,A,B,False
q_002279,8542,10493,B,B,True
q_002280,3893,9696,A,B,False
q_002281,4489,8903,A,A,True
q_002282,4113,10459,B,B,True
q_002283,89,10006,B,B,True
q_002284,10836,8656,A,B,False
q_002285,2332,10573,A,A,True
q_002286,11513,8705,A,A,True
q_002287,9532,10435,B,B,True
q_002288,11899,10740,B,A,False
q_002289,5131,5294,A,A,True
q_002290,5015,8380,A,A,True
q_002291,332,4085,B,B,True
q_002292,2989,5679,A,A,True
q_002293,12248,9515,A,B,False
q_002294,2014,9078,B,B,True
q_002295,1922,10183,B,A,False
q_002296,2127,8896,B,B,True
q_002297,6242,6486,A,B,False
q_002298,5781,2820,B,B,True
q_002299,3155,11347,B,B,True
q_002300,2176,3397,B,B,True
q_002301,1829,9371,A,A,True
q_002302,4545,7240,B,A,False
q_002303,9869,11169,A,A,True
q_002304,5633,11635,B,B,True
q_002305,1221,5047,B,A,False
q_002306,2924,4140,A,A,True
q_002307,1951,8367,A,B,False
q_002308,3616,3911,A,B,False
q_002309,6783,11550,A,B,False
q_002310,3565,5189,B,B,True
q_002311,858,10353,B,B,True
q_002312,6480,5971,A,B,False
q_002313,671,5272,A,B,False
q_002314,5758,2880,A,A,True
q_002315,6,5610,B,B,True
q_002316,1103,6086,B,A,False
q_002317,5544,11269,A,A,True
q_002318,10809,8934,B,B,True
q_002319,436,9843,B,A,False
q_002320,740,1256,A,A,True
q_002321,442,289,B,A,False
q_002322,4295,8779,B,A,False
q_002323,2615,8288,B,A,False
q_002324,4896,9488,A,A,True
q_002325,10459,10516,A,B,False
q_002326,1675,4348,A,A,True
q_002327,2135,1947,A,B,False
q_002328,334,1010,A,B,False
q_002329,1866,3624,B,B,True
q_002330,1139,828,B,A,False
q_002331,7994,10937,A,A,True
q_002332,3410,9362,A,B,False
q_002333,2341,10459,A,A,True
q_002334,7028,6662,A,A,True
q_002335,6848,3851,A,A,True
q_002336,5779,1020,A,A,True
q_002337,5933,10409,B,B,True
q_002338,552,8860,B,B,True
q_002339,1179,2898,B,B,True
q_002340,5380,10014,B,A,False
q_002341,12610,5013,A,A,True
q_002342,716,6932,A,A,True
q_002343,2077,9375,B,B,True
q_002344,7466,3677,A,A,True
q_002345,3271,10799,A,A,True
q_002346,1806,4158,B,B,True
q_002347,5973,9559,A,A,True
q_002348,2560,6828,A,A,True
q_002349,1641,6406,B,B,True
q_002350,534,6846,B,A,False
q_002351,1506,9533,A,B,False
q_002352,714,9077,B,A,False
q_002353,6357,5904,A,A,True
q_002354,3928,11900,A,B,False
q_002355,4675,4491,A,B,False
q_002356,3262,5230,A,A,True
q_002357,2785,2981,B,A,False
q_002358,12470,7947,A,B,False
q_002359,2648,12185,A,B,False
q_002360,8243,8241,A,A,True
q_002361,5888,9549,A,B,False
q_002362,2031,12222,B,A,False
q_002363,1511,11801,B,A,False
q_002364,17,9653,B,A,False
q_002366,8623,4285,A,B,False
q_002367,2240,2331,B,B,True
q_002368,1375,2062,A,B,False
q_002369,2228,7574,A,A,True
q_002370,559,333,B,A,False
q_002371,3429,10458,B,A,False
q_002372,777,8167,B,B,True
q_002373,2350,5064,B,A,False
q_002374,8884,9648,A,B,False
q_002375,12584,1203,B,A,False
q_002376,7793,10847,B,B,True
q_002377,969,1743,A,A,True
q_002378,12551,9298,A,B,False
q_002379,8304,9570,A,A,True
q_002380,2282,10099,B,B,True
q_002381,5702,3585,B,B,True
q_002382,3002,11662,B,B,True
q_002383,4993,12432,B,B,True
q_002384,2333,9269,A,A,True
q_002385,2327,11119,B,A,False
q_002386,370,12109,A,A,True
q_002387,4503,12396,B,B,True
q_002388,12144,8452,A,B,False
q_002389,4764,11090,B,A,False
q_002390,5775,10263,A,A,True
q_002391,2443,6355,A,B,False
q_002392,12596,7842,A,B,False
q_002393,2805,11062,A,B,False
q_002394,5988,6012,B,B,True
q_002395,8337,10607,B,B,True
q_002396,5694,12028,A,A,True
q_002397,126,3673,B,B,True
q_002398,3913,3201,A,B,False
q_002399,5200,9336,A,B,False
q_002400,82,12407,B,B,True
q_002401,7197,10520,A,B,False
q_002402,1863,9478,A,A,True
q_002403,2,7000,B,A,False
q_002404,6719,4879,A,B,False
q_002405,6780,10528,B,A,False
q_002406,4715,9344,A,B,False
q_002407,3297,9028,A,A,True
q_002408,5897,10320,A,A,True
q_002409,337,5245,A,A,True
q_002410,6741,4251,A,A,True
q_002411,629,5341,A,A,True
q_002412,11828,12001,B,B,True
q_002414,7123,4727,A,B,False
q_002415,6178,11333,A,B,False
q_002416,232,7868,B,A,False
q_002417,6816,3306,A,A,True
q_002418,3664,9001,B,A,False
q_002419,11483,5320,B,B,True
q_002420,782,3285,A,A,True
q_002421,9234,9630,B,A,False
q_002422,1319,10197,A,B,False
q_002423,4461,10503,B,B,True
q_002424,4428,9480,B,B,True
q_002425,6271,7131,B,B,True
q_002426,2004,8362,A,B,False
q_002427,4954,4897,A,B,False
q_002428,2251,9588,A,A,True
q_002429,3439,10528,A,B,False
q_002430,1681,2750,A,B,False
q_002431,2384,6631,A,B,False
q_002432,2065,11258,B,B,True
q_002433,3999,11898,B,A,False
q_002434,5724,7743,A,B,False
q_002435,7376,7167,B,B,True
q_002436,8125,4585,B,B,True
q_002437,7774,8598,A,B,False
q_002438,7741,10727,B,B,True
q_002439,6566,840,B,B,True
q_002440,8325,4604,B,B,True
q_002441,13,7045,B,A,False
q_002442,119,11171,A,B,False
q_002443,2697,8484,B,B,True
q_002444,7601,4895,A,A,True
q_002445,8323,11365,A,A,True
q_002446,2923,9829,B,B,True
q_002447,2721,8212,B,B,True
q_002448,10506,9888,A,B,False
q_002449,2185,7401,B,B,True
q_002450,683,10671,A,A,True
q_002451,4505,11312,B,A,False
q_002452,1208,12506,A,A,True
q_002453,8095,5971,A,B,False
q_002454,11036,10546,A,A,True
q_002455,6961,6049,B,B,True
q_002456,542,10679,B,B,True
q_002458,1171,6031,A,A,True
q_002459,756,9336,A,A,True
q_002460,4320,9614,A,B,False
q_002461,2734,5807,A,A,True
q_002462,6024,9205,A,B,False
q_002463,7006,7444,A,B,False
q_002464,5894,9400,B,A,False
q_002465,2484,8547,B,A,False
q_002466,5789,3826,A,B,False
q_002467,8296,8635,A,A,True
q_002468,342,4048,B,A,False
q_002469,2720,9516,B,B,True
q_002470,11609,11338,B,B,True
q_002471,2627,1260,A,A,True
q_002472,5270,8476,A,B,False
q_002473,1403,2630,B,B,True
q_002475,8503,5371,A,A,True
q_002476,3524,6625,B,B,True
q_002477,2238,2998,A,A,True
q_002478,989,4878,B,B,True
q_002479,1711,1456,A,B,False
q_002480,8279,7947,B,B,True
q_002481,1668,10931,B,B,True
q_002482,2291,4233,B,A,False
q_002483,3974,4071,B,A,False
q_002484,12299,4368,B,A,False
q_002485,12602,4584,B,B,True
q_002486,1008,3104,A,B,False
q_002487,703,1998,A,A,True
q_002488,6673,9303,A,B,False
q_002489,3793,4540,B,B,True
q_002490,8185,4348,A,B,False
q_002491,3364,11699,A,B,False
q_002492,2069,11808,A,A,True
q_002493,7757,12240,B,A,False
q_002494,667,5320,B,B,True
q_002495,2610,2907,A,B,False
q_002496,6449,10179,B,A,False
q_002497,11287,11187,B,A,False
q_002498,410,7038,B,A,False
q_002499,1765,11812,A,A,True
q_002500,3163,8887,B,B,True
q_002501,1269,9676,B,A,False
q_002502,7135,9570,B,A,False
q_002503,165,1365,A,A,True
q_002504,647,6373,A,B,False
q_002505,1465,5167,B,B,True
q_002506,7,5843,B,B,True
q_002507,3142,7873,A,B,False
q_002508,5176,11884,B,A,False
q_002509,1550,8946,B,A,False
q_002510,2531,900,A,A,True
q_002511,203,10830,A,A,True
q_002512,12232,4395,A,B,False
q_002513,5907,9584,B,A,False
q_002514,5762,1314,A,A,True
q_002515,10417,8853,B,B,True
q_002516,2203,8793,B,A,False
q_002517,594,6684,A,A,True
q_002518,1820,8547,A,A,True
q_002519,12664,11402,A,B,False
q_002520,2131,5624,B,B,True
q_002521,562,4590,A,A,True
q_002522,2668,7963,B,B,True
q_002523,5099,2100,A,A,True
q_002524,792,10926,A,A,True
q_002525,4115,2865,A,A,True
q_002526,6767,5952,A,A,True
q_002527,4306,12054,A,A,True
q_002528,1098,8481,B,A,False
q_002529,2520,7330,B,B,True
q_002530,1248,11635,B,B,True
q_002531,6487,10244,A,B,False
q_002532,11752,10993,B,B,True
q_002533,2164,8043,A,A,True
q_002534,9601,10182,B,B,True
q_002535,5507,12435,B,B,True
q_002536,1780,4142,A,A,True
q_002537,5426,6336,A,B,False
q_002538,12548,6745,A,B,False
q_002539,6273,9932,B,B,True
q_002540,3682,8940,B,B,True
q_002541,3824,12337,A,A,True
q_002542,12154,7620,B,B,True
q_002543,4838,7914,A,B,False
q_002544,8313,10232,B,B,True
q_002545,5051,11345,A,A,True
q_002546,8661,10099,B,B,True
q_002547,7431,2814,A,B,False
q_002548,5974,2815,B,B,True
q_002549,1627,7877,B,A,False
q_002550,8318,11006,B,B,True
q_002551,4079,12046,B,B,True
q_002552,2755,7747,A,A,True
q_002553,2455,6731,A,A,True
q_002554,12476,10368,A,A,True
q_002555,1313,12413,B,B,True
q_002556,354,10146,A,A,True
q_002557,3939,11005,B,B,True
q_002558,394,4241,B,A,False
q_002559,7489,7170,A,A,True
q_002560,3746,7337,B,B,True
q_002561,3952,4557,B,A,False
q_002562,310,8472,B,B,True
q_002563,47,5193,A,A,True
q_002564,5587,5718,B,A,False
q_002565,5483,12672,A,A,True
q_002566,3756,10173,B,B,True
q_002567,3050,8045,B,A,False
q_002568,3360,4817,B,A,False
q_002569,11775,12365,A,A,True
q_002570,8435,10191,B,A,False
q_002571,11852,8298,A,B,False
q_002572,2406,9282,B,B,True
q_002573,4975,11485,A,B,False
q_002574,2499,9821,A,A,True
q_002575,12290,4183,B,A,False
q_002576,3442,12103,B,A,False
q_002577,5731,7215,B,B,True
q_002578,12317,11031,B,A,False
q_002579,12704,7216,B,A,False
q_002580,7375,4876,A,B,False
q_002581,5868,9750,B,A,False
q_002582,3700,7506,B,A,False
q_002583,8371,6656,B,B,True
q_002584,4252,4452,A,B,False
q_002585,8322,7044,B,A,False
q_002586,3396,4699,A,B,False
q_002587,2468,4075,B,B,True
q_002588,3500,12328,B,B,True
q_002589,140,4392,A,B,False
q_002590,896,11865,A,A,True
q_002591,3262,4811,B,A,False
q_002592,6761,10164,B,B,True
q_002593,5527,1203,A,A,True
q_002594,3884,4312,A,B,False
q_002595,2110,2897,A,B,False
q_002596,6361,10428,A,A,True
q_002597,6531,9188,B,A,False
q_002598,5714,12306,B,B,True
q_002599,8360,4944,B,B,True
q_002600,10198,10968,A,B,False
q_002601,8333,2726,A,B,False
q_002602,5945,9917,A,A,True
q_002603,11356,7149,B,B,True
q_002604,11380,9634,B,B,True
q_002605,12279,9600,A,A,True
q_002606,1157,6765,B,B,True
q_002607,3271,11317,A,B,False
q_002608,2454,6686,B,B,True
q_002609,7881,10505,A,A,True
q_002611,2614,11785,B,A,False
q_002612,103,2306,B,B,True
q_002613,7591,11988,A,A,True
q_002614,1329,11324,B,A,False
q_002615,2222,8500,B,A,False
q_002616,7641,12609,B,B,True
q_002617,668,1924,A,A,True
q_002618,8343,7198,A,A,True
q_002619,4035,12014,A,A,True
q_002620,9551,10764,B,B,True
q_002621,4987,7288,B,A,False
q_002622,1321,6329,B,A,False
q_002623,11739,8659,A,A,True
q_002624,11706,6045,B,B,True
q_002625,168,7357,A,A,True
q_002626,7573,12438,B,B,True
q_002627,58,9886,A,B,False
q_002628,7835,6231,B,B,True
q_002629,489,2224,B,A,False
q_002630,99,11889,A,A,True
q_002631,3767,8646,B,A,False
q_002632,11606,9759,B,B,True
q_002633,4092,7149,A,A,True
q_002634,1058,12149,B,A,False
q_002635,337,4224,B,B,True
q_002636,5434,4263,A,B,False
q_002637,9447,9661,B,A,False
q_002638,1919,7801,B,A,False
q_002639,520,10827,A,A,True
q_002640,3043,969,A,B,False
q_002641,2497,6307,B,B,True
q_002642,2580,11075,A,B,False
q_002643,283,5918,B,B,True
q_002644,910,5745,A,B,False
q_002645,69,9889,A,B,False
q_002646,7915,7214,A,A,True
q_002647,12500,9995,B,B,True
q_002648,2790,11896,A,B,False
q_002649,8381,4202,A,B,False
q_002650,1709,11189,B,B,True
q_002651,7499,11165,A,A,True
q_002652,1349,12559,B,B,True
q_002653,11538,4740,A,A,True
q_002654,5286,10811,B,A,False
q_002655,3239,7180,A,B,False
q_002656,741,12510,B,B,True
q_002657,845,3435,B,B,True
q_002658,8540,10164,B,B,True
q_002659,2040,6480,B,B,True
q_002660,5524,8737,B,B,True
q_002661,3308,9846,A,A,True
q_002662,1903,11198,B,B,True
q_002663,5732,6310,A,A,True
q_002664,5318,2730,B,A,False
q_002665,6817,5798,A,A,True
q_002666,3765,3058,A,A,True
q_002667,4051,12267,A,A,True
q_002668,1780,975,A,B,False
q_002669,12244,6179,A,A,True
q_002670,6032,10062,B,B,True
q_002671,4831,10872,B,B,True
q_002672,12524,10819,A,B,False
q_002673,1437,2384,A,A,True
q_002674,11830,11566,A,B,False
q_002675,7552,11013,B,B,True
q_002676,282,12226,B,B,True
q_002677,8911,11158,B,A,False
q_002678,2658,7365,A,A,True
q_002679,524,4758,B,B,True
q_002680,1490,10940,B,B,True
q_002681,1471,1285,B,B,True
q_002682,3797,4952,B,B,True
q_002683,1227,10304,A,A,True
q_002684,1804,6421,A,A,True
q_002685,785,6121,B,B,True
q_002686,3106,10703,A,A,True
q_002687,751,7171,A,A,True
q_002688,8108,9647,B,B,True
q_002689,1996,12480,B,B,True
q_002690,11625,9268,B,B,True
q_002691,7716,10773,A,A,True
q_002692,11563,7998,A,A,True
q_002693,5400,10524,B,A,False
q_002694,3790,11879,B,B,True
q_002695,4701,9951,A,B,False
q_002696,1624,2815,A,A,True
q_002697,7811,5307,A,A,True
q_002698,1636,11682,B,B,True
q_002699,1505,9193,A,B,False
q_002700,3425,11196,B,A,False
q_002701,9383,10098,A,A,True
q_002702,2811,11223,A,A,True
q_002703,11299,10644,A,B,False
q_002704,876,9392,B,B,True
q_002705,3613,9305,A,A,True
q_002706,8972,9972,A,A,True
q_002707,3860,9358,B,B,True
q_002708,1699,9282,A,A,True
q_002709,10217,11109,A,A,True
q_002710,2287,840,B,A,False
q_002711,304,7069,A,B,False
q_002712,4313,11943,A,B,False
q_002713,2707,6613,B,A,False
q_002714,3582,6435,A,B,False
q_002715,1074,5892,B,A,False
q_002716,5510,5586,A,A,True
q_002717,5325,8769,A,B,False
q_002718,5126,7367,A,A,True
q_002719,1165,2076,B,B,True
q_002720,7711,7963,A,A,True
q_002721,8492,2151,A,A,True
q_002722,1444,10875,A,A,True
q_002723,302,4787,B,B,True
q_002724,703,10044,A,A,True
q_002725,7862,3814,A,A,True
q_002727,509,12325,A,A,True
q_002728,6674,7386,A,B,False
q_002729,5867,4815,B,A,False
q_002730,12212,10643,A,A,True
q_002731,3061,6636,A,B,False
q_002732,11835,11397,B,B,True
q_002733,2723,5127,B,A,False
q_002734,3973,5684,A,B,False
q_002735,1774,3828,B,B,True
q_002736,123,7296,B,A,False
q_002737,2395,8563,B,A,False
q_002739,4372,8062,A,B,False
q_002740,2360,8283,A,B,False
q_002741,347,1230,B,A,False
q_002742,6506,11151,A,B,False
q_002743,6497,12037,B,B,True
q_002744,2525,8786,A,A,True
q_002745,459,5146,B,A,False
q_002746,2854,9670,B,A,False
q_002747,8607,10279,A,A,True
q_002748,5272,4682,A,A,True
q_002749,12382,11890,A,B,False
q_002750,3115,8268,B,B,True
q_002751,1026,11530,A,B,False
q_002752,7402,10439,B,A,False
q_002753,2614,8281,A,B,False
q_002754,12662,12589,A,B,False
q_002755,11072,9436,B,A,False
q_002756,2410,11234,B,B,True
q_002758,5451,4572,A,A,True
q_002759,5451,10983,B,B,True
q_002760,2202,1699,B,A,False
q_002761,3298,5477,A,B,False
q_002762,4631,4416,B,A,False
q_002763,456,5728,A,B,False
q_002764,2598,8022,A,A,True
q_002765,6793,2814,A,A,True
q_002766,4693,8965,A,A,True
q_002767,308,12624,B,B,True
q_002768,4205,6080,B,B,True
q_002769,8374,12182,A,A,True
q_002770,8396,3366,B,B,True
q_002771,513,5482,B,A,False
q_002772,2585,7701,B,A,False
q_002773,3152,8968,A,A,True
q_002774,12254,6926,A,A,True
q_002775,3834,10763,B,B,True
q_002776,6634,12338,A,A,True
q_002777,6298,11473,B,A,False
q_002778,4363,4939,A,A,True
q_002779,574,12639,B,A,False
q_002780,3951,9257,A,B,False
q_002781,11891,10081,A,A,True
q_002782,2321,9679,A,B,False
q_002783,11044,10641,A,B,False
q_002784,6710,11583,B,A,False
q_002785,1493,9826,B,A,False
q_002786,3591,10483,A,B,False
q_002787,760,1346,A,A,True
q_002788,1259,60,A,A,True
q_002789,827,10606,B,B,True
q_002790,8170,11905,B,B,True
q_002791,1979,11627,B,B,True
q_002792,382,9176,B,B,True
q_002793,1756,6796,B,B,True
q_002794,880,6174,A,A,True
q_002795,11635,4971,A,A,True
q_002796,1309,11070,A,A,True
q_002797,7750,7210,A,B,False
q_002798,11504,8995,A,A,True
q_002799,2692,5048,A,A,True
q_002800,35,10074,B,B,True
q_002801,2862,5655,A,B,False
q_002802,2346,12569,B,A,False
q_002803,802,5924,A,B,False
q_002804,2187,1364,A,B,False
q_002805,12310,4586,A,B,False
q_002806,1518,3669,B,B,True
q_002807,3947,8597,A,B,False
q_002808,5962,10054,A,A,True
q_002809,954,2406,B,B,True
q_002810,556,6525,B,B,True
q_002811,3634,6210,A,B,False
q_002812,2515,7520,B,B,True
q_002813,2214,12254,A,B,False
q_002814,2540,4110,B,B,True
q_002815,1198,7710,A,A,True
q_002816,8564,5987,A,B,False
q_002817,1477,11020,B,B,True
q_002818,1620,4972,B,B,True
q_002819,2511,8994,B,B,True
q_002820,6871,11775,A,B,False
q_002821,10214,10546,B,B,True
q_002822,1613,3964,B,B,True
q_002823,2988,12400,A,A,True
q_002824,1711,7867,A,B,False
q_002825,9365,10700,B,A,False
q_002826,11667,4600,A,A,True
q_002827,3469,11987,A,A,True
q_002828,8130,7959,A,A,True
q_002829,1613,2986,A,A,True
q_002830,11651,11726,A,B,False
q_002831,3801,10111,B,B,True
q_002832,3814,1221,A,B,False
q_002833,6933,11193,A,B,False
q_002834,4931,12014,A,A,True
q_002835,5047,6906,A,A,True
q_002836,11528,12267,A,A,True
q_002837,3097,11422,B,B,True
q_002838,3442,2739,A,B,False
q_002839,6818,12348,B,B,True
q_002840,7630,5565,A,A,True
q_002841,4900,8956,B,B,True
q_002842,10160,9710,A,B,False
q_002843,6136,10040,B,B,True
q_002844,1537,5802,A,B,False
q_002845,12585,5799,A,B,False
q_002846,2023,10959,A,A,True
q_002847,6691,4909,B,A,False
q_002848,3556,5375,A,A,True
q_002849,5740,4595,A,A,True
q_002850,2476,1632,A,A,True
q_002851,4975,4358,B,A,False
q_002853,1141,12368,B,B,True
q_002854,1828,9198,A,A,True
q_002855,984,6141,B,B,True
q_002856,2745,7219,A,A,True
q_002857,2262,9909,A,B,False
q_002858,4958,9206,A,B,False
q_002859,5668,12315,B,B,True
q_002860,2460,6076,A,B,False
q_002861,12210,11825,B,B,True
q_002862,10612,10508,B,B,True
q_002863,5537,7780,B,B,True
q_002864,1103,11450,B,A,False
q_002865,446,4424,B,A,False
q_002866,4005,6371,A,B,False
q_002867,2002,8646,A,A,True
q_002868,7490,10932,A,A,True
q_002869,2615,10532,A,A,True
q_002870,2070,3591,A,A,True
q_002871,6334,12398,A,A,True
q_002872,8446,10397,B,B,True
q_002873,2779,4203,A,B,False
q_002874,4874,11015,A,A,True
q_002875,3829,6553,A,A,True
q_002876,3826,8441,A,B,False
q_002877,4149,11895,A,B,False
q_002878,8596,11068,A,A,True
q_002879,1500,12417,A,A,True
q_002880,516,1815,A,B,False
q_002881,3003,9893,B,A,False
q_002882,2634,7153,A,A,True
q_002883,624,1334,B,A,False
q_002884,3350,4514,A,A,True
q_002885,1952,5061,B,A,False
q_002886,420,11853,A,B,False
q_002887,805,10609,B,B,True
q_002888,1886,1493,A,A,True
q_002889,2479,5135,B,B,True
q_002890,1888,2568,A,A,True
q_002891,3745,7224,B,A,False
q_002892,575,4630,B,B,True
q_002893,11593,12049,A,A,True
q_002894,3314,11910,B,B,True
q_002896,2507,8388,A,A,True
q_002897,7954,11243,B,B,True
q_002898,5273,10119,A,A,True
q_002900,1726,6448,A,B,False
q_002901,5255,10172,B,A,False
q_002902,7089,10965,A,A,True
q_002903,8027,7850,A,B,False
q_002904,1947,8283,B,A,False
q_002905,4702,10980,B,A,False
q_002906,7940,3317,B,B,True
q_002907,6793,12057,A,A,True
q_002908,1621,4084,B,B,True
q_002910,1426,10358,A,A,True
q_002911,1151,7230,A,B,False
q_002912,5997,6022,A,A,True
q_002913,1710,2870,A,A,True
q_002914,900,5174,B,B,True
q_002915,5563,10115,B,B,True
q_002916,12308,7890,A,B,False
q_002917,7418,12017,B,B,True
q_002918,496,10792,B,B,True
q_002919,4807,6123,B,A,False
q_002920,3560,4136,B,A,False
q_002921,695,9794,A,B,False
q_002922,1571,1810,A,B,False
q_002923,6350,6867,B,B,True
q_002924,5375,5424,A,B,False
q_002925,2323,7161,A,A,True
q_002926,7833,8811,A,A,True
q_002927,3375,4075,A,B,False
q_002928,2358,3637,B,A,False
q_002929,8300,8610,A,A,True
q_002930,2505,2213,A,A,True
q_002931,976,8550,B,A,False
q_002932,2060,10845,A,A,True
q_002933,2651,5524,B,A,False
q_002934,1536,10266,A,A,True
q_002935,2905,9372,B,B,True
q_002936,6757,9754,A,B,False
q_002937,1871,9173,B,A,False
q_002938,11469,10807,B,A,False
q_002939,2146,3120,B,A,False
q_002940,8590,9087,A,A,True
q_002941,8270,11901,B,B,True
q_002942,9695,10541,A,A,True
q_002943,2387,9261,B,B,True
q_002944,8933,10446,A,B,False
q_002945,655,1364,A,B,False
q_002946,7483,11919,A,A,True
q_002947,1609,6323,B,B,True
q_002948,3221,6748,B,A,False
q_002949,5669,6601,A,B,False
q_002950,399,3664,A,A,True
q_002951,7533,6457,B,B,True
q_002952,673,11902,B,A,False
q_002953,5548,5766,A,B,False
q_002954,3518,4440,A,B,False
q_002955,12641,8222,A,A,True
q_002956,1258,6605,A,B,False
q_002957,6179,9606,A,B,False
q_002958,2090,6513,A,A,True
q_002960,4983,11711,A,B,False
q_002961,4445,5359,B,B,True
q_002962,6967,12367,B,B,True
q_002963,2072,849,A,A,True
q_002964,10350,9326,A,B,False
q_002966,3056,11784,A,B,False
q_002967,1883,2896,B,A,False
q_002968,9145,10980,A,A,True
q_002969,8102,5010,A,A,True
q_002970,7718,7766,B,B,True
q_002971,646,11087,A,B,False
q_002972,1641,7597,B,B,True
q_002973,4409,12470,B,B,True
q_002974,220,12051,A,A,True
q_002975,1891,5959,A,B,False
q_002976,1307,6282,A,A,True
q_002977,6641,11394,A,A,True
q_002978,314,3593,A,A,True
q_002979,12604,6043,A,A,True
q_002980,11483,9113,B,B,True
q_002981,767,2391,A,A,True
q_002982,2194,10179,B,B,True
q_002983,9884,10447,B,B,True
q_002984,6616,9144,B,B,True
q_002985,8236,10462,B,B,True
q_002986,12295,9499,A,A,True
q_002987,5100,9933,B,B,True
q_002988,3226,11478,B,A,False
q_002989,7873,5441,A,A,True
q_002990,8069,5795,A,A,True
q_002991,5494,8106,B,B,True
q_002992,3799,2453,A,B,False
q_002993,3333,10879,A,B,False
q_002995,5414,8019,A,A,True
q_002996,5813,3832,A,B,False
q_002997,1211,4417,A,A,True
q_002998,5527,11191,A,A,True
q_002999,8419,8983,B,A,False
q_003000,11676,9886,A,B,False
q_003001,8537,10536,B,B,True
q_003002,7863,11815,B,B,True
q_003003,12206,3905,A,A,True
q_003004,8310,8957,B,B,True
q_003005,4713,7197,B,B,True
q_003006,7612,11737,A,A,True
q_003007,5401,2949,A,B,False
q_003008,326,7994,B,B,True
q_003009,1620,10319,A,A,True
q_003010,2226,4693,B,B,True
q_003011,8432,6426,A,B,False
q_003012,580,1863,B,A,False
q_003013,1704,9359,A,A,True
q_003014,5045,6224,B,B,True
q_003015,5841,9936,B,A,False
q_003016,5393,6765,A,B,False
q_003017,2738,3453,B,B,True
q_003018,7598,3614,A,A,True
q_003019,10400,9469,B,A,False
q_003020,4442,5505,B,A,False
q_003021,1667,4683,A,A,True
q_003022,4915,9828,A,B,False
q_003023,2523,4687,B,B,True
q_003024,4532,4752,A,B,False
q_003025,7965,9537,A,A,True
q_003026,1441,4160,B,B,True
q_003027,6483,9495,B,B,True
q_003028,8446,2854,A,A,True
q_003029,2554,11368,B,B,True
q_003030,1631,9307,B,B,True
q_003031,3463,10805,B,B,True
q_003032,3774,7156,A,A,True
q_003033,1407,4321,A,A,True
q_003034,7494,1267,A,A,True
q_003035,1306,12148,A,B,False
q_003036,580,10196,B,B,True
q_003037,1962,5286,A,A,True
q_003038,3592,12303,A,A,True
q_003039,2511,7293,A,A,True
q_003040,7351,5021,A,B,False
q_003041,3701,7750,A,A,True
q_003042,4168,10939,B,B,True
q_003043,6726,10617,B,B,True
q_003044,307,2402,B,B,True
q_003045,6879,11217,A,A,True
q_003046,6945,9246,A,A,True
q_003047,2842,9664,B,A,False
q_003048,2153,12389,A,B,False
q_003049,3324,8998,A,A,True
q_003050,10595,10625,B,A,False
q_003051,2226,1281,A,A,True
q_003052,7647,9546,B,B,True
q_003053,4544,9351,B,B,True
q_003054,6405,10007,A,A,True
q_003055,1346,6079,A,A,True
q_003056,1575,10193,A,A,True
q_003057,1873,7698,A,A,True
q_003058,4944,10960,B,A,False
q_003059,3474,7586,A,B,False
q_003060,3155,1281,A,A,True
q_003061,3917,9981,A,A,True
q_003062,4860,5835,B,B,True
q_003063,949,1617,A,B,False
q_003064,4675,8985,B,A,False
q_003065,2578,6991,B,A,False
q_003066,12534,10537,A,B,False
q_003068,1894,1348,B,B,True
q_003069,889,7271,A,B,False
q_003070,89,5372,A,A,True
q_003071,6113,5816,A,A,True
q_003072,1981,3052,B,B,True
q_003073,9500,9939,A,B,False
q_003074,916,7390,A,A,True
q_003075,11467,9504,A,A,True
q_003076,1385,2937,A,B,False
q_003077,3342,10356,B,B,True
q_003078,2618,11254,B,B,True
q_003079,5696,11454,A,A,True
q_003080,1220,5583,B,B,True
q_003081,1381,10426,A,A,True
q_003082,3517,10844,A,B,False
q_003083,3059,12423,B,A,False
q_003084,4315,6210,B,A,False
q_003085,2095,4585,B,B,True
q_003086,2308,1940,A,A,True
q_003087,2241,3383,B,B,True
q_003088,2939,8709,A,A,True
q_003089,1228,5940,B,B,True
q_003090,8151,4362,A,A,True
q_003091,4982,10212,A,B,False
q_003092,1825,9137,B,B,True
q_003093,3061,12506,B,B,True
q_003094,12547,11561,B,A,False
q_003095,3773,9552,B,A,False
q_003096,1425,2220,A,A,True
q_003097,4137,3987,A,B,False
q_003098,2332,3282,B,B,True
q_003099,3544,3466,B,A,False
q_003100,11752,4644,B,B,True
q_003101,1967,1663,A,B,False
q_003102,4028,183,A,A,True
q_003103,5576,10005,A,A,True
q_003104,731,8907,A,A,True
q_003105,772,3849,A,A,True
q_003106,3835,10933,A,A,True
q_003107,12297,4692,A,B,False
q_003108,10666,11445,A,A,True
q_003109,11782,2998,A,A,True
q_003110,6853,10978,B,B,True
q_003111,1505,9697,B,A,False
q_003112,5095,750,A,A,True
q_003113,6728,11816,B,A,False
q_003114,2117,4638,B,B,True
q_003115,12616,6327,B,B,True
q_003116,7663,7986,A,A,True
q_003117,8171,10833,A,A,True
q_003118,3286,300,A,B,False
q_003119,9087,11018,A,B,False
q_003120,1346,7924,A,B,False
q_003121,285,12693,A,A,True
q_003122,8140,5991,A,B,False
q_003123,869,7796,B,A,False
q_003124,5604,3509,A,B,False
q_003125,11305,10089,A,A,True
q_003126,6324,10576,A,A,True
q_003127,4783,11545,A,B,False
q_003128,6407,3691,A,B,False
q_003129,8494,10056,A,A,True
q_003130,4558,12128,B,A,False
q_003131,5857,9392,A,B,False
q_003132,4560,9660,A,B,False
q_003133,1031,5365,B,B,True
q_003134,1310,9028,B,B,True
q_003135,1822,200,A,A,True
q_003136,7379,3407,A,A,True
q_003137,6063,4914,A,B,False
q_003138,12581,5955,A,B,False
q_003139,6281,11067,B,B,True
q_003140,1436,6251,A,A,True
q_003141,4206,5176,B,B,True
q_003142,716,5735,B,A,False
q_003143,796,7219,B,B,True
q_003144,4762,9701,B,B,True
q_003145,7016,12187,A,A,True
q_003146,2352,8164,B,A,False
q_003147,10630,8649,B,B,True
q_003148,12573,4989,A,B,False
q_003149,1381,6872,B,B,True
q_003150,9059,11045,A,B,False
q_003151,2861,10535,B,B,True
q_003152,2500,10523,A,A,True
q_003153,5224,10076,B,B,True
q_003154,618,873,A,A,True
q_003155,12517,10773,B,A,False
q_003156,12630,9791,B,A,False
q_003157,12641,10896,B,B,True
q_003158,6064,8487,B,A,False
q_003159,3564,11091,A,B,False
q_003160,2218,1506,A,A,True
q_003161,4715,11307,B,A,False
q_003162,2037,4249,B,B,True
q_003163,3994,3503,A,A,True
q_003164,1629,12075,B,B,True
q_003165,5104,8378,B,B,True
q_003166,2834,9517,A,A,True
q_003167,3406,8124,A,B,False
q_003168,8959,10447,B,B,True
q_003170,7992,12029,A,A,True
q_003171,12273,11928,B,A,False
q_003172,5491,5487,A,A,True
q_003173,4378,6001,B,A,False
q_003174,2758,12637,B,B,True
q_003175,7077,9958,A,A,True
q_003176,11830,7810,A,B,False
q_003177,3764,8362,A,B,False
q_003178,2555,2737,A,B,False
q_003179,2157,6584,A,B,False
q_003180,2840,10096,B,B,True
q_003181,535,2480,A,B,False
q_003182,7500,9488,A,A,True
q_003183,737,8355,B,B,True
q_003184,6820,7998,B,B,True
q_003185,8165,12062,A,A,True
q_003186,9727,11383,A,A,True
q_003187,1587,5119,A,B,False
q_003188,755,7251,B,B,True
q_003189,10598,10113,A,A,True
q_003190,39,10444,A,A,True
q_003191,5934,8657,B,B,True
q_003192,12673,8526,A,B,False
q_003193,2438,4118,B,B,True
q_003194,5599,9401,B,A,False
q_003195,2229,10469,B,B,True
q_003196,2867,5582,B,B,True
q_003197,4362,10317,A,A,True
q_003198,7061,12441,A,A,True
q_003199,7902,3363,A,A,True
q_003200,11706,12325,A,A,True
q_003201,7852,11604,A,B,False
q_003202,2355,9776,B,A,False
q_003203,671,1780,B,A,False
q_003204,12292,3804,B,A,False
q_003205,5373,8611,A,B,False
q_003206,2560,12698,A,A,True
q_003207,2830,10349,A,A,True
q_003208,1348,5340,A,A,True
q_003209,2536,2989,B,B,True
q_003210,12203,9914,A,B,False
q_003211,3509,8322,A,A,True
q_003212,4348,7622,B,A,False
q_003213,144,12256,B,B,True
q_003214,8543,7136,A,A,True
q_003215,3362,12314,A,A,True
q_003216,67,11731,A,A,True
q_003217,5024,5463,B,B,True
q_003218,7628,12529,A,A,True
q_003219,5496,3796,A,A,True
q_003220,11290,8889,A,A,True
q_003221,3215,11689,B,A,False
q_003222,2835,9855,B,A,False
q_003223,6184,9857,A,B,False
q_003224,3002,7730,A,B,False
q_003225,7806,9807,A,B,False
q_003226,3721,7355,A,A,True
q_003227,4807,8842,B,B,True
q_003228,12471,9376,B,A,False
q_003229,11072,10611,B,A,False
q_003230,2315,10686,A,A,True
q_003231,2707,1649,A,B,False
q_003232,8597,10351,A,A,True
q_003233,54,1038,A,B,False
q_003234,7268,5085,A,B,False
q_003235,12627,7257,A,B,False
q_003236,4619,5694,A,B,False
q_003237,112,12631,A,A,True
q_003238,12393,11219,B,B,True
q_003239,490,8999,A,B,False
q_003240,2653,4201,B,A,False
q_003241,7765,2643,A,B,False
q_003242,7780,11404,A,B,False
q_003243,6593,7021,A,A,True
q_003244,12210,9261,A,A,True
q_003245,9985,10291,A,B,False
q_003246,3291,9754,A,B,False
q_003247,1132,12611,B,A,False
q_003248,1783,12230,B,B,True
q_003249,596,5022,A,A,True
q_003250,3776,4299,A,B,False
q_003251,7809,9493,A,A,True
q_003252,1985,11160,B,A,False
q_003253,4721,9108,B,A,False
q_003254,3006,7294,A,B,False
q_003255,2399,3887,A,A,True
q_003256,1228,2196,A,A,True
q_003257,2484,11345,A,A,True
q_003258,6767,7171,A,A,True
q_003259,5807,5210,A,A,True
q_003260,5531,12452,A,A,True
q_003261,2090,6092,B,A,False
q_003262,3227,9416,B,A,False
q_003263,10856,10950,A,A,True
q_003264,6689,3613,A,B,False
q_003265,8161,11981,B,B,True
q_003266,10900,9384,B,A,False
q_003267,1265,8773,B,A,False
q_003268,1706,5816,A,A,True
q_003269,12490,9551,B,A,False
q_003270,2094,6221,B,B,True
q_003271,2732,5233,B,B,True
q_003273,85,5125,B,A,False
q_003274,2265,3089,A,B,False
q_003275,3311,11732,B,B,True
q_003276,909,3835,A,A,True
q_003277,3124,10862,A,A,True
q_003278,12618,6463,B,B,True
q_003279,1794,9273,B,B,True
q_003280,1105,1058,A,B,False
q_003281,1660,9588,B,B,True
q_003282,3983,12319,B,B,True
q_003283,1243,9391,A,A,True
q_003284,629,5261,A,A,True
q_003285,5949,5163,A,A,True
q_003286,5687,1665,A,A,True
q_003287,2548,1887,B,A,False
q_003288,745,2208,B,B,True
q_003289,2355,2922,B,A,False
q_003291,5894,10096,A,A,True
q_003292,3024,11647,B,A,False
q_003293,3677,7920,B,A,False
q_003294,2442,9638,B,A,False
q_003295,10115,9669,B,A,False
q_003296,2690,11151,B,B,True
q_003297,1243,11532,B,B,True
q_003298,6847,12669,B,B,True
q_003299,5821,10199,B,A,False
q_003300,8087,6899,B,B,True
q_003301,3380,10128,B,B,True
q_003302,7642,6274,A,A,True
q_003303,3377,3483,B,A,False
q_003304,241,1507,A,A,True
q_003305,2150,3236,A,A,True
q_003306,1072,3502,A,B,False
q_003307,1716,4851,B,A,False
q_003308,299,9897,B,B,True
q_003309,4235,11993,A,A,True
q_003310,6524,7590,A,B,False
q_003311,2357,5109,B,A,False
q_003312,7501,11816,B,B,True
q_003313,2855,12121,A,B,False
q_003314,4007,5119,A,B,False
q_003315,6138,10758,A,A,True
q_003316,12236,8031,A,B,False
q_003317,7727,5072,B,A,False
q_003318,5072,3250,B,B,True
q_003319,446,1539,A,B,False
q_003320,1081,11909,B,B,True
q_003321,2058,7752,A,A,True
q_003322,724,9995,B,B,True
q_003323,8123,7056,B,B,True
q_003324,12306,5508,A,B,False
q_003325,11841,9948,B,A,False
q_003326,2043,2487,A,B,False
q_003327,2680,5239,A,A,True
q_003328,4990,12534,A,A,True
q_003329,11656,9937,B,A,False
q_003330,7805,7116,B,B,True
q_003331,3865,10813,A,B,False
q_003332,3153,9693,B,B,True
q_003333,7357,10779,A,A,True
q_003334,921,6657,B,B,True
q_003335,2892,11778,A,A,True
q_003336,6645,4795,B,B,True
q_003337,7943,642,A,A,True
q_003338,554,10905,B,B,True
q_003339,11021,9036,A,B,False
q_003340,6880,6953,A,B,False
q_003341,3885,11130,A,B,False
q_003342,1258,4230,A,B,False
q_003343,7865,11758,A,A,True
q_003344,6832,7315,A,A,True
q_003345,2646,9656,A,B,False
q_003346,2038,7657,A,B,False
q_003347,2488,1630,A,B,False
q_003348,1547,3837,A,A,True
q_003349,6994,9921,B,B,True
q_003350,2021,11032,B,B,True
q_003351,12650,11924,A,A,True
q_003352,1346,8618,B,B,True
q_003353,6228,9255,A,B,False
q_003354,7793,12392,B,B,True
q_003355,4204,5606,A,A,True
q_003356,721,3111,B,A,False
q_003357,6826,11139,A,A,True
q_003358,2380,10515,A,A,True
q_003359,819,6702,A,A,True
q_003360,1409,12510,A,A,True
q_003361,2252,9463,A,A,True
q_003362,589,2667,A,B,False
q_003363,1892,10425,A,A,True
q_003364,1654,2049,A,A,True
q_003365,354,9522,A,A,True
q_003366,7890,4425,A,A,True
q_003367,3657,9177,A,B,False
q_003368,1995,5383,A,A,True
q_003369,1497,4135,B,A,False
q_003370,12539,12367,B,B,True
q_003371,2141,3028,B,B,True
q_003372,12545,3922,B,A,False
q_003373,6390,6509,A,A,True
q_003375,4109,6420,A,B,False
q_003376,4124,6418,B,A,False
q_003377,4994,7404,A,A,True
q_003378,1626,10898,B,B,True
q_003379,5020,4009,A,A,True
q_003380,11363,10573,B,B,True
q_003381,50,9998,B,B,True
q_003382,12211,7269,A,A,True
q_003383,11602,8746,A,A,True
q_003384,1796,10142,B,B,True
q_003385,1407,3135,B,A,False
q_003386,7020,9838,B,B,True
q_003387,2784,9359,A,A,True
q_003388,3678,12428,A,B,False
q_003389,2418,8615,B,B,True
q_003390,1664,3214,A,A,True
q_003391,6646,4210,A,B,False
q_003392,4217,10124,B,B,True
q_003393,2035,2395,A,A,True
q_003394,8450,4281,A,B,False
q_003395,4408,10104,B,B,True
q_003396,5766,6697,B,B,True
q_003397,3091,12206,B,B,True
q_003398,101,1226,A,B,False
q_003399,778,9172,B,B,True
q_003400,671,10345,B,B,True
q_003401,11662,11061,A,B,False
q_003402,1992,3360,B,B,True
q_003403,3882,12506,A,B,False
q_003404,7361,4985,A,A,True
q_003405,1211,4473,A,A,True
q_003406,4517,7633,B,A,False
q_003407,8110,6626,A,A,True
q_003408,8378,10056,A,A,True
q_003409,1566,6022,A,A,True
q_003410,217,903,A,B,False
q_003411,12537,9823,B,A,False
q_003412,2822,4702,A,A,True
q_003413,1192,783,B,A,False
q_003414,7591,7069,B,A,False
q_003415,5240,5904,B,A,False
q_003416,7822,12084,A,A,True
q_003417,11124,11993,A,A,True
q_003418,1237,6848,B,A,False
q_003419,2020,3609,A,A,True
q_003420,6564,9503,B,B,True
q_003421,2558,10010,B,B,True
q_003422,7632,10647,B,B,True
q_003423,4864,7630,A,B,False
q_003424,7752,4503,A,A,True
q_003425,12452,12451,A,A,True
q_003426,6535,6100,A,B,False
q_003427,4903,11226,B,B,True
q_003428,2401,9910,A,B,False
q_003429,8242,3828,A,B,False
q_003430,3170,3429,B,B,True
q_003431,1935,9786,A,B,False
q_003432,2636,1504,A,A,True
q_003433,8150,4280,A,A,True
q_003434,2991,11703,A,A,True
q_003435,3210,7705,A,B,False
q_003436,2761,3737,B,B,True
q_003437,7793,8367,A,B,False
q_003438,1816,11878,B,B,True
q_003439,1127,10541,B,B,True
q_003440,8101,12045,A,A,True
q_003441,310,6670,B,B,True
q_003442,363,5787,A,B,False
q_003443,2797,3016,A,A,True
q_003444,2521,11662,A,A,True
q_003445,8662,9046,A,B,False
q_003446,8459,4068,B,B,True
q_003447,7160,9500,B,B,True
q_003448,7693,1262,A,A,True
q_003449,6297,10776,A,A,True
q_003450,2659,6027,A,A,True
q_003451,702,12610,A,B,False
q_003452,5749,11078,A,A,True
q_003453,4425,5837,B,B,True
q_003454,9982,10397,A,B,False
q_003455,8521,10992,B,B,True
q_003456,9535,9830,A,B,False
q_003457,392,234,A,A,True
q_003458,1066,10689,A,A,True
q_003459,11500,5037,A,B,False
q_003460,5291,9929,A,A,True
q_003461,7824,12010,A,A,True
q_003462,3968,11020,A,A,True
q_003463,647,5354,B,A,False
q_003464,4994,4572,A,A,True
q_003465,5519,9526,B,B,True
q_003466,7984,6846,A,B,False
q_003467,3273,9631,A,B,False
q_003468,6668,4875,A,B,False
q_003469,11011,10590,B,A,False
q_003470,1150,2837,A,A,True
q_003471,10265,9480,B,B,True
q_003472,8596,9336,B,B,True
q_003473,6487,11254,A,B,False
q_003474,3785,4766,A,A,True
q_003475,2743,4716,A,A,True
q_003476,6958,4580,B,B,True
q_003477,6751,12015,A,A,True
q_003478,340,5204,A,A,True
q_003479,8059,9902,B,B,True
q_003480,12567,10153,A,A,True
q_003481,3122,6908,A,A,True
q_003482,8122,10108,B,B,True
q_003483,7603,2932,B,A,False
q_003484,6427,5180,A,A,True
q_003485,345,8004,A,A,True
q_003486,4325,11480,A,B,False
q_003487,12180,9061,A,B,False
q_003488,5623,10794,B,B,True
q_003489,7029,9022,B,B,True
q_003490,1371,9826,A,A,True
q_003491,8076,11122,B,A,False
q_003492,2693,4722,B,B,True
q_003493,10923,9453,B,B,True
q_003494,11791,8725,A,A,True
q_003495,6755,5620,B,B,True
q_003496,1307,9837,B,A,False
q_003497,2141,6050,B,A,False
q_003499,5712,7328,A,A,True
q_003500,777,11284,A,A,True
q_003501,7888,8138,A,B,False
q_003502,6680,3944,A,A,True
q_003503,2561,6650,B,B,True
q_003504,219,7050,A,B,False
q_003505,11284,11316,A,B,False
q_003506,10637,9976,A,A,True
q_003507,1182,10314,A,A,True
q_003508,739,6765,B,B,True
q_003509,3652,4441,A,B,False
q_003510,2090,12343,B,B,True
q_003511,7353,11001,B,B,True
q_003512,1633,10894,B,B,True
q_003513,1792,11936,A,A,True
q_003514,3343,5005,B,A,False
q_003515,5412,12355,B,B,True
q_003516,2155,9886,B,A,False
q_003517,2448,11472,B,B,True
q_003519,11713,5341,A,A,True
q_003520,7996,10495,B,B,True
q_003521,4220,5796,A,B,False
q_003522,2684,10519,A,A,True
q_003523,6602,2149,A,A,True
q_003524,3697,11978,B,B,True
q_003525,2691,3486,B,B,True
q_003526,1692,5083,A,B,False
q_003527,1144,3972,A,A,True
q_003528,2381,3730,B,B,True
q_003529,1526,8330,A,B,False
q_003530,4834,4761,A,A,True
q_003531,7901,906,A,A,True
q_003532,779,250,A,A,True
q_003533,12577,8413,A,A,True
q_003534,1341,1114,A,B,False
q_003535,941,4794,A,A,True
q_003536,382,11087,B,B,True
q_003537,1684,4275,B,B,True
q_003539,4466,10511,B,B,True
q_003540,11465,9338,A,A,True
q_003541,7373,12086,B,B,True
q_003542,1081,11550,B,A,False
q_003543,5022,9840,B,A,False
q_003544,473,4034,A,B,False
q_003545,7702,8017,B,B,True
q_003546,5201,10377,A,A,True
q_003547,6643,11209,A,B,False
q_003548,3907,9378,A,A,True
q_003549,8113,11133,B,B,True
q_003550,5591,9555,B,A,False
q_003551,6634,4690,B,B,True
q_003552,3174,11928,A,A,True
q_003553,5516,9057,A,A,True
q_003554,5268,7308,B,A,False
q_003555,5685,10709,A,B,False
q_003556,3819,8953,A,A,True
q_003557,2045,4397,A,B,False
q_003558,2133,4009,A,A,True
q_003559,7552,5942,A,B,False
q_003560,867,2949,B,A,False
q_003561,2156,5082,A,B,False
q_003562,3261,5346,A,A,True
q_003564,6512,9929,A,A,True
q_003565,3312,9166,B,B,True
q_003566,6611,5361,A,A,True
q_003567,134,1951,A,A,True
q_003568,3353,9596,B,A,False
q_003569,3130,10666,B,B,True
q_003570,6496,10159,A,B,False
q_003571,8935,10699,A,A,True
q_003572,8756,9678,A,A,True
q_003573,4195,7127,B,B,True
q_003574,12108,7338,B,B,True
q_003575,3000,8717,A,A,True
q_003576,3167,8207,A,A,True
q_003577,1897,10881,B,B,True
q_003578,3781,11200,B,A,False
q_003579,988,7985,A,A,True
q_003580,11796,11201,A,B,False
q_003581,5590,9721,B,A,False
q_003582,2624,7650,A,B,False
q_003583,3909,10948,A,B,False
q_003584,8607,9564,B,A,False
q_003585,2752,3333,B,B,True
q_003586,3572,5749,B,A,False
q_003587,8101,8754,A,A,True
q_003588,8266,3657,B,B,True
q_003589,3162,11560,B,B,True
q_003590,1417,7522,A,B,False
q_003591,8086,3748,A,A,True
q_003592,3218,12514,A,A,True
q_003593,615,7227,B,A,False
q_003594,3160,9760,A,A,True
q_003595,3682,4977,B,B,True
q_003596,4310,8044,A,B,False
q_003597,2194,7043,A,B,False
q_003598,3615,3994,A,B,False
q_003599,7700,7902,A,B,False
q_003600,1577,5658,B,B,True
q_003601,7756,4024,B,A,False
q_003602,1971,9135,B,B,True
q_003603,7923,9803,B,B,True
q_003604,11749,4484,B,A,False
q_003605,1456,1716,B,B,True
q_003606,330,4160,B,B,True
q_003607,7067,8813,B,A,False
q_003608,7845,8813,B,B,True
q_003609,7544,8574,B,A,False
q_003610,7110,5149,B,A,False
q_003611,280,8673,A,A,True
q_003612,7744,2874,B,B,True
q_003613,457,941,A,B,False
q_003614,5873,9546,B,A,False
q_003615,5678,3916,A,A,True
q_003616,902,654,A,A,True
q_003617,5197,7740,A,B,False
q_003618,5530,4706,B,B,True
q_003619,1102,12232,B,B,True
q_003620,12657,5304,B,B,True
q_003621,1154,2825,B,B,True
q_003622,4201,8959,B,B,True
q_003623,5603,8935,A,B,False
q_003624,11807,10578,B,B,True
q_003625,9440,8802,B,B,True
q_003626,4597,9796,B,A,False
q_003627,8507,3012,B,B,True
q_003628,10742,10141,B,B,True
q_003629,6558,10543,B,A,False
q_003630,5894,10097,B,B,True
q_003631,12285,6935,A,B,False
q_003632,471,9590,A,B,False
q_003633,6376,9662,B,B,True
q_003634,12210,6263,A,A,True
q_003635,6004,10651,A,A,True
q_003636,6867,11091,B,B,True
q_003637,3335,6343,A,B,False
q_003638,124,1050,A,B,False
q_003639,7875,10245,A,A,True
q_003640,2999,9167,B,A,False
q_003641,11791,12663,A,A,True
q_003642,459,11814,A,B,False
q_003643,11563,6249,B,B,True
q_003644,12185,8617,B,B,True
q_003645,6717,3863,A,B,False
q_003646,441,8158,B,A,False
q_003647,7650,10751,B,B,True
q_003648,1517,12691,A,A,True
q_003649,1211,9371,B,B,True
q_003650,1525,10038,B,B,True
q_003651,913,8611,B,B,True
q_003652,1619,5208,B,B,True
q_003653,6552,4347,A,B,False
q_003654,8469,8496,A,B,False
q_003655,6119,8370,A,B,False
q_003656,6539,4603,B,B,True
q_003657,11711,5238,B,B,True
q_003658,1012,4254,B,B,True
q_003659,114,6271,A,A,True
q_003660,12294,7082,B,A,False
q_003661,2938,5951,A,B,False
q_003662,12302,11780,A,B,False
q_003663,539,12226,B,B,True
q_003664,12577,6520,A,A,True
q_003665,5429,5725,B,B,True
q_003666,7484,10243,B,B,True
q_003667,2298,10674,B,B,True
q_003668,4471,5413,A,A,True
q_003669,2756,9377,B,B,True
q_003670,1830,4245,A,A,True
q_003671,1210,10024,A,A,True
q_003672,7460,12186,B,B,True
q_003673,7,10256,A,A,True
q_003674,8211,9249,B,B,True
q_003675,5489,4726,A,A,True
q_003676,1381,4657,A,A,True
q_003677,6430,9774,A,A,True
q_003678,1648,6845,A,A,True
q_003679,6460,9320,B,A,False
q_003680,9015,11043,A,B,False
q_003681,1439,408,A,A,True
q_003682,2738,11448,A,A,True
q_003683,7601,7242,A,A,True
q_003684,597,12396,A,A,True
q_003685,1960,9151,A,B,False
q_003686,1341,0,A,B,False
q_003687,7764,11958,B,B,True
q_003688,12285,6448,B,A,False
q_003689,2127,9479,B,B,True
q_003690,5104,4781,A,A,True
q_003691,1511,7963,A,B,False
q_003692,2480,4919,B,B,True
q_003693,4145,9675,A,B,False
q_003694,12118,5023,B,A,False
q_003695,2645,8152,A,B,False
q_003696,3914,4464,B,A,False
q_003697,5238,11141,B,A,False
q_003698,3679,3977,A,B,False
q_003699,3112,9652,A,A,True
q_003700,1945,10565,A,A,True
q_003701,2931,6251,A,A,True
q_003702,3176,7412,A,B,False
q_003703,6191,11509,A,B,False
q_003704,7660,12001,A,A,True
q_003705,3416,6356,A,B,False
q_003706,1987,9300,B,B,True
q_003707,4596,9607,B,A,False
q_003708,6653,6253,B,B,True
q_003709,2358,10797,B,B,True
q_003710,143,4575,A,A,True
q_003711,12693,7243,A,B,False
q_003712,1763,10254,B,B,True
q_003713,11601,2845,B,B,True
q_003714,12189,9219,A,A,True
q_003715,3645,4022,A,B,False
q_003716,4444,3669,A,A,True
q_003717,3182,6455,B,B,True
q_003718,2593,8669,A,A,True
q_003719,3340,10951,B,A,False
q_003720,8117,1296,A,A,True
q_003721,7401,5750,A,B,False
q_003722,2401,9540,A,B,False
q_003723,12624,10562,A,A,True
q_003724,1833,112,A,A,True
q_003725,12583,5672,B,B,True
q_003726,1390,10591,A,A,True
q_003727,5594,6693,A,A,True
q_003728,2345,4331,A,A,True
q_003729,8120,1998,A,A,True
q_003730,7686,9171,A,A,True
q_003731,1588,10927,B,B,True
q_003732,4514,5108,B,A,False
q_003733,7770,11854,B,B,True
q_003734,4096,4822,A,B,False
q_003735,2590,10512,B,A,False
q_003736,4818,8740,B,A,False
q_003737,1721,6716,B,A,False
q_003738,8490,10382,A,A,True
q_003739,11563,10582,B,B,True
q_003740,2570,2857,B,B,True
q_003741,4559,3852,A,B,False
q_003742,5022,11927,A,A,True
q_003743,5588,5404,A,B,False
q_003744,3069,5893,B,B,True
q_003745,12524,11365,A,B,False
q_003746,8276,5705,A,A,True
q_003747,12517,11388,B,A,False
q_003748,4453,11681,B,B,True
q_003749,11513,6669,B,B,True
q_003750,7394,1352,A,A,True
q_003751,3516,10145,A,A,True
q_003752,7421,12205,B,A,False
q_003753,2185,3419,A,A,True
q_003754,479,12203,A,A,True
q_003755,4076,3450,B,B,True
q_003757,6954,9919,B,B,True
q_003758,1024,1144,A,A,True
q_003759,4124,7125,B,B,True
q_003760,2216,2525,B,A,False
q_003761,6423,8826,B,B,True
q_003762,7316,10713,B,A,False
q_003764,5242,5286,A,B,False
q_003765,5188,6080,A,B,False
q_003766,8622,8780,A,B,False
q_003767,4473,9519,B,B,True
q_003768,6645,10263,B,B,True
q_003769,4238,6399,B,B,True
q_003770,144,5389,B,B,True
q_003771,4201,7242,B,B,True
q_003772,6703,7215,B,A,False
q_003773,1617,12591,A,A,True
q_003774,5465,6480,B,B,True
q_003775,2398,11434,A,A,True
q_003776,4435,6765,A,A,True
q_003777,10807,8842,A,A,True
q_003778,11457,12521,B,B,True
q_003779,1954,5671,A,A,True
q_003780,716,7205,B,B,True
q_003781,2895,11677,A,A,True
q_003782,1332,7064,A,B,False
q_003783,11341,9648,A,B,False
q_003784,5335,12512,B,B,True
q_003785,7039,11266,B,B,True
q_003786,2247,7991,B,B,True
q_003787,268,6086,A,B,False
q_003788,2731,12403,B,B,True
q_003789,2169,4019,B,A,False
q_003790,1423,3669,B,B,True
q_003791,2249,9586,B,B,True
q_003792,3243,5947,A,B,False
q_003793,4937,8334,A,B,False
q_003794,5931,11331,B,B,True
q_003795,3494,4378,A,B,False
q_003796,10256,8733,B,B,True
q_003797,826,4966,A,A,True
q_003798,128,5999,B,A,False
q_003799,698,7103,A,A,True
q_003800,8213,11729,B,A,False
q_003801,7392,4237,A,B,False
q_003802,931,10231,B,B,True
q_003803,275,8767,A,B,False
q_003804,282,7115,A,A,True
q_003805,8231,10785,A,A,True
q_003806,1304,6907,B,B,True
q_003807,1975,6466,A,A,True
q_003808,6594,12054,A,A,True
q_003809,686,7708,A,B,False
q_003810,1173,2908,A,B,False
q_003811,5650,11899,B,A,False
q_003812,8575,11268,A,A,True
q_003813,5627,5231,A,A,True
q_003814,6869,4862,A,B,False
q_003815,913,5711,B,A,False
q_003816,5742,12670,A,A,True
q_003817,5794,10200,A,A,True
q_003818,7964,9655,A,B,False
q_003819,4638,11347,A,B,False
q_003820,1603,4845,A,A,True
q_003821,139,8572,B,A,False
q_003822,5071,6965,A,A,True
q_003823,176,2269,A,B,False
q_003824,2198,7548,A,A,True
q_003825,11485,11099,A,A,True
q_003826,4283,4662,B,B,True
q_003827,1302,6982,B,A,False
q_003828,8662,11933,A,B,False
q_003829,1906,12704,A,A,True
q_003830,6349,11402,A,A,True
q_003831,2577,7981,B,B,True
q_003832,10270,9592,A,B,False
q_003833,842,8386,A,B,False
q_003834,3769,1791,A,B,False
q_003835,9210,7146,B,B,True
q_003836,2496,6985,A,B,False
q_003837,7617,4209,B,A,False
q_003838,20,12194,B,A,False
q_003839,12110,12111,B,B,True
q_003840,7808,11070,A,A,True
q_003841,6278,9599,A,B,False
q_003842,5557,7109,A,A,True
q_003843,3815,6442,A,B,False
q_003844,5648,11701,A,B,False
q_003845,5461,6064,A,A,True
q_003846,8522,9804,A,A,True
q_003847,12654,4570,B,B,True
q_003848,9877,9408,B,B,True
q_003849,8480,2851,B,B,True
q_003850,153,9324,A,B,False
q_003851,584,6530,B,B,True
q_003852,1332,12144,A,B,False
q_003853,5057,4475,A,A,True
q_003854,6125,6981,A,A,True
q_003855,4124,9040,B,A,False
q_003856,2429,4563,A,A,True
q_003857,234,8963,A,B,False
q_003858,3983,4134,A,A,True
q_003859,7470,5580,A,A,True
q_003860,6908,7542,B,A,False
q_003861,8183,10777,A,B,False
q_003862,3147,11919,A,A,True
q_003863,7033,7756,A,A,True
q_003864,640,8026,B,A,False
q_003865,7400,9868,A,B,False
q_003866,6633,11240,B,B,True
q_003867,6065,10299,A,A,True
q_003868,2816,7175,A,A,True
q_003869,9043,9690,A,A,True
q_003870,583,5578,A,A,True
q_003871,1306,5273,B,A,False
q_003872,6126,10987,B,B,True
q_003873,6036,10825,B,B,True
q_003874,7889,6201,A,A,True
q_003875,7668,4155,A,A,True
q_003876,7583,8829,B,B,True
q_003877,3120,8801,A,A,True
q_003878,11597,2265,B,B,True
q_003879,541,11346,A,A,True
q_003880,9952,10988,B,B,True
q_003881,2841,9772,B,A,False
q_003882,5709,7308,A,A,True
q_003883,5780,4353,B,B,True
q_003884,2063,7151,A,A,True
q_003885,5260,8975,A,A,True
q_003886,1057,6588,A,A,True
q_003887,2245,2630,B,B,True
q_003888,1775,187,A,A,True
q_003889,739,10475,B,B,True
q_003890,5416,7209,B,B,True
q_003891,11761,10055,A,A,True
q_003892,5540,10037,A,A,True
q_003893,2558,10267,A,A,True
q_003894,7733,9010,B,B,True
q_003895,291,11811,B,B,True
q_003896,6767,11224,A,A,True
q_003897,226,12043,A,A,True
q_003898,3857,10797,A,A,True
q_003899,5666,11752,A,B,False
q_003900,2728,6586,A,B,False
q_003901,11502,12096,A,A,True
q_003902,2353,6471,A,A,True
q_003903,153,10015,A,A,True
q_003904,12268,11093,B,A,False
q_003905,9695,11444,B,B,True
q_003906,6621,9088,B,B,True
q_003907,12328,10589,B,A,False
q_003908,2493,10557,A,A,True
q_003909,11510,12376,A,A,True
q_003910,2956,4579,A,A,True
q_003911,7994,12334,A,A,True
q_003912,2432,10383,B,B,True
q_003913,6992,2887,A,A,True
q_003914,2866,10030,B,B,True
q_003915,993,4950,A,A,True
q_003916,848,4575,B,A,False
q_003918,768,11891,A,A,True
q_003919,1994,7800,A,A,True
q_003920,4131,11921,A,B,False
q_003921,7812,11814,B,B,True
q_003922,7557,6112,B,A,False
q_003923,2608,5302,A,A,True
q_003924,7670,8109,A,B,False
q_003925,7266,11130,B,A,False
q_003926,6375,4750,A,A,True
q_003927,1951,6146,A,A,True
q_003928,8420,7797,B,A,False
q_003929,9400,10681,A,B,False
q_003931,953,12177,B,B,True
q_003932,9593,8931,B,B,True
q_003933,5364,9273,B,B,True
q_003934,2330,6194,B,B,True
q_003935,10787,8851,A,A,True
q_003936,898,6656,A,A,True
q_003937,2880,6003,A,B,False
q_003938,3027,9183,A,B,False
q_003939,6478,10175,B,A,False
q_003940,6921,10451,A,A,True
q_003941,3967,10418,A,A,True
q_003942,1339,11789,B,A,False
q_003943,3751,12319,B,B,True
q_003944,1657,3965,A,A,True
q_003945,306,9315,A,A,True
q_003946,296,3275,A,A,True
q_003947,5479,4689,B,B,True
q_003948,12325,11254,B,A,False
q_003949,2221,2160,B,B,True
q_003950,4791,10931,B,B,True
q_003951,2790,10401,B,B,True
q_003952,2011,9253,A,B,False
q_003953,3317,5895,B,B,True
q_003954,7537,5823,A,A,True
q_003955,11977,11991,A,B,False
q_003956,6620,9974,A,A,True
q_003957,12348,9328,B,A,False
q_003958,1244,3971,B,B,True
q_003959,11547,2735,A,A,True
q_003960,12149,12031,B,B,True
q_003961,7619,10922,A,A,True
q_003962,1958,8344,A,B,False
q_003963,3398,4806,B,A,False
q_003964,2539,1635,B,B,True
q_003965,10822,10257,B,B,True
q_003966,3977,9978,A,A,True
q_003967,3071,8915,B,B,True
q_003968,7495,3395,A,A,True
q_003969,7861,12416,A,A,True
q_003970,6067,9830,A,B,False
q_003971,11774,4794,A,A,True
q_003972,1577,6057,A,A,True
q_003973,747,3277,B,B,True
q_003974,1208,1738,A,A,True
q_003975,12687,8805,B,B,True
q_003976,8183,10367,B,B,True
q_003977,12545,10651,B,A,False
q_003978,8177,6891,B,B,True
q_003979,1914,2814,B,A,False
q_003980,1338,5729,B,A,False
q_003981,1123,9220,A,B,False
q_003982,4215,8525,A,B,False
q_003983,8,8567,A,B,False
q_003984,286,10897,B,B,True
q_003985,4316,7087,B,A,False
q_003986,3940,10675,B,A,False
q_003987,906,4611,A,A,True
q_003988,5275,12705,A,A,True
q_003989,4846,6039,B,B,True
q_003990,9587,9318,A,A,True
q_003991,3107,9578,B,B,True
q_003992,1782,7717,B,A,False
q_003993,3622,3492,B,A,False
q_003994,6499,9888,B,A,False
q_003995,4257,5777,A,B,False
q_003996,532,324,B,B,True
q_003997,3153,10745,B,B,True
q_003998,4475,9292,B,B,True
q_003999,6608,5927,B,A,False
q_004000,3434,4034,B,A,False
q_004001,7337,10708,A,B,False
q_004002,448,12244,A,B,False
q_004003,5672,9036,A,B,False
q_004004,3955,10177,A,A,True
q_004005,12109,8604,B,A,False
q_004006,3194,12284,A,A,True
q_004007,3074,8270,A,B,False
q_004008,2410,2952,B,A,False
q_004009,497,1473,A,B,False
q_004010,4485,10702,B,B,True
q_004011,11246,10580,A,A,True
q_004012,5257,8761,B,A,False
q_004013,6217,11083,A,B,False
q_004014,8279,3593,A,A,True
q_004015,1800,12438,A,A,True
q_004016,3440,11723,A,B,False
q_004017,1940,12195,B,A,False
q_004018,4987,2377,A,A,True
q_004019,8054,8736,A,A,True
q_004020,2125,1686,B,A,False
q_004021,602,11362,A,A,True
q_004022,4040,6891,B,B,True
q_004023,5693,3641,A,A,True
q_004024,7552,5778,A,B,False
q_004025,1776,10004,A,A,True
q_004026,2668,9298,B,B,True
q_004027,12139,5605,A,A,True
q_004028,8768,9060,A,B,False
q_004029,5265,10118,A,A,True
q_004030,6883,7273,B,A,False
q_004031,6631,5283,A,A,True
q_004032,3416,11605,B,A,False
q_004033,3553,4800,A,B,False
q_004034,7882,5409,A,A,True
q_004035,407,3704,A,B,False
q_004036,6129,8709,A,A,True
q_004037,7807,4664,B,B,True
q_004038,3283,3889,A,B,False
q_004039,10426,4749,A,A,True
q_004040,4176,9749,A,B,False
q_004041,8276,8914,A,A,True
q_004042,1055,9653,A,B,False
q_004043,1381,3175,B,A,False
q_004044,2771,5252,A,A,True
q_004045,175,9041,B,A,False
q_004046,5746,11339,B,B,True
q_004047,3155,4821,A,A,True
q_004048,4197,4266,B,A,False
q_004049,5801,7087,A,B,False
q_004050,12550,4113,A,B,False
q_004051,5007,4706,A,A,True
q_004052,3536,9717,A,A,True
q_004053,6628,10296,B,B,True
q_004054,74,11637,A,A,True
q_004055,4801,9273,A,A,True
q_004056,6585,10760,A,A,True
q_004057,6740,9290,B,B,True
q_004058,192,2608,A,A,True
q_004059,7542,9570,A,B,False
q_004060,1842,1241,A,A,True
q_004061,277,4969,A,A,True
q_004062,8036,4445,B,A,False
q_004063,6545,8774,B,B,True
q_004064,3050,9612,A,B,False
q_004065,3033,4381,B,A,False
q_004066,10854,11235,B,B,True
q_004067,5353,6066,B,A,False
q_004068,9378,9421,B,A,False
q_004069,1274,7410,A,A,True
q_004070,1235,7877,A,B,False
q_004071,9947,8723,A,B,False
q_004072,8483,10597,A,A,True
q_004073,11588,11975,B,B,True
q_004074,4124,9973,B,B,True
q_004075,282,3872,A,A,True
q_004076,2154,12451,A,B,False
q_004077,7642,10740,A,A,True
q_004078,3140,4734,B,B,True
q_004079,3953,9706,B,A,False
q_004080,1412,11485,B,B,True
q_004081,7012,3618,A,A,True
q_004082,6507,9780,A,B,False
q_004083,10007,10522,A,B,False
q_004084,6374,9512,B,B,True
q_004085,8035,9189,A,B,False
q_004086,6842,3424,A,A,True
q_004087,11806,10964,A,B,False
q_004088,12494,12492,B,A,False
q_004089,12465,10354,B,B,True
q_004090,4421,9366,A,A,True
q_004091,538,3511,B,B,True
q_004092,16,4657,B,B,True
q_004093,12617,5654,A,A,True
q_004094,12196,9309,A,A,True
q_004095,6950,11905,A,A,True
q_004096,6812,10008,A,A,True
q_004097,1865,5466,B,A,False
q_004098,1843,10085,A,A,True
q_004099,600,4272,B,A,False
q_004100,1168,10065,B,B,True
q_004101,12550,3856,A,B,False
q_004102,2415,4820,B,A,False
q_004103,206,10624,B,A,False
q_004104,989,6115,B,B,True
q_004105,5750,12082,A,A,True
q_004106,1308,6945,B,A,False
q_004107,10567,10707,B,A,False
q_004108,1600,6511,B,B,True
q_004109,4115,5041,B,A,False
q_004110,2327,40,B,A,False
q_004111,719,6096,B,B,True
q_004112,1923,12600,B,A,False
q_004113,6576,12428,B,B,True
q_004114,3698,4493,A,B,False
q_004115,4783,6034,B,B,True
q_004116,236,3061,A,B,False
q_004117,1664,1563,B,B,True
q_004118,2636,11605,B,A,False
q_004119,658,1345,A,B,False
q_004120,4888,9225,A,B,False
q_004121,1945,12013,A,A,True
q_004122,11811,12520,A,A,True
q_004123,2615,3377,B,B,True
q_004124,5006,10022,A,A,True
q_004125,6405,9578,B,A,False
q_004126,583,7245,A,B,False
q_004127,1153,4850,A,B,False
q_004128,6960,7162,A,A,True
q_004129,5552,5383,A,A,True
q_004130,106,3676,A,A,True
q_004131,7604,11818,B,B,True
q_004132,9280,4641,B,A,False
q_004133,6384,12200,A,A,True
q_004134,12541,5885,B,A,False
q_004135,12340,9612,B,A,False
q_004136,2979,12376,A,A,True
q_004137,3288,8205,A,A,True
q_004138,7109,11192,A,B,False
q_004139,6411,9451,B,B,True
q_004140,5867,9225,A,B,False
q_004141,9140,10921,A,B,False
q_004142,2075,745,A,B,False
q_004143,5696,8771,B,B,True
q_004144,1638,9574,B,B,True
q_004145,3551,6307,B,A,False
q_004146,435,5254,B,A,False
q_004148,10961,9927,B,B,True
q_004149,4954,5864,A,B,False
q_004150,1197,4182,B,B,True
q_004151,6743,5019,A,B,False
q_004152,11586,12631,A,A,True
q_004153,3440,12408,A,B,False
q_004154,2881,6727,B,B,True
q_004155,2369,4513,B,A,False
q_004156,8981,9052,A,B,False
q_004157,3829,5445,A,B,False
q_004158,2538,4883,A,A,True
q_004159,394,7362,B,B,True
q_004160,5124,7265,A,A,True
q_004161,4979,6351,A,B,False
q_004163,2543,1372,A,A,True
q_004164,9077,8774,B,B,True
q_004165,4319,8641,B,A,False
q_004166,7787,5875,A,A,True
q_004167,2304,4780,A,A,True
q_004168,6441,10850,A,B,False
q_004169,8575,8983,A,A,True
q_004170,4736,5133,B,A,False
q_004171,3347,4229,A,B,False
q_004172,6436,9517,B,B,True
q_004173,101,4513,B,B,True
q_004174,732,5089,A,B,False
q_004175,1072,4432,A,B,False
q_004176,4394,3855,A,A,True
q_004177,6315,9107,B,B,True
q_004178,3721,5848,A,A,True
q_004179,2395,5928,B,A,False
q_004180,8299,3976,B,B,True
q_004181,6285,4591,A,B,False
q_004182,1284,3778,A,B,False
q_004183,7296,10833,A,A,True
q_004184,708,4857,A,B,False
q_004185,11860,7267,A,B,False
q_004186,12609,3377,A,A,True
q_004187,8330,2717,A,B,False
q_004188,533,7049,A,A,True
q_004189,394,11436,B,B,True
q_004190,5454,7911,A,B,False
q_004191,4838,4353,B,B,True
q_004192,3684,9418,A,A,True
q_004193,495,10082,A,A,True
q_004194,536,7173,A,A,True
q_004195,3310,6284,A,B,False
q_004196,7032,9837,B,B,True
q_004197,1575,11752,A,A,True
q_004198,6539,12104,A,A,True
q_004199,6722,3030,A,A,True
q_004200,8621,12288,B,A,False
q_004201,1175,9493,A,A,True
q_004202,4370,6111,A,B,False
q_004203,3070,1661,A,B,False
q_004204,3769,6058,A,B,False
q_004205,11515,10253,B,B,True
q_004206,7575,11518,B,A,False
q_004207,12598,11904,A,B,False
q_004208,6417,2875,A,B,False
q_004209,7707,10965,B,B,True
q_004210,2156,1919,A,B,False
q_004211,4074,9026,A,A,True
q_004212,5284,3480,B,A,False
q_004213,9769,9067,A,A,True
q_004214,6519,8706,A,B,False
q_004215,12615,2823,A,A,True
q_004216,2196,6209,A,A,True
q_004217,4339,4886,A,B,False
q_004218,1951,6693,A,A,True
q_004219,2069,8859,B,B,True
q_004220,1420,10778,B,B,True
q_004221,6596,12311,A,A,True
q_004222,2995,10488,B,B,True
q_004223,6775,5581,A,A,True
q_004224,6402,9935,B,B,True
q_004225,2261,6300,B,B,True
q_004226,5710,5759,A,A,True
q_004227,2797,7791,A,B,False
q_004228,1423,4417,A,B,False
q_004229,179,5124,A,B,False
q_004230,1172,934,A,A,True
q_004231,801,11787,A,A,True
q_004232,7690,6660,B,A,False
q_004233,3361,10909,A,B,False
q_004234,6869,3288,A,B,False
q_004235,502,296,A,B,False
q_004236,12005,10678,A,B,False
q_004237,1376,8685,A,A,True
q_004238,3851,9650,B,A,False
q_004239,3052,3471,A,B,False
q_004240,4264,11430,A,A,True
q_004241,3480,6050,A,B,False
q_004242,1795,10476,B,B,True
q_004243,416,3577,A,B,False
q_004244,3360,4476,B,A,False
q_004246,3468,4393,B,A,False
q_004247,2451,6947,B,B,True
q_004248,4105,11593,B,A,False
q_004249,4811,8144,A,B,False
q_004250,5314,6260,A,A,True
q_004251,4894,11947,A,A,True
q_004252,12455,10522,A,B,False
q_004253,4220,4307,A,A,True
q_004254,536,4341,A,A,True
q_004255,7432,4166,A,A,True
q_004256,4154,4298,A,B,False
q_004257,1140,11457,B,B,True
q_004258,7679,5155,B,B,True
q_004259,320,3687,A,A,True
q_004260,4311,2871,A,A,True
q_004261,2568,10991,B,B,True
q_004262,1430,3703,A,A,True
q_004263,12167,9614,B,A,False
q_004264,7618,2966,A,B,False
q_004265,12590,10768,A,A,True
q_004266,4462,6916,A,A,True
q_004267,11798,7240,A,B,False
q_004268,571,2599,B,B,True
q_004269,6407,9176,B,A,False
q_004270,8241,10150,A,A,True
q_004271,6757,6112,B,A,False
q_004272,5817,11858,A,A,True
q_004273,7589,3997,A,A,True
q_004274,423,5995,B,A,False
q_004275,12382,9834,B,A,False
q_004276,525,864,B,B,True
q_004277,3190,9717,A,A,True
q_004278,9319,10812,A,A,True
q_004279,10727,10070,A,B,False
q_004280,4421,6085,A,A,True
q_004281,6432,11378,B,A,False
q_004282,343,2158,A,A,True
q_004283,2247,5519,A,B,False
q_004284,1548,12001,A,A,True
q_004285,8177,9744,A,A,True
q_004286,490,9076,B,B,True
q_004287,10246,10069,A,B,False
q_004288,5128,9712,B,B,True
q_004289,3919,7226,B,A,False
q_004290,865,10887,B,A,False
q_004291,11807,10640,A,B,False
q_004292,1734,6262,B,B,True
q_004293,1199,4649,B,B,True
q_004294,3464,11779,A,A,True
q_004295,12634,11610,B,A,False
q_004296,5661,9920,A,B,False
q_004298,461,744,B,A,False
q_004299,1185,10205,B,B,True
q_004300,7127,3514,A,B,False
q_004301,8339,3468,A,A,True
q_004302,1695,5625,A,A,True
q_004303,434,5669,A,A,True
q_004304,8498,3762,B,B,True
q_004305,11557,9786,A,A,True
q_004306,11657,9393,A,B,False
q_004307,647,10155,B,A,False
q_004309,7655,5133,B,A,False
q_004310,6600,10163,B,A,False
q_004311,10887,9915,B,B,True
q_004312,7610,4421,B,A,False
q_004313,1244,9451,A,A,True
q_004314,8658,9555,A,B,False
q_004315,3506,10821,B,B,True
q_004316,5384,12438,B,A,False
q_004317,5263,9395,A,A,True
q_004318,12443,10823,A,B,False
q_004319,540,12034,B,B,True
q_004320,1880,8377,B,A,False
q_004321,5695,6331,A,B,False
q_004322,6481,5878,A,B,False
q_004323,7933,3370,A,A,True
q_004324,8222,12341,A,A,True
q_004325,4990,10771,B,B,True
q_004326,6762,10806,B,B,True
q_004327,5402,8916,B,B,True
q_004328,614,11429,B,B,True
q_004329,1297,11174,B,A,False
q_004330,2352,8166,A,B,False
q_004331,4663,3435,A,A,True
q_004332,11510,10941,A,A,True
q_004333,7021,11356,A,A,True
q_004334,7661,11648,A,A,True
q_004335,5413,9590,B,A,False
q_004336,3075,9618,B,A,False
q_004337,4165,6906,A,B,False
q_004338,9408,9822,A,B,False
q_004339,6385,9880,A,B,False
q_004340,661,2895,A,B,False
q_004341,5308,10643,A,A,True
q_004342,2069,5943,A,A,True
q_004343,3368,3270,B,A,False
q_004344,4758,10884,A,A,True
q_004345,7829,6387,B,A,False
q_004346,632,6889,B,B,True
q_004347,1929,7078,A,B,False
q_004348,12316,9743,B,A,False
q_004349,2888,4471,B,A,False
q_004350,7731,3801,A,A,True
q_004351,6224,7189,B,A,False
q_004352,7004,10742,A,A,True
q_004353,6970,5253,B,B,True
q_004354,6141,9224,A,B,False
q_004355,10469,10385,B,B,True
q_004356,12263,11335,A,A,True
q_004357,3262,5857,A,A,True
q_004359,1028,12323,B,B,True
q_004360,1021,96,B,B,True
q_004361,6192,9971,B,B,True
q_004362,6313,9518,A,A,True
q_004363,12295,10647,B,A,False
q_004364,7348,5191,A,A,True
q_004365,7258,10649,B,A,False
q_004366,2109,10325,B,B,True
q_004367,1806,4051,B,A,False
q_004368,2014,11773,A,B,False
q_004369,6689,11702,A,B,False
q_004370,6938,7094,A,A,True
q_004371,2160,1978,B,A,False
q_004372,3201,2881,A,A,True
q_004373,4153,10396,A,B,False
q_004374,2555,3854,B,B,True
q_004375,7423,5554,B,A,False
q_004376,4021,10327,B,B,True
q_004377,3347,9377,A,B,False
q_004378,2109,11652,B,B,True
q_004379,11811,10619,A,A,True
q_004380,3955,11944,A,A,True
q_004381,744,1464,B,B,True
q_004382,1927,4488,A,B,False
q_004383,7164,10064,B,A,False
q_004384,4323,4870,B,A,False
q_004385,9155,9162,A,A,True
q_004386,5817,3306,A,A,True
q_004387,748,11367,B,B,True
q_004388,6456,4281,B,A,False
q_004389,7597,11441,B,B,True
q_004390,2295,3186,B,A,False
q_004391,10367,9879,B,A,False
q_004392,155,6657,B,A,False
q_004393,2417,858,A,A,True
q_004394,2973,6465,A,A,True
q_004395,6509,3988,A,B,False
q_004396,3746,1968,A,A,True
q_004397,3285,11897,B,A,False
q_004398,887,2703,B,A,False
q_004399,7601,8424,B,B,True
q_004400,4816,7254,B,A,False
q_004401,1508,6845,A,B,False
q_004402,7973,5081,A,B,False
q_004403,11635,11906,B,B,True
q_004404,12299,3319,A,B,False
q_004405,11107,11368,A,A,True
q_004406,3287,5841,B,B,True
q_004407,2363,9244,A,B,False
q_004408,2362,3311,A,B,False
q_004409,4107,11210,B,A,False
q_004410,1533,2484,A,B,False
q_004411,1447,7467,A,A,True
q_004412,4236,10530,B,B,True
q_004413,9124,9626,B,A,False
q_004414,6239,1758,A,B,False
q_004415,5625,12270,A,A,True
q_004416,1418,5985,B,A,False
q_004417,623,1986,B,A,False
q_004418,12145,9058,B,A,False
q_004419,1324,2834,B,A,False
q_004420,2983,9168,A,A,True
q_004421,12705,10088,A,B,False
q_004422,7716,9708,B,B,True
q_004423,6608,5786,A,A,True
q_004424,3995,12555,A,A,True
q_004425,1101,11086,A,A,True
q_004426,3268,11762,A,B,False
q_004427,3404,6129,A,B,False
q_004428,7912,9795,B,B,True
q_004429,4117,11719,B,A,False
q_004430,3724,11701,B,B,True
q_004431,1115,4079,A,B,False
q_004432,7103,11413,A,B,False
q_004433,1449,11152,A,A,True
q_004434,7427,1429,A,B,False
q_004435,8412,11812,A,B,False
q_004436,8321,10930,B,B,True
q_004437,12040,9338,B,A,False
q_004438,4375,12454,B,B,True
q_004439,172,3998,B,A,False
q_004440,4144,4606,B,A,False
q_004441,5432,4512,B,B,True
q_004442,6805,8676,B,B,True
q_004443,4038,5749,A,B,False
q_004444,3217,9370,A,B,False
q_004445,5288,10825,A,B,False
q_004446,3910,2955,B,A,False
q_004447,2415,12121,A,B,False
q_004448,470,7002,A,B,False
q_004449,5379,11415,B,A,False
q_004450,7744,10914,B,A,False
q_004451,3218,12364,B,B,True
q_004452,6069,9715,B,B,True
q_004453,182,8962,B,B,True
q_004454,7782,9512,A,B,False
q_004455,4138,854,A,A,True
q_004456,7511,10926,A,A,True
q_004457,492,9846,B,A,False
q_004458,1480,2439,A,B,False
q_004459,4576,8307,A,B,False
q_004460,1303,10433,B,B,True
q_004462,7670,7477,B,A,False
q_004463,8329,2776,A,A,True
q_004464,5664,4950,B,B,True
q_004465,1195,10110,A,A,True
q_004466,7604,10154,B,B,True
q_004467,2563,12069,B,B,True
q_004468,3629,11292,B,A,False
q_004469,2504,9511,B,B,True
q_004470,5111,5961,A,B,False
q_004471,5664,11134,B,B,True
q_004472,6884,6203,A,A,True
q_004473,1734,12007,B,B,True
q_004474,8279,10807,B,B,True
q_004475,7440,4068,B,B,True
q_004476,4654,11927,A,B,False
q_004477,8069,4681,A,A,True
q_004478,12140,11046,A,A,True
q_004479,123,6825,A,B,False
q_004480,4444,5939,A,B,False
q_004481,720,3772,B,A,False
q_004482,2588,10618,B,A,False
q_004483,771,851,A,A,True
q_004484,7527,5958,B,A,False
q_004485,4687,10414,A,A,True
q_004486,6904,11947,A,B,False
q_004487,3234,3009,A,B,False
q_004488,8445,8887,B,B,True
q_004489,4178,4904,B,A,False
q_004490,2390,4012,A,B,False
q_004491,2502,7751,A,A,True
q_004492,8628,8850,A,A,True
q_004493,3327,7420,A,B,False
q_004494,1268,3904,A,B,False
q_004495,7967,5216,A,A,True
q_004496,4190,3630,A,A,True
q_004497,54,4932,A,B,False
q_004498,516,3106,B,A,False
q_004499,5713,4388,B,B,True
q_004500,1276,8803,A,B,False
q_004501,6784,9389,B,B,True
q_004502,715,12675,A,A,True
q_004503,2989,9807,B,A,False
q_004504,213,12525,A,A,True
q_004505,4814,9001,A,A,True
q_004506,3682,7082,A,A,True
q_004507,7466,192,A,A,True
q_004508,555,3375,B,B,True
q_004509,12277,11537,B,A,False
q_004510,3803,10157,A,A,True
q_004511,6632,12072,A,A,True
q_004512,1562,10268,B,B,True
q_004513,31,11560,A,B,False
q_004514,11586,10236,B,B,True
q_004515,5817,10085,A,A,True
q_004516,4467,8797,A,A,True
q_004517,746,5258,B,B,True
q_004518,9161,9034,A,A,True
q_004519,5452,10697,A,A,True
q_004520,12584,12383,B,B,True
q_004521,6870,8873,A,A,True
q_004522,6844,3545,A,A,True
q_004523,7769,12538,A,B,False
q_004524,6351,10171,B,B,True
q_004525,2573,5824,A,A,True
q_004526,239,9207,B,B,True
q_004527,979,1179,B,A,False
q_004528,5638,5123,A,B,False
q_004529,7141,8797,A,B,False
q_004530,383,11703,B,B,True
q_004531,1608,7887,A,A,True
q_004532,12443,8949,A,B,False
q_004533,10576,9549,A,B,False
q_004534,378,3000,A,A,True
q_004535,6451,10733,B,A,False
q_004536,1029,4271,B,B,True
q_004537,8019,9192,A,B,False
q_004538,2552,10598,B,B,True
q_004539,6840,11046,A,A,True
q_004540,7601,8634,A,A,True
q_004541,7992,11613,B,A,False
q_004542,11773,11988,A,A,True
q_004543,7782,10181,B,A,False
q_004544,7099,5671,A,A,True
q_004545,9588,11212,A,B,False
q_004546,1348,7508,B,A,False
q_004547,12654,10704,B,B,True
q_004548,2590,6667,A,B,False
q_004549,5127,11042,B,B,True
q_004550,570,11531,A,B,False
q_004551,462,9110,B,A,False
q_004552,1259,10798,A,A,True
q_004553,7067,8743,B,B,True
q_004554,7638,9009,A,A,True
q_004555,2213,2748,B,A,False
q_004556,1979,12658,A,A,True
q_004557,8089,10931,A,A,True
q_004558,8491,9537,B,B,True
q_004559,5440,8239,A,A,True
q_004560,6205,12097,A,B,False
q_004561,5726,5340,B,A,False
q_004562,260,2419,A,A,True
q_004563,2390,2289,A,A,True
q_004564,8874,11397,B,A,False
q_004565,4307,9463,A,B,False
q_004566,2617,8952,B,A,False
q_004567,8943,8868,A,A,True
q_004568,3931,12676,A,B,False
q_004569,2596,6763,A,B,False
q_004570,12331,8789,B,A,False
q_004571,1991,1189,A,B,False
q_004572,5120,6287,A,A,True
q_004573,7075,11283,A,A,True
q_004574,4548,9039,A,B,False
q_004575,1272,9710,B,B,True
q_004576,1058,5823,A,A,True
q_004577,2538,4312,B,B,True
q_004578,2590,3495,A,B,False
q_004579,3714,4732,B,B,True
q_004580,2466,5312,A,A,True
q_004581,12352,11225,A,A,True
q_004582,2096,6245,A,A,True
q_004583,5280,8999,B,A,False
q_004584,7456,4946,A,B,False
q_004585,7605,7758,A,A,True
q_004586,3501,2727,A,B,False
q_004587,3908,11115,A,A,True
q_004588,5321,7707,A,B,False
q_004589,5410,3800,A,A,True
q_004590,812,8820,B,B,True
q_004591,502,11228,A,A,True
q_004592,926,5987,A,B,False
q_004593,1734,9256,B,A,False
q_004594,2178,7837,A,B,False
q_004595,549,4636,A,A,True
q_004596,9917,11423,A,A,True
q_004597,1204,61,B,B,True
q_004598,1531,12142,A,B,False
q_004599,7127,9269,B,A,False
q_004600,12556,6340,B,A,False
q_004601,12164,12057,A,A,True
q_004602,3978,9555,B,A,False
q_004603,8348,9612,A,A,True
q_004604,2680,4267,B,B,True
q_004605,5993,7956,B,B,True
q_004606,7426,3051,B,B,True
q_004607,3534,6176,A,A,True
q_004608,4713,11084,A,B,False
q_004609,11830,5542,A,B,False
q_004610,1174,6836,A,A,True
q_004611,4124,5991,A,B,False
q_004612,9994,10122,A,B,False
q_004613,3392,6629,A,B,False
q_004614,2790,7118,B,B,True
q_004615,12550,5478,A,B,False
q_004616,3720,10206,B,A,False
q_004617,7601,5376,A,A,True
q_004618,8045,12024,A,A,True
q_004619,4721,11411,A,A,True
q_004620,7850,8580,B,A,False
q_004621,444,12643,A,B,False
q_004622,8864,10503,B,A,False
q_004623,2265,1001,A,B,False
q_004624,3067,4983,B,B,True
q_004625,4888,10282,A,A,True
q_004626,38,2611,B,B,True
q_004627,2296,6133,A,B,False
q_004628,11697,9685,A,B,False
q_004629,4473,12133,A,A,True
q_004630,1879,5641,A,A,True
q_004631,1066,3652,A,A,True
q_004632,3490,3645,A,A,True
q_004633,2218,7827,A,A,True
q_004634,1286,4281,A,B,False
q_004635,9148,9709,B,B,True
q_004636,12611,10476,B,B,True
q_004637,7893,6306,A,A,True
q_004638,7821,7940,A,B,False
q_004639,6733,11680,A,A,True
q_004640,2370,10707,A,B,False
q_004641,7349,414,A,A,True
q_004642,12109,11840,A,A,True
q_004643,851,8762,A,B,False
q_004644,337,9558,A,A,True
q_004645,5124,10969,B,B,True
q_004646,4924,9477,B,B,True
q_004647,1020,4273,A,A,True
q_004648,3722,12324,B,B,True
q_004650,5049,9322,B,B,True
q_004651,8080,12529,A,A,True
q_004652,1570,4210,B,A,False
q_004653,2655,3992,A,B,False
q_004654,1554,4144,A,A,True
q_004655,2272,2517,B,A,False
q_004656,1692,9899,A,A,True
q_004657,12277,7288,A,B,False
q_004658,12278,5343,A,A,True
q_004659,2474,6328,A,A,True
q_004660,5712,10573,A,A,True
q_004661,7376,2957,A,B,False
q_004662,1972,794,A,B,False
q_004663,7862,4787,A,A,True
q_004664,3971,10923,B,B,True
q_004665,983,10505,A,A,True
q_004666,8156,3901,B,B,True
q_004667,432,1761,B,A,False
q_004668,10712,9352,B,B,True
q_004669,814,5443,A,A,True
q_004670,1218,5535,A,A,True
q_004671,1566,8765,B,A,False
q_004672,2675,5237,A,A,True
q_004673,5454,11032,A,A,True
q_004674,6860,10577,A,A,True
q_004675,4696,10537,B,B,True
q_004676,12662,7059,A,B,False
q_004677,4345,7214,A,B,False
q_004678,8303,11731,A,A,True
q_004679,5432,879,A,A,True
q_004680,4127,1503,A,A,True
q_004681,2164,7627,A,B,False
q_004682,9184,8863,B,B,True
q_004683,3839,879,A,B,False
q_004684,6568,7493,A,B,False
q_004685,5496,9249,B,B,True
q_004686,1843,12051,A,A,True
q_004687,4909,3660,A,A,True
q_004688,101,5432,B,A,False
q_004689,4343,9196,A,B,False
q_004690,19,11627,B,B,True
q_004691,844,4935,A,B,False
q_004692,12586,7957,B,A,False
q_004693,141,10959,B,B,True
q_004694,3981,8990,B,A,False
q_004696,958,11339,A,A,True
q_004697,1130,12419,A,A,True
q_004698,723,3822,A,A,True
q_004699,301,10959,B,B,True
q_004700,3400,11287,A,B,False
q_004701,716,72,B,B,True
q_004702,1175,6912,B,B,True
q_004703,10846,9541,A,B,False
q_004704,7521,9339,A,A,True
q_004705,7282,2982,A,A,True
q_004706,5976,11207,A,B,False
q_004707,1197,6966,A,A,True
q_004708,1051,9757,A,B,False
q_004709,5416,11853,A,A,True
q_004710,7703,3621,B,B,True
q_004711,9863,10108,A,A,True
q_004712,6668,11263,B,B,True
q_004713,1846,6212,B,B,True
q_004714,355,6641,A,B,False
q_004715,6361,12250,B,B,True
q_004716,1495,11299,B,A,False
q_004717,1604,12568,A,A,True
q_004718,5096,4404,A,A,True
q_004719,5777,1908,B,B,True
q_004720,7990,7270,B,A,False
q_004721,2020,10555,B,B,True
q_004722,11866,12008,A,B,False
q_004723,658,1908,A,B,False
q_004724,2542,3691,A,A,True
q_004725,12298,6069,A,B,False
q_004726,1249,4786,A,A,True
q_004727,7269,11262,A,A,True
q_004728,1425,5527,B,B,True
q_004729,3293,8453,B,A,False
q_004730,6439,11672,A,B,False
q_004731,8707,9865,A,B,False
q_004732,145,9698,B,A,False
q_004733,3345,11121,B,A,False
q_004734,2342,10514,A,B,False
q_004735,11659,5319,B,A,False
q_004736,779,12227,B,B,True
q_004737,4658,11854,B,B,True
q_004738,8270,4445,A,B,False
q_004739,11506,6625,A,A,True
q_004740,3365,10921,A,B,False
q_004742,5438,11334,A,A,True
q_004743,4153,4351,A,B,False
q_004744,10605,8847,B,B,True
q_004745,11760,3881,A,A,True
q_004746,8072,9730,B,B,True
q_004747,1557,3187,A,B,False
q_004748,2720,10989,B,B,True
q_004749,2145,4639,A,B,False
q_004750,516,6774,A,B,False
q_004751,1905,5512,A,A,True
q_004752,10244,10512,A,A,True
q_004753,3604,11081,B,A,False
q_004754,2104,2693,B,A,False
q_004755,7651,7824,B,B,True
q_004756,1766,7297,A,B,False
q_004757,1700,11503,B,A,False
q_004758,1032,5743,A,B,False
q_004759,6239,8817,A,B,False
q_004760,12289,12055,A,A,True
q_004761,7037,10770,A,A,True
q_004762,1243,10271,A,A,True
q_004763,5377,3018,A,A,True
q_004764,5549,9591,A,A,True
q_004765,1914,8991,B,B,True
q_004766,6526,7251,B,A,False
q_004767,1280,109,A,B,False
q_004768,1443,12338,B,B,True
q_004769,618,601,B,B,True
q_004770,3754,4535,A,A,True
q_004771,8149,9685,A,A,True
q_004772,2252,9773,A,A,True
q_004773,6796,12544,A,A,True
q_004774,3424,5099,A,B,False
q_004775,571,5176,A,A,True
q_004776,4262,12398,A,A,True
q_004777,4243,9505,A,A,True
q_004778,1355,10858,B,B,True
q_004779,659,913,A,B,False
q_004780,8379,10792,A,A,True
q_004781,7524,8648,B,B,True
q_004782,8586,4361,A,A,True
q_004783,5355,9607,B,A,False
q_004784,8778,10728,A,A,True
q_004785,5658,4564,A,B,False
q_004786,7544,7130,B,B,True
q_004787,138,11352,A,A,True
q_004788,3889,8544,A,B,False
q_004789,7563,9372,B,A,False
q_004790,2504,12312,B,B,True
q_004791,2788,12595,A,B,False
q_004792,7471,12340,B,B,True
q_004793,8350,3273,B,B,True
q_004794,5036,8835,B,B,True
q_004795,2408,1681,A,B,False
q_004796,6403,9660,B,B,True
q_004797,2466,1575,A,A,True
q_004798,5198,4968,B,B,True
q_004799,7055,9074,B,A,False
q_004800,7775,3342,A,B,False
q_004801,1600,7579,B,B,True
q_004802,8582,2813,B,B,True
q_004803,3560,10067,B,B,True
q_004804,10499,8790,B,A,False
q_004805,11411,9569,B,A,False
q_004806,4444,5945,A,B,False
q_004807,9381,11340,B,A,False
q_004808,2847,4954,B,B,True
q_004809,11809,10238,A,A,True
q_004810,3122,2586,A,A,True
q_004811,3142,11204,A,A,True
q_004812,6693,9994,A,B,False
q_004813,7063,3971,A,A,True
q_004814,9482,10475,B,A,False
q_004815,8036,3779,A,A,True
q_004816,8508,11088,A,A,True
q_004817,4190,4812,B,A,False
q_004818,6787,2974,B,B,True
q_004819,8858,11841,A,B,False
q_004820,664,6854,A,B,False
q_004821,4427,8665,B,B,True
q_004822,1798,11545,A,A,True
q_004823,16,12384,A,A,True
q_004824,94,6345,A,B,False
q_004825,1194,5298,B,B,True
q_004826,2502,11939,A,A,True
q_004827,6829,9797,B,B,True
q_004828,11668,12571,A,A,True
q_004829,1068,6189,B,B,True
q_004830,12674,4427,A,B,False
q_004831,1363,7617,A,B,False
q_004832,4952,10092,B,B,True
q_004833,3007,10899,B,A,False
q_004834,3329,12411,B,A,False
q_004835,6704,9417,B,B,True
q_004836,1741,8229,A,A,True
q_004837,856,5253,B,A,False
q_004838,6249,10809,B,A,False
q_004839,2650,11835,B,B,True
q_004840,2352,9695,B,A,False
q_004841,1574,11721,B,B,True
q_004842,1249,9297,A,A,True
q_004843,2515,7196,A,A,True
q_004844,9544,8823,A,B,False
q_004845,5152,9724,B,A,False
q_004846,3176,10646,A,A,True
q_004847,1232,11970,B,B,True
q_004848,12574,1947,B,B,True
q_004849,2732,11439,A,A,True
q_004850,11800,10190,A,B,False
q_004851,5620,9221,A,B,False
q_004852,1348,8996,A,A,True
q_004853,872,1381,A,B,False
q_004854,707,6092,B,A,False
q_004855,1587,8791,A,B,False
q_004856,10348,10749,B,A,False
q_004857,8026,5065,A,B,False
q_004858,3330,3351,B,A,False
q_004859,8890,9623,B,A,False
q_004860,752,12131,B,B,True
q_004861,4305,10523,A,B,False
q_004862,11332,9121,B,A,False
q_004863,9128,8762,A,B,False
q_004864,6225,11172,A,B,False
q_004865,7449,10231,A,A,True
q_004866,1626,5951,B,A,False
q_004867,4097,11150,B,A,False
q_004868,5135,11711,B,B,True
q_004869,569,8860,A,A,True
q_004870,2420,12572,A,A,True
q_004871,12160,9831,B,B,True
q_004872,753,10371,A,A,True
q_004873,7466,1870,A,A,True
q_004874,2421,9537,B,A,False
q_004875,8442,8873,B,B,True
q_004876,11470,5243,A,A,True
q_004877,5554,4723,A,A,True
q_004878,8533,11784,A,A,True
q_004879,9608,8994,A,A,True
q_004880,3224,4829,B,A,False
q_004881,12677,2717,A,B,False
q_004882,6334,11477,A,A,True
q_004883,2038,8196,A,A,True
q_004884,81,1504,B,B,True
q_004885,1595,2572,A,A,True
q_004886,10515,8781,A,A,True
q_004887,6854,2157,A,A,True
q_004888,2782,4292,A,A,True
q_004889,7808,6116,A,A,True
q_004890,10649,10971,A,B,False
q_004891,4279,7262,A,B,False
q_004892,738,8459,B,A,False
q_004893,624,8943,A,B,False
q_004894,6125,7629,B,A,False
q_004895,5137,8706,B,B,True
q_004896,2891,10806,B,B,True
q_004897,7408,7899,B,A,False
q_004898,44,9617,A,B,False
q_004899,7436,9283,B,B,True
q_004900,4387,10067,A,A,True
q_004901,8353,10088,B,B,True
q_004902,374,7897,B,A,False
q_004903,11580,9151,B,B,True
q_004904,2404,5521,A,B,False
q_004905,1023,8152,A,B,False
q_004906,6791,3627,A,A,True
q_004907,7262,10041,B,B,True
q_004908,5109,10146,A,A,True
q_004909,7939,9514,B,B,True
q_004910,6908,12029,B,A,False
q_004911,2756,6829,A,B,False
q_004912,319,7880,A,B,False
q_004913,7703,3349,A,A,True
q_004914,1509,9882,B,A,False
q_004915,1286,3392,A,B,False
q_004916,11506,1329,A,A,True
q_004917,3470,7272,A,B,False
q_004918,4037,10727,A,A,True
q_004919,6701,4653,A,A,True
q_004920,12407,10926,A,B,False
q_004921,8464,11092,A,A,True
q_004922,7050,9831,A,A,True
q_004923,7754,8628,B,B,True
q_004924,12607,4205,B,A,False
q_004925,1149,8350,A,B,False
q_004926,5086,5067,A,B,False
q_004927,3206,7526,A,A,True
q_004928,589,2315,A,A,True
q_004929,2817,9750,A,B,False
q_004930,190,11853,A,A,True
q_004931,8438,9327,A,A,True
q_004932,6190,11428,B,A,False
q_004933,1660,10513,B,B,True
q_004934,4829,8183,A,A,True
q_004935,2543,7541,B,B,True
q_004936,7905,12209,A,A,True
q_004937,3824,7515,B,A,False
q_004938,3759,11002,A,A,True
q_004939,4302,11893,B,A,False
q_004940,2976,9239,A,A,True
q_004941,5670,4146,A,A,True
q_004942,11715,10639,A,B,False
q_004943,252,10979,B,B,True
q_004944,455,6564,B,B,True
q_004945,1800,9191,B,B,True
q_004946,5501,4701,A,A,True
q_004947,6604,408,A,A,True
q_004948,1785,3364,A,A,True
q_004949,4679,5119,A,B,False
q_004950,763,4197,B,B,True
q_004951,640,10129,A,B,False
q_004952,7345,9946,A,B,False
q_004953,1817,5723,B,B,True
q_004954,4775,6002,A,B,False
q_004955,2452,10660,A,A,True
q_004956,2041,10742,A,A,True
q_004957,604,4745,B,B,True
q_004958,11674,8707,A,A,True
q_004959,11997,5968,A,B,False
q_004960,4850,9948,A,A,True
q_004961,6418,10001,B,B,True
q_004962,12525,9000,A,B,False
q_004963,2984,8573,A,B,False
q_004964,2693,12004,A,A,True
q_004965,1344,10836,B,B,True
q_004966,2870,8905,B,B,True
q_004967,3479,4298,A,A,True
q_004968,471,2957,A,B,False
q_004969,6364,10365,B,B,True
q_004970,4356,10869,B,B,True
q_004971,4871,8601,A,A,True
q_004972,5165,10627,B,A,False
q_004973,2141,9816,A,B,False
q_004974,5020,10183,B,B,True
q_004975,10199,10366,B,B,True
q_004976,7286,10555,A,A,True
q_004977,1408,3957,B,B,True
q_004978,11734,10112,A,A,True
q_004979,1186,7734,A,A,True
q_004980,11451,12503,B,B,True
q_004981,12187,9729,A,A,True
q_004982,518,2378,B,B,True
q_004983,5110,8958,A,A,True
q_004984,2446,6277,A,A,True
q_004985,648,11228,A,A,True
q_004986,3049,12280,A,B,False
q_004987,11731,11335,B,B,True
q_004988,11838,11062,A,A,True
q_004989,3539,11228,A,A,True
q_004990,5493,8244,B,B,True
q_004991,8150,6634,B,B,True
q_004992,12598,3052,A,A,True
q_004993,12696,7017,A,B,False
q_004994,2426,8163,A,B,False
q_004995,2690,3098,A,A,True
q_004996,6362,9488,A,A,True
q_004997,6008,10412,A,A,True
q_004998,638,8622,B,A,False
q_004999,11564,6335,A,A,True
q_005000,2514,3051,B,B,True
q_005001,1310,430,B,B,True
q_005002,6597,7971,A,A,True
q_005003,11794,8679,A,A,True
q_005004,28,9817,B,A,False
q_005005,6203,12078,A,A,True
q_005006,6319,11572,A,B,False
q_005007,11347,10535,B,B,True
q_005008,2171,9102,A,A,True
q_005009,7896,3522,A,A,True
q_005010,10738,10622,B,A,False
q_005011,678,8532,B,A,False
q_005012,7610,8351,A,A,True
q_005013,11948,9822,A,B,False
q_005014,5759,8373,B,A,False
q_005015,853,11906,B,A,False
q_005016,714,8126,B,A,False
q_005017,7977,6765,A,B,False
q_005018,10819,9919,B,B,True
q_005019,8162,11739,A,B,False
q_005020,4291,11188,A,B,False
q_005022,125,8674,A,A,True
q_005023,12304,5334,A,B,False
q_005024,1745,11081,B,B,True
q_005025,1518,8207,A,A,True
q_005026,3229,8681,A,B,False
q_005027,1230,8047,B,B,True
q_005028,12591,8921,B,B,True
q_005029,7019,2957,A,B,False
q_005030,1670,4029,A,B,False
q_005031,7720,10630,A,A,True
q_005032,4577,3696,B,B,True
q_005033,1853,7778,B,B,True
q_005034,266,4837,B,A,False
q_005035,539,2880,A,B,False
q_005036,8101,11622,A,B,False
q_005037,1129,6971,A,B,False
q_005038,4166,12641,A,B,False
q_005039,7871,2733,A,A,True
q_005040,4465,11196,B,B,True
q_005041,2074,3992,B,A,False
q_005042,5062,3792,A,A,True
q_005043,3830,7157,A,A,True
q_005044,7307,10268,A,A,True
q_005045,2458,4677,B,B,True
q_005046,6698,9803,B,A,False
q_005047,7957,10178,A,A,True
q_005048,1026,3707,B,B,True
q_005049,12253,11590,A,B,False
q_005050,5518,6757,B,B,True
q_005051,1919,7977,A,B,False
q_005052,12233,7844,A,B,False
q_005053,11606,12013,A,A,True
q_005054,630,8446,B,A,False
q_005055,11467,11230,B,B,True
q_005056,12038,3633,A,B,False
q_005057,2769,10534,B,B,True
q_005058,8178,3240,B,B,True
q_005059,1951,8022,A,A,True
q_005060,6839,1413,A,B,False
q_005061,2688,7880,A,B,False
q_005062,3442,7833,B,A,False
q_005063,8122,1223,A,A,True
q_005064,6531,9259,B,A,False
q_005065,7407,8774,B,A,False
q_005066,2545,6691,A,A,True
q_005067,209,3591,A,A,True
q_005068,448,11814,B,A,False
q_005069,11599,12174,A,A,True
q_005071,7795,7441,B,A,False
q_005072,2218,4105,B,B,True
q_005073,4570,9929,B,B,True
q_005074,7622,1821,A,B,False
q_005075,4794,12511,A,A,True
q_005076,7406,4191,B,B,True
q_005077,157,12112,B,B,True
q_005078,10424,10254,B,B,True
q_005079,6477,9893,A,B,False
q_005080,4018,10042,B,B,True
q_005081,6444,10059,B,B,True
q_005082,0,3244,A,B,False
q_005083,5553,12418,A,A,True
q_005084,6602,11668,A,A,True
q_005085,7630,4316,A,A,True
q_005086,9036,10551,B,A,False
q_005087,3174,11181,B,B,True
q_005088,1751,1939,B,B,True
q_005089,824,6703,A,A,True
q_005090,12652,11274,B,B,True
q_005091,4769,7040,A,B,False
q_005092,593,9175,A,A,True
q_005093,6385,12325,B,B,True
q_005094,5645,6573,B,A,False
q_005095,479,2197,A,B,False
q_005096,7823,3677,B,B,True
q_005097,1105,4061,B,A,False
q_005098,5493,11915,A,A,True
q_005099,277,3735,A,A,True
q_005100,6990,10198,A,A,True
q_005101,3735,6903,A,A,True
q_005102,3080,9417,A,A,True
q_005103,680,6344,B,A,False
q_005104,1386,423,A,A,True
q_005105,8180,5377,B,B,True
q_005106,9635,10013,A,A,True
q_005107,12071,10327,A,B,False
q_005108,4139,6920,A,A,True
q_005109,3624,7800,A,B,False
q_005110,6973,8752,B,B,True
q_005111,8562,8803,A,A,True
q_005112,12611,9418,A,A,True
q_005113,318,400,A,A,True
q_005114,3028,5449,A,B,False
q_005115,3334,10667,A,B,False
q_005116,5588,3245,A,B,False
q_005117,1858,5892,A,A,True
q_005118,8454,11091,B,B,True
q_005119,393,3845,A,A,True
q_005120,6497,10366,A,A,True
q_005121,6566,7849,A,B,False
q_005122,7817,8848,A,A,True
q_005123,8619,11816,A,B,False
q_005124,1467,8814,A,A,True
q_005125,12683,9488,A,A,True
q_005126,240,3153,A,B,False
q_005127,6564,9945,A,B,False
q_005128,5300,8601,B,A,False
q_005129,7674,9267,A,A,True
q_005130,1083,4105,B,B,True
q_005131,5033,6705,A,A,True
q_005132,380,6055,B,B,True
q_005133,524,8458,B,A,False
q_005134,2751,9225,A,A,True
q_005135,1835,1270,B,B,True
q_005136,1005,5827,B,B,True
q_005137,3420,8323,A,B,False
q_005138,1022,12195,A,A,True
q_005139,12650,12511,A,A,True
q_005140,1021,4793,A,A,True
q_005141,200,12448,B,B,True
q_005142,8369,7467,B,B,True
q_005143,7084,4103,A,A,True
q_005144,8137,11974,A,A,True
q_005145,3063,9543,A,B,False
q_005146,2309,6043,B,B,True
q_005147,2916,10505,A,A,True
q_005148,1852,4704,B,B,True
q_005149,6161,6927,A,A,True
q_005150,1786,2014,A,A,True
q_005151,7877,2843,B,B,True
q_005152,3324,4719,A,A,True
q_005153,8240,8853,B,B,True
q_005154,10178,10902,A,A,True
q_005155,951,10914,A,A,True
q_005156,8014,11805,A,B,False
q_005157,1318,1554,A,B,False
q_005158,1753,12589,B,A,False
q_005159,3518,11768,A,B,False
q_005160,4839,10887,A,A,True
q_005161,330,9878,A,B,False
q_005162,3646,4121,A,B,False
q_005163,4107,10625,B,A,False
q_005164,4510,4029,B,A,False
q_005165,975,5982,A,B,False
q_005166,5617,9175,A,B,False
q_005167,2473,8344,B,A,False
q_005168,5900,4482,A,A,True
q_005169,49,10019,B,B,True
q_005171,5658,3902,A,B,False
q_005172,4151,11017,A,B,False
q_005173,4248,9288,B,B,True
q_005174,1786,2600,A,A,True
q_005175,2109,3634,A,A,True
q_005176,2543,3960,B,B,True
q_005177,5732,8189,A,A,True
q_005178,1640,1108,A,A,True
q_005179,5729,5113,B,A,False
q_005180,8572,10860,A,A,True
q_005181,11773,9754,A,A,True
q_005182,5561,8098,A,B,False
q_005183,12479,11348,B,A,False
q_005184,7722,9914,B,B,True
q_005185,8292,9836,B,A,False
q_005186,3086,10966,B,B,True
q_005187,11632,1581,B,A,False
q_005188,3293,10397,A,A,True
q_005189,1735,3753,B,B,True
q_005190,1004,9315,B,B,True
q_005191,8316,11604,B,A,False
q_005192,6303,7984,A,A,True
q_005193,1128,2520,A,B,False
q_005194,4705,11164,B,A,False
q_005195,5170,3519,B,A,False
q_005196,7749,11902,B,A,False
q_005197,6643,11976,A,A,True
q_005198,7223,7527,A,A,True
q_005199,12080,9428,A,B,False
q_005200,5544,11783,A,A,True
q_005201,5225,9168,B,B,True
q_005202,11526,10629,A,A,True
q_005203,8480,11047,A,A,True
q_005204,6637,4560,B,B,True
q_005205,7106,5804,A,A,True
q_005206,2517,8966,A,A,True
q_005207,11770,9574,B,A,False
q_005208,12287,6233,B,B,True
q_005209,401,11281,A,A,True
q_005210,1294,9435,B,A,False
q_005211,1832,10788,B,B,True
q_005212,5871,10090,B,B,True
q_005213,7805,2916,A,A,True
q_005214,3352,10213,B,A,False
q_005215,6752,2955,B,A,False
q_005216,5343,9995,A,A,True
q_005217,8463,9355,A,A,True
q_005218,657,9353,B,A,False
q_005219,4462,12403,A,A,True
q_005220,3845,10018,B,B,True
q_005221,147,11266,A,A,True
q_005222,4326,11704,A,B,False
q_005223,4156,10410,B,A,False
q_005225,4349,6262,B,B,True
q_005226,3957,12433,A,A,True
q_005227,3666,9821,B,A,False
q_005228,1097,5560,A,B,False
q_005229,3445,10386,A,B,False
q_005230,1718,4665,A,B,False
q_005231,573,6280,B,A,False
q_005232,3808,4222,A,B,False
q_005233,2509,4567,A,A,True
q_005234,4783,7779,A,A,True
q_005235,9043,10938,B,B,True
q_005236,7090,6972,B,A,False
q_005237,5168,10458,B,A,False
q_005238,6388,11612,A,B,False
q_005239,1831,11463,A,A,True
q_005240,2300,4459,A,B,False
q_005241,7762,11149,B,A,False
q_005242,11554,10996,A,A,True
q_005243,6640,12193,A,A,True
q_005244,767,4459,A,A,True
q_005245,2901,12476,B,B,True
q_005246,4118,7425,A,A,True
q_005247,11839,9511,B,B,True
q_005248,11443,11406,B,A,False
q_005249,12531,7258,B,A,False
q_005250,1480,1896,B,A,False
q_005251,2368,5368,B,A,False
q_005252,8201,9074,B,A,False
q_005253,7120,9677,B,A,False
q_005254,4389,10607,B,A,False
q_005255,7009,4353,A,A,True
q_005256,760,2015,A,A,True
q_005257,3666,9054,A,B,False
q_005258,8506,8493,A,A,True
q_005259,3066,5941,A,B,False
q_005260,12623,8102,A,B,False
q_005261,1048,2699,A,B,False
q_005262,7482,10303,B,B,True
q_005263,581,6309,A,A,True
q_005264,10588,10660,B,A,False
q_005265,10651,11280,A,A,True
q_005266,6905,8735,A,B,False
q_005267,8007,10353,B,B,True
q_005268,11599,8881,B,B,True
q_005269,2065,6619,A,B,False
q_005270,2349,6920,A,B,False
q_005271,5446,8198,A,A,True
q_005272,3069,11979,A,A,True
q_005273,5901,9374,B,B,True
q_005274,7817,7553,A,A,True
q_005275,7085,2659,A,B,False
q_005276,1826,3169,B,B,True
q_005277,4030,10456,B,B,True
q_005278,5504,4800,B,B,True
q_005279,2521,11193,B,B,True
q_005280,9062,10950,B,A,False
q_005281,8163,9106,B,B,True
q_005282,1347,10497,B,B,True
q_005283,9151,9657,A,B,False
q_005284,12604,5831,A,A,True
q_005285,8286,7304,A,B,False
q_005286,3644,5505,B,A,False
q_005287,10964,9165,B,B,True
q_005288,2764,3364,B,B,True
q_005289,1843,3698,A,A,True
q_005290,2794,10527,B,A,False
q_005291,11722,11202,B,A,False
q_005292,959,4311,A,A,True
q_005293,3631,9268,A,B,False
q_005294,4351,11720,A,B,False
q_005295,10629,10149,B,B,True
q_005296,4565,63,A,B,False
q_005297,8445,11351,A,A,True
q_005298,2159,12555,A,B,False
q_005299,8275,10754,A,A,True
q_005300,4358,852,A,A,True
q_005301,7603,12619,A,B,False
q_005302,2253,8504,A,B,False
q_005303,1386,5339,A,A,True
q_005304,2974,10584,A,A,True
q_005305,5543,10342,A,A,True
q_005306,5000,10747,A,A,True
q_005307,7772,9461,A,B,False
q_005308,854,10938,B,A,False
q_005309,1040,5754,B,B,True
q_005310,539,11576,B,A,False
q_005311,1416,11778,A,B,False
q_005312,2652,11111,A,B,False
q_005313,12624,5012,A,B,False
q_005314,12691,5198,B,A,False
q_005315,4221,7185,B,B,True
q_005316,6827,3358,A,A,True
q_005317,1346,4443,A,B,False
q_005318,9691,10383,B,B,True
q_005319,3196,2869,B,B,True
q_005320,6955,4001,A,A,True
q_005321,8209,10682,B,A,False
q_005322,4592,8763,A,A,True
q_005323,5039,6011,A,A,True
q_005325,5008,10043,A,A,True
q_005326,2409,7185,B,B,True
q_005327,3125,6512,A,A,True
q_005328,1961,2328,A,B,False
q_005329,195,6246,B,B,True
q_005330,8198,7154,A,B,False
q_005331,6133,10239,A,A,True
q_005332,3296,4967,B,B,True
q_005333,702,11374,A,A,True
q_005334,7718,12020,B,B,True
q_005335,891,10505,B,B,True
q_005336,11883,9391,B,B,True
q_005337,1444,7303,B,B,True
q_005338,178,4947,A,B,False
q_005339,2756,5937,B,A,False
q_005340,1277,3834,A,B,False
q_005341,7806,5844,A,A,True
q_005342,8201,7203,B,A,False
q_005343,2480,5683,A,A,True
q_005344,3623,5040,B,A,False
q_005345,6851,5065,A,B,False
q_005346,4031,6326,A,A,True
q_005347,5854,5996,B,A,False
q_005348,7501,3929,A,A,True
q_005349,7396,12103,B,A,False
q_005350,2878,3941,A,A,True
q_005351,1123,6365,B,A,False
q_005352,1545,11035,B,B,True
q_005353,5999,7329,A,A,True
q_005354,5998,9961,B,B,True
q_005355,9154,10391,B,B,True
q_005356,12468,8827,A,B,False
q_005357,1622,9474,B,B,True
q_005358,838,10935,A,A,True
q_005359,8087,4337,B,B,True
q_005360,7439,8313,A,B,False
q_005361,10172,10981,B,B,True
q_005362,3864,7406,A,B,False
q_005363,10846,10007,B,B,True
q_005364,3469,7249,B,A,False
q_005365,1950,11882,A,B,False
q_005366,1098,5943,A,A,True
q_005367,7404,9156,A,B,False
q_005368,6319,8452,A,B,False
q_005369,5006,3625,A,A,True
q_005370,4771,9957,B,B,True
q_005371,11695,9392,B,B,True
q_005372,4576,10646,B,A,False
q_005373,3034,2863,B,A,False
q_005374,9432,10998,B,B,True
q_005375,7417,8531,A,B,False
q_005376,2170,1324,B,B,True
q_005377,3241,9729,B,B,True
q_005378,2062,6175,B,B,True
q_005379,6495,11083,B,A,False
q_005380,2109,5775,B,A,False
q_005381,11645,12054,A,A,True
q_005382,4939,6138,B,A,False
q_005383,1080,4845,A,B,False
q_005384,769,9742,A,A,True
q_005385,9226,11127,B,B,True
q_005386,3841,2988,B,A,False
q_005387,12541,2593,B,A,False
q_005388,6302,10975,A,A,True
q_005389,11116,9900,B,B,True
q_005390,2276,3784,A,A,True
q_005391,2107,8903,B,B,True
q_005392,3059,10179,B,A,False
q_005393,2304,10415,B,B,True
q_005394,8436,6900,A,A,True
q_005395,408,10582,B,B,True
q_005396,11672,11992,A,A,True
q_005397,4998,5868,A,A,True
q_005398,1822,11892,B,B,True
q_005399,6910,11063,B,A,False
q_005400,10819,8651,A,B,False
q_005401,12343,8752,A,B,False
q_005402,1425,8555,A,A,True
q_005403,8344,6769,A,A,True
q_005404,314,6510,A,A,True
q_005405,7479,4929,A,A,True
q_005406,1178,9283,B,B,True
q_005407,212,10321,A,A,True
q_005408,7707,7110,A,A,True
q_005409,2531,9016,A,A,True
q_005410,7802,276,A,A,True
q_005411,337,5952,A,A,True
q_005412,6451,10181,B,A,False
q_005413,4235,11340,A,A,True
q_005414,5733,3952,A,A,True
q_005415,2922,4377,B,B,True
q_005416,4477,5316,A,A,True
q_005417,2165,6738,B,A,False
q_005418,8203,7095,A,B,False
q_005419,8168,8765,B,A,False
q_005420,12582,10179,A,A,True
q_005421,2279,12351,B,B,True
q_005422,936,11075,A,A,True
q_005423,3141,7645,B,B,True
q_005424,3820,3933,B,B,True
q_005425,3172,11651,A,A,True
q_005426,10511,8982,A,B,False
q_005427,1773,2351,A,A,True
q_005428,377,2221,B,B,True
q_005429,8375,10934,B,B,True
q_005430,12218,9271,B,B,True
q_005431,580,2876,B,A,False
q_005432,7982,4229,A,B,False
q_005433,6393,6749,A,B,False
q_005434,6683,12319,A,B,False
q_005435,12591,9422,A,A,True
q_005436,5135,11553,B,A,False
q_005437,154,432,A,A,True
q_005438,5372,9711,B,A,False
q_005439,4239,7071,B,B,True
q_005440,6568,7031,B,B,True
q_005441,6509,11155,B,A,False
q_005442,11722,11053,A,A,True
q_005443,2865,10260,B,A,False
q_005444,3050,3198,B,A,False
q_005446,8483,11157,B,B,True
q_005447,7780,5214,B,B,True
q_005448,694,5443,B,B,True
q_005449,2134,2080,A,B,False
q_005450,3232,9522,B,A,False
q_005451,9424,9413,A,B,False
q_005452,11391,10710,A,B,False
q_005453,6761,9971,A,A,True
q_005454,3911,5433,A,A,True
q_005455,1424,1737,A,A,True
q_005456,2029,9936,B,B,True
q_005457,5000,12063,A,A,True
q_005458,576,6579,B,A,False
q_005459,6251,11345,B,A,False
q_005460,4514,11420,B,B,True
q_005461,34,9467,A,A,True
q_005462,8991,9702,A,B,False
q_005463,2766,3796,A,A,True
q_005464,2513,12097,B,B,True
q_005465,1743,7052,A,B,False
q_005466,430,9926,B,A,False
q_005467,4244,9419,B,B,True
q_005468,2062,7016,A,B,False
q_005469,3456,8562,A,B,False
q_005470,7540,3435,B,B,True
q_005471,3482,5845,B,B,True
q_005472,1100,10157,B,B,True
q_005473,2306,9483,B,B,True
q_005474,726,10261,B,A,False
q_005475,6416,6729,A,A,True
q_005476,3264,9859,A,B,False
q_005477,4429,8980,A,A,True
q_005478,1186,7181,B,B,True
q_005479,7310,9998,B,B,True
q_005480,5474,12577,A,A,True
q_005481,1183,7837,B,B,True
q_005482,1844,3835,B,B,True
q_005483,6445,10729,B,A,False
q_005484,6779,10811,B,B,True
q_005485,2223,9823,B,B,True
q_005486,2708,3813,B,B,True
q_005487,6922,9718,B,B,True
q_005488,7874,10938,B,B,True
q_005489,4582,11925,B,B,True
q_005490,6021,10531,B,B,True
q_005491,9946,10394,B,B,True
q_005492,2248,9565,A,A,True
q_005493,2621,4551,B,B,True
q_005494,4791,9840,A,B,False
q_005495,2372,5907,B,A,False
q_005496,5413,9794,B,A,False
q_005497,6315,12165,B,A,False
q_005498,12580,11122,A,A,True
q_005499,418,11374,A,B,False
q_005500,7720,12020,B,B,True
q_005501,2429,2862,B,B,True
q_005502,445,1826,B,A,False
q_005503,3485,9200,A,A,True
q_005504,8272,6766,B,B,True
q_005505,4631,10640,B,A,False
q_005506,1377,8325,B,A,False
q_005507,1027,11179,A,A,True
q_005508,4248,7207,A,A,True
q_005509,11783,11208,B,A,False
q_005510,5156,6505,A,A,True
q_005511,10133,10195,B,A,False
q_005512,760,11514,A,B,False
q_005513,3503,11050,B,B,True
q_005514,11828,6463,A,A,True
q_005515,11271,8875,A,A,True
q_005516,6679,7254,A,B,False
q_005517,417,8566,A,B,False
q_005518,759,7205,B,B,True
q_005519,5372,6672,A,B,False
q_005520,5550,11410,A,A,True
q_005521,4799,8295,A,A,True
q_005522,9544,11233,A,A,True
q_005523,11678,6801,A,B,False
q_005524,1713,7792,A,B,False
q_005525,1277,7123,B,B,True
q_005526,7465,4629,B,B,True
q_005527,2864,4012,A,B,False
q_005528,340,8579,B,A,False
q_005529,921,2599,A,A,True
q_005530,7514,11505,A,A,True
q_005531,12005,10210,A,B,False
q_005532,6424,9937,A,A,True
q_005533,968,5658,B,B,True
q_005534,1127,12207,A,B,False
q_005535,8581,6268,A,A,True
q_005536,705,9313,B,B,True
q_005537,2435,10687,B,B,True
q_005538,10373,9759,A,B,False
q_005539,12592,4060,B,A,False
q_005540,3612,8985,A,B,False
q_005541,2056,3523,B,A,False
q_005542,3805,11846,A,A,True
q_005543,10159,9003,A,A,True
q_005544,2780,5747,A,B,False
q_005545,5794,11275,B,B,True
q_005546,1959,3,A,B,False
q_005547,621,3804,A,B,False
q_005548,2787,10028,A,A,True
q_005549,9582,10563,B,B,True
q_005550,7653,12704,B,B,True
q_005551,1090,4507,B,B,True
q_005552,8336,3186,B,B,True
q_005553,8242,9738,B,B,True
q_005554,4592,7048,B,A,False
q_005555,3155,6531,A,A,True
q_005556,1290,3575,A,B,False
q_005557,3300,11664,B,A,False
q_005558,6705,10900,A,A,True
q_005559,70,1718,A,A,True
q_005560,6046,10680,A,B,False
q_005561,1486,7073,A,B,False
q_005562,10003,10730,B,A,False
q_005563,1313,7907,A,B,False
q_005564,1176,8747,B,B,True
q_005565,8104,7336,B,B,True
q_005566,2802,9335,A,B,False
q_005567,4464,10356,A,A,True
q_005568,6458,3993,A,B,False
q_005569,1425,2752,A,A,True
q_005570,1183,9679,B,B,True
q_005571,5280,8792,A,B,False
q_005572,3034,6015,B,A,False
q_005573,10975,8728,A,B,False
q_005574,420,9066,A,B,False
q_005575,6851,11292,A,A,True
q_005576,701,7350,B,B,True
q_005577,6332,11879,A,A,True
q_005578,5767,5371,B,B,True
q_005579,4897,7089,A,A,True
q_005580,540,6848,A,B,False
q_005581,9706,10620,B,A,False
q_005582,1707,9016,B,B,True
q_005583,955,9906,A,A,True
q_005584,5836,7202,A,B,False
q_005585,9401,11284,B,B,True
q_005586,2845,12437,B,A,False
q_005587,12560,10722,B,B,True
q_005588,5745,10268,A,A,True
q_005589,5266,10757,A,A,True
q_005590,1039,8424,A,A,True
q_005591,7366,8256,A,B,False
q_005592,6706,10041,B,B,True
q_005593,7964,6140,B,B,True
q_005594,5879,10803,B,B,True
q_005595,1499,4488,B,A,False
q_005596,2147,6785,B,A,False
q_005597,8634,10440,A,A,True
q_005598,12569,9570,B,A,False
q_005599,7647,9789,A,A,True
q_005600,4281,4373,A,A,True
q_005601,737,12684,A,A,True
q_005602,551,122,A,A,True
q_005603,8601,6257,A,A,True
q_005604,8155,7736,A,A,True
q_005605,779,3597,B,B,True
q_005606,2398,5733,B,A,False
q_005607,880,7572,B,B,True
q_005608,7721,8671,B,B,True
q_005609,7708,1512,B,B,True
q_005611,3110,9304,A,A,True
q_005612,8131,10740,B,B,True
q_005613,6573,4177,A,A,True
q_005614,3334,7261,A,B,False
q_005615,71,9289,A,B,False
q_005616,10130,10107,B,B,True
q_005617,2335,7331,A,A,True
q_005618,4414,11480,B,B,True
q_005619,83,2106,B,A,False
q_005620,277,10343,A,A,True
q_005621,572,11771,A,A,True
q_005622,2554,6114,B,B,True
q_005623,3396,11095,B,A,False
q_005624,2641,7875,B,A,False
q_005625,11067,8812,A,B,False
q_005626,7463,5318,A,A,True
q_005627,507,153,A,A,True
q_005628,2479,5643,A,A,True
q_005629,1235,359,A,A,True
q_005630,5225,6050,A,B,False
q_005631,5736,7098,A,B,False
q_005632,6624,6804,A,B,False
q_005633,3590,9639,B,A,False
q_005634,1428,9740,A,A,True
q_005635,7583,11977,A,A,True
q_005636,3349,3237,A,A,True
q_005637,5522,6621,A,B,False
q_005638,1379,2679,A,B,False
q_005639,11731,4516,A,A,True
q_005640,9568,10579,A,A,True
q_005641,566,3657,A,A,True
q_005642,8576,6140,A,A,True
q_005643,7417,8630,A,A,True
q_005644,7747,7241,B,A,False
q_005645,687,4829,A,B,False
q_005646,4801,11162,A,B,False
q_005647,12146,11551,B,A,False
q_005648,3062,12378,A,A,True
q_005649,6100,12462,A,A,True
q_005650,11801,4629,B,B,True
q_005651,9391,9726,B,A,False
q_005652,723,10239,A,B,False
q_005653,5911,10777,B,B,True
q_005654,3115,1080,A,A,True
q_005655,1249,2795,B,B,True
q_005656,4770,10554,A,B,False
q_005657,5602,10324,B,A,False
q_005658,801,6633,A,A,True
q_005659,9356,11355,A,A,True
q_005660,1644,11397,B,B,True
q_005661,5393,2820,B,A,False
q_005662,10933,9777,B,A,False
q_005663,7181,5733,A,B,False
q_005664,8349,6945,A,A,True
q_005665,5880,11094,A,B,False
q_005666,1169,2569,B,B,True
q_005667,2955,10500,B,B,True
q_005668,5439,9635,A,A,True
q_005669,11366,8689,A,B,False
q_005670,7522,4487,A,A,True
q_005671,5045,8173,A,A,True
q_005672,364,12113,B,B,True
q_005673,8257,7536,B,A,False
q_005674,6280,3425,A,A,True
q_005675,4168,3436,B,B,True
q_005676,6643,12654,A,A,True
q_005677,4723,6697,A,B,False
q_005678,1763,7767,B,B,True
q_005679,581,627,B,B,True
q_005680,2416,4934,B,A,False
q_005681,829,9999,B,B,True
q_005682,4838,5448,A,A,True
q_005683,5502,5270,A,A,True
q_005684,6911,11175,B,A,False
q_005685,4255,5568,B,B,True
q_005686,3509,9639,B,A,False
q_005687,3117,7825,A,A,True
q_005688,8120,9637,B,B,True
q_005689,481,2661,A,A,True
q_005690,1065,4709,A,A,True
q_005691,2130,7470,B,A,False
q_005692,11257,9872,A,B,False
q_005693,2663,2955,A,A,True
q_005694,12614,7464,A,A,True
q_005695,816,5597,B,B,True
q_005696,959,11861,B,B,True
q_005697,3136,9752,B,B,True
q_005698,5384,9135,A,B,False
q_005699,1749,4784,A,B,False
q_005700,7916,10751,B,B,True
q_005701,7593,4832,A,B,False
q_005702,962,3522,A,A,True
q_005703,5481,9452,A,A,True
q_005704,3962,11273,A,A,True
q_005705,8707,10356,A,A,True
q_005706,5231,10271,B,A,False
q_005707,3509,4076,A,A,True
q_005708,5492,6812,B,B,True
q_005709,9632,10857,B,B,True
q_005710,3477,7728,A,B,False
q_005711,7774,11938,A,B,False
q_005712,5890,9747,B,A,False
q_005713,8398,7811,A,B,False
q_005714,1606,12163,A,A,True
q_005715,2704,5485,B,B,True
q_005716,2539,9892,B,B,True
q_005717,3077,9502,A,A,True
q_005718,84,8457,B,B,True
q_005719,5818,6032,B,A,False
q_005720,7882,12452,A,A,True
q_005721,5266,3022,A,A,True
q_005722,3943,8693,B,A,False
q_005723,6674,8743,B,A,False
q_005724,2182,2728,A,B,False
q_005725,3920,4037,A,A,True
q_005726,6652,12682,A,A,True
q_005727,1930,1325,A,B,False
q_005728,5272,7340,A,A,True
q_005729,1926,5271,A,B,False
q_005730,8986,10608,B,A,False
q_005731,1574,1617,A,B,False
q_005732,7293,10707,B,A,False
q_005733,5588,5215,A,B,False
q_005734,8277,8789,B,A,False
q_005735,38,7076,B,A,False
q_005736,3809,6557,B,A,False
q_005737,11825,6891,A,A,True
q_005738,3058,2852,A,B,False
q_005739,460,3790,A,A,True
q_005740,9531,8976,B,A,False
q_005741,7897,7020,B,B,True
q_005742,7356,11315,A,B,False
q_005743,5816,11885,A,B,False
q_005744,5146,213,A,A,True
q_005745,257,11042,B,B,True
q_005746,5505,12379,A,A,True
q_005747,3171,7325,A,A,True
q_005748,2691,11717,A,A,True
q_005749,5312,1506,A,A,True
q_005750,592,11191,B,B,True
q_005751,2754,8874,A,A,True
q_005752,1517,3476,A,B,False
q_005753,3488,11729,A,B,False
q_005754,1832,8298,A,A,True
q_005755,5099,6220,B,B,True
q_005756,2371,4198,B,A,False
q_005757,1262,6722,B,A,False
q_005758,6824,8546,A,B,False
q_005759,12,9734,A,A,True
q_005760,1587,3381,B,B,True
q_005761,133,2057,A,B,False
q_005762,2474,4064,B,B,True
q_005763,1189,9716,A,A,True
q_005764,7373,3997,B,A,False
q_005765,1079,6984,B,A,False
q_005766,1458,3924,B,B,True
q_005767,1355,4181,A,B,False
q_005768,5966,9632,B,B,True
q_005769,6968,9933,B,B,True
q_005770,4205,5183,B,B,True
q_005771,2818,8761,B,A,False
q_005772,265,5202,A,A,True
q_005773,307,7139,A,A,True
q_005774,3457,6259,A,A,True
q_005775,11962,10426,A,B,False
q_005776,5056,6209,B,B,True
q_005777,1376,10817,B,B,True
q_005778,8985,7153,A,A,True
q_005779,1612,5813,A,A,True
q_005780,2460,12033,B,B,True
q_005781,1862,12659,B,B,True
q_005782,5789,11228,B,B,True
q_005783,4543,12469,A,A,True
q_005784,8213,7238,A,B,False
q_005785,2179,7849,A,B,False
q_005786,4909,8202,A,A,True
q_005787,7755,10749,A,A,True
q_005788,6913,11396,B,A,False
q_005789,12538,5280,B,A,False
q_005790,4960,9315,B,A,False
q_005791,1124,11111,B,B,True
q_005792,2568,4980,B,B,True
q_005793,777,12383,A,A,True
q_005794,925,5129,B,A,False
q_005795,1411,2592,A,A,True
q_005796,11179,11035,B,A,False
q_005797,511,7917,B,A,False
q_005798,4223,7148,B,B,True
q_005799,7650,5338,B,B,True
q_005800,1580,7741,B,B,True
q_005801,4879,10570,A,A,True
q_005802,5559,12465,B,B,True
q_005803,5116,11832,A,A,True
q_005804,2961,3904,A,A,True
q_005805,1153,1896,A,B,False
q_005806,5432,11326,B,B,True
q_005807,12669,4746,A,A,True
q_005808,6127,11415,A,A,True
q_005809,4422,4818,A,A,True
q_005810,8474,9607,B,B,True
q_005811,8177,8244,A,A,True
q_005812,3802,9065,B,A,False
q_005813,8287,12299,A,A,True
q_005814,3899,7535,A,B,False
q_005815,732,1309,A,A,True
q_005816,137,5179,A,A,True
q_005817,5339,11726,A,B,False
q_005818,4998,11327,A,A,True
q_005819,8164,7214,B,B,True
q_005820,7785,8567,A,A,True
q_005821,3289,8950,B,B,True
q_005822,6177,11084,B,A,False
q_005823,1896,5173,A,A,True
q_005824,1732,6566,A,B,False
q_005825,7798,6777,A,A,True
q_005826,1936,4618,B,A,False
q_005827,5119,8558,A,A,True
q_005828,1501,7585,B,A,False
q_005829,392,5797,B,B,True
q_005830,4196,11895,A,A,True
q_005831,1969,2828,A,B,False
q_005832,8630,10448,B,A,False
q_005833,3102,9861,A,A,True
q_005834,1957,3243,A,B,False
q_005835,3157,10856,B,B,True
q_005836,5240,11148,A,B,False
q_005837,437,10390,B,B,True
q_005838,8079,3530,A,B,False
q_005839,5933,9007,A,A,True
q_005840,9887,10793,B,B,True
q_005841,12700,6009,B,A,False
q_005842,7047,11257,A,A,True
q_005843,95,9790,A,B,False
q_005844,2188,11100,B,B,True
q_005845,2046,4870,A,B,False
q_005846,319,1535,B,B,True
q_005847,3030,8566,A,B,False
q_005848,286,7673,B,B,True
q_005849,763,1335,B,B,True
q_005850,54,2151,A,A,True
q_005851,7495,8538,B,A,False
q_005852,3244,5205,A,A,True
q_005853,5971,8691,B,B,True
q_005854,5232,9713,B,A,False
q_005855,7474,10284,B,B,True
q_005856,6772,6035,A,A,True
q_005857,4640,5815,A,A,True
q_005858,8258,4350,B,B,True
q_005859,5271,8860,A,B,False
q_005860,6536,5622,B,A,False
q_005861,3797,7552,A,A,True
q_005862,2410,7336,B,B,True
q_005863,2534,2638,B,B,True
q_005864,8327,11603,A,A,True
q_005865,7155,10552,A,B,False
q_005866,5384,9124,A,B,False
q_005867,1210,11205,A,A,True
q_005868,7755,11749,A,B,False
q_005869,8473,11462,A,A,True
q_005870,6703,10001,B,B,True
q_005871,341,5995,B,A,False
q_005872,1042,9375,A,A,True
q_005873,6636,4086,A,A,True
q_005874,9044,10948,B,A,False
q_005875,741,1092,A,A,True
q_005876,11617,9575,A,A,True
q_005877,3108,9906,A,A,True
q_005878,656,8343,A,B,False
q_005879,142,2687,B,A,False
q_005880,1979,50,A,B,False
q_005881,12537,7190,A,B,False
q_005882,2221,10589,B,B,True
q_005883,2827,11644,A,A,True
q_005884,1158,1663,B,A,False
q_005885,8250,10354,B,B,True
q_005886,12582,9998,A,A,True
q_005887,2143,2266,A,B,False
q_005888,3209,8437,A,B,False
q_005889,3603,10123,A,A,True
q_005890,1179,9458,B,B,True
q_005891,5315,5610,A,A,True
q_005892,1593,3177,B,A,False
q_005893,167,4121,B,B,True
q_005894,5738,6844,B,B,True
q_005895,6185,10144,A,A,True
q_005896,267,4410,A,B,False
q_005897,12169,10323,B,B,True
q_005898,1220,8254,B,B,True
q_005899,5463,11121,A,A,True
q_005900,2295,11817,B,B,True
q_005902,1191,7074,A,A,True
q_005903,8965,9869,B,A,False
q_005904,2387,1366,A,B,False
q_005905,1880,5806,B,B,True
q_005906,644,5953,B,A,False
q_005907,4107,11605,A,B,False
q_005908,12011,10109,B,A,False
q_005909,6580,9232,B,B,True
q_005910,2496,996,B,A,False
q_005911,4274,4688,A,A,True
q_005912,11065,8748,A,A,True
q_005913,1995,2161,A,A,True
q_005914,6663,9620,B,A,False
q_005915,150,4076,A,A,True
q_005916,4130,6061,A,A,True
q_005917,3150,11141,B,B,True
q_005918,8546,8654,B,B,True
q_005919,3600,11613,B,A,False
q_005920,1861,111,A,A,True
q_005921,2985,10130,B,B,True
q_005922,8335,5308,B,B,True
q_005923,1695,12323,A,A,True
q_005924,11581,11208,A,A,True
q_005925,701,1280,A,A,True
q_005926,6870,9444,B,B,True
q_005927,7525,12410,B,B,True
q_005928,4256,1437,A,B,False
q_005929,6820,3267,A,A,True
q_005931,6898,9271,A,B,False
q_005932,4300,12420,A,A,True
q_005933,4071,9822,B,B,True
q_005934,1899,10646,B,B,True
q_005935,3601,4476,A,B,False
q_005936,2019,9194,B,B,True
q_005937,7291,10151,B,B,True
q_005938,12611,5126,B,A,False
q_005939,2329,12217,A,A,True
q_005940,2586,3244,A,B,False
q_005941,5961,9425,B,B,True
q_005942,2539,6308,A,A,True
q_005943,8270,9044,A,A,True
q_005944,7574,3222,A,A,True
q_005945,5492,1629,A,A,True
q_005946,3319,10360,B,B,True
q_005947,11824,10690,B,B,True
q_005948,11878,10384,A,B,False
q_005949,1129,6426,B,A,False
q_005950,5375,5089,A,B,False
q_005951,9526,10413,B,B,True
q_005952,2468,11013,A,A,True
q_005953,8309,4600,B,B,True
q_005954,9410,8641,A,A,True
q_005955,9022,7191,A,A,True
q_005956,2769,2803,A,A,True
q_005957,9100,11346,B,A,False
q_005958,7777,5652,B,B,True
q_005959,7688,11119,B,A,False
q_005960,2216,3664,B,B,True
q_005961,324,7797,B,B,True
q_005962,5754,10541,A,A,True
q_005963,3535,9182,B,A,False
q_005964,4157,9451,B,A,False
q_005965,1265,11804,A,B,False
q_005966,9125,9532,A,A,True
q_005967,8158,7704,A,A,True
q_005968,2446,10249,A,A,True
q_005969,843,10945,B,A,False
q_005970,9164,9472,A,A,True
q_005971,3066,10486,B,B,True
q_005972,6321,9064,A,B,False
q_005973,772,10943,B,B,True
q_005974,1318,12243,A,B,False
q_005975,4372,6974,A,B,False
q_005976,11836,11280,A,A,True
q_005977,2037,6025,B,B,True
q_005978,189,2615,A,A,True
q_005979,7757,10775,A,B,False
q_005980,7681,8331,B,B,True
q_005981,11567,10049,A,A,True
q_005982,206,11792,A,A,True
q_005983,1866,10443,B,B,True
q_005984,1782,6486,A,A,True
q_005985,2307,3933,A,A,True
q_005986,6616,11611,A,A,True
q_005987,4406,6975,B,B,True
q_005988,2670,11016,A,A,True
q_005989,7153,9788,B,A,False
q_005990,632,494,B,A,False
q_005992,1954,10478,B,B,True
q_005993,8324,7373,A,A,True
q_005994,1687,12599,A,A,True
q_005995,1439,2669,A,B,False
q_005996,11776,10856,A,A,True
q_005997,3859,12443,A,A,True
q_005998,9416,9566,A,B,False
q_005999,1246,10889,B,B,True
q_006000,7868,2944,A,A,True
q_006001,4415,10536,B,B,True
q_006002,8135,10938,B,B,True
q_006003,1306,7549,A,A,True
q_006004,1379,5938,A,B,False
q_006005,3111,3838,A,A,True
q_006006,3567,7664,A,B,False
q_006007,9475,10250,B,A,False
q_006008,887,7148,A,A,True
q_006009,1074,6270,B,A,False
q_006010,5040,11066,A,A,True
q_006011,2180,9840,B,A,False
q_006012,8349,11457,B,B,True
q_006013,7497,3972,A,A,True
q_006014,6787,3506,B,B,True
q_006015,1407,12117,B,B,True
q_006016,8207,4215,A,B,False
q_006017,1010,5489,B,A,False
q_006018,4194,9633,B,A,False
q_006019,5611,9540,A,B,False
q_006020,3279,10059,A,A,True
q_006021,1945,3722,B,A,False
q_006022,2216,4033,A,A,True
q_006023,3869,11299,B,A,False
q_006024,6127,6207,A,A,True
q_006025,10351,9683,B,A,False
q_006026,2678,5703,A,A,True
q_006027,8872,9990,B,B,True
q_006028,11533,6713,A,A,True
q_006029,5534,3540,B,B,True
q_006030,12214,11134,B,B,True
q_006031,11355,9008,A,A,True
q_006032,9775,10129,A,A,True
q_006033,4832,12048,A,A,True
q_006034,3161,3819,B,B,True
q_006035,1164,10982,B,B,True
q_006036,7399,5610,A,A,True
q_006037,400,4144,A,A,True
q_006038,5537,9113,A,A,True
q_006039,4411,2982,A,A,True
q_006040,5063,11889,A,A,True
q_006041,4997,10864,A,A,True
q_006042,1326,4454,B,A,False
q_006043,11452,9432,A,A,True
q_006044,7531,12068,A,A,True
q_006045,6026,9611,A,B,False
q_006046,1432,3498,B,B,True
q_006047,8512,7251,A,A,True
q_006048,2224,11029,B,B,True
q_006049,3991,10362,B,B,True
q_006050,5477,5272,B,B,True
q_006051,1795,8991,A,A,True
q_006052,4949,4903,A,B,False
q_006053,3230,3391,B,A,False
q_006054,8550,10797,A,A,True
q_006055,5924,10923,B,B,True
q_006056,58,2856,B,B,True
q_006057,7655,8395,B,B,True
q_006058,4088,8139,B,A,False
q_006059,7469,4803,B,B,True
q_006060,4592,5961,B,A,False
q_006061,11246,10037,B,B,True
q_006062,4803,10808,A,A,True
q_006063,819,6021,A,A,True
q_006064,4733,9027,A,A,True
q_006065,3226,2261,A,B,False
q_006066,12673,4863,B,A,False
q_006067,2726,2924,B,B,True
q_006068,1904,11015,B,B,True
q_006069,12521,10750,A,B,False
q_006070,2264,1637,B,A,False
q_006071,110,8972,B,B,True
q_006072,9118,9365,A,A,True
q_006073,7850,11043,B,B,True
q_006074,11581,9102,B,B,True
q_006075,707,63,A,B,False
q_006076,8202,3832,A,A,True
q_006077,2342,4977,A,B,False
q_006078,11634,7331,B,B,True
q_006079,8076,10167,A,A,True
q_006080,10151,11409,A,B,False
q_006081,5179,4825,A,B,False
q_006082,4091,2997,B,A,False
q_006083,11744,10449,A,A,True
q_006084,1463,8551,A,B,False
q_006085,1275,9717,B,B,True
q_006086,790,5654,A,A,True
q_006087,6500,5685,A,B,False
q_006088,959,4944,A,A,True
q_006089,7402,9524,B,A,False
q_006090,2126,2676,A,B,False
q_006091,12394,11319,B,A,False
q_006092,2235,5494,B,A,False
q_006093,1190,5857,B,B,True
q_006094,3997,8814,B,A,False
q_006095,8165,4302,B,B,True
q_006096,3326,8649,B,B,True
q_006097,8378,11672,A,B,False
q_006098,12143,10028,A,A,True
q_006099,3159,12452,A,A,True
q_006102,2660,6199,A,A,True
q_006103,1240,10756,B,B,True
q_006104,11970,10482,A,B,False
q_006105,6571,8240,B,B,True
q_006106,324,6645,B,A,False
q_006107,7170,9947,A,B,False
q_006108,928,7718,B,A,False
q_006109,7810,10909,A,A,True
q_006110,9372,10990,B,B,True
q_006111,6296,11049,A,A,True
q_006112,1466,5861,B,B,True
q_006113,7845,10194,A,A,True
q_006114,2513,4610,A,A,True
q_006115,1927,10401,B,A,False
q_006116,12629,10721,A,B,False
q_006117,2739,11176,A,A,True
q_006118,11633,6408,B,A,False
q_006119,1446,3429,B,B,True
q_006120,2928,4176,A,A,True
q_006121,7596,3718,A,A,True
q_006122,6527,10195,B,A,False
q_006123,5615,12403,A,B,False
q_006124,1763,8715,B,B,True
q_006126,2091,10228,A,A,True
q_006127,2242,11217,A,A,True
q_006128,8393,4059,A,B,False
q_006129,6392,4751,B,B,True
q_006130,2582,903,A,B,False
q_006131,5667,8206,A,A,True
q_006132,11612,10679,A,A,True
q_006133,5206,10523,A,B,False
q_006134,8275,10713,B,B,True
q_006135,2312,10320,B,A,False
q_006136,1816,5958,A,B,False
q_006137,626,9296,A,A,True
q_006138,836,12266,A,A,True
q_006139,5698,5763,B,B,True
q_006140,4024,8041,A,A,True
q_006141,261,206,A,A,True
q_006142,6749,11291,B,B,True
q_006143,12249,11285,A,A,True
q_006144,879,11793,B,A,False
q_006145,2210,10365,B,B,True
q_006146,6851,10711,B,B,True
q_006147,7940,9194,B,B,True
q_006149,7250,11043,B,B,True
q_006151,7949,11522,A,B,False
q_006152,1063,8359,A,B,False
q_006153,4288,7159,B,B,True
q_006154,90,8608,B,B,True
q_006155,7764,9093,B,A,False
q_006156,1111,9773,A,B,False
q_006157,7736,7956,B,A,False
q_006158,8912,9824,A,B,False
q_006159,1148,3396,B,B,True
q_006160,3033,10138,B,B,True
q_006161,2820,4661,B,A,False
q_006162,2857,6958,B,A,False
q_006163,1447,6945,B,B,True
q_006164,3172,12402,A,A,True
q_006165,8378,4131,A,A,True
q_006166,3843,4883,A,B,False
q_006167,9923,9661,A,B,False
q_006168,8060,10410,B,B,True
q_006169,4039,9669,A,A,True
q_006170,4374,6855,A,B,False
q_006171,4018,10529,B,B,True
q_006172,11815,10620,A,B,False
q_006173,1864,2608,B,B,True
q_006174,5081,5902,B,B,True
q_006175,5764,9776,B,B,True
q_006176,1507,9474,A,B,False
q_006177,2331,6948,B,B,True
q_006178,2014,10159,B,B,True
q_006179,6709,11678,A,B,False
q_006180,4964,5730,A,B,False
q_006181,4072,11115,A,A,True
q_006182,2156,1728,B,A,False
q_006183,8099,11639,A,A,True
q_006184,2261,10258,B,B,True
q_006185,2703,10803,B,B,True
q_006186,8469,4959,A,A,True
q_006187,12257,10107,B,B,True
q_006188,1642,7078,B,B,True
q_006189,5915,7288,B,B,True
q_006190,2119,11459,A,A,True
q_006191,604,12164,A,B,False
q_006192,3367,12154,A,B,False
q_006193,1062,9044,A,B,False
q_006194,4082,11470,A,A,True
q_006195,7718,4959,A,A,True
q_006196,7864,8402,B,B,True
q_006197,3274,10535,B,A,False
q_006198,484,2016,B,A,False
q_006199,2159,2791,B,A,False
q_006200,2584,11923,A,B,False
q_006201,8040,12112,A,B,False
q_006202,3080,2813,B,B,True
q_006203,2483,4961,B,B,True
q_006204,689,6274,B,B,True
q_006205,12190,9451,B,B,True
q_006206,6574,8973,B,B,True
q_006207,310,9667,A,A,True
q_006208,3692,8726,B,B,True
q_006209,5435,8144,A,B,False
q_006210,760,1441,B,B,True
q_006211,8590,8281,B,B,True
q_006212,7366,3433,A,A,True
q_006213,4211,5853,B,B,True
q_006214,12294,9028,B,B,True
q_006215,3023,8214,A,B,False
q_006216,5578,11248,B,B,True
q_006217,2372,5900,A,B,False
q_006218,299,11849,A,A,True
q_006219,11914,10797,A,A,True
q_006220,3575,10575,B,B,True
q_006221,2628,3834,A,A,True
q_006222,10049,8654,B,A,False
q_006223,3242,4666,A,A,True
q_006224,11564,4775,A,A,True
q_006225,12584,9036,A,A,True
q_006227,8341,11598,A,A,True
q_006228,59,6776,B,A,False
q_006229,431,5734,A,B,False
q_006230,6039,11105,A,B,False
q_006231,8036,6738,B,A,False
q_006232,560,1924,B,B,True
q_006233,2027,831,B,B,True
q_006234,9190,9688,A,B,False
q_006235,8556,11739,B,B,True
q_006236,8861,10307,A,B,False
q_006237,5610,3438,B,A,False
q_006238,3900,12676,A,B,False
q_006239,5317,3466,A,B,False
q_006240,8272,4101,A,A,True
q_006241,2061,3468,A,A,True
q_006242,1631,11670,A,A,True
q_006243,4223,7227,B,A,False
q_006244,2775,10196,B,A,False
q_006245,1842,4208,A,A,True
q_006246,3504,10049,A,A,True
q_006247,5771,10152,A,A,True
q_006248,794,7280,B,B,True
q_006249,2419,6241,B,B,True
q_006250,7522,8684,A,A,True
q_006251,2452,7197,B,B,True
q_006252,3498,6324,A,B,False
q_006253,6883,10683,B,A,False
q_006254,3215,9280,A,A,True
q_006255,1638,2352,A,A,True
q_006256,7933,10383,A,A,True
q_006257,2226,8754,A,A,True
q_006258,992,9314,B,B,True
q_006259,5347,11994,A,A,True
q_006260,1582,4991,A,A,True
q_006261,5423,9989,A,A,True
q_006262,2973,8834,B,B,True
q_006263,744,11449,A,A,True
q_006264,6858,6337,B,B,True
q_006265,1249,10104,A,A,True
q_006266,9316,8795,A,B,False
q_006267,546,6363,A,B,False
q_006268,3483,7824,A,B,False
q_006269,9166,7138,B,B,True
q_006270,2939,6429,A,A,True
q_006271,7171,9670,B,A,False
q_006273,714,10712,A,B,False
q_006274,7148,8834,B,A,False
q_006275,722,3173,A,B,False
q_006276,98,906,B,B,True
q_006277,9872,9597,A,A,True
q_006278,490,4954,B,B,True
q_006279,5239,4785,A,B,False
q_006280,7933,204,A,A,True
q_006281,3854,7122,B,B,True
q_006282,7886,7563,A,A,True
q_006283,2198,12006,A,A,True
q_006284,8274,5922,A,B,False
q_006285,12656,588,A,B,False
q_006286,896,2825,B,B,True
q_006287,809,5714,A,B,False
q_006288,3446,6003,A,B,False
q_006289,4591,10508,B,B,True
q_006290,2343,5156,A,A,True
q_006291,1353,8126,A,B,False
q_006292,1842,430,A,A,True
q_006293,9340,12081,B,B,True
q_006294,857,5026,A,B,False
q_006295,12217,9043,A,A,True
q_006296,1880,4255,A,B,False
q_006297,10907,3957,A,B,False
q_006298,3762,6220,A,A,True
q_006299,2335,12030,A,A,True
q_006301,446,10,A,B,False
q_006302,2098,3450,A,A,True
q_006303,7606,12464,A,A,True
q_006304,1964,3821,A,B,False
q_006305,4496,10621,A,B,False
q_006306,11799,10257,B,B,True
q_006308,7102,5031,A,B,False
q_006309,2365,7619,A,B,False
q_006310,6135,10086,B,B,True
q_006311,4215,10143,B,B,True
q_006312,588,764,B,A,False
q_006313,893,4057,A,B,False
q_006314,10830,11945,A,A,True
q_006315,723,4494,A,B,False
q_006316,3125,9945,A,A,True
q_006317,11639,7992,B,A,False
q_006318,2481,5919,A,A,True
q_006319,1869,3965,A,A,True
q_006320,10139,9864,A,B,False
q_006321,1502,12481,A,B,False
q_006322,1530,11322,B,A,False
q_006323,12254,3174,A,B,False
q_006324,1357,11992,B,B,True
q_006325,1812,9419,A,A,True
q_006326,2243,696,B,B,True
q_006327,4658,9084,B,B,True
q_006328,987,4461,B,A,False
q_006329,7635,6446,B,B,True
q_006330,823,6014,B,B,True
q_006331,2483,8776,A,A,True
q_006332,2981,2944,A,B,False
q_006333,1222,2466,B,B,True
q_006334,706,847,A,A,True
q_006335,2396,8265,A,A,True
q_006336,6871,5982,B,A,False
q_006337,1377,974,A,B,False
q_006338,4209,10194,B,B,True
q_006339,8486,7677,A,B,False
q_006340,3623,3777,A,B,False
q_006341,5092,12536,A,A,True
q_006342,8368,9450,B,B,True
q_006343,8539,8530,A,A,True
q_006344,2210,8904,A,A,True
q_006345,4851,9031,A,A,True
q_006346,7105,6150,B,B,True
q_006347,12511,10750,B,A,False
q_006348,6073,11083,A,A,True
q_006349,706,8615,B,B,True
q_006350,4334,10648,B,A,False
q_006351,510,11350,A,A,True
q_006352,1625,11976,A,A,True
q_006353,3413,11016,B,A,False
q_006354,6370,9379,B,B,True
q_006355,541,4634,A,A,True
q_006356,1395,8867,A,A,True
q_006357,55,7146,B,B,True
q_006358,472,2618,B,A,False
q_006359,6445,2850,A,B,False
q_006360,7941,3771,A,A,True
q_006361,5835,11905,A,B,False
q_006362,1943,9652,A,B,False
q_006363,3269,10194,B,A,False
q_006364,8489,10357,B,B,True
q_006365,6245,10058,A,B,False
q_006366,11766,10496,B,B,True
q_006367,2208,7629,A,B,False
q_006368,333,4596,A,A,True
q_006369,733,12425,B,B,True
q_006370,12591,7188,A,A,True
q_006371,1024,5893,B,B,True
q_006372,5286,11935,A,B,False
q_006373,500,9238,B,B,True
q_006374,1856,12146,A,A,True
q_006375,10979,10412,B,A,False
q_006376,1832,8888,B,B,True
q_006377,1821,2812,B,B,True
q_006378,11794,7313,A,A,True
q_006379,2239,3663,A,A,True
q_006380,3695,3069,A,B,False
q_006381,2478,890,A,A,True
q_006382,3661,7722,A,B,False
q_006383,341,4166,B,B,True
q_006384,3114,10100,B,B,True
q_006385,4144,7032,B,A,False
q_006386,12144,6182,A,A,True
q_006387,3847,8894,B,B,True
q_006388,2747,6665,A,A,True
q_006389,7538,8232,A,B,False
q_006390,10535,9656,A,B,False
q_006391,4931,9549,A,B,False
q_006392,3263,11023,B,B,True
q_006393,7052,11915,A,A,True
q_006394,1493,7356,A,B,False
q_006395,1195,1196,A,B,False
q_006396,5707,7180,B,B,True
q_006397,1961,1911,B,B,True
q_006398,6271,7227,B,A,False
q_006399,7495,11839,B,B,True
q_006400,6824,3511,B,B,True
q_006401,1247,9676,B,B,True
q_006402,12256,3935,B,B,True
q_006403,4711,11724,B,A,False
q_006404,10661,10327,B,B,True
q_006405,7936,11647,A,A,True
q_006406,8414,9423,A,B,False
q_006407,8252,9918,A,A,True
q_006408,3369,6671,A,A,True
q_006409,2765,11794,B,B,True
q_006410,12666,10777,A,B,False
q_006412,1089,3713,B,B,True
q_006413,45,8207,A,A,True
q_006414,2966,5002,A,A,True
q_006415,795,10922,A,A,True
q_006416,2687,6458,A,A,True
q_006417,1391,3986,B,B,True
q_006418,12466,8772,A,B,False
q_006419,1212,9531,A,A,True
q_006420,7966,4735,B,B,True
q_006421,4468,9555,A,A,True
q_006422,2214,2975,A,B,False
q_006423,3039,8911,A,B,False
q_006424,12332,10502,B,A,False
q_006425,7893,10046,A,A,True
q_006426,446,12392,B,A,False
q_006427,8579,7500,B,B,True
q_006428,3886,8559,B,A,False
q_006429,1861,3487,B,B,True
q_006430,5389,10831,B,A,False
q_006431,5741,9503,A,A,True
q_006432,3227,11332,B,A,False
q_006433,4508,5537,A,B,False
q_006434,3769,7763,A,A,True
q_006435,165,9828,A,B,False
q_006436,6895,10392,A,A,True
q_006437,8,3565,B,B,True
q_006438,953,8033,B,B,True
q_006439,6366,4200,A,A,True
q_006440,7301,10619,A,B,False
q_006441,2342,3484,A,B,False
q_006442,6851,6078,A,A,True
q_006443,8219,10316,B,B,True
q_006444,428,8602,B,A,False
q_006445,8645,9656,B,A,False
q_006446,12676,3668,B,B,True
q_006447,6367,8838,B,B,True
q_006448,2390,5463,A,B,False
q_006449,1766,6887,B,B,True
q_006450,4179,10016,B,B,True
q_006451,4003,10264,B,B,True
q_006453,3981,8605,B,B,True
q_006454,5920,9517,A,A,True
q_006455,2476,9468,A,A,True
q_006456,3751,12115,B,B,True
q_006457,1674,8235,A,A,True
q_006458,4397,4616,B,B,True
q_006459,6144,9803,B,A,False
q_006460,2135,5453,A,B,False
q_006461,8323,5583,B,B,True
q_006462,3023,9343,B,A,False
q_006463,1425,11238,A,A,True
q_006464,1677,2873,A,A,True
q_006465,6586,3305,A,A,True
q_006466,4656,5983,B,A,False
q_006467,1270,6431,A,B,False
q_006468,6535,11500,B,A,False
q_006469,2087,495,A,A,True
q_006470,196,3116,A,B,False
q_006471,1684,11594,A,B,False
q_006472,7810,5699,A,B,False
q_006473,8582,12124,B,B,True
q_006474,3070,3172,A,B,False
q_006475,3619,7915,A,B,False
q_006476,3083,4699,A,A,True
q_006477,4513,9310,B,A,False
q_006478,1151,9115,A,A,True
q_006479,3612,4092,A,B,False
q_006480,8191,8356,A,B,False
q_006481,7673,11413,A,A,True
q_006482,12023,10678,B,A,False
q_006483,7153,10177,B,A,False
q_006484,183,9063,A,B,False
q_006485,1148,11679,B,B,True
q_006486,4501,9996,A,A,True
q_006487,3810,12183,A,B,False
q_006488,1678,6063,B,B,True
q_006489,1459,11332,B,B,True
q_006490,753,11207,B,B,True
q_006491,7067,12237,B,B,True
q_006492,777,3765,B,B,True
q_006493,4390,10271,B,B,True
q_006494,3579,11142,A,A,True
q_006495,3739,10189,B,B,True
q_006496,7782,3822,A,A,True
q_006497,7390,11174,A,A,True
q_006498,3834,9175,B,A,False
q_006499,1527,6005,A,B,False
q_006500,1547,3010,B,B,True
q_006501,12343,9583,A,B,False
q_006502,6504,10260,A,B,False
q_006503,1952,7026,B,A,False
q_006504,5256,11303,B,B,True
q_006505,3442,11014,A,A,True
q_006506,11028,12051,A,A,True
q_006507,3056,6213,A,A,True
q_006508,8503,8574,B,B,True
q_006509,2038,473,A,A,True
q_006510,2496,3506,A,A,True
q_006511,901,10216,B,B,True
q_006512,1116,6265,B,B,True
q_006513,1289,9039,A,B,False
q_006514,2525,10290,A,A,True
q_006515,2366,3923,A,B,False
q_006516,3519,3480,A,B,False
q_006517,2511,7183,A,A,True
q_006518,2477,10583,B,B,True
q_006519,546,2156,B,B,True
q_006520,56,3538,B,B,True
q_006521,1008,3885,B,B,True
q_006522,2014,2576,B,B,True
q_006523,11960,8845,A,A,True
q_006524,2663,3785,B,B,True
q_006525,912,6183,B,B,True
q_006526,183,7193,A,B,False
q_006527,6062,3314,A,B,False
q_006528,5988,10675,A,A,True
q_006529,2165,4303,B,B,True
q_006530,812,6135,B,B,True
q_006531,240,2898,B,A,False
q_006532,5578,6345,A,B,False
q_006533,2399,4638,B,B,True
q_006534,4454,12433,A,A,True
q_006535,1399,9700,A,A,True
q_006536,4378,12692,A,A,True
q_006537,343,12091,B,B,True
q_006538,1856,4129,A,A,True
q_006539,1781,1309,B,B,True
q_006540,12423,11922,B,A,False
q_006541,12194,4047,A,B,False
q_006542,5476,3972,A,A,True
q_006543,7558,9541,B,A,False
q_006544,2202,642,A,A,True
q_006545,851,8154,B,A,False
q_006546,2319,8769,B,A,False
q_006547,8624,9021,A,A,True
q_006548,7226,12433,B,B,True
q_006549,7885,8947,B,B,True
q_006550,7052,11082,B,B,True
q_006551,11206,10417,A,A,True
q_006552,2282,3511,A,A,True
q_006553,2338,6143,B,B,True
q_006554,2035,5291,B,B,True
q_006555,6777,10092,A,A,True
q_006556,1805,8506,A,A,True
q_006557,4114,10989,A,A,True
q_006558,12124,6444,B,A,False
q_006559,1338,12408,A,A,True
q_006560,8073,11360,B,B,True
q_006561,8445,10274,A,B,False
q_006562,6029,10205,A,B,False
q_006563,1573,426,A,A,True
q_006564,436,9464,B,A,False
q_006565,3502,12035,B,B,True
q_006566,1303,3712,B,A,False
q_006567,1198,10355,B,B,True
q_006568,2035,4447,A,B,False
q_006569,2698,2423,A,A,True
q_006570,9283,10654,B,A,False
q_006571,2099,8116,B,A,False
q_006572,386,6115,B,B,True
q_006573,7986,11898,B,B,True
q_006574,1993,1737,B,B,True
q_006575,1978,5350,B,B,True
q_006576,483,11981,B,B,True
q_006577,1146,9874,A,A,True
q_006578,1685,5865,B,B,True
q_006579,5507,5150,B,B,True
q_006580,12249,5884,A,A,True
q_006581,4481,9197,A,A,True
q_006582,11540,7881,B,A,False
q_006583,1167,9154,B,B,True
q_006584,6740,9260,A,A,True
q_006585,7358,9213,B,B,True
q_006586,454,6932,B,A,False
q_006587,6504,6246,B,B,True
q_006588,707,3023,B,B,True
q_006589,6188,11440,B,B,True
q_006590,128,8653,A,A,True
q_006591,2394,12278,A,B,False
q_006592,6626,4703,A,A,True
q_006593,1390,9610,B,B,True
q_006594,12157,10214,B,B,True
q_006595,2493,6315,B,B,True
q_006596,7717,10950,B,B,True
q_006597,999,6089,B,B,True
q_006598,2006,1681,A,B,False
q_006599,336,12454,A,A,True
q_006600,1723,4903,A,B,False
q_006601,1561,11976,A,A,True
q_006602,6037,8893,B,A,False
q_006603,2552,4055,A,A,True
q_006604,7490,5668,A,A,True
q_006605,3252,10288,B,B,True
q_006606,11061,8684,A,B,False
q_006607,3135,12700,B,B,True
q_006608,1079,3011,B,A,False
q_006609,2824,9132,B,B,True
q_006610,4264,8030,A,A,True
q_006611,602,8543,A,B,False
q_006612,6619,11717,A,A,True
q_006613,787,5067,B,A,False
q_006614,789,2616,A,A,True
q_006615,323,10616,B,B,True
q_006616,5988,8389,A,A,True
q_006617,7619,8110,A,A,True
q_006618,1318,4074,B,A,False
q_006619,910,3662,A,A,True
q_006620,1476,3860,A,A,True
q_006621,7598,11859,B,B,True
q_006622,10240,10004,A,A,True
q_006623,11904,11009,A,A,True
q_006624,6634,6744,A,A,True
q_006625,6938,4632,A,A,True
q_006626,5186,9987,B,B,True
q_006627,7836,9358,A,A,True
q_006628,5546,4041,A,A,True
q_006629,3708,5284,A,A,True
q_006630,6169,9990,A,A,True
q_006631,813,6900,B,B,True
q_006632,2445,5943,A,B,False
q_006633,9370,9323,B,B,True
q_006634,3667,11029,B,A,False
q_006635,769,1293,B,B,True
q_006636,1232,10017,A,A,True
q_006637,1087,5781,B,A,False
q_006638,4135,10058,B,B,True
q_006639,1210,3954,B,B,True
q_006640,4151,11769,A,B,False
q_006641,158,9212,B,B,True
q_006642,3482,12358,B,B,True
q_006643,7723,5515,B,A,False
q_006644,5900,10132,A,A,True
q_006645,4153,8992,B,A,False
q_006646,1801,3959,A,B,False
q_006647,970,10182,B,B,True
q_006648,6992,12386,A,A,True
q_006649,7679,11763,A,B,False
q_006650,2545,11061,A,A,True
q_006651,4002,10760,A,B,False
q_006652,12667,11837,B,A,False
q_006653,3499,5165,A,A,True
q_006654,1175,10476,A,A,True
q_006655,1284,10784,A,B,False
q_006656,3944,11275,A,B,False
q_006657,6435,7337,A,A,True
q_006658,12297,7359,A,B,False
q_006659,2834,3375,A,A,True
q_006660,5494,858,A,A,True
q_006661,10709,11997,B,B,True
q_006662,6137,6001,B,A,False
q_006663,3493,8676,A,A,True
q_006664,5315,8809,A,B,False
q_006665,332,49,A,A,True
q_006666,1016,3597,A,A,True
q_006667,3083,7187,A,A,True
q_006668,247,5726,B,B,True
q_006669,2945,4660,B,B,True
q_006670,2380,12111,B,A,False
q_006671,195,4464,B,A,False
q_006672,3143,4242,B,B,True
q_006673,7870,6666,A,A,True
q_006674,7150,7154,B,A,False
q_006675,2604,11221,B,A,False
q_006676,757,10251,B,B,True
q_006677,3714,11431,A,A,True
q_006678,11469,6999,B,A,False
q_006679,6617,7285,B,B,True
q_006680,734,2385,A,A,True
q_006681,2658,4321,A,A,True
q_006682,927,9425,B,B,True
q_006684,4754,9781,A,B,False
q_006685,2003,6943,B,A,False
q_006686,2438,8652,A,A,True
q_006687,2102,1315,A,A,True
q_006688,12557,8879,A,A,True
q_006689,6391,6572,A,B,False
q_006690,5733,6564,B,B,True
q_006691,12190,8537,A,B,False
q_006692,1219,10529,B,B,True
q_006693,5390,10108,A,B,False
q_006694,1122,1743,B,B,True
q_006695,7493,5405,A,A,True
q_006696,3395,11213,A,B,False
q_006697,5859,9833,B,A,False
q_006698,4185,8920,B,A,False
q_006699,3559,4990,B,A,False
q_006700,651,11311,A,B,False
q_006701,2056,417,B,B,True
q_006702,6676,9095,A,B,False
q_006703,1475,7357,B,B,True
q_006704,12435,11366,A,A,True
q_006705,491,11362,A,A,True
q_006706,297,2047,B,A,False
q_006707,4179,9348,B,B,True
q_006708,1148,2543,A,B,False
q_006709,1222,6296,B,B,True
q_006710,3806,10078,B,B,True
q_006711,5093,4527,A,A,True
q_006712,12677,7178,B,B,True
q_006713,67,7123,B,B,True
q_006714,6386,11879,B,B,True
q_006716,12521,7169,A,B,False
q_006717,8506,8614,B,B,True
q_006718,2214,9808,B,A,False
q_006720,10951,11365,B,B,True
q_006721,4041,10680,B,B,True
q_006722,2266,9962,A,A,True
q_006723,4398,6066,B,B,True
q_006724,3494,11714,B,A,False
q_006725,7436,8503,B,A,False
q_006726,835,10975,A,A,True
q_006727,7579,11230,B,B,True
q_006728,1595,265,A,A,True
q_006729,3998,8676,A,A,True
q_006730,3175,8759,A,A,True
q_006731,4197,11401,A,B,False
q_006732,7451,9273,A,A,True
q_006733,10267,8819,B,B,True
q_006734,4182,8892,B,B,True
q_006735,8227,7205,A,B,False
q_006736,5059,10975,B,B,True
q_006737,3776,1716,A,A,True
q_006738,6713,4729,B,B,True
q_006739,3788,5604,B,B,True
q_006740,1445,30,B,B,True
q_006741,11122,11343,A,A,True
q_006742,6707,6315,A,B,False
q_006743,461,685,A,B,False
q_006744,11029,10485,B,B,True
q_006745,10866,11963,A,A,True
q_006746,8408,153,A,B,False
q_006747,2073,4155,B,B,True
q_006748,4623,10920,A,B,False
q_006749,6445,9388,B,B,True
q_006750,3618,9222,A,B,False
q_006751,4193,5392,A,A,True
q_006752,12551,7773,A,A,True
q_006753,128,12113,A,B,False
q_006754,8368,8596,A,A,True
q_006755,463,11631,A,B,False
q_006756,2917,6686,A,A,True
q_006757,5780,4489,A,A,True
q_006758,3775,6809,A,B,False
q_006759,12126,11022,B,B,True
q_006760,421,10778,B,A,False
q_006761,3482,3643,A,A,True
q_006762,1763,1382,A,A,True
q_006763,3502,11007,A,A,True
q_006764,2990,6132,B,A,False
q_006765,11720,11419,A,A,True
q_006766,180,8452,B,A,False
q_006767,7075,10553,B,B,True
q_006768,6575,8346,A,B,False
q_006769,1344,2575,A,A,True
q_006770,7141,8705,A,B,False
q_006771,7373,8707,B,A,False
q_006772,47,12266,A,A,True
q_006773,2838,6975,A,B,False
q_006774,4421,11929,B,B,True
q_006775,2733,12002,A,A,True
q_006776,7355,6639,A,B,False
q_006777,7820,5582,A,A,True
q_006778,1813,2156,B,B,True
q_006779,1574,3411,B,B,True
q_006780,8327,11170,B,B,True
q_006781,1757,5969,A,B,False
q_006782,3368,5045,A,B,False
q_006783,3250,8877,A,A,True
q_006784,498,3057,A,A,True
q_006785,12378,10850,B,A,False
q_006786,8253,10695,B,B,True
q_006787,360,7045,A,B,False
q_006788,3140,4439,A,A,True
q_006789,2733,9408,B,B,True
q_006790,3906,10968,A,B,False
q_006791,11771,11777,A,B,False
q_006792,1129,10815,A,A,True
q_006793,950,10456,B,B,True
q_006794,3869,9272,B,B,True
q_006795,1400,3371,B,B,True
q_006796,973,10289,A,A,True
q_006797,12212,8792,B,B,True
q_006798,12599,6076,A,B,False
q_006799,3402,8234,A,B,False
q_006800,7511,10819,A,A,True
q_006801,875,3718,B,B,True
q_006802,2458,6703,B,B,True
q_006803,4904,10602,A,A,True
q_006804,794,5595,B,B,True
q_006805,2094,6651,B,A,False
q_006806,7568,6326,B,A,False
q_006807,11527,8730,A,A,True
q_006808,634,3436,A,B,False
q_006809,7081,11156,B,A,False
q_006810,10373,9714,B,A,False
q_006811,11365,10324,A,B,False
q_006812,5239,7223,B,A,False
q_006813,3060,6555,A,A,True
q_006814,4689,9055,B,A,False
q_006815,2163,3198,B,A,False
q_006816,1768,11123,B,A,False
q_006817,6429,4556,A,A,True
q_006818,4178,9191,A,A,True
q_006819,1857,1281,B,B,True
q_006820,666,10024,A,A,True
q_006821,8372,12022,B,B,True
q_006822,12676,8607,B,A,False
q_006823,1702,9116,A,B,False
q_006824,842,6862,B,A,False
q_006825,6495,10117,A,B,False
q_006826,4631,6841,B,A,False
q_006827,691,9505,A,A,True
q_006828,6231,6012,B,A,False
q_006829,3085,3805,B,B,True
q_006830,3332,7845,A,B,False
q_006831,1787,2949,A,A,True
q_006832,5528,10542,A,A,True
q_006833,7879,5457,B,B,True
q_006834,814,9911,A,A,True
q_006835,9997,10534,B,A,False
q_006836,2122,9094,B,B,True
q_006837,728,4199,A,A,True
q_006838,1578,823,A,B,False
q_006839,121,10804,B,B,True
q_006840,12535,3600,A,B,False
q_006841,8387,10937,A,A,True
q_006842,6344,5739,A,A,True
q_006843,2542,4348,B,B,True
q_006844,3476,7509,A,B,False
q_006845,8374,6897,B,B,True
q_006846,1394,2832,A,A,True
q_006847,189,5116,A,B,False
q_006848,5959,4394,B,B,True
q_006849,1959,6465,B,B,True
q_006850,4482,10143,A,A,True
q_006851,5002,6717,B,B,True
q_006852,1234,8610,A,A,True
q_006853,1098,11186,B,A,False
q_006854,5256,11085,A,A,True
q_006855,9172,11162,A,B,False
q_006856,549,8793,A,B,False
q_006857,457,11744,A,B,False
q_006858,296,5438,B,B,True
q_006859,10439,10032,B,B,True
q_006860,3059,9241,B,A,False
q_006862,2281,12006,A,A,True
q_006863,7085,8430,A,A,True
q_006864,11452,12526,B,B,True
q_006865,11807,12511,B,B,True
q_006866,5693,9183,B,A,False
q_006867,3150,10206,A,A,True
q_006869,965,2781,A,A,True
q_006870,1307,1920,B,B,True
q_006871,4848,7140,B,B,True
q_006872,12582,6037,A,A,True
q_006873,4177,4446,A,B,False
q_006874,1296,5633,A,B,False
q_006875,6415,4095,B,B,True
q_006876,5597,6335,A,B,False
q_006877,90,12119,B,B,True
q_006878,7557,12126,A,B,False
q_006879,7577,7822,B,A,False
q_006880,4009,10806,A,A,True
q_006881,3355,3976,A,B,False
q_006882,12317,9677,B,A,False
q_006883,2387,11964,A,A,True
q_006884,598,1592,A,B,False
q_006885,513,8898,A,A,True
q_006886,5816,11203,B,A,False
q_006887,4630,3381,B,B,True
q_006888,1294,5235,B,A,False
q_006889,11518,11168,A,A,True
q_006890,1888,11743,B,B,True
q_006891,4277,4373,A,B,False
q_006892,262,5868,A,A,True
q_006893,6559,8629,A,A,True
q_006894,8886,9321,A,B,False
q_006895,6089,9613,A,A,True
q_006896,5031,3342,A,A,True
q_006897,4168,11735,B,B,True
q_006898,4736,11919,A,B,False
q_006899,3375,10440,B,B,True
q_006900,472,4154,A,A,True
q_006901,4234,8791,B,B,True
q_006902,10327,7053,A,B,False
q_006903,7106,8389,A,B,False
q_006904,1707,8131,A,B,False
q_006905,12,11265,A,A,True
q_006906,381,3220,B,B,True
q_006907,445,1460,B,A,False
q_006908,2020,8492,B,A,False
q_006909,2667,12590,B,B,True
q_006910,8061,9530,B,B,True
q_006911,12046,9940,B,A,False
q_006912,3755,8800,A,B,False
q_006914,2527,6287,A,A,True
q_006915,4397,11464,A,A,True
q_006916,391,7792,B,B,True
q_006917,259,4544,A,A,True
q_006918,1003,11133,A,A,True
q_006919,5966,10061,A,A,True
q_006920,6340,3271,A,A,True
q_006921,5732,8562,B,B,True
q_006922,2406,5989,A,B,False
q_006923,7128,10032,B,A,False
q_006924,4430,9580,A,A,True
q_006925,85,9862,A,A,True
q_006926,2858,4911,A,B,False
q_006927,689,3661,B,B,True
q_006928,2468,9287,B,B,True
q_006930,1169,3372,B,B,True
q_006931,738,10076,A,A,True
q_006932,896,7589,A,A,True
q_006933,7875,11194,A,A,True
q_006934,2852,4947,B,B,True
q_006935,550,3827,A,A,True
q_006936,1780,6139,B,B,True
q_006937,1624,3943,A,A,True
q_006938,2599,10087,A,A,True
q_006939,2289,12284,B,A,False
q_006940,8094,10366,B,B,True
q_006942,6395,6967,A,A,True
q_006943,5105,5681,A,B,False
q_006944,8315,10083,B,B,True
q_006945,7018,8329,B,B,True
q_006946,7534,5948,A,B,False
q_006947,5203,11341,B,A,False
q_006949,7022,6664,A,A,True
q_006950,5010,8755,B,A,False
q_006951,6766,5493,B,A,False
q_006952,1779,10250,A,A,True
q_006953,4057,10504,B,B,True
q_006954,5452,11957,A,A,True
q_006955,11550,10174,B,B,True
q_006956,2199,5414,B,B,True
q_006957,1404,11843,A,A,True
q_006958,3736,8240,A,B,False
q_006959,3825,7170,A,A,True
q_006960,4186,3603,B,B,True
q_006961,1232,5618,A,A,True
q_006962,3673,4320,B,B,True
q_006963,2721,8961,A,A,True
q_006964,431,1032,A,B,False
q_006965,7454,10652,B,B,True
q_006966,11484,12319,A,A,True
q_006967,1601,7153,B,B,True
q_006968,667,6954,B,A,False
q_006969,1279,8894,A,B,False
q_006970,2529,6936,B,B,True
q_006971,9526,10494,A,A,True
q_006972,2778,3934,B,B,True
q_006973,1503,8595,A,B,False
q_006974,1219,3882,A,A,True
q_006975,7727,9481,A,A,True
q_006976,4532,10051,A,B,False
q_006977,2651,4472,A,B,False
q_006978,3032,7846,A,B,False
q_006979,6332,11389,B,B,True
q_006980,3736,4764,A,A,True
q_006981,7475,8991,A,A,True
q_006982,12613,9432,B,B,True
q_006983,755,31,B,B,True
q_006984,3156,12159,A,A,True
q_006985,10876,11378,B,A,False
q_006986,6726,11217,B,A,False
q_006987,5259,7752,A,B,False
q_006988,1985,4691,B,B,True
q_006989,1641,3789,A,A,True
q_006990,7261,12062,A,A,True
q_006991,8549,10373,B,B,True
q_006992,959,2936,B,B,True
q_006993,9111,9123,B,B,True
q_006994,1867,9505,A,A,True
q_006995,3853,9635,A,B,False
q_006996,4320,6120,B,A,False
q_006997,4468,4982,A,A,True
q_006998,8872,5289,A,B,False
q_006999,1986,10853,A,A,True
q_007000,11441,11144,B,A,False
q_007001,7541,5261,A,A,True
q_007002,3883,12325,B,A,False
q_007003,12159,7249,B,B,True
q_007004,6079,4893,A,A,True
q_007005,8,5294,B,B,True
q_007006,268,7765,B,B,True
q_007007,8194,12658,A,B,False
q_007008,12305,10754,B,A,False
q_007009,2241,9125,B,B,True
q_007010,376,12043,A,A,True
q_007011,7205,10115,B,B,True
q_007012,5348,9438,B,A,False
q_007013,11792,6309,A,B,False
q_007014,5456,7104,A,A,True
q_007015,10291,8743,B,A,False
q_007016,7769,2328,A,B,False
q_007017,1389,8658,B,B,True
q_007018,6705,5897,A,B,False
q_007019,3533,4149,A,A,True
q_007020,6596,12474,B,B,True
q_007021,1089,12187,A,B,False
q_007022,7658,9693,A,A,True
q_007023,7647,8987,B,B,True
q_007024,1577,11168,A,A,True
q_007025,12683,12553,A,A,True
q_007026,3109,11061,B,B,True
q_007027,4762,12341,A,A,True
q_007028,5664,8839,B,B,True
q_007029,2070,11675,A,A,True
q_007030,6174,11331,B,A,False
q_007031,3413,9598,A,B,False
q_007032,3178,11644,A,A,True
q_007033,7744,7252,A,B,False
q_007034,1613,10784,B,B,True
q_007035,2188,7229,A,B,False
q_007036,893,5094,B,A,False
q_007037,6904,2920,A,B,False
q_007038,7142,10290,A,B,False
q_007039,9725,9539,A,B,False
q_007040,7751,6707,A,B,False
q_007041,1119,6618,B,A,False
q_007042,7749,7141,A,A,True
q_007043,11032,7917,B,A,False
q_007044,8685,10696,A,B,False
q_007045,1393,5409,A,A,True
q_007046,1206,7570,A,A,True
q_007047,1616,4841,A,A,True
q_007048,4217,10157,B,B,True
q_007049,8061,6429,A,A,True
q_007050,12597,9391,A,A,True
q_007052,3967,8629,B,B,True
q_007053,1380,5591,B,B,True
q_007054,595,11846,A,A,True
q_007055,1951,10139,B,B,True
q_007056,4490,4808,B,A,False
q_007057,6471,10643,B,A,False
q_007058,5713,12293,A,A,True
q_007059,3630,6155,A,A,True
q_007060,2137,6159,A,B,False
q_007061,619,12117,B,B,True
q_007062,1518,12438,B,B,True
q_007063,209,11996,A,A,True
q_007064,1438,331,A,A,True
q_007065,1215,6016,B,B,True
q_007066,46,11474,B,A,False
q_007067,2089,12022,B,B,True
q_007068,7976,11375,A,A,True
q_007069,8960,9853,A,B,False
q_007070,6259,3788,A,B,False
q_007071,1355,10105,A,A,True
q_007072,7517,7722,B,A,False
q_007073,6598,2901,B,B,True
q_007074,9347,9053,A,B,False
q_007075,443,7525,A,B,False
q_007076,983,10319,B,B,True
q_007077,1962,7483,B,A,False
q_007078,2933,10866,B,B,True
q_007079,3857,11857,A,A,True
q_007080,4337,7227,A,B,False
q_007081,4679,11293,B,A,False
q_007082,5998,9308,A,A,True
q_007083,6463,6913,A,B,False
q_007084,7867,6867,A,A,True
q_007085,2891,11256,A,A,True
q_007086,5677,4940,B,A,False
q_007087,6873,2862,A,A,True
q_007088,1740,10810,B,A,False
q_007089,4193,10198,B,B,True
q_007090,8301,9578,A,A,True
q_007091,2735,5984,A,B,False
q_007092,5166,5359,A,A,True
q_007093,6100,7032,A,A,True
q_007094,12296,12387,A,B,False
q_007095,12677,4506,A,A,True
q_007096,2049,11668,A,A,True
q_007097,1454,9503,A,A,True
q_007098,3104,8053,B,B,True
q_007099,8920,10825,B,B,True
q_007100,5839,10077,B,B,True
q_007101,8879,10974,A,B,False
q_007102,8546,8218,A,A,True
q_007103,7029,4801,B,B,True
q_007104,5437,3577,A,A,True
q_007105,7615,4371,B,B,True
q_007107,8273,6597,A,A,True
q_007108,3562,12552,A,A,True
q_007109,3716,8651,B,A,False
q_007110,502,5179,A,A,True
q_007111,7310,10154,B,A,False
q_007112,7920,11934,B,B,True
q_007113,6331,11014,B,B,True
q_007114,6811,3252,A,A,True
q_007115,3161,11763,B,B,True
q_007116,2565,6499,B,B,True
q_007117,709,7913,B,A,False
q_007118,5440,8577,B,A,False
q_007119,12230,6535,A,A,True
q_007120,7799,6631,A,B,False
q_007121,772,9035,B,B,True
q_007122,7677,4634,A,A,True
q_007123,6403,11473,A,A,True
q_007124,964,659,B,B,True
q_007125,7780,11492,B,A,False
q_007126,5599,11286,A,B,False
q_007127,2344,11673,B,A,False
q_007128,6521,3726,A,B,False
q_007129,7178,12368,B,A,False
q_007130,4079,9177,B,A,False
q_007131,10432,10320,B,A,False
q_007132,6551,9984,B,B,True
q_007133,10936,9165,A,B,False
q_007134,203,10233,B,A,False
q_007135,6136,6672,B,B,True
q_007136,9099,7185,B,B,True
q_007137,4617,10637,B,A,False
q_007138,2852,4510,A,A,True
q_007139,36,3897,A,A,True
q_007140,2286,8506,B,A,False
q_007141,3188,9682,A,A,True
q_007142,12693,10341,A,B,False
q_007143,1785,12094,A,A,True
q_007144,2962,11129,B,B,True
q_007145,3500,3901,A,A,True
q_007146,8283,11296,A,A,True
q_007147,5664,9553,A,B,False
q_007148,6431,3582,A,A,True
q_007149,6461,4095,B,A,False
q_007150,7600,5564,A,A,True
q_007151,3920,4918,B,B,True
q_007152,1784,7284,B,B,True
q_007153,12593,10420,B,B,True
q_007154,2782,5365,A,A,True
q_007155,597,3261,B,B,True
q_007156,715,9256,B,B,True
q_007157,7397,9470,A,A,True
q_007158,1970,3430,A,A,True
q_007159,937,5864,B,B,True
q_007160,577,12080,A,A,True
q_007161,973,9730,B,B,True
q_007162,2219,7951,B,A,False
q_007163,2720,10064,B,B,True
q_007164,5807,7960,A,B,False
q_007165,5104,8821,A,A,True
q_007166,2329,7492,A,A,True
q_007167,1377,9180,B,A,False
q_007168,1090,5068,B,A,False
q_007169,11628,10178,B,B,True
q_007170,375,11430,A,A,True
q_007171,7943,10174,A,A,True
q_007172,12608,7349,B,B,True
q_007173,1282,4961,B,B,True
q_007174,1450,7020,B,B,True
q_007175,3644,6152,A,A,True
q_007176,6543,9478,A,B,False
q_007177,1743,9903,B,A,False
q_007178,8486,4937,A,A,True
q_007179,3717,10134,B,B,True
q_007180,40,5660,A,A,True
q_007181,6772,10214,A,A,True
q_007182,770,8228,B,B,True
q_007183,35,4168,B,B,True
q_007184,2921,9200,B,B,True
q_007185,6898,10241,A,B,False
q_007186,5968,3891,A,A,True
q_007187,1103,6135,A,B,False
q_007188,3326,8668,A,A,True
q_007189,564,8171,A,A,True
q_007190,6042,9868,A,B,False
q_007191,442,12677,B,A,False
q_007192,7207,10004,A,A,True
q_007193,450,11047,B,A,False
q_007194,8260,9436,B,A,False
q_007195,4439,11217,B,B,True
q_007196,810,3951,A,A,True
q_007197,12088,8749,A,B,False
q_007198,3032,7021,B,A,False
q_007199,8470,5569,B,B,True
q_007200,4777,8657,B,A,False
q_007201,3535,3644,A,A,True
q_007202,7938,3360,A,A,True
q_007203,1652,2745,B,B,True
q_007204,53,10319,A,A,True
q_007205,6368,8680,B,B,True
q_007206,12538,12704,A,A,True
q_007207,344,2796,A,A,True
q_007210,10896,9813,B,A,False
q_007211,50,5389,B,B,True
q_007212,6361,11898,B,B,True
q_007213,1820,3038,A,A,True
q_007214,3138,10854,A,A,True
q_007215,3131,6611,B,B,True
q_007216,7783,11994,A,A,True
q_007217,2528,2759,A,A,True
q_007218,3200,3306,A,A,True
q_007219,2869,7170,B,B,True
q_007220,4534,7011,A,B,False
q_007221,1893,8336,A,B,False
q_007222,5082,8277,A,A,True
q_007223,5155,4161,B,B,True
q_007224,1922,6577,A,B,False
q_007225,6485,7815,B,A,False
q_007226,195,8867,A,A,True
q_007227,402,11311,A,B,False
q_007228,11644,11694,B,A,False
q_007229,7657,7760,B,B,True
q_007230,3309,7301,A,A,True
q_007231,9534,8825,A,B,False
q_007232,5602,10719,B,A,False
q_007233,12149,4644,A,A,True
q_007234,4481,10043,B,B,True
q_007235,2030,2581,A,A,True
q_007236,2079,10688,B,B,True
q_007237,2652,4073,A,A,True
q_007238,3613,11125,B,A,False
q_007239,3873,12253,A,B,False
q_007240,6438,4197,A,A,True
q_007241,7901,11318,A,A,True
q_007242,3118,2595,A,A,True
q_007243,5170,3526,A,B,False
q_007244,3765,9255,A,B,False
q_007245,5729,3834,B,B,True
q_007246,1877,7569,B,B,True
q_007247,9418,10616,A,B,False
q_007248,3369,5118,A,B,False
q_007249,482,8494,A,B,False
q_007250,4336,8125,A,B,False
q_007251,6973,7123,B,B,True
q_007252,8375,9855,A,A,True
q_007253,5720,11247,A,A,True
q_007254,2634,9870,A,B,False
q_007255,7940,8544,A,A,True
q_007256,11621,9626,A,B,False
q_007257,8167,9290,B,B,True
q_007258,1818,6312,A,A,True
q_007259,2411,4129,B,A,False
q_007260,2577,7398,B,A,False
q_007261,1352,8087,B,A,False
q_007262,7262,9577,B,B,True
q_007263,6662,12264,A,B,False
q_007264,4357,6567,A,A,True
q_007265,1702,7610,B,A,False
q_007266,5433,9831,B,A,False
q_007267,5282,11203,B,A,False
q_007268,6003,9106,B,B,True
q_007269,7485,9588,B,B,True
q_007270,3870,9363,B,A,False
q_007271,786,11710,A,A,True
q_007272,2873,7214,B,A,False
q_007273,9154,10446,B,B,True
q_007274,884,931,A,B,False
q_007275,3110,2753,B,A,False
q_007277,5470,10223,B,B,True
q_007278,1788,6411,A,B,False
q_007279,6790,4916,B,B,True
q_007280,1711,8199,A,A,True
q_007281,455,3514,A,B,False
q_007282,6067,9067,A,A,True
q_007283,383,5217,B,B,True
q_007284,1445,5299,A,A,True
q_007285,4390,10366,B,B,True
q_007286,5201,8364,B,A,False
q_007287,2242,49,B,B,True
q_007288,5575,6074,B,A,False
q_007289,659,10764,A,B,False
q_007290,1773,8537,A,B,False
q_007291,1828,9604,A,A,True
q_007292,3537,9911,B,A,False
q_007293,4447,6365,A,A,True
q_007295,4947,9970,B,A,False
q_007296,3460,4129,A,A,True
q_007297,3139,7681,A,A,True
q_007298,7065,5466,A,A,True
q_007299,2152,10917,B,A,False
q_007300,9593,9692,A,A,True
q_007301,7856,3777,A,A,True
q_007302,2649,11980,A,A,True
q_007303,2671,9626,A,A,True
q_007304,11572,7885,A,A,True
q_007305,3929,10861,A,B,False
q_007306,6864,10421,B,B,True
q_007307,2581,4048,A,B,False
q_007308,11902,9683,B,B,True
q_007309,430,4036,B,A,False
q_007310,4245,11087,B,B,True
q_007311,1054,7725,A,B,False
q_007312,6794,6378,B,B,True
q_007313,2014,2868,A,A,True
q_007314,2535,11295,A,A,True
q_007315,5299,9922,B,A,False
q_007316,8570,11131,B,B,True
q_007317,8639,11174,A,B,False
q_007318,6737,6806,B,B,True
q_007319,728,9824,A,A,True
q_007320,3050,2804,A,A,True
q_007321,2702,12294,B,B,True
q_007322,1588,11615,A,B,False
q_007323,7428,11541,A,B,False
q_007324,4333,6060,B,B,True
q_007325,11490,11308,A,A,True
q_007326,3111,3126,A,B,False
q_007327,8156,8634,A,A,True
q_007328,1985,4980,A,A,True
q_007329,2309,3055,B,B,True
q_007330,3176,5289,A,A,True
q_007331,5334,10156,A,A,True
q_007332,3533,4315,A,A,True
q_007333,2684,8815,A,A,True
q_007334,7258,4245,A,B,False
q_007335,1634,12426,A,A,True
q_007336,3821,12321,B,B,True
q_007337,4829,3093,A,A,True
q_007338,1365,11468,A,B,False
q_007339,4232,7317,A,A,True
q_007340,2727,11221,B,B,True
q_007341,4574,10438,B,B,True
q_007342,10328,10740,A,B,False
q_007343,799,7762,A,A,True
q_007344,10877,9393,B,B,True
q_007345,3764,8046,A,A,True
q_007346,469,3543,B,B,True
q_007347,6804,4394,A,B,False
q_007348,3032,11746,A,B,False
q_007349,2145,10046,A,A,True
q_007350,1682,9964,B,B,True
q_007351,2098,11160,A,A,True
q_007352,7406,4743,B,B,True
q_007353,4091,10294,B,B,True
q_007354,6181,11755,A,B,False
q_007355,196,7261,B,A,False
q_007356,5448,3785,A,B,False
q_007357,3534,9490,B,B,True
q_007358,11147,10613,A,A,True
q_007359,678,9310,B,B,True
q_007360,784,4694,A,A,True
q_007361,8255,9375,B,B,True
q_007362,17,869,A,B,False
q_007363,2173,5204,A,A,True
q_007364,6821,12588,B,B,True
q_007365,359,5409,A,B,False
q_007366,182,9246,B,B,True
q_007367,6188,10187,A,B,False
q_007368,1151,2799,A,A,True
q_007369,1597,2344,A,A,True
q_007370,7523,9671,B,A,False
q_007371,1202,3567,A,A,True
q_007372,7556,12445,A,B,False
q_007373,4421,12030,B,B,True
q_007374,4705,10469,A,A,True
q_007375,3835,12100,A,B,False
q_007376,7700,11123,A,A,True
q_007377,7817,3242,A,A,True
q_007378,3044,4451,B,A,False
q_007379,4847,12368,A,A,True
q_007380,8566,8714,A,A,True
q_007381,494,1092,B,B,True
q_007382,3015,11264,A,B,False
q_007383,2042,7628,A,B,False
q_007384,7923,8657,B,B,True
q_007385,1172,5569,A,A,True
q_007386,222,10010,B,B,True
q_007387,6893,10008,A,A,True
q_007388,3020,8725,B,A,False
q_007389,11237,9555,B,A,False
q_007390,7774,12591,B,A,False
q_007391,5382,9601,A,B,False
q_007392,3601,11512,B,A,False
q_007393,3804,12404,A,A,True
q_007394,7530,7123,A,A,True
q_007395,602,213,B,B,True
q_007396,6143,4394,B,A,False
q_007397,314,7872,A,B,False
q_007398,490,1393,A,B,False
q_007399,1478,5464,B,A,False
q_007400,5017,9473,A,A,True
q_007401,11567,11224,B,B,True
q_007402,1114,4087,A,A,True
q_007403,3101,11884,B,B,True
q_007404,5358,10203,B,A,False
q_007405,3850,7294,B,A,False
q_007406,2935,12542,B,B,True
q_007407,8695,10517,A,B,False
q_007408,6840,9606,A,B,False
q_007409,773,8009,B,B,True
q_007410,1027,12429,B,B,True
q_007411,1277,1945,B,A,False
q_007412,8397,4902,A,B,False
q_007413,7659,4209,B,B,True
q_007414,912,3061,B,B,True
q_007415,8515,12402,A,A,True
q_007416,7265,10360,B,B,True
q_007417,3914,5579,A,A,True
q_007418,3038,11205,A,B,False
q_007419,14,9329,A,B,False
q_007420,7531,9101,B,B,True
q_007421,12412,11024,B,A,False
q_007422,460,2335,B,A,False
q_007423,5260,9636,A,B,False
q_007424,12170,8413,B,B,True
q_007425,5476,12608,B,B,True
q_007426,7345,8271,B,B,True
q_007427,9055,9585,B,B,True
q_007428,12270,11290,A,B,False
q_007429,7680,10828,B,B,True
q_007430,11407,9019,A,A,True
q_007431,3837,10576,A,A,True
q_007432,1917,4845,A,B,False
q_007433,1271,9279,B,B,True
q_007434,1390,5215,A,A,True
q_007435,10188,10512,A,A,True
q_007436,516,10295,A,A,True
q_007437,6142,11876,A,A,True
q_007438,7476,7794,A,A,True
q_007439,8545,6038,A,A,True
q_007440,2103,839,A,A,True
q_007441,8111,10933,A,A,True
q_007442,5557,7197,B,B,True
q_007443,225,6543,A,A,True
q_007444,1687,8594,A,A,True
q_007445,10919,10813,B,A,False
q_007446,1889,11984,A,A,True
q_007447,5481,9553,B,B,True
q_007448,4235,9178,B,B,True
q_007449,12031,10415,A,B,False
q_007450,3503,9890,A,B,False
q_007451,2968,10157,B,B,True
q_007452,10864,9720,A,B,False
q_007453,12222,4096,B,B,True
q_007454,7727,6607,A,B,False
q_007455,3163,8405,B,B,True
q_007456,2110,7160,A,A,True
q_007457,11763,9017,B,B,True
q_007458,2113,1280,A,A,True
q_007459,12613,9618,B,A,False
q_007460,3524,6915,A,A,True
q_007461,5295,11896,A,B,False
q_007462,3218,2691,A,B,False
q_007463,6851,11523,B,A,False
q_007464,10,5693,A,A,True
q_007465,2167,7287,A,A,True
q_007466,6599,8387,B,B,True
q_007468,12233,11484,A,B,False
q_007469,2126,10640,B,A,False
q_007470,11710,9274,B,B,True
q_007471,12388,10148,A,A,True
q_007472,2797,9867,A,B,False
q_007473,4394,3240,A,A,True
q_007474,11499,6036,B,B,True
q_007475,12240,9209,A,A,True
q_007476,12185,6525,A,A,True
q_007477,1529,10111,A,A,True
q_007478,542,10089,A,A,True
q_007479,5606,6276,A,B,False
q_007480,8067,8201,A,A,True
q_007481,2683,7047,B,B,True
q_007482,5885,11388,A,B,False
q_007483,2401,6817,B,A,False
q_007484,344,8399,A,A,True
q_007485,10883,9630,A,B,False
q_007486,11370,10225,A,B,False
q_007487,6490,7746,B,A,False
q_007488,184,7083,B,B,True
q_007489,980,1146,A,A,True
q_007490,1420,8162,A,A,True
q_007491,2285,9111,A,B,False
q_007492,2585,4686,A,B,False
q_007493,3178,6763,A,A,True
q_007495,11135,8825,B,B,True
q_007496,3564,9696,B,A,False
q_007497,6533,3933,B,B,True
q_007498,4450,7369,A,A,True
q_007499,2545,4517,B,B,True
q_007500,5004,10900,A,A,True
q_007501,1078,650,A,B,False
q_007502,2482,9459,A,A,True
q_007503,6499,9986,B,B,True
q_007504,1549,9625,B,A,False
q_007505,6317,5727,A,A,True
q_007506,2009,1779,B,B,True
q_007507,6846,9546,B,B,True
q_007508,8179,8019,A,A,True
q_007509,5903,5959,A,A,True
q_007510,4736,9803,B,A,False
q_007511,3371,4368,B,A,False
q_007512,7088,6113,B,A,False
q_007513,3511,3324,A,B,False
q_007514,3587,6467,A,A,True
q_007515,807,3534,B,B,True
q_007516,161,3419,A,A,True
q_007517,11789,8991,B,B,True
q_007518,3005,9886,A,B,False
q_007519,2097,3454,B,B,True
q_007520,1921,3280,A,B,False
q_007521,3793,12556,A,A,True
q_007522,3548,6058,A,B,False
q_007523,4153,12624,B,A,False
q_007524,5132,8274,B,B,True
q_007525,1123,4902,B,A,False
q_007526,3985,5870,A,A,True
q_007527,3160,6489,A,A,True
q_007528,7026,10206,A,A,True
q_007529,743,4911,B,B,True
q_007530,5406,12382,B,B,True
q_007531,3687,10038,A,A,True
q_007532,5430,10592,A,A,True
q_007533,74,6512,B,B,True
q_007534,2827,6246,B,B,True
q_007535,4281,10862,A,A,True
q_007536,12672,2824,A,A,True
q_007537,8413,6012,A,B,False
q_007538,3718,1772,A,B,False
q_007539,8014,9147,B,A,False
q_007540,8332,8140,A,A,True
q_007541,12181,11942,B,B,True
q_007542,6419,4706,B,B,True
q_007543,35,12214,A,B,False
q_007544,5092,11445,A,A,True
q_007545,8578,8649,A,A,True
q_007546,8407,10167,A,B,False
q_007547,1508,10391,A,B,False
q_007548,5961,5809,A,A,True
q_007549,5819,10069,A,B,False
q_007551,6243,10759,B,A,False
q_007552,2389,6349,A,B,False
q_007553,909,8951,B,A,False
q_007554,7857,2977,A,A,True
q_007555,995,12575,A,A,True
q_007556,1442,10280,B,B,True
q_007557,7381,9632,B,A,False
q_007558,2326,1329,B,B,True
q_007559,5019,12222,A,B,False
q_007560,7012,8396,A,A,True
q_007562,3064,6244,B,B,True
q_007563,7457,10624,B,A,False
q_007564,184,3555,A,A,True
q_007565,11854,6288,B,A,False
q_007566,7670,5316,B,B,True
q_007567,2736,2874,A,A,True
q_007568,2061,4528,A,A,True
q_007569,6668,6232,A,A,True
q_007570,9131,8744,B,B,True
q_007571,11789,162,A,B,False
q_007572,2476,4291,B,B,True
q_007573,12701,12201,A,B,False
q_007574,4265,6705,B,B,True
q_007575,1625,4219,A,A,True
q_007576,11771,9373,A,A,True
q_007577,4434,6102,A,A,True
q_007578,7886,4972,A,A,True
q_007579,8871,9972,A,A,True
q_007580,170,390,B,A,False
q_007581,2815,9057,A,B,False
q_007582,4837,8723,B,A,False
q_007583,4126,11290,B,B,True
q_007584,118,9211,A,A,True
q_007585,295,11961,B,B,True
q_007586,1636,10501,A,A,True
q_007587,1951,2404,B,B,True
q_007588,1276,11475,A,B,False
q_007589,4961,7145,B,A,False
q_007590,1511,10363,B,A,False
q_007591,8299,8727,A,A,True
q_007592,6350,6913,B,B,True
q_007593,572,8246,B,B,True
q_007594,939,6246,A,A,True
q_007595,9110,9890,B,A,False
q_007596,1237,8193,A,A,True
q_007597,62,5277,B,B,True
q_007598,195,2789,A,A,True
q_007599,11614,3475,B,B,True
q_007600,1670,7961,B,B,True
q_007601,197,9125,B,A,False
q_007602,8287,3471,A,B,False
q_007603,2625,7185,B,B,True
q_007604,975,3257,A,A,True
q_007605,5450,3969,B,B,True
q_007606,6436,6922,B,A,False
q_007607,2264,12554,A,B,False
q_007608,3470,11425,A,A,True
q_007609,255,9358,A,A,True
q_007610,641,10334,A,B,False
q_007611,2001,10258,A,A,True
q_007612,5755,8485,A,A,True
q_007613,8464,10487,B,B,True
q_007614,932,10017,A,A,True
q_007615,277,8000,B,B,True
q_007616,5645,7838,A,B,False
q_007617,695,11888,A,B,False
q_007618,4312,3248,B,A,False
q_007619,2520,10142,B,B,True
q_007620,12169,11904,A,A,True
q_007621,8326,7214,A,A,True
q_007622,534,10680,B,B,True
q_007623,1748,7929,A,B,False
q_007624,9307,11166,A,A,True
q_007625,4131,7167,B,B,True
q_007626,2815,11216,A,B,False
q_007627,783,12364,B,B,True
q_007628,12461,9148,B,A,False
q_007629,1183,5475,B,B,True
q_007630,3938,5705,A,B,False
q_007631,4959,9869,B,A,False
q_007632,5626,12592,A,B,False
q_007633,6110,5436,A,A,True
q_007634,1001,4171,B,B,True
q_007635,3555,5322,B,A,False
q_007636,1847,8825,A,A,True
q_007637,324,8715,A,A,True
q_007638,10157,10170,B,B,True
q_007639,9248,10685,A,A,True
q_007640,8042,1762,A,B,False
q_007641,9765,9804,B,A,False
q_007642,5302,6625,B,A,False
q_007643,7977,4052,A,B,False
q_007644,1359,5787,B,A,False
q_007645,6568,6840,B,B,True
q_007646,2675,7083,A,A,True
q_007647,394,7706,A,B,False
q_007648,6967,7996,B,B,True
q_007649,4672,9186,B,A,False
q_007650,4671,5852,A,A,True
q_007651,7822,6924,B,B,True
q_007652,6398,3634,B,B,True
q_007653,3440,5516,A,B,False
q_007654,1645,12150,B,B,True
q_007655,4165,11157,B,A,False
q_007656,4824,10205,B,B,True
q_007657,9130,11888,B,A,False
q_007658,8077,10294,A,A,True
q_007659,1404,7934,A,B,False
q_007660,7520,7800,B,B,True
q_007661,6047,10160,B,A,False
q_007662,730,5375,A,A,True
q_007663,7890,4288,A,A,True
q_007664,9967,10137,B,B,True
q_007665,11887,5257,A,A,True
q_007666,12610,7190,B,A,False
q_007667,7667,5974,B,A,False
q_007668,542,3627,A,A,True
q_007669,350,3688,A,A,True
q_007670,1001,10306,B,B,True
q_007671,5589,9331,B,A,False
q_007672,2463,9053,A,A,True
q_007673,1661,8712,B,B,True
q_007674,1852,12524,B,B,True
q_007675,507,11146,A,B,False
q_007676,9665,9716,B,B,True
q_007677,12050,10102,B,B,True
q_007678,1444,5546,A,B,False
q_007679,3595,8834,A,B,False
q_007680,4537,11736,A,B,False
q_007681,6771,8673,B,B,True
q_007682,10955,9835,A,B,False
q_007683,7651,8167,B,B,True
q_007684,89,6533,B,B,True
q_007685,8293,5449,B,A,False
q_007686,897,3321,A,A,True
q_007687,1062,7728,A,B,False
q_007688,536,7568,A,A,True
q_007689,12187,11802,A,A,True
q_007690,685,11298,B,B,True
q_007691,6459,4182,A,B,False
q_007692,8509,4753,A,A,True
q_007693,3975,9305,B,A,False
q_007694,1481,8102,A,B,False
q_007695,2431,8964,A,A,True
q_007696,313,6551,B,A,False
q_007697,12610,3002,A,A,True
q_007698,931,6245,A,A,True
q_007699,3599,11977,A,A,True
q_007700,6721,8713,A,A,True
q_007701,4439,5388,B,B,True
q_007703,3528,3303,A,A,True
q_007704,2295,11916,B,B,True
q_007705,4660,10233,B,A,False
q_007706,7031,10751,A,A,True
q_007707,4968,5370,A,B,False
q_007708,7474,5636,A,A,True
q_007709,7673,12297,A,A,True
q_007710,3559,3343,B,A,False
q_007711,2794,11451,B,A,False
q_007712,11573,4818,B,B,True
q_007713,9650,10219,A,A,True
q_007714,1837,1998,A,A,True
q_007715,1143,5560,A,A,True
q_007716,8540,1530,A,A,True
q_007717,8974,8922,A,B,False
q_007718,5083,5520,B,B,True
q_007719,12545,1035,A,B,False
q_007720,202,79,B,A,False
q_007721,4743,5971,A,B,False
q_007722,3356,10293,A,B,False
q_007723,358,11201,A,B,False
q_007724,1540,11276,A,A,True
q_007725,5186,8589,B,A,False
q_007726,102,11012,B,B,True
q_007727,4367,12342,A,A,True
q_007728,2802,11643,A,B,False
q_007729,8305,12062,A,A,True
q_007730,2070,7049,B,B,True
q_007731,1226,4118,A,A,True
q_007732,3533,5223,B,B,True
q_007733,6087,7164,B,B,True
q_007734,64,6531,A,A,True
q_007735,632,3270,A,A,True
q_007736,2102,8582,B,A,False
q_007737,7880,5020,B,B,True
q_007738,1382,8504,A,B,False
q_007739,11631,5934,B,A,False
q_007740,1779,4534,B,B,True
q_007741,2950,4710,A,A,True
q_007742,6256,10710,B,A,False
q_007743,2588,12079,B,B,True
q_007744,2076,10478,A,A,True
q_007745,1417,1270,A,A,True
q_007746,8726,10377,A,A,True
q_007747,1523,8448,B,B,True
q_007748,7391,11257,A,A,True
q_007749,12271,12695,A,A,True
q_007750,8155,9477,B,B,True
q_007751,8312,5239,A,A,True
q_007752,2628,4493,A,B,False
q_007753,24,11423,A,A,True
q_007754,1977,11983,B,B,True
q_007755,12593,12109,B,B,True
q_007756,1825,12130,B,B,True
q_007757,253,8156,A,B,False
q_007758,12151,10369,B,B,True
q_007759,5319,9940,A,B,False
q_007760,3052,4535,A,A,True
q_007761,406,9117,B,A,False
q_007762,6646,12461,B,B,True
q_007763,11621,5430,A,A,True
q_007764,5941,11098,B,B,True
q_007765,3662,9058,A,B,False
q_007766,4583,11167,B,A,False
q_007767,5891,10472,A,A,True
q_007768,3612,6675,B,A,False
q_007769,8610,12382,B,B,True
q_007770,2881,4068,B,B,True
q_007771,499,7807,A,B,False
q_007773,11836,12540,A,A,True
q_007774,1099,6253,B,B,True
q_007775,1129,10792,A,A,True
q_007776,9360,10551,A,B,False
q_007777,12120,11803,A,B,False
q_007778,5357,11217,B,A,False
q_007779,1281,3237,B,A,False
q_007780,12689,6507,B,B,True
q_007781,1810,4409,B,B,True
q_007782,10709,10596,B,B,True
q_007783,8009,8429,A,A,True
q_007784,6141,12364,A,A,True
q_007785,6554,4338,A,B,False
q_007786,7724,9049,A,A,True
q_007787,6647,8673,B,B,True
q_007788,1962,10671,A,B,False
q_007789,11748,9853,B,A,False
q_007790,1822,12069,A,A,True
q_007792,1605,9435,B,B,True
q_007793,2279,3952,A,A,True
q_007794,484,6287,A,A,True
q_007795,2313,5084,A,B,False
q_007796,975,11076,A,A,True
q_007798,6934,3637,B,B,True
q_007799,2443,6237,A,A,True
q_007800,560,5455,A,A,True
q_007801,1748,1821,A,B,False
q_007802,7772,9336,A,B,False
q_007803,4048,10296,A,A,True
q_007804,9629,9636,B,B,True
q_007805,10679,8957,A,B,False
q_007806,386,2988,A,A,True
q_007807,6738,12054,A,A,True
q_007808,1332,8687,B,B,True
q_007809,4757,10445,B,B,True
q_007810,6427,6074,B,A,False
q_007811,8,8494,A,B,False
q_007812,1230,11248,B,B,True
q_007813,7217,10329,A,A,True
q_007814,471,5831,B,B,True
q_007815,2118,11197,B,B,True
q_007816,6702,2618,A,B,False
q_007817,4775,6950,A,B,False
q_007818,5621,8800,B,A,False
q_007819,5437,10418,A,A,True
q_007820,2003,11031,B,B,True
q_007821,6497,11982,A,A,True
q_007822,380,8625,A,A,True
q_007823,8053,6029,A,A,True
q_007824,10978,10337,A,B,False
q_007825,3401,10996,A,A,True
q_007826,3602,7092,B,A,False
q_007827,8168,4910,A,B,False
q_007828,3627,7008,A,B,False
q_007829,5031,12095,A,A,True
q_007830,2263,2992,A,B,False
q_007831,752,3874,A,A,True
q_007832,5134,4108,A,A,True
q_007833,6591,10368,B,B,True
q_007834,11699,4760,A,B,False
q_007835,2756,6923,B,B,True
q_007836,4919,11082,B,B,True
q_007837,1945,8392,A,B,False
q_007838,2017,9823,A,B,False
q_007839,5470,11421,B,B,True
q_007840,4082,6217,B,B,True
q_007841,23,2768,B,A,False
q_007842,5509,10988,B,B,True
q_007843,9417,11014,A,A,True
q_007844,2222,9619,A,A,True
q_007845,1109,4396,B,A,False
q_007846,3574,3455,B,B,True
q_007847,7853,11727,A,A,True
q_007848,829,8389,A,A,True
q_007849,2635,7890,B,A,False
q_007850,4293,4001,B,A,False
q_007851,7116,10962,B,A,False
q_007852,992,3163,B,B,True
q_007853,6818,10452,A,A,True
q_007854,11941,9495,B,B,True
q_007855,10529,8706,A,A,True
q_007856,1259,5458,A,B,False
q_007857,1764,4836,A,B,False
q_007858,1210,5537,A,A,True
q_007859,2114,11561,B,A,False
q_007860,8286,2821,B,B,True
q_007861,6752,8078,A,B,False
q_007862,6991,10049,B,B,True
q_007863,7448,6315,A,A,True
q_007864,2991,6033,B,B,True
q_007865,991,6482,A,A,True
q_007866,8935,11024,B,B,True
q_007867,457,12142,A,B,False
q_007868,3116,7705,A,A,True
q_007869,3995,6316,A,A,True
q_007870,883,8010,A,A,True
q_007871,27,3348,B,A,False
q_007872,1298,5699,A,B,False
q_007873,4354,11457,B,A,False
q_007874,2192,3685,B,B,True
q_007875,8248,7333,A,A,True
q_007876,5138,11211,B,B,True
q_007877,6324,9315,A,A,True
q_007878,3455,10144,A,B,False
q_007879,1940,1185,A,B,False
q_007880,4573,9122,B,A,False
q_007881,928,5141,A,A,True
q_007883,2359,8197,B,B,True
q_007884,140,10417,B,B,True
q_007885,2425,3189,B,A,False
q_007886,4117,9459,A,B,False
q_007887,7730,8914,A,A,True
q_007888,9426,10563,B,A,False
q_007889,2259,2968,A,B,False
q_007890,3167,2708,A,B,False
q_007891,2657,11203,B,B,True
q_007892,4090,8841,B,B,True
q_007893,147,2665,A,B,False
q_007894,10346,9447,B,A,False
q_007896,6201,11016,B,B,True
q_007897,3135,11127,B,B,True
q_007898,5404,10883,A,A,True
q_007899,3752,9712,A,A,True
q_007900,1451,2521,B,B,True
q_007901,5406,7239,A,B,False
q_007902,728,4251,A,A,True
q_007903,2259,12186,B,A,False
q_007904,8027,8697,A,A,True
q_007905,7218,12000,A,A,True
q_007906,7770,9541,B,A,False
q_007907,2864,9084,A,A,True
q_007908,1421,2620,B,B,True
q_007909,876,5407,B,B,True
q_007910,591,1639,A,B,False
q_007911,7540,11285,A,A,True
q_007912,2563,3404,A,A,True
q_007913,12568,9139,A,A,True
q_007914,1992,1686,A,B,False
q_007915,8273,12032,B,B,True
q_007916,2590,8484,B,A,False
q_007917,1347,3576,B,B,True
q_007918,743,5236,B,B,True
q_007919,1583,5031,B,B,True
q_007920,4306,1584,B,A,False
q_007921,4009,9567,A,B,False
q_007922,4391,6716,A,A,True
q_007923,1648,7215,B,B,True
q_007924,1645,8215,B,B,True
q_007925,7913,8829,A,A,True
q_007926,7973,12583,A,B,False
q_007927,3479,12390,B,B,True
q_007928,8015,11841,A,A,True
q_007929,4381,4425,B,A,False
q_007930,4267,3616,B,B,True
q_007931,1148,10174,A,A,True
q_007932,5358,5379,A,B,False
q_007934,8434,10355,A,A,True
q_007935,2010,2989,B,A,False
q_007936,2397,2826,B,A,False
q_007937,672,5490,A,B,False
q_007938,920,885,A,A,True
q_007939,1821,7828,B,B,True
q_007940,7994,6398,A,B,False
q_007941,3781,12120,A,A,True
q_007942,2687,7280,A,A,True
q_007943,1842,8837,B,B,True
q_007944,1085,12592,A,B,False
q_007945,6631,8904,B,B,True
q_007946,11497,9109,A,A,True
q_007947,2503,5787,A,A,True
q_007948,6286,7350,A,A,True
q_007949,971,6815,A,A,True
q_007950,1210,7951,B,B,True
q_007951,2570,7962,B,A,False
q_007953,696,5954,B,A,False
q_007954,291,8293,A,A,True
q_007955,1771,11148,A,A,True
q_007956,4235,8731,A,A,True
q_007957,965,6270,A,A,True
q_007958,12293,9937,B,A,False
q_007959,8283,12450,A,A,True
q_007960,6607,4727,A,A,True
q_007961,424,1110,A,B,False
q_007962,7570,12602,B,A,False
q_007963,2644,5604,B,B,True
q_007964,668,3054,B,B,True
q_007965,7386,9000,B,A,False
q_007966,2668,4217,B,B,True
q_007967,1080,2976,A,B,False
q_007968,113,8675,B,B,True
q_007969,3331,4728,A,B,False
q_007970,2773,10948,B,A,False
q_007971,913,1956,B,B,True
q_007972,5518,11514,B,A,False
q_007974,3042,1705,A,B,False
q_007975,7357,5931,A,B,False
q_007976,804,11923,B,B,True
q_007978,5984,10417,B,B,True
q_007979,12659,5847,B,B,True
q_007980,12061,11198,B,A,False
q_007981,2649,12448,A,A,True
q_007982,6896,9142,A,B,False
q_007983,12296,5376,B,A,False
q_007984,4368,9147,B,A,False
q_007985,1025,1371,B,B,True
q_007986,4982,10676,A,A,True
q_007987,7600,4111,A,B,False
q_007988,94,8006,A,A,True
q_007989,3020,6122,A,B,False
q_007990,3079,11850,B,B,True
q_007991,179,7346,B,A,False
q_007992,8141,8495,A,B,False
q_007993,1210,12154,A,A,True
q_007994,11934,10758,B,B,True
q_007995,4336,5758,A,B,False
q_007996,3635,9126,A,B,False
q_007997,4315,9514,B,A,False
q_007998,1677,6673,B,B,True
q_007999,5686,2292,A,A,True
q_008000,8207,8873,B,A,False
q_008001,8396,9099,A,A,True
q_008002,3399,11610,A,B,False
q_008003,4537,4646,A,B,False
q_008004,12009,9582,A,B,False
q_008005,2886,10824,A,A,True
q_008006,5248,11905,B,B,True
q_008007,1063,3062,B,A,False
q_008008,3829,9533,A,B,False
q_008009,6841,1293,A,A,True
q_008010,7201,11183,A,B,False
q_008011,2340,12191,A,B,False
q_008012,837,10393,B,B,True
q_008013,6293,10018,B,B,True
q_008014,6076,10133,A,A,True
q_008015,3112,1937,A,A,True
q_008016,5189,12524,B,B,True
q_008017,2053,6723,B,B,True
q_008018,3076,10375,A,A,True
q_008019,7780,9075,B,B,True
q_008020,3636,8909,A,A,True
q_008021,3351,4479,A,B,False
q_008022,12651,5423,A,A,True
q_008023,2190,5591,A,A,True
q_008024,2405,7656,A,B,False
q_008025,11813,9128,B,A,False
q_008026,2526,6991,B,B,True
q_008027,547,2890,B,A,False
q_008028,615,5400,B,B,True
q_008029,6688,7181,B,B,True
q_008030,3217,8498,B,A,False
q_008031,2669,6966,A,A,True
q_008032,8241,9045,B,A,False
q_008033,39,3184,A,B,False
q_008034,11009,10322,B,A,False
q_008035,5753,8771,B,B,True
q_008036,12242,8682,B,B,True
q_008037,1115,8987,B,A,False
q_008038,4556,4119,A,A,True
q_008039,12652,9165,B,B,True
q_008040,11371,9486,A,A,True
q_008041,2300,2817,A,A,True
q_008042,11720,12456,A,A,True
q_008043,2457,9397,A,A,True
q_008044,5288,3950,A,A,True
q_008045,4000,12046,A,A,True
q_008046,3155,5392,B,B,True
q_008047,8191,11465,B,A,False
q_008048,8515,9308,A,A,True
q_008049,12238,10120,B,A,False
q_008050,3227,7243,A,B,False
q_008051,12636,12032,B,B,True
q_008052,5534,3612,B,B,True
q_008053,8284,10186,B,B,True
q_008054,3118,8866,A,A,True
q_008055,12698,8424,A,B,False
q_008056,7647,9704,B,B,True
q_008057,7952,6099,A,B,False
q_008058,844,8229,B,A,False
q_008059,6316,11501,A,B,False
q_008060,1830,4953,B,B,True
q_008061,6491,11659,B,B,True
q_008062,2288,4818,B,A,False
q_008063,4511,10558,B,A,False
q_008064,11513,9810,B,B,True
q_008065,1399,8137,B,B,True
q_008066,2683,9647,A,A,True
q_008067,3846,6939,A,B,False
q_008068,1382,10317,B,B,True
q_008069,1576,3311,A,A,True
q_008070,787,6988,A,A,True
q_008071,4990,10867,B,B,True
q_008072,8343,8789,A,A,True
q_008073,2963,3981,A,A,True
q_008074,3761,10432,A,A,True
q_008075,3863,10760,B,B,True
q_008076,6766,9353,A,A,True
q_008077,6592,4814,A,B,False
q_008078,530,303,B,B,True
q_008079,967,10439,B,B,True
q_008080,961,11375,A,A,True
q_008081,12214,5621,B,B,True
q_008082,6562,6412,B,B,True
q_008083,6239,9574,B,A,False
q_008084,9671,8836,A,A,True
q_008085,2420,1719,A,A,True
q_008086,400,8543,A,B,False
q_008087,3441,11748,A,B,False
q_008088,2649,9538,B,A,False
q_008089,6106,10141,A,A,True
q_008090,6647,10399,B,B,True
q_008091,3301,8056,B,A,False
q_008092,8396,11562,B,A,False
q_008093,3068,5904,B,B,True
q_008094,4343,3054,A,A,True
q_008095,4213,3368,A,A,True
q_008096,1800,4260,A,A,True
q_008097,4660,11444,B,B,True
q_008098,1055,7677,B,A,False
q_008099,9117,9816,B,A,False
q_008100,3578,5603,A,A,True
q_008101,9125,12066,A,A,True
q_008102,2298,4199,A,B,False
q_008103,5667,8501,A,B,False
q_008104,2277,8283,B,B,True
q_008105,6952,12467,B,B,True
q_008106,7092,6237,A,A,True
q_008107,5700,9023,B,B,True
q_008108,8319,7557,B,B,True
q_008109,5383,10523,B,A,False
q_008111,12205,10796,A,A,True
q_008112,2349,3944,B,B,True
q_008113,3723,11381,A,B,False
q_008114,3947,5733,B,A,False
q_008115,12115,9402,A,A,True
q_008116,1507,6570,A,B,False
q_008117,5021,9746,A,A,True
q_008118,5393,11074,A,B,False
q_008119,5383,10166,A,B,False
q_008120,6174,8904,A,A,True
q_008121,12285,6446,A,B,False
q_008122,9407,10153,A,A,True
q_008123,2434,8941,B,A,False
q_008124,9264,9567,B,A,False
q_008125,2053,7566,A,A,True
q_008127,7448,4701,A,A,True
q_008128,2649,8916,A,A,True
q_008129,4414,1509,A,A,True
q_008130,417,1725,A,B,False
q_008131,12049,10027,A,B,False
q_008132,5691,8347,A,B,False
q_008133,2094,3574,B,B,True
q_008134,2867,9367,B,B,True
q_008135,10546,8834,B,A,False
q_008136,4213,10375,B,B,True
q_008137,11563,3576,B,B,True
q_008138,6192,11210,A,B,False
q_008139,364,2300,A,A,True
q_008140,7118,9774,A,B,False
q_008141,514,4992,B,B,True
q_008142,5122,10617,A,A,True
q_008143,5453,8223,B,B,True
q_008144,7652,2773,B,B,True
q_008145,5332,5775,A,B,False
q_008146,2231,12701,A,A,True
q_008147,2221,4069,B,B,True
q_008148,1232,1661,B,A,False
q_008149,369,8498,A,B,False
q_008150,12403,10346,B,B,True
q_008151,6167,5167,A,A,True
q_008152,1253,5557,A,B,False
q_008153,942,8249,A,A,True
q_008154,5532,10573,B,B,True
q_008155,4422,7293,A,A,True
q_008156,743,3762,B,B,True
q_008157,1985,1296,A,A,True
q_008158,11842,8434,A,B,False
q_008159,800,5727,A,A,True
q_008160,2127,11488,A,B,False
q_008161,2647,4695,A,A,True
q_008162,878,4253,B,A,False
q_008163,3484,8902,B,B,True
q_008164,3730,4500,B,A,False
q_008165,9266,8844,B,B,True
q_008166,505,1357,A,A,True
q_008167,3934,10945,A,B,False
q_008168,3935,5946,A,B,False
q_008169,6863,9611,B,B,True
q_008170,11188,11888,A,B,False
q_008171,6804,11730,B,B,True
q_008172,3779,4244,A,B,False
q_008173,6852,3972,A,A,True
q_008174,283,8721,B,B,True
q_008175,73,7841,A,B,False
q_008176,1866,1943,A,A,True
q_008177,931,8223,A,A,True
q_008178,326,8535,A,B,False
q_008179,2263,3681,B,A,False
q_008180,8230,6066,A,A,True
q_008181,1283,3178,A,B,False
q_008182,11826,9475,A,A,True
q_008183,12387,9718,A,A,True
q_008184,426,7303,A,B,False
q_008185,2214,10621,A,A,True
q_008186,11530,5550,A,A,True
q_008187,412,2369,B,B,True
q_008188,1923,6183,B,B,True
q_008189,2786,12064,B,B,True
q_008190,2545,7479,B,A,False
q_008191,4106,3888,B,B,True
q_008192,80,2723,A,B,False
q_008193,7511,4999,B,B,True
q_008194,1885,6885,B,B,True
q_008195,1029,7901,A,A,True
q_008196,6712,4245,A,B,False
q_008197,5134,8726,A,A,True
q_008198,6517,4140,A,A,True
q_008199,11501,12354,B,B,True
q_008200,5589,11355,B,A,False
q_008201,3748,8819,A,A,True
q_008202,7486,7508,A,A,True
q_008203,8371,6020,A,A,True
q_008204,894,5581,B,B,True
q_008205,7112,3906,A,B,False
q_008206,132,5983,A,B,False
q_008207,3886,4651,A,B,False
q_008208,3984,6018,A,B,False
q_008209,7767,11529,A,B,False
q_008210,4510,8581,A,B,False
q_008211,1213,3233,B,B,True
q_008212,12225,9022,B,B,True
q_008213,1931,9047,B,A,False
q_008214,1594,638,A,A,True
q_008215,9249,8847,B,B,True
q_008216,7492,7445,B,A,False
q_008217,11630,11047,B,B,True
q_008218,6218,9389,B,A,False
q_008219,11455,6589,B,B,True
q_008220,3998,8442,A,A,True
q_008221,4086,10691,A,A,True
q_008222,2149,7852,A,B,False
q_008223,6742,10517,B,A,False
q_008224,12002,11317,A,B,False
q_008225,9794,10023,B,B,True
q_008226,7748,5122,A,B,False
q_008227,6357,11770,B,B,True
q_008228,4315,3970,A,B,False
q_008229,296,9757,A,A,True
q_008230,4042,10121,A,A,True
q_008231,3403,5236,B,A,False
q_008232,435,11027,A,B,False
q_008233,2594,7491,A,A,True
q_008234,915,4500,A,B,False
q_008235,12665,10993,A,B,False
q_008236,12232,10771,B,B,True
q_008237,4040,11811,A,A,True
q_008238,2313,6625,B,A,False
q_008239,6144,10193,B,A,False
q_008240,8916,7163,B,B,True
q_008241,3759,12085,A,A,True
q_008242,6969,8499,A,B,False
q_008243,12098,10142,A,A,True
q_008244,7568,5851,B,B,True
q_008245,371,11271,A,A,True
q_008246,5141,10704,A,A,True
q_008247,2389,4895,B,B,True
q_008248,2320,5367,A,B,False
q_008249,12662,7839,B,A,False
q_008250,7770,10151,A,A,True
q_008251,1939,10076,B,A,False
q_008252,519,11028,B,B,True
q_008253,6591,11227,A,A,True
q_008254,1630,10237,B,B,True
q_008255,6090,3818,A,B,False
q_008256,7118,9150,A,B,False
q_008257,4966,10145,A,A,True
q_008258,6561,9098,A,B,False
q_008259,5779,11545,A,B,False
q_008260,8106,5736,B,B,True
q_008261,342,9290,B,B,True
q_008262,7730,9929,B,B,True
q_008263,7965,10978,A,A,True
q_008264,636,10402,B,A,False
q_008265,4293,5431,A,B,False
q_008266,1798,8599,A,A,True
q_008267,2532,6484,A,A,True
q_008268,8050,1819,A,B,False
q_008269,5200,6471,A,A,True
q_008270,11774,4368,B,B,True
q_008271,258,9029,A,A,True
q_008272,1587,932,A,B,False
q_008273,6392,11066,A,A,True
q_008274,1002,9201,A,A,True
q_008275,2736,10876,B,B,True
q_008276,3590,9640,A,B,False
q_008277,2193,9012,A,A,True
q_008279,11992,10110,B,B,True
q_008280,8065,11463,B,B,True
q_008281,6999,4962,B,B,True
q_008282,5,4603,B,A,False
q_008283,4648,6721,A,B,False
q_008284,12160,10113,A,A,True
q_008285,425,2532,A,B,False
q_008286,669,9625,A,B,False
q_008287,12646,4867,B,A,False
q_008288,6500,10867,A,B,False
q_008289,6028,9138,B,B,True
q_008290,5416,11433,A,A,True
q_008291,2768,3242,B,B,True
q_008292,761,12500,B,B,True
q_008293,1160,396,A,A,True
q_008294,1256,175,B,B,True
q_008295,2532,8773,A,A,True
q_008296,7738,9987,B,B,True
q_008297,3148,5528,A,A,True
q_008298,984,8050,A,A,True
q_008299,1412,5282,B,B,True
q_008300,12524,8857,A,B,False
q_008301,3176,2918,A,A,True
q_008302,6651,6240,B,B,True
q_008303,1484,6834,A,B,False
q_008304,4192,12328,A,A,True
q_008305,5566,4800,A,A,True
q_008306,7684,5994,A,B,False
q_008307,6178,6023,B,A,False
q_008308,7565,9119,B,A,False
q_008309,5785,7381,A,A,True
q_008310,679,930,B,A,False
q_008311,80,10536,B,B,True
q_008312,8164,5219,A,A,True
q_008313,3227,11533,A,B,False
q_008314,468,1068,B,B,True
q_008315,904,11271,B,B,True
q_008316,4225,8631,A,A,True
q_008317,5730,11538,B,A,False
q_008318,2930,9731,B,B,True
q_008319,2635,12196,A,B,False
q_008320,8450,8385,B,A,False
q_008321,2300,6655,A,A,True
q_008322,450,8110,A,B,False
q_008323,3122,3560,B,B,True
q_008324,6688,5581,A,B,False
q_008325,7927,10927,B,B,True
q_008326,4022,11383,B,B,True
q_008327,1790,5036,A,B,False
q_008328,2081,8068,A,A,True
q_008329,1088,8117,A,B,False
q_008330,412,6117,B,A,False
q_008331,937,3162,A,B,False
q_008332,4751,9060,B,A,False
q_008333,246,7702,B,A,False
q_008334,12568,9389,B,B,True
q_008335,5135,10224,A,A,True
q_008336,5066,6664,A,A,True
q_008337,6816,3289,A,B,False
q_008338,8122,11601,B,B,True
q_008339,11861,5839,A,B,False
q_008340,12295,11235,B,A,False
q_008341,12224,10062,A,A,True
q_008342,2546,9884,A,A,True
q_008343,984,8981,B,B,True
q_008344,3823,7275,A,B,False
q_008345,5175,12651,A,B,False
q_008346,3218,3290,B,A,False
q_008347,864,3749,A,B,False
q_008348,2710,9075,B,B,True
q_008349,11628,10026,B,B,True
q_008350,1634,11545,B,A,False
q_008351,7059,9438,A,A,True
q_008352,1291,4392,B,A,False
q_008353,7774,8724,A,B,False
q_008354,1611,7074,B,B,True
q_008355,12527,8675,A,B,False
q_008356,427,11863,B,A,False
q_008357,3623,8310,B,A,False
q_008358,1557,8633,A,A,True
q_008359,11861,11420,B,A,False
q_008360,2331,7227,B,A,False
q_008361,11725,9222,A,B,False
q_008362,257,9810,A,B,False
q_008363,1619,9396,B,B,True
q_008364,6097,11198,A,A,True
q_008365,5958,8887,A,A,True
q_008366,4410,11096,A,A,True
q_008367,599,6154,B,B,True
q_008368,6221,11997,A,B,False
q_008369,359,11674,A,B,False
q_008370,4610,12316,A,A,True
q_008371,1755,10252,B,B,True
q_008372,6647,8288,B,A,False
q_008373,7570,1323,A,B,False
q_008374,8159,11624,A,A,True
q_008375,1702,10141,A,A,True
q_008376,2119,9542,A,A,True
q_008377,885,12052,B,B,True
q_008378,5713,12043,A,A,True
q_008379,2228,6267,B,B,True
q_008380,1978,2998,A,A,True
q_008381,1027,3501,B,B,True
q_008382,7661,5235,A,A,True
q_008383,688,9195,A,A,True
q_008384,12133,12637,A,B,False
q_008385,7018,12567,A,A,True
q_008386,2094,7715,A,B,False
q_008387,9922,10621,A,B,False
q_008388,11458,7577,A,A,True
q_008389,3555,6108,B,A,False
q_008390,12604,9334,A,A,True
q_008391,6596,7314,B,B,True
q_008392,4112,11818,A,A,True
q_008393,1493,7143,A,A,True
q_008394,1238,1725,B,B,True
q_008395,3232,11240,A,B,False
q_008396,8546,12363,A,A,True
q_008397,2224,2356,B,B,True
q_008398,7602,11371,B,B,True
q_008399,1301,3773,A,A,True
q_008400,5905,8670,A,A,True
q_008401,3140,2605,A,A,True
q_008402,897,7227,B,A,False
q_008403,7084,10244,B,B,True
q_008404,7848,10767,A,A,True
q_008405,1345,3916,B,A,False
q_008406,1184,7356,B,B,True
q_008407,7808,9262,B,B,True
q_008408,364,9148,A,A,True
q_008409,7216,9481,B,B,True
q_008410,3801,11634,B,A,False
q_008411,6763,9543,A,A,True
q_008412,6822,2931,A,A,True
q_008413,2415,12088,B,B,True
q_008414,4791,8648,A,A,True
q_008415,783,4096,A,A,True
q_008416,6832,9528,A,A,True
q_008417,8072,5703,A,A,True
q_008418,5427,9461,B,A,False
q_008419,2573,0,B,A,False
q_008420,8957,9686,B,A,False
q_008421,9364,8885,A,A,True
q_008422,3033,11821,A,B,False
q_008423,4532,6385,A,B,False
q_008424,839,6545,A,B,False
q_008425,2648,5710,B,A,False
q_008426,5841,3311,A,B,False
q_008427,19,1442,B,A,False
q_008428,7114,6362,B,A,False
q_008429,7211,8983,A,A,True
q_008430,1092,9986,B,B,True
q_008431,2357,8421,B,B,True
q_008432,1050,10234,A,A,True
q_008433,8455,8628,A,A,True
q_008434,4295,9909,B,A,False
q_008435,905,5558,B,A,False
q_008436,2434,7652,B,A,False
q_008437,8123,12400,A,A,True
q_008438,3249,7275,A,B,False
q_008439,7259,8698,B,B,True
q_008440,5952,9934,A,A,True
q_008441,2309,3035,A,A,True
q_008442,3905,4026,B,A,False
q_008443,179,6591,B,A,False
q_008444,8201,9491,A,A,True
q_008445,6538,4249,A,B,False
q_008446,2534,6343,B,A,False
q_008447,1942,10465,B,A,False
q_008448,6935,10472,B,B,True
q_008449,2775,5508,A,B,False
q_008450,7195,11157,B,B,True
q_008451,5541,11089,A,A,True
q_008452,2052,9062,A,A,True
q_008453,7665,12508,B,B,True
q_008454,4862,11283,B,B,True
q_008455,2242,11365,A,A,True
q_008456,6567,12244,A,B,False
q_008457,3078,7073,A,A,True
q_008458,4785,5208,A,A,True
q_008459,11566,3250,A,A,True
q_008460,12004,9465,A,B,False
q_008461,1753,12404,A,A,True
q_008462,12543,8769,A,B,False
q_008463,416,10843,B,A,False
q_008464,8230,5960,A,B,False
q_008465,2329,9305,A,A,True
q_008466,5050,7453,A,A,True
q_008467,5408,9822,B,A,False
q_008468,1582,8987,B,B,True
q_008469,854,12502,B,A,False
q_008470,7668,7089,A,A,True
q_008471,1233,2184,A,A,True
q_008472,6182,4341,B,A,False
q_008473,4883,10670,B,B,True
q_008474,5619,10253,A,B,False
q_008475,6286,11031,A,A,True
q_008476,1810,5864,A,A,True
q_008477,1410,6823,A,B,False
q_008478,7956,12426,A,A,True
q_008479,8327,12103,B,B,True
q_008480,1211,8074,B,B,True
q_008481,6978,9949,A,A,True
q_008482,12478,8654,A,B,False
q_008483,10522,11189,B,A,False
q_008484,1712,7111,A,A,True
q_008485,6052,11043,B,B,True
q_008486,5861,1536,A,B,False
q_008487,185,6465,A,A,True
q_008488,6715,5907,B,B,True
q_008489,3365,9123,A,B,False
q_008490,5350,9595,A,B,False
q_008491,4280,3346,A,A,True
q_008492,5814,5172,A,A,True
q_008493,6796,10857,B,B,True
q_008494,12217,3957,B,B,True
q_008495,913,264,A,A,True
q_008496,7021,12405,B,B,True
q_008497,2487,4943,A,A,True
q_008498,457,7660,A,B,False
q_008499,10351,10167,A,B,False
q_008500,11613,3487,A,A,True
q_008501,2201,4323,B,B,True
q_008502,3564,9653,A,B,False
q_008503,1904,8911,A,A,True
q_008504,1943,8962,B,A,False
q_008505,2373,5849,A,B,False
q_008506,5820,4068,A,B,False
q_008507,899,6744,A,A,True
q_008508,443,203,B,A,False
q_008509,2254,10752,B,A,False
q_008510,6707,8589,B,A,False
q_008512,10708,8724,A,A,True
q_008513,387,7875,B,A,False
q_008514,4378,7122,B,B,True
q_008515,1110,5911,B,A,False
q_008516,6574,6380,A,A,True
q_008517,12150,10458,B,B,True
q_008518,11779,5003,A,B,False
q_008519,3545,10249,B,A,False
q_008520,7366,3636,A,B,False
q_008521,1018,12188,A,A,True
q_008522,8259,9261,B,B,True
q_008523,11279,11285,A,A,True
q_008524,5525,11227,B,B,True
q_008525,12188,3597,A,A,True
q_008526,1369,6488,A,A,True
q_008527,553,10380,A,A,True
q_008528,11801,7236,A,A,True
q_008529,8715,12076,A,A,True
q_008530,12680,8977,B,A,False
q_008531,3551,6503,A,A,True
q_008532,4060,4768,A,A,True
q_008533,8447,5374,A,A,True
q_008534,11608,6324,A,A,True
q_008535,2221,10362,B,B,True
q_008536,7056,12397,A,A,True
q_008537,10387,10077,B,B,True
q_008538,347,866,A,A,True
q_008539,10697,9618,A,B,False
q_008540,8153,6443,A,A,True
q_008541,12684,12431,A,B,False
q_008542,2660,5994,B,A,False
q_008543,6080,12612,B,B,True
q_008544,605,1620,A,B,False
q_008545,964,10253,B,B,True
q_008546,5689,8914,A,A,True
q_008547,8361,10959,B,B,True
q_008548,1179,2121,A,A,True
q_008549,2688,3469,A,A,True
q_008550,4954,11143,B,A,False
q_008551,535,1596,B,B,True
q_008552,2236,6457,B,B,True
q_008553,1891,5143,A,A,True
q_008554,11936,12123,A,B,False
q_008555,10886,11898,B,B,True
q_008556,7987,11393,B,A,False
q_008557,3673,8687,A,A,True
q_008558,1742,7466,A,B,False
q_008559,642,8895,A,B,False
q_008560,12293,4790,A,B,False
q_008561,93,12506,B,B,True
q_008562,12415,6072,A,B,False
q_008563,4515,10264,B,A,False
q_008564,1630,4700,A,A,True
q_008565,3928,7821,A,B,False
q_008566,10319,9930,B,B,True
q_008567,1649,5983,B,B,True
q_008568,517,9300,A,A,True
q_008569,9232,11392,A,A,True
q_008570,11863,9239,A,B,False
q_008571,1986,8590,A,B,False
q_008572,11487,10285,A,A,True
q_008573,11560,5884,B,B,True
q_008574,12674,3852,B,A,False
q_008575,2749,6510,B,B,True
q_008576,7355,4124,B,A,False
q_008577,549,12634,A,A,True
q_008578,4598,11469,A,B,False
q_008579,7685,6361,B,A,False
q_008580,2505,6612,A,A,True
q_008582,3293,9218,B,A,False
q_008583,830,3622,A,A,True
q_008584,2481,8229,B,B,True
q_008585,952,3426,A,A,True
q_008586,12536,9685,A,B,False
q_008587,7496,8246,A,A,True
q_008588,6580,7075,A,A,True
q_008589,5454,10287,A,A,True
q_008590,5220,9606,B,A,False
q_008591,5410,5120,A,B,False
q_008592,2629,10206,B,B,True
q_008593,2023,5652,A,A,True
q_008594,2217,10421,A,A,True
q_008595,7488,12222,A,B,False
q_008596,3082,12674,A,A,True
q_008597,6773,2845,A,A,True
q_008598,3799,12133,A,B,False
q_008599,5160,8743,B,A,False
q_008600,10419,8836,B,A,False
q_008601,2417,5995,B,A,False
q_008602,3180,5433,B,B,True
q_008603,8935,9071,B,B,True
q_008604,2379,11370,A,A,True
q_008605,5542,12672,A,A,True
q_008606,955,4038,A,A,True
q_008607,4450,5256,B,B,True
q_008608,8169,9237,B,B,True
q_008609,155,11119,A,B,False
q_008610,2578,10595,B,A,False
q_008611,1596,9650,B,A,False
q_008612,2100,4969,B,B,True
q_008613,6605,7033,A,A,True
q_008614,2282,7321,B,B,True
q_008615,4374,5954,B,A,False
q_008616,11728,9812,B,A,False
q_008617,12197,11943,B,B,True
q_008618,181,2671,B,A,False
q_008619,7973,12153,A,B,False
q_008620,326,10756,A,A,True
q_008621,6612,8955,B,B,True
q_008622,4847,11174,A,A,True
q_008623,9659,10140,A,A,True
q_008624,2957,7449,B,A,False
q_008625,3285,11424,A,A,True
q_008626,9955,9038,B,A,False
q_008627,12253,10416,B,B,True
q_008628,5327,3569,A,B,False
q_008629,38,1046,B,A,False
q_008630,6251,5647,A,B,False
q_008631,7874,12673,B,B,True
q_008632,5638,8324,B,A,False
q_008633,11877,8933,B,A,False
q_008634,7946,10338,A,A,True
q_008635,7532,10011,B,B,True
q_008636,780,257,A,A,True
q_008637,5250,10846,B,A,False
q_008638,1099,9596,B,A,False
q_008639,5044,4274,B,B,True
q_008641,10473,10218,A,B,False
q_008642,11514,2841,A,A,True
q_008643,6999,8316,A,A,True
q_008644,525,2877,A,A,True
q_008645,2550,7860,B,B,True
q_008646,12198,8641,B,B,True
q_008647,749,7750,A,A,True
q_008648,2509,10385,B,B,True
q_008649,2561,1794,A,B,False
q_008650,629,11314,A,A,True
q_008651,7000,6313,B,B,True
q_008652,1286,4092,A,B,False
q_008653,747,7414,B,A,False
q_008654,226,5512,B,A,False
q_008655,8078,9421,B,B,True
q_008656,2636,4793,B,B,True
q_008657,1846,10674,B,B,True
q_008658,1281,2929,B,A,False
q_008659,1215,11694,A,A,True
q_008660,919,11964,A,A,True
q_008661,1293,3287,A,B,False
q_008662,8221,10170,A,A,True
q_008663,7714,11940,A,A,True
q_008664,3181,4105,B,B,True
q_008665,859,11838,A,B,False
q_008666,11124,9670,B,B,True
q_008667,6023,9900,B,A,False
q_008668,343,11417,A,A,True
q_008669,9475,10676,B,A,False
q_008670,8626,12158,A,B,False
q_008671,4195,894,A,A,True
q_008672,3286,10878,B,A,False
q_008673,1420,231,A,A,True
q_008674,12133,3813,B,B,True
q_008675,316,11333,A,A,True
q_008676,1695,10112,B,B,True
q_008677,6364,6496,A,A,True
q_008678,7405,4326,A,B,False
q_008679,1277,10312,B,A,False
q_008680,2998,11371,B,B,True
q_008681,1619,6797,B,B,True
q_008682,227,8014,B,B,True
q_008683,1583,8582,A,A,True
q_008684,1671,8672,B,B,True
q_008685,4064,7224,A,B,False
q_008686,1066,1324,A,B,False
q_008687,117,2977,B,A,False
q_008688,6826,4963,B,B,True
q_008689,7899,9278,B,B,True
q_008690,4363,4712,B,B,True
q_008691,509,12067,B,B,True
q_008692,12608,2795,A,A,True
q_008693,5499,9733,A,A,True
q_008694,4520,5772,A,B,False
q_008695,10480,11145,B,A,False
q_008696,7599,9249,B,B,True
q_008697,6602,12693,A,A,True
q_008698,2230,5639,B,B,True
q_008699,4705,10575,A,A,True
q_008700,7078,1110,B,A,False
q_008701,2324,255,A,B,False
q_008702,11740,12705,A,A,True
q_008703,869,6263,A,A,True
q_008704,8384,8831,B,B,True
q_008705,8335,3510,A,A,True
q_008706,655,7449,A,B,False
q_008707,660,11343,B,A,False
q_008708,8366,6259,A,A,True
q_008709,9041,11340,A,A,True
q_008710,3043,6777,B,A,False
q_008711,5138,8787,A,A,True
q_008712,5366,10911,B,A,False
q_008713,12099,9683,B,B,True
q_008714,6558,2887,A,B,False
q_008715,3988,4335,B,B,True
q_008716,3906,8890,B,B,True
q_008717,6629,6177,B,B,True
q_008718,12296,7968,B,A,False
q_008719,11725,9424,B,B,True
q_008720,6922,9025,B,B,True
q_008721,2543,3085,A,A,True
q_008722,11950,9603,A,B,False
q_008723,3977,6885,A,B,False
q_008724,4527,11826,A,B,False
q_008725,8380,11252,A,A,True
q_008726,3345,11331,A,B,False
q_008727,5869,12437,A,B,False
q_008728,12637,11648,A,A,True
q_008729,4039,9462,B,B,True
q_008730,7933,7590,B,B,True
q_008731,473,1501,B,B,True
q_008732,12651,4906,A,A,True
q_008733,5323,6040,B,B,True
q_008734,8517,9918,B,B,True
q_008735,6361,7482,B,A,False
q_008736,5514,5580,B,B,True
q_008737,1863,5163,B,B,True
q_008738,225,9095,A,B,False
q_008739,5489,3525,A,A,True
q_008740,459,4837,B,A,False
q_008741,3608,4691,A,A,True
q_008742,3475,11174,B,B,True
q_008743,1510,8163,A,B,False
q_008744,5161,10535,B,A,False
q_008745,6506,11324,B,A,False
q_008746,1064,12354,A,A,True
q_008747,2105,8255,A,A,True
q_008748,5223,11947,B,B,True
q_008749,7504,8211,B,B,True
q_008750,2672,1682,B,B,True
q_008751,2156,10379,A,B,False
q_008752,5410,6797,A,B,False
q_008753,2098,9194,B,B,True
q_008754,5411,9281,B,B,True
q_008755,2481,3825,B,B,True
q_008756,4441,9220,B,B,True
q_008757,643,11388,B,A,False
q_008758,204,2876,A,B,False
q_008759,332,4442,B,A,False
q_008760,3833,12184,A,B,False
q_008761,6632,12693,A,A,True
q_008762,3336,9866,A,B,False
q_008763,4184,4067,B,A,False
q_008764,11628,3801,A,A,True
q_008765,2860,10924,A,B,False
q_008766,723,2757,B,A,False
q_008767,1090,5992,B,A,False
q_008768,1207,1344,B,B,True
q_008769,5841,10699,A,B,False
q_008770,6496,7275,A,B,False
q_008771,4465,11629,A,A,True
q_008772,164,6381,B,A,False
q_008773,2561,3853,A,A,True
q_008774,7810,6542,A,B,False
q_008775,1960,4733,B,B,True
q_008776,1570,10471,A,A,True
q_008777,8276,9150,A,A,True
q_008778,1870,7794,A,A,True
q_008779,7396,6230,B,B,True
q_008780,6836,11946,B,B,True
q_008781,2554,10728,B,B,True
q_008782,505,1551,B,A,False
q_008783,11498,9661,B,B,True
q_008784,631,3355,B,B,True
q_008785,6593,6123,A,A,True
q_008786,3147,11457,A,A,True
q_008787,8303,12474,B,B,True
q_008788,286,623,A,A,True
q_008789,915,4566,B,B,True
q_008790,3066,6951,B,A,False
q_008791,5579,3511,A,B,False
q_008792,3550,7782,B,A,False
q_008793,2291,5295,B,B,True
q_008794,5614,4050,A,B,False
q_008795,7405,9613,B,A,False
q_008796,4238,10851,A,A,True
q_008797,1995,6936,B,B,True
q_008798,4217,10771,A,A,True
q_008799,7217,9889,B,B,True
q_008800,7884,8646,A,A,True
q_008801,11388,10140,B,B,True
q_008802,12038,9896,A,B,False
q_008803,3526,9487,A,A,True
q_008804,6473,11667,B,A,False
q_008805,246,10379,B,B,True
q_008806,1629,7587,A,A,True
q_008807,7090,3470,A,B,False
q_008808,1934,9826,A,B,False
q_008809,5951,6232,A,A,True
q_008810,569,11502,A,A,True
q_008811,7568,3804,A,B,False
q_008812,6995,7473,B,B,True
q_008813,3863,11679,B,B,True
q_008814,127,6036,A,A,True
q_008815,4936,4773,B,A,False
q_008816,4721,6876,B,A,False
q_008817,11118,9701,B,B,True
q_008818,1734,9609,A,B,False
q_008819,2077,6057,A,A,True
q_008820,2525,6258,B,B,True
q_008821,1955,4718,A,B,False
q_008822,1550,8218,A,B,False
q_008823,665,9655,A,B,False
q_008824,11683,9074,B,B,True
q_008825,8429,9434,B,A,False
q_008826,2879,4807,A,A,True
q_008827,1914,12062,A,A,True
q_008828,6317,7974,A,A,True
q_008829,3265,6727,A,B,False
q_008830,8063,11964,A,A,True
q_008831,8316,9850,A,A,True
q_008832,6253,12135,A,B,False
q_008833,6794,6090,B,B,True
q_008834,4039,11924,B,B,True
q_008835,177,8650,B,A,False
q_008836,3684,8543,A,B,False
q_008837,28,5541,B,A,False
q_008838,8610,9048,B,A,False
q_008839,1752,6488,A,A,True
q_008840,3655,5289,B,A,False
q_008841,12537,3874,A,B,False
q_008842,8180,9322,A,A,True
q_008843,2291,9153,B,B,True
q_008844,6538,10968,A,B,False
q_008845,7734,7797,A,A,True
q_008846,3049,8419,A,A,True
q_008847,2902,6117,B,B,True
q_008848,4500,10498,B,B,True
q_008849,7525,9040,B,A,False
q_008850,3232,6652,A,B,False
q_008851,1611,4819,B,B,True
q_008852,6905,10241,A,B,False
q_008853,2373,4143,A,B,False
q_008854,4562,7229,A,B,False
q_008855,1585,1755,A,A,True
q_008856,1811,2758,B,B,True
q_008857,1601,3009,B,B,True
q_008858,1239,3640,A,A,True
q_008859,271,378,A,B,False
q_008860,3744,12219,A,B,False
q_008861,3915,9605,B,A,False
q_008862,10976,10224,A,B,False
q_008863,2888,11460,B,B,True
q_008864,5386,10173,A,B,False
q_008865,10571,10563,A,B,False
q_008866,1272,8982,A,B,False
q_008867,11492,4727,A,A,True
q_008868,5343,9481,B,B,True
q_008869,2142,7317,B,B,True
q_008870,1820,71,B,B,True
q_008871,7209,9007,B,A,False
q_008872,333,10222,A,A,True
q_008873,5849,10530,A,B,False
q_008874,4488,4878,A,A,True
q_008875,3002,11676,B,A,False
q_008876,12684,3933,A,A,True
q_008877,3766,6155,A,A,True
q_008878,7372,4403,A,B,False
q_008879,3834,4814,B,A,False
q_008880,5809,9871,B,A,False
q_008881,519,3742,A,A,True
q_008882,3496,9458,A,B,False
q_008883,3998,11481,B,A,False
q_008884,2181,1948,A,A,True
q_008885,2874,11155,B,A,False
q_008887,11587,10517,B,B,True
q_008888,8145,7135,B,B,True
q_008889,2467,1393,B,B,True
q_008890,11494,4677,B,B,True
q_008891,8176,5820,B,B,True
q_008892,12259,8697,A,A,True
q_008893,4846,5731,A,B,False
q_008894,947,6280,A,A,True
q_008895,1329,6218,A,A,True
q_008896,365,3617,A,A,True
q_008897,1600,7048,B,B,True
q_008898,5242,9323,A,B,False
q_008899,257,3577,A,A,True
q_008900,1663,3824,A,A,True
q_008901,10702,9741,B,B,True
q_008902,7238,6063,A,A,True
q_008903,9262,12372,B,B,True
q_008904,7684,6886,A,A,True
q_008905,2606,8303,A,B,False
q_008906,11423,12049,B,A,False
q_008907,8392,6051,B,B,True
q_008908,4188,10623,A,B,False
q_008909,1233,6708,B,B,True
q_008910,2993,10794,B,B,True
q_008911,4247,9097,B,B,True
q_008912,3176,8644,A,A,True
q_008913,1893,10080,A,A,True
q_008914,8539,9436,B,B,True
q_008915,7422,11353,A,B,False
q_008916,2664,3918,A,A,True
q_008917,571,11254,A,A,True
q_008918,8953,9683,A,A,True
q_008919,4293,10476,B,B,True
q_008920,4452,9277,A,A,True
q_008921,5348,3234,B,A,False
q_008922,8304,6058,A,A,True
q_008923,5270,11392,B,B,True
q_008924,4551,10644,B,A,False
q_008925,1855,4157,A,A,True
q_008926,1669,2679,A,A,True
q_008927,754,12317,B,B,True
q_008928,8465,7803,A,A,True
q_008929,3992,2222,A,A,True
q_008930,10991,9667,B,A,False
q_008931,1923,9661,B,A,False
q_008932,2512,7544,A,A,True
q_008933,2103,8821,B,A,False
q_008934,4590,9714,A,B,False
q_008935,8368,12542,B,B,True
q_008936,12696,9183,A,B,False
q_008937,12604,4569,A,A,True
q_008938,12704,11379,B,A,False
q_008939,3505,2992,A,B,False
q_008940,1188,10232,B,B,True
q_008941,4806,11507,A,B,False
q_008942,11729,11880,B,B,True
q_008943,3540,9940,A,B,False
q_008944,243,7620,A,B,False
q_008945,8233,2723,A,B,False
q_008946,967,2394,B,B,True
q_008947,514,12043,A,A,True
q_008948,10186,11907,A,A,True
q_008949,6512,6298,A,B,False
q_008950,1424,11148,A,A,True
q_008951,8318,9951,B,B,True
q_008952,4691,4927,A,A,True
q_008953,6814,10511,A,A,True
q_008954,10115,11421,A,A,True
q_008955,6084,3022,A,A,True
q_008956,247,8215,B,B,True
q_008957,9420,10527,B,B,True
q_008958,4315,5385,B,B,True
q_008959,4634,12327,B,B,True
q_008960,5696,9068,A,A,True
q_008961,5835,10304,B,A,False
q_008962,1117,11234,A,A,True
q_008963,8081,10469,A,A,True
q_008964,3721,11038,A,A,True
q_008965,7194,10043,A,B,False
q_008966,11035,9052,B,A,False
q_008967,3068,2772,B,B,True
q_008968,5068,2807,B,B,True
q_008969,12328,10984,A,B,False
q_008970,7828,4740,B,B,True
q_008971,3560,12033,B,B,True
q_008972,4159,4538,A,B,False
q_008973,7876,9858,A,A,True
q_008974,2264,6483,B,B,True
q_008975,1424,12502,B,B,True
q_008976,6991,9722,A,A,True
q_008977,6389,3664,B,B,True
q_008978,5925,9726,B,B,True
q_008979,4771,6780,A,B,False
q_008980,12679,5592,B,B,True
q_008981,6670,5851,A,A,True
q_008982,9703,11022,B,B,True
q_008983,584,10806,B,B,True
q_008984,2693,6365,A,A,True
q_008985,12657,6977,A,B,False
q_008986,9570,9476,A,A,True
q_008987,1362,8466,A,B,False
q_008988,76,5488,A,B,False
q_008989,1392,3448,B,B,True
q_008990,206,4728,A,A,True
q_008991,3247,4543,A,B,False
q_008992,2593,12660,A,A,True
q_008993,6085,9164,A,B,False
q_008994,303,6075,A,A,True
q_008995,6276,10083,A,A,True
q_008997,12527,10879,B,A,False
q_008998,1151,6014,A,A,True
q_008999,3217,9791,B,A,False
q_009000,4611,5667,B,A,False
q_009001,239,10691,A,A,True
q_009002,8553,9021,A,A,True
q_009003,5782,2187,B,B,True
q_009004,12581,9804,A,A,True
q_009005,1663,7854,A,A,True
q_009006,3499,10003,B,B,True
q_009007,9266,5850,A,A,True
q_009008,100,6731,B,B,True
q_009010,5831,11769,B,A,False
q_009011,5051,10088,B,B,True
q_009012,12226,10093,A,A,True
q_009013,3590,5231,A,A,True
q_009015,2709,2385,A,A,True
q_009016,4891,10240,A,B,False
q_009017,6973,9610,B,B,True
q_009018,1577,7597,A,A,True
q_009019,1465,4083,A,A,True
q_009020,9553,11171,B,A,False
q_009021,7484,3541,A,A,True
q_009022,7601,9886,A,A,True
q_009024,11765,10917,B,B,True
q_009025,4066,11148,A,B,False
q_009026,12383,9691,B,A,False
q_009027,1550,9727,B,B,True
q_009028,6992,7512,A,B,False
q_009029,1534,1452,A,B,False
q_009030,3556,2908,B,A,False
q_009031,3815,7775,A,A,True
q_009032,6809,8210,A,A,True
q_009033,5479,7431,B,B,True
q_009034,3169,10987,B,B,True
q_009035,3793,6837,A,A,True
q_009036,1084,7843,A,B,False
q_009037,6153,9697,B,A,False
q_009038,1162,12456,A,A,True
q_009039,3116,8436,A,A,True
q_009040,7202,9321,A,A,True
q_009041,1077,10823,A,B,False
q_009042,6905,5871,A,B,False
q_009043,2059,5258,A,A,True
q_009044,12180,2989,A,A,True
q_009045,9827,10344,B,B,True
q_009046,12176,11781,A,A,True
q_009047,781,10807,B,B,True
q_009048,5218,8595,A,B,False
q_009049,6126,9318,B,B,True
q_009050,387,3276,A,A,True
q_009051,6499,7088,A,B,False
q_009052,601,11890,B,A,False
q_009053,2510,9202,A,A,True
q_009054,12284,10636,A,B,False
q_009056,9157,10672,A,A,True
q_009057,952,2978,B,B,True
q_009058,771,12629,A,A,True
q_009059,472,6998,B,A,False
q_009060,8570,10225,A,A,True
q_009061,7288,9792,B,B,True
q_009062,8127,8772,B,B,True
q_009063,1975,4029,B,A,False
q_009064,7769,11708,B,A,False
q_009065,8310,10275,A,A,True
q_009066,6209,10893,A,B,False
q_009067,6118,11422,A,A,True
q_009068,1817,6376,B,B,True
q_009069,3715,6393,A,B,False
q_009070,616,1454,A,B,False
q_009071,1144,2090,A,A,True
q_009072,259,10692,A,A,True
q_009073,8465,5205,A,A,True
q_009074,8200,5322,B,A,False
q_009075,10999,11201,B,A,False
q_009076,8923,9708,B,B,True
q_009077,1797,5080,A,B,False
q_009078,1272,4425,B,A,False
q_009079,1377,4652,A,B,False
q_009080,11701,10542,B,B,True
q_009081,619,12512,B,B,True
q_009082,6355,2381,A,A,True
q_009083,376,6349,A,A,True
q_009084,5256,10779,A,A,True
q_009085,12575,4350,B,B,True
q_009086,5166,8688,B,A,False
q_009088,1835,4820,B,A,False
q_009089,11783,4517,B,B,True
q_009090,2051,6665,B,B,True
q_009091,3492,6312,A,B,False
q_009092,6223,8959,A,B,False
q_009093,3897,12453,B,B,True
q_009094,2617,12237,B,B,True
q_009095,3205,6132,A,B,False
q_009096,1604,11169,B,B,True
q_009097,2786,9221,A,B,False
q_009098,4433,5867,B,B,True
q_009099,3605,6077,A,B,False
q_009100,2785,7166,B,B,True
q_009101,896,2915,B,A,False
q_009102,3978,6050,B,A,False
q_009103,7906,8682,B,B,True
q_009104,3538,2986,A,B,False
q_009105,20,9655,B,A,False
q_009106,6062,6014,A,A,True
q_009107,8587,12318,B,B,True
q_009108,3020,4383,A,B,False
q_009109,3181,10706,B,B,True
q_009110,1960,6228,A,A,True
q_009111,1095,9480,B,B,True
q_009112,8960,10947,A,B,False
q_009113,2687,9781,B,B,True
q_009114,1760,6584,A,B,False
q_009115,6756,9201,A,A,True
q_009116,5044,9985,B,B,True
q_009117,311,3273,A,A,True
q_009118,7917,4671,A,A,True
q_009120,2346,8226,B,B,True
q_009121,12581,9591,B,B,True
q_009122,163,12675,B,B,True
q_009123,3083,4545,B,B,True
q_009124,121,6453,A,A,True
q_009125,840,3484,A,B,False
q_009126,12434,11132,B,B,True
q_009127,6465,10337,A,B,False
q_009128,1255,4302,A,A,True
q_009129,2038,12417,A,A,True
q_009130,7096,7160,A,A,True
q_009132,1148,12482,B,B,True
q_009133,2017,9594,B,B,True
q_009134,575,2692,A,B,False
q_009136,8051,10627,A,A,True
q_009137,7036,11457,A,A,True
q_009138,11712,7297,B,A,False
q_009139,690,7318,A,A,True
q_009140,7957,6369,A,B,False
q_009141,8106,3855,A,A,True
q_009142,1096,7587,A,A,True
q_009143,9165,11135,B,A,False
q_009144,7080,10496,B,B,True
q_009145,2068,8946,B,B,True
q_009146,6180,8944,B,A,False
q_009147,1908,4628,A,A,True
q_009148,1016,5553,B,B,True
q_009149,11528,10783,B,B,True
q_009150,5603,10699,B,A,False
q_009151,2422,4094,B,B,True
q_009152,3725,3908,B,B,True
q_009153,658,10436,B,B,True
q_009154,11651,12009,A,A,True
q_009155,1058,1005,A,B,False
q_009156,2783,10592,B,A,False
q_009157,5814,6216,B,B,True
q_009158,4550,7501,B,A,False
q_009159,507,957,B,A,False
q_009160,4182,8645,A,A,True
q_009161,8614,9905,B,A,False
q_009162,3184,8421,B,B,True
q_009163,10046,11001,A,A,True
q_009164,4577,12021,A,A,True
q_009165,169,10798,B,B,True
q_009166,1384,9463,A,A,True
q_009167,12468,10292,A,A,True
q_009168,5153,8571,B,A,False
q_009169,8539,12468,B,B,True
q_009170,6887,10023,B,B,True
q_009171,385,9772,B,B,True
q_009172,907,3970,A,A,True
q_009173,6426,9212,A,A,True
q_009174,802,5404,B,B,True
q_009175,12696,11597,A,B,False
q_009176,922,2113,A,A,True
q_009177,8180,10128,A,A,True
q_009178,2342,10679,B,A,False
q_009179,6421,11226,B,B,True
q_009180,10211,10824,A,A,True
q_009181,2991,11242,B,B,True
q_009182,9331,11076,A,A,True
q_009183,6312,8995,A,A,True
q_009184,4938,12339,A,A,True
q_009185,3716,9273,A,A,True
q_009186,437,11025,A,B,False
q_009187,2576,2850,A,B,False
q_009188,5267,5128,B,A,False
q_009189,2685,6512,A,A,True
q_009190,1683,4965,A,A,True
q_009191,12428,4740,B,B,True
q_009192,7614,11042,A,A,True
q_009193,5522,4186,B,B,True
q_009194,2732,12564,B,B,True
q_009195,2261,2310,A,A,True
q_009196,4943,11636,A,B,False
q_009197,4211,10740,B,B,True
q_009198,160,6042,B,B,True
q_009199,5049,8958,A,A,True
q_009200,5773,8221,A,A,True
q_009201,7918,4209,A,A,True
q_009202,4303,9455,A,B,False
q_009203,3020,11728,B,A,False
q_009204,8177,9527,A,B,False
q_009205,1628,12536,A,A,True
q_009206,4664,8819,B,B,True
q_009207,1430,8281,A,A,True
q_009208,4642,11039,A,B,False
q_009209,7948,8894,A,A,True
q_009210,513,9475,A,A,True
q_009211,1383,4089,B,B,True
q_009212,2381,11914,A,A,True
q_009213,12201,10891,A,A,True
q_009214,7490,11365,B,B,True
q_009215,2767,3546,A,A,True
q_009216,3517,9121,B,A,False
q_009218,1341,2582,A,A,True
q_009219,12367,10868,A,B,False
q_009220,1943,7610,B,A,False
q_009221,4671,10980,A,B,False
q_009222,269,5474,A,B,False
q_009223,3858,4357,A,B,False
q_009224,934,4865,B,B,True
q_009225,1507,8579,B,A,False
q_009226,7716,9166,A,A,True
q_009227,8392,5934,A,B,False
q_009228,12684,10291,A,A,True
q_009229,4558,4105,B,B,True
q_009230,3506,7009,B,A,False
q_009231,3643,10457,B,A,False
q_009232,7399,4452,A,B,False
q_009233,1728,8013,A,A,True
q_009234,6050,9371,A,B,False
q_009235,6979,11180,B,B,True
q_009236,4049,7071,B,B,True
q_009237,5675,7911,A,B,False
q_009238,1666,8178,A,A,True
q_009239,6508,9902,A,B,False
q_009240,572,3598,A,A,True
q_009241,2736,8851,B,B,True
q_009242,2656,8231,A,A,True
q_009243,5878,11926,B,A,False
q_009244,970,9570,A,A,True
q_009245,8115,8751,B,B,True
q_009246,6126,11709,A,A,True
q_009247,8432,11430,A,A,True
q_009248,4415,6435,A,A,True
q_009249,1389,85,A,A,True
q_009250,8060,7383,B,B,True
q_009251,7915,8877,B,B,True
q_009252,3524,8447,B,B,True
q_009253,3331,10793,A,A,True
q_009254,11053,9105,B,B,True
q_009255,4204,6884,A,A,True
q_009256,2671,6059,B,B,True
q_009257,1415,2479,A,B,False
q_009258,2266,4133,A,B,False
q_009259,292,3367,A,A,True
q_009260,4648,9099,B,B,True
q_009261,192,3468,A,A,True
q_009262,616,1927,B,B,True
q_009263,2010,5682,A,A,True
q_009264,7924,4143,A,A,True
q_009265,252,4141,A,A,True
q_009266,6779,8004,A,A,True
q_009267,1682,3446,A,A,True
q_009268,8944,10206,A,A,True
q_009269,7105,8241,B,A,False
q_009270,12199,1059,A,B,False
q_009271,674,5086,B,A,False
q_009272,1782,10840,B,B,True
q_009273,4324,12462,B,B,True
q_009274,839,7529,A,B,False
q_009275,10275,8764,A,B,False
q_009276,2182,4757,B,A,False
q_009277,1865,2234,A,B,False
q_009278,2985,12448,B,B,True
q_009279,2807,5296,A,B,False
q_009280,6952,9791,A,A,True
q_009281,2550,5476,A,A,True
q_009282,1576,11799,A,A,True
q_009283,11,4601,B,B,True
q_009284,203,2963,A,B,False
q_009285,6020,6297,A,A,True
q_009286,1412,5515,B,A,False
q_009287,494,8512,A,B,False
q_009288,1283,4441,B,A,False
q_009289,8144,3468,B,B,True
q_009290,4861,7259,B,A,False
q_009291,12640,4537,A,A,True
q_009292,7762,8788,A,B,False
q_009293,11669,8959,A,A,True
q_009294,2442,11803,B,B,True
q_009295,3678,2733,A,B,False
q_009296,10316,9540,A,B,False
q_009297,3938,10615,B,A,False
q_009298,12652,10784,A,A,True
q_009299,12254,5892,B,B,True
q_009300,2552,10044,B,B,True
q_009301,3745,10729,B,B,True
q_009302,6994,8826,A,A,True
q_009303,10199,9970,A,A,True
q_009304,3703,5746,A,B,False
q_009305,1604,10335,A,A,True
q_009306,8654,8919,A,B,False
q_009307,1581,6236,A,A,True
q_009308,8428,10949,B,A,False
q_009309,1115,5295,A,B,False
q_009310,8690,10057,A,A,True
q_009311,9989,11055,B,A,False
q_009312,512,5176,B,B,True
q_009313,5178,11208,A,B,False
q_009314,1409,6569,A,B,False
q_009316,12624,11173,B,B,True
q_009317,7963,7297,B,A,False
q_009318,5727,3495,A,B,False
q_009319,1978,5552,B,A,False
q_009320,1423,3672,A,A,True
q_009321,1113,8718,A,A,True
q_009322,9485,10441,B,A,False
q_009323,11644,12499,A,A,True
q_009324,3517,5181,B,B,True
q_009325,3108,5778,A,B,False
q_009326,2075,8690,B,B,True
q_009327,1056,6492,B,B,True
q_009328,1772,5564,B,B,True
q_009329,8479,7361,A,A,True
q_009330,2666,1326,A,A,True
q_009331,1462,5191,A,A,True
q_009332,8152,5899,B,B,True
q_009333,9395,10303,B,A,False
q_009334,6622,11924,A,A,True
q_009335,4324,8238,B,A,False
q_009336,3023,4978,A,B,False
q_009337,6274,11116,A,B,False
q_009338,9059,8809,A,B,False
q_009339,6713,3477,B,B,True
q_009340,3045,8706,B,A,False
q_009341,2001,12132,A,B,False
q_009342,856,5706,B,A,False
q_009343,11574,3894,A,A,True
q_009344,12613,9207,A,A,True
q_009345,443,1423,B,A,False
q_009346,3242,10886,A,B,False
q_009347,3573,4686,B,A,False
q_009348,460,12168,B,A,False
q_009349,6566,8388,A,B,False
q_009350,3279,8616,A,A,True
q_009351,1808,11689,B,B,True
q_009352,486,1499,A,A,True
q_009353,1415,10375,A,A,True
q_009354,5195,10555,A,B,False
q_009355,1682,4911,A,A,True
q_009356,548,8933,A,A,True
q_009357,986,11260,B,B,True
q_009358,12293,10024,B,A,False
q_009359,4805,11113,A,A,True
q_009360,2360,9109,A,B,False
q_009361,3445,11997,B,A,False
q_009362,1734,11934,A,B,False
q_009363,592,7750,B,B,True
q_009364,4344,6589,A,A,True
q_009365,4522,9658,A,B,False
q_009366,8268,4315,A,A,True
q_009367,7909,9367,B,B,True
q_009368,142,9838,A,A,True
q_009369,12667,5206,A,B,False
q_009370,4191,10972,A,B,False
q_009371,4420,10111,A,A,True
q_009372,308,10862,A,A,True
q_009373,3627,12126,B,A,False
q_009374,780,3564,A,A,True
q_009375,3434,5757,B,A,False
q_009377,6480,10884,B,A,False
q_009378,9990,9832,B,A,False
q_009379,9205,9258,A,A,True
q_009380,66,8974,A,A,True
q_009381,2014,5993,A,B,False
q_009383,3107,10113,A,A,True
q_009384,5398,9556,A,B,False
q_009385,7408,9238,B,B,True
q_009386,1122,10096,A,A,True
q_009387,1903,10858,A,A,True
q_009388,5461,9443,A,A,True
q_009389,5082,11032,A,A,True
q_009390,4863,10487,B,B,True
q_009391,5422,8496,B,A,False
q_009392,7463,5331,A,A,True
q_009393,2244,5085,A,B,False
q_009394,2138,7520,B,B,True
q_009395,2483,6080,A,A,True
q_009396,3015,10102,A,A,True
q_009397,6669,9981,B,B,True
q_009398,650,11291,B,B,True
q_009399,11889,9857,B,A,False
q_009400,6074,10116,B,B,True
q_009402,5733,12455,A,A,True
q_009403,1002,5646,A,A,True
q_009404,11897,9701,A,B,False
q_009406,11720,11164,B,B,True
q_009407,8316,4747,B,B,True
q_009408,3281,11673,A,A,True
q_009409,1701,4711,B,B,True
q_009410,11381,10707,B,B,True
q_009411,3773,5415,A,A,True
q_009412,4448,10334,B,B,True
q_009413,1099,4282,B,A,False
q_009414,12096,6364,A,B,False
q_009415,5437,5915,A,B,False
q_009416,5576,6081,A,B,False
q_009417,2126,8178,B,A,False
q_009418,939,7062,B,A,False
q_009419,4401,6876,A,A,True
q_009420,4817,5975,A,B,False
q_009421,2087,10083,B,B,True
q_009422,12637,5876,B,B,True
q_009423,3125,6242,B,B,True
q_009424,3335,12354,B,B,True
q_009425,7775,5853,B,B,True
q_009426,7617,5536,A,B,False
q_009427,6934,11450,B,B,True
q_009428,12271,5588,B,B,True
q_009429,1406,7203,A,A,True
q_009430,812,6576,A,A,True
q_009431,2462,1951,A,A,True
q_009432,10802,11029,A,B,False
q_009433,6737,4380,A,A,True
q_009434,5350,11728,A,B,False
q_009435,7502,3499,B,B,True
q_009436,2070,735,B,A,False
q_009437,6437,7993,A,A,True
q_009438,1852,4398,A,A,True
q_009439,1888,4737,A,A,True
q_009440,5316,3987,B,A,False
q_009441,2804,5677,A,B,False
q_009442,1661,2367,A,A,True
q_009443,8341,6900,A,A,True
q_009444,9634,9481,B,B,True
q_009446,3570,12281,A,A,True
q_009447,2003,7782,A,A,True
q_009448,8603,9823,A,B,False
q_009449,892,10277,B,B,True
q_009450,6963,9752,A,B,False
q_009451,4276,5486,A,B,False
q_009452,8239,9023,B,B,True
q_009453,11627,10219,B,B,True
q_009454,3181,12576,B,B,True
q_009455,2457,3294,A,A,True
q_009456,757,6057,A,A,True
q_009457,7690,11135,B,A,False
q_009458,8041,9835,A,B,False
q_009459,5210,10367,A,A,True
q_009460,2046,12654,A,A,True
q_009461,1321,4020,B,A,False
q_009462,5119,7781,A,A,True
q_009463,6755,11640,A,A,True
q_009464,1576,3617,A,A,True
q_009465,8306,4361,B,B,True
q_009466,8108,1320,B,B,True
q_009467,6296,3007,B,B,True
q_009468,5269,11241,B,A,False
q_009469,11553,4959,A,A,True
q_009470,4830,7804,B,B,True
q_009471,11993,9478,A,B,False
q_009472,12039,9605,A,B,False
q_009473,8663,8905,A,A,True
q_009474,2369,4205,A,B,False
q_009475,630,12273,B,B,True
q_009476,4411,12687,A,A,True
q_009477,1667,10752,B,B,True
q_009478,3714,11094,A,B,False
q_009479,8111,10383,B,B,True
q_009480,7482,9658,A,A,True
q_009481,2661,9220,A,B,False
q_009482,224,8112,A,A,True
q_009483,8210,2867,A,A,True
q_009485,11268,9900,A,B,False
q_009486,8064,4640,A,A,True
q_009487,7795,3633,B,B,True
q_009488,7005,9426,A,A,True
q_009489,910,957,B,A,False
q_009490,11675,2864,A,A,True
q_009491,7403,462,A,A,True
q_009492,6678,12000,A,A,True
q_009493,1307,5631,B,B,True
q_009494,7403,2968,B,A,False
q_009495,7842,12062,A,A,True
q_009496,5021,8804,A,A,True
q_009497,8217,11040,B,B,True
q_009499,1408,7060,B,A,False
q_009500,6941,11691,A,A,True
q_009501,2513,2499,B,B,True
q_009502,3156,7199,A,A,True
q_009503,6553,6732,A,B,False
q_009504,373,3978,A,A,True
q_009505,4352,4627,A,A,True
q_009506,2472,9757,B,B,True
q_009507,8582,6131,B,B,True
q_009508,5971,10351,B,B,True
q_009510,2696,3065,A,A,True
q_009511,6344,6923,A,A,True
q_009512,7138,6028,B,A,False
q_009513,3211,5275,A,B,False
q_009514,2153,8040,B,A,False
q_009515,12572,6680,A,A,True
q_009516,5149,11954,A,A,True
q_009517,829,5866,B,B,True
q_009518,11638,11453,A,B,False
q_009519,11843,10816,B,A,False
q_009520,4096,9463,B,A,False
q_009521,6374,11363,A,A,True
q_009522,5226,10960,B,A,False
q_009523,6401,9647,B,B,True
q_009524,1839,6114,B,B,True
q_009525,4061,11714,A,A,True
q_009526,7199,10531,B,B,True
q_009527,483,6446,B,B,True
q_009528,2052,9723,B,B,True
q_009529,5571,11757,B,A,False
q_009530,1338,8595,B,A,False
q_009531,12605,3462,B,B,True
q_009532,1120,6827,B,A,False
q_009533,1614,8371,B,B,True
q_009534,1081,9687,B,A,False
q_009535,7238,8712,A,A,True
q_009536,11893,9372,B,B,True
q_009537,2723,5402,B,B,True
q_009538,6968,7274,B,B,True
q_009539,1887,9014,B,B,True
q_009540,563,8791,B,A,False
q_009541,12682,8184,B,B,True
q_009542,7584,3300,A,A,True
q_009543,5049,11857,B,B,True
q_009544,8234,5001,B,B,True
q_009545,55,12486,B,B,True
q_009546,6819,213,A,A,True
q_009547,1828,5674,A,A,True
q_009548,4607,12068,B,B,True
q_009549,76,6250,B,B,True
q_009550,852,10022,B,B,True
q_009551,953,11382,B,B,True
q_009552,6212,3039,A,B,False
q_009553,8579,5472,B,B,True
q_009554,11689,5948,B,A,False
q_009555,5522,1041,A,B,False
q_009556,7743,9575,B,B,True
q_009557,6565,3502,A,B,False
q_009558,9797,9710,A,A,True
q_009559,490,8329,B,A,False
q_009560,7005,4570,A,A,True
q_009561,7771,3921,B,A,False
q_009562,1161,8288,A,B,False
q_009563,12677,10923,B,B,True
q_009564,8031,11729,A,B,False
q_009565,35,11642,B,B,True
q_009566,154,2791,A,A,True
q_009567,7438,2033,B,A,False
q_009568,5055,8436,A,A,True
q_009570,6128,12072,A,A,True
q_009571,7127,11029,B,A,False
q_009572,2068,6286,B,B,True
q_009573,4362,4051,A,B,False
q_009574,92,9038,A,A,True
q_009575,354,9525,B,B,True
q_009576,4450,8755,A,A,True
q_009577,1739,9448,A,B,False
q_009578,3047,1740,B,A,False
q_009579,3086,8698,B,B,True
q_009580,5771,5183,B,B,True
q_009581,8191,6240,B,B,True
q_009582,7541,10360,B,B,True
q_009583,213,7104,A,B,False
q_009584,466,9587,A,B,False
q_009585,3484,5474,A,B,False
q_009586,11832,9564,B,A,False
q_009587,12140,7501,A,B,False
q_009588,6380,10253,A,A,True
q_009589,4013,8832,B,B,True
q_009590,2963,11432,A,A,True
q_009591,2306,7271,B,B,True
q_009592,12697,7233,B,A,False
q_009593,2383,7084,B,A,False
q_009594,5674,3361,A,B,False
q_009595,6089,5541,B,A,False
q_009596,2144,8630,B,B,True
q_009597,5464,10707,A,A,True
q_009598,1903,7090,A,A,True
q_009599,6238,9631,A,B,False
q_009600,12124,7200,A,A,True
q_009601,5744,5551,A,A,True
q_009602,2004,9385,B,A,False
q_009603,2652,5578,B,B,True
q_009604,5495,11510,A,A,True
q_009605,586,2673,B,A,False
q_009606,4019,10601,B,B,True
q_009607,5878,9210,A,B,False
q_009608,6005,11293,A,A,True
q_009609,1689,10353,B,B,True
q_009610,12296,11369,A,A,True
q_009611,11546,9272,B,B,True
q_009612,1011,3760,A,A,True
q_009613,7940,5192,B,B,True
q_009614,7455,9275,A,A,True
q_009615,622,7557,A,A,True
q_009616,6674,5817,B,A,False
q_009617,8374,5543,A,A,True
q_009618,2606,5158,A,A,True
q_009619,7358,4594,B,B,True
q_009620,2272,7439,B,A,False
q_009621,6575,11813,A,A,True
q_009622,770,2616,B,B,True
q_009623,11893,8653,B,A,False
q_009624,10987,10370,B,A,False
q_009625,6451,10748,A,B,False
q_009626,606,4925,A,A,True
q_009627,7215,11952,A,A,True
q_009628,8383,4685,A,A,True
q_009629,5439,11679,A,A,True
q_009630,365,9414,A,A,True
q_009631,202,8257,A,B,False
q_009632,353,2814,B,B,True
q_009633,3003,11119,B,A,False
q_009634,6223,9166,B,A,False
q_009635,2034,6361,B,A,False
q_009636,12707,11106,B,A,False
q_009637,11488,6868,A,A,True
q_009638,6310,11475,A,B,False
q_009639,7018,8407,A,A,True
q_009640,7757,4550,B,A,False
q_009641,3853,9079,A,A,True
q_009642,5711,9509,A,A,True
q_009643,12679,3489,A,A,True
q_009644,11870,6013,B,A,False
q_009645,8449,8728,B,B,True
q_009646,4772,4578,B,B,True
q_009647,11542,8946,A,A,True
q_009648,11783,12462,B,B,True
q_009649,70,5226,A,A,True
q_009650,4299,3751,A,B,False
q_009651,7018,5110,A,B,False
q_009652,7343,10651,A,B,False
q_009653,2273,9054,B,B,True
q_009654,6526,12372,A,A,True
q_009655,174,5260,A,B,False
q_009656,2106,10694,A,A,True
q_009657,9997,9689,B,A,False
q_009658,9956,8810,A,B,False
q_009659,8278,11549,B,B,True
q_009660,2349,5603,A,A,True
q_009661,7543,3491,A,B,False
q_009662,1258,3914,B,A,False
q_009663,3803,8754,A,A,True
q_009664,515,6408,A,A,True
q_009665,1663,8670,B,B,True
q_009666,7722,5076,A,B,False
q_009667,9405,10470,B,B,True
q_009668,2239,7612,B,B,True
q_009669,4221,11006,B,B,True
q_009670,8594,6462,A,A,True
q_009671,6169,10502,A,B,False
q_009672,11253,12063,A,A,True
q_009673,937,6448,A,A,True
q_009674,1717,5115,A,B,False
q_009675,136,5109,B,A,False
q_009676,8230,10400,B,B,True
q_009678,5213,10446,B,B,True
q_009679,1982,11091,A,A,True
q_009680,195,5529,A,B,False
q_009681,3873,11168,B,A,False
q_009682,1370,5576,A,A,True
q_009683,5119,5400,A,A,True
q_009684,8218,9741,A,A,True
q_009685,3493,3810,A,B,False
q_009686,5980,8778,B,B,True
q_009687,8345,5452,A,A,True
q_009688,3464,11790,B,A,False
q_009689,5017,10346,A,A,True
q_009690,78,3636,A,A,True
q_009691,3830,2088,A,B,False
q_009692,7516,8523,A,B,False
q_009693,1752,3236,A,A,True
q_009694,1506,4987,A,B,False
q_009695,8335,1323,A,A,True
q_009696,5441,9839,A,A,True
q_009697,2035,1736,B,B,True
q_009698,4837,9502,B,B,True
q_009699,5170,9853,A,B,False
q_009700,441,541,A,B,False
q_009701,2563,9858,B,A,False
q_009702,4706,7860,A,B,False
q_009704,2261,941,A,B,False
q_009705,677,10236,A,A,True
q_009706,707,4058,A,B,False
q_009707,1593,7943,B,A,False
q_009708,10970,9502,B,B,True
q_009709,1102,10105,A,A,True
q_009710,1647,10169,B,B,True
q_009711,5000,12066,B,B,True
q_009712,17,6602,A,B,False
q_009713,3113,5884,B,B,True
q_009714,8734,10000,B,B,True
q_009715,8008,9707,A,A,True
q_009716,6449,7797,A,B,False
q_009717,295,303,B,B,True
q_009718,7010,9869,B,B,True
q_009719,3541,10363,B,B,True
q_009720,2884,10262,B,B,True
q_009721,6422,10219,A,A,True
q_009722,1573,8129,B,A,False
q_009723,11260,11283,B,A,False
q_009724,7961,3612,A,A,True
q_009725,1137,3449,A,A,True
q_009726,8221,11896,A,A,True
q_009727,1369,9850,A,A,True
q_009728,3287,10921,A,B,False
q_009729,8415,11089,A,B,False
q_009730,12301,11568,A,B,False
q_009731,1465,6039,A,A,True
q_009732,7624,3699,A,A,True
q_009733,3727,4985,A,B,False
q_009734,5063,3077,A,A,True
q_009735,3022,7284,A,B,False
q_009736,2605,5352,B,B,True
q_009737,745,5623,B,B,True
q_009738,11668,7752,A,B,False
q_009739,8073,8180,A,A,True
q_009740,8476,4438,A,B,False
q_009741,5507,12009,A,A,True
q_009742,6732,8946,B,A,False
q_009743,3107,8586,A,A,True
q_009744,2689,6622,B,B,True
q_009745,5902,8842,A,A,True
q_009746,3089,5521,A,B,False
q_009747,7427,12210,A,A,True
q_009748,6027,9001,A,A,True
q_009749,6598,8749,B,B,True
q_009750,3709,6869,A,A,True
q_009751,724,7044,B,A,False
q_009752,11888,10079,A,A,True
q_009753,8514,2819,B,B,True
q_009754,2927,7302,B,B,True
q_009755,759,8646,A,A,True
q_009756,4084,11903,B,A,False
q_009757,3903,4924,A,A,True
q_009758,217,11294,B,A,False
q_009759,4619,7824,B,A,False
q_009760,208,7602,B,B,True
q_009761,1903,2739,B,B,True
q_009762,11765,11352,A,B,False
q_009763,485,7584,B,B,True
q_009764,9557,9661,A,A,True
q_009765,7658,7852,A,A,True
q_009766,3887,4516,A,B,False
q_009767,3632,4323,A,B,False
q_009768,6034,8910,B,B,True
q_009769,6772,10925,B,B,True
q_009770,1622,11312,A,A,True
q_009771,3318,10742,B,A,False
q_009772,7500,10546,A,A,True
q_009773,1386,8722,B,B,True
q_009774,1375,160,B,A,False
q_009775,11381,8832,B,A,False
q_009777,1100,5004,A,A,True
q_009778,8140,3327,A,A,True
q_009779,12704,9991,A,B,False
q_009780,4101,10282,B,A,False
q_009781,1983,2859,B,B,True
q_009782,12600,11657,A,A,True
q_009783,4185,3564,B,A,False
q_009784,3730,6005,B,A,False
q_009785,4540,5618,A,A,True
q_009786,6648,8533,A,A,True
q_009787,2621,3414,A,A,True
q_009788,6897,8628,B,B,True
q_009789,956,8793,A,A,True
q_009790,1867,2548,A,B,False
q_009791,6110,9765,A,B,False
q_009792,729,4875,A,B,False
q_009793,2806,10084,B,A,False
q_009794,12544,9373,A,B,False
q_009795,12666,6434,A,B,False
q_009796,1748,7913,B,A,False
q_009797,11875,11293,A,B,False
q_009798,11334,9069,B,B,True
q_009799,5523,10068,B,B,True
q_009800,1719,9048,A,B,False
q_009801,1695,6338,A,A,True
q_009802,8038,6490,B,B,True
q_009803,135,3665,A,A,True
q_009804,1216,11313,A,A,True
q_009805,2286,6753,A,A,True
q_009806,11233,7156,A,A,True
q_009807,10934,11161,A,B,False
q_009808,1808,12382,B,B,True
q_009809,3404,9024,B,B,True
q_009810,4196,12575,A,B,False
q_009811,2528,7270,A,A,True
q_009812,2854,4324,A,B,False
q_009813,5578,11174,A,B,False
q_009814,12619,6513,B,B,True
q_009815,1546,11353,B,B,True
q_009816,3167,11601,A,B,False
q_009817,5739,8672,A,A,True
q_009818,5786,8352,A,A,True
q_009819,2753,9183,B,B,True
q_009820,3089,10153,B,B,True
q_009821,1532,5877,A,A,True
q_009822,2783,6991,A,B,False
q_009824,502,6011,A,B,False
q_009825,5602,4923,B,A,False
q_009826,777,11562,B,B,True
q_009827,11959,9763,A,B,False
q_009828,11440,11079,A,B,False
q_009829,4116,9586,A,B,False
q_009830,825,11863,A,A,True
q_009831,5486,10354,A,A,True
q_009832,710,4744,A,A,True
q_009833,3400,9515,A,B,False
q_009834,1514,10851,B,B,True
q_009835,1768,8487,A,B,False
q_009836,7451,6952,A,A,True
q_009837,17,11694,A,A,True
q_009838,1295,4114,A,B,False
q_009839,1439,5183,A,A,True
q_009840,1441,12579,B,B,True
q_009841,2092,4951,A,A,True
q_009842,8362,6839,B,B,True
q_009843,2045,8767,A,A,True
q_009844,3661,9255,A,B,False
q_009845,3504,10392,B,B,True
q_009846,4981,7270,A,B,False
q_009847,9364,11178,B,B,True
q_009848,6730,8400,B,A,False
q_009849,6028,9190,B,B,True
q_009850,2415,12436,A,A,True
q_009851,4337,12634,B,B,True
q_009852,7462,10791,A,A,True
q_009853,2746,12231,B,B,True
q_009855,3416,6162,B,A,False
q_009856,4077,11883,B,A,False
q_009857,1844,9106,A,A,True
q_009858,4602,5949,B,A,False
q_009859,1948,3642,A,A,True
q_009860,6725,9967,A,A,True
q_009861,9628,11379,A,A,True
q_009862,10403,10980,B,A,False
q_009863,1301,8003,B,B,True
q_009864,8412,3440,A,A,True
q_009865,4321,10007,B,B,True
q_009866,1469,3421,A,A,True
q_009868,432,6150,B,B,True
q_009869,7795,8018,B,B,True
q_009870,8209,7302,A,B,False
q_009871,1953,7570,B,A,False
q_009872,11598,9919,B,B,True
q_009873,4623,9992,A,A,True
q_009874,3299,11147,A,B,False
q_009875,7264,9204,B,B,True
q_009876,12490,10196,A,B,False
q_009877,8027,10813,A,A,True
q_009878,6702,8173,B,A,False
q_009879,2387,1076,A,A,True
q_009880,5523,5066,A,B,False
q_009881,10906,10914,A,B,False
q_009882,939,4854,B,B,True
q_009883,678,7497,A,B,False
q_009884,6869,3114,A,B,False
q_009885,7564,2832,A,B,False
q_009886,7994,4372,A,B,False
q_009887,12424,12501,A,B,False
q_009888,7569,11865,A,A,True
q_009889,6753,11940,B,B,True
q_009890,7045,5989,B,A,False
q_009891,10173,10746,B,B,True
q_009892,618,7876,B,A,False
q_009893,7563,11583,B,A,False
q_009894,4151,6023,B,A,False
q_009895,4856,9950,B,B,True
q_009897,2894,8331,A,A,True
q_009898,1760,8352,B,B,True
q_009899,2324,8782,B,B,True
q_009900,7372,3918,B,A,False
q_009901,2894,11102,B,B,True
q_009902,3615,4810,B,A,False
q_009903,9426,10503,A,B,False
q_009904,7858,10351,A,A,True
q_009905,3023,12464,A,B,False
q_009906,6463,11154,A,B,False
q_009907,12461,10778,B,B,True
q_009908,5329,7956,A,B,False
q_009909,2894,8035,A,A,True
q_009910,11921,10304,B,A,False
q_009911,1808,3007,B,B,True
q_009912,731,5495,B,B,True
q_009913,2095,10910,B,B,True
q_009914,6616,9163,B,B,True
q_009915,6019,3087,A,B,False
q_009916,1018,3557,A,A,True
q_009917,4586,9756,A,B,False
q_009918,191,8540,A,B,False
q_009919,2202,9081,B,B,True
q_009920,2833,5970,A,B,False
q_009921,2017,11632,A,A,True
q_009922,8913,9517,A,B,False
q_009923,2021,8689,A,A,True
q_009924,817,9033,B,B,True
q_009925,3968,6180,B,B,True
q_009926,5691,7254,B,A,False
q_009927,3096,11254,B,B,True
q_009928,2684,9270,A,A,True
q_009929,2994,7607,A,B,False
q_009930,1054,4355,A,A,True
q_009931,117,9316,B,B,True
q_009932,149,4647,B,B,True
q_009933,4898,4707,B,B,True
q_009934,252,8563,A,B,False
q_009935,5001,4043,A,B,False
q_009936,7382,7279,B,B,True
q_009937,395,160,A,B,False
q_009938,2351,7851,A,B,False
q_009939,7894,6834,B,B,True
q_009940,12169,7285,B,A,False
q_009941,7963,9667,B,A,False
q_009942,5306,10282,A,A,True
q_009943,900,12310,A,A,True
q_009944,2145,3499,B,A,False
q_009945,4028,11336,A,A,True
q_009946,5126,8744,B,B,True
q_009948,31,11672,A,A,True
q_009949,7398,12459,B,B,True
q_009950,5211,8160,A,B,False
q_009951,1899,5235,B,B,True
q_009952,760,12605,A,A,True
q_009953,522,5910,B,B,True
q_009954,4252,6516,B,B,True
q_009955,2646,9516,A,A,True
q_009956,677,9758,B,A,False
q_009957,11510,10316,A,A,True
q_009958,3837,8616,A,A,True
q_009959,11613,12069,B,B,True
q_009960,1361,10638,B,A,False
q_009961,11571,10482,B,B,True
q_009962,2890,9759,B,B,True
q_009963,2603,2845,B,B,True
q_009964,3077,8262,A,A,True
q_009965,1957,3948,B,B,True
q_009966,8441,10162,A,A,True
q_009967,2041,750,A,B,False
q_009968,3112,5444,A,A,True
q_009969,7395,3903,B,B,True
q_009970,2537,6847,A,A,True
q_009971,6191,4228,A,B,False
q_009972,7657,2834,B,B,True
q_009973,1389,8045,A,A,True
q_009974,7038,12558,A,A,True
q_009975,2410,5906,B,A,False
q_009976,2572,7560,B,B,True
q_009977,7208,11682,A,A,True
q_009978,3193,4688,B,B,True
q_009979,1310,9186,B,A,False
q_009980,4781,5769,A,B,False
q_009981,87,5263,B,B,True
q_009982,4353,10209,B,A,False
q_009983,4045,10863,A,A,True
q_009984,3397,8888,B,B,True
q_009985,8459,8942,A,A,True
q_009986,388,6224,B,B,True
q_009987,4515,8694,A,A,True
q_009988,8406,10182,B,B,True
q_009989,7567,3436,A,A,True
q_009990,11618,4043,B,A,False
q_009991,251,2840,A,B,False
q_009992,2284,11649,A,A,True
q_009993,2140,12017,B,B,True
q_009994,12192,10870,B,B,True
q_009995,5987,9597,B,B,True
q_009996,12665,7674,A,B,False
q_009997,2555,4487,B,A,False
q_009998,7185,6216,B,A,False
q_009999,7187,7818,A,B,False
q_010000,1140,4303,B,B,True
q_010001,7560,2772,A,B,False
q_010002,1134,6611,A,B,False
q_010003,1601,8424,A,A,True
q_010004,2160,3321,B,B,True
q_010005,2435,9744,A,A,True
q_010006,1043,8118,A,B,False
q_010007,2117,12157,A,B,False
q_010008,11926,10198,A,B,False
q_010009,558,6455,B,B,True
q_010010,8307,4684,B,B,True
q_010011,2432,5586,B,B,True
q_010012,8308,12059,A,A,True
q_010013,9835,10134,B,B,True
q_010014,8732,9555,B,B,True
q_010015,8269,5979,A,B,False
q_010016,348,10684,A,A,True
q_010017,8112,8919,B,A,False
q_010018,6195,10339,B,B,True
q_010019,5119,3780,A,A,True
q_010020,2577,4003,A,B,False
q_010021,736,2985,B,B,True
q_010022,7778,11075,B,B,True
q_010023,2096,6757,A,A,True
q_010024,981,10332,B,B,True
q_010025,2597,12364,B,B,True
q_010026,585,12294,A,A,True
q_010027,7924,9228,B,B,True
q_010028,848,9593,A,B,False
q_010029,2503,10560,B,B,True
q_010030,816,6444,B,B,True
q_010031,273,3700,A,A,True
q_010032,9814,10887,A,B,False
q_010033,6436,9726,B,B,True
q_010034,11752,9970,A,A,True
q_010035,6162,6184,A,A,True
q_010036,6228,11854,A,A,True
q_010037,7635,8454,A,A,True
q_010038,12185,6683,B,B,True
q_010039,5558,4551,A,A,True
q_010040,7570,3723,A,B,False
q_010041,7889,11683,A,A,True
q_010042,4731,9397,A,B,False
q_010043,452,10672,B,B,True
q_010044,5234,6798,B,A,False
q_010045,580,11170,B,A,False
q_010046,5040,5944,A,A,True
q_010047,7999,10150,B,B,True
q_010048,4107,8777,B,B,True
q_010049,1582,8069,A,A,True
q_010050,4145,9109,B,A,False
q_010051,7741,177,A,A,True
q_010052,157,10022,A,A,True
q_010053,11593,5526,A,B,False
q_010054,415,5454,A,B,False
q_010055,3374,4092,A,A,True
q_010056,1676,9282,A,A,True
q_010057,7523,7401,A,A,True
q_010058,6562,6636,B,B,True
q_010059,324,10659,A,B,False
q_010060,1399,12543,A,A,True
q_010061,94,9478,B,B,True
q_010062,5930,10803,B,B,True
q_010063,593,10821,B,B,True
q_010064,863,11720,A,B,False
q_010065,590,7127,B,B,True
q_010066,2763,9929,B,B,True
q_010067,6668,6884,A,A,True
q_010068,3925,4978,B,A,False
q_010069,4448,7815,A,A,True
q_010070,3004,5760,A,B,False
q_010071,2518,9575,B,B,True
q_010072,2081,4670,B,B,True
q_010073,12249,11381,A,A,True
q_010074,793,9748,A,A,True
q_010075,2415,1870,A,B,False
q_010076,8592,7137,A,A,True
q_010077,1845,11238,B,B,True
q_010078,12092,9881,B,A,False
q_010079,9695,9336,A,A,True
q_010080,1637,5462,A,A,True
q_010081,5774,3059,A,A,True
q_010082,12707,2777,A,B,False
q_010083,1915,10104,B,A,False
q_010084,2228,8031,A,A,True
q_010085,1793,4018,A,A,True
q_010086,7493,7058,B,B,True
q_010087,506,5057,B,A,False
q_010088,5347,3199,A,B,False
q_010089,3123,8868,B,B,True
q_010090,1919,5180,A,A,True
q_010091,12639,12693,B,B,True
q_010092,7612,11935,A,A,True
q_010093,1205,2918,A,A,True
q_010094,10292,11225,A,A,True
q_010095,10982,10554,B,A,False
q_010096,1349,12285,A,A,True
q_010097,2022,4896,B,B,True
q_010098,8132,12054,B,B,True
q_010099,213,12456,B,B,True
q_010100,745,10250,B,B,True
q_010101,2865,6480,B,B,True
q_010102,12111,11347,B,A,False
q_010103,3543,5358,B,B,True
q_010104,6212,9820,B,A,False
q_010105,7097,8811,A,A,True
q_010106,1856,9802,B,B,True
q_010107,1528,3657,B,B,True
q_010108,7930,6852,A,A,True
q_010109,6121,10379,A,A,True
q_010110,6969,3015,A,A,True
q_010111,2548,3490,A,A,True
q_010112,715,7080,A,A,True
q_010113,6979,10522,A,A,True
q_010114,5248,8937,A,A,True
q_010115,11758,6983,B,A,False
q_010116,8478,12444,B,B,True
q_010117,7658,5125,B,A,False
q_010118,6458,8982,A,B,False
q_010119,705,5704,A,B,False
q_010120,7097,9615,A,B,False
q_010121,2142,12487,B,B,True
q_010122,9209,10011,B,B,True
q_010123,2048,1806,A,B,False
q_010124,910,11520,A,B,False
q_010125,3837,10274,B,A,False
q_010127,1841,7208,A,A,True
q_010128,2677,3113,A,B,False
q_010129,11714,11190,B,B,True
q_010130,5698,3604,A,A,True
q_010131,3715,6518,B,B,True
q_010132,4654,12470,B,A,False
q_010133,3763,7924,A,B,False
q_010134,529,3588,B,B,True
q_010135,4139,4542,B,B,True
q_010136,8567,4916,B,B,True
q_010137,211,3510,B,B,True
q_010138,3064,4611,A,A,True
q_010139,2159,6393,B,A,False
q_010140,8236,4791,A,A,True
q_010141,3739,12638,B,B,True
q_010142,5248,10010,B,B,True
q_010143,3163,4366,A,A,True
q_010144,6520,2906,A,B,False
q_010145,253,5753,A,B,False
q_010146,11974,5247,B,A,False
q_010147,3539,6426,A,B,False
q_010148,6375,7593,B,B,True
q_010149,5189,12507,B,B,True
q_010150,7797,8674,B,B,True
q_010151,2837,6960,B,B,True
q_010152,5063,11929,B,B,True
q_010153,871,6200,B,B,True
q_010154,6033,12003,B,B,True
q_010155,1900,10043,A,A,True
q_010156,1345,9058,A,B,False
q_010157,4447,10489,B,B,True
q_010158,641,11616,B,A,False
q_010159,2708,9114,B,B,True
q_010160,10,10695,B,B,True
q_010161,2217,10145,A,A,True
q_010162,5264,4505,A,A,True
q_010163,7387,4593,A,A,True
q_010164,7760,5519,A,B,False
q_010165,5295,5376,A,B,False
q_010166,4572,8097,A,B,False
q_010167,656,11897,A,A,True
q_010168,4219,10892,B,B,True
q_010169,11855,11332,B,A,False
q_010170,1027,6764,A,A,True
q_010171,5256,4767,A,B,False
q_010172,6580,11678,B,B,True
q_010173,6202,9961,B,A,False
q_010174,12538,1623,B,A,False
q_010175,5290,3640,A,A,True
q_010176,9516,10743,A,B,False
q_010177,6549,11910,A,A,True
q_010178,7116,10550,A,B,False
q_010179,3690,8665,A,A,True
q_010180,2471,10387,B,B,True
q_010181,1178,5238,A,A,True
q_010182,222,5596,B,B,True
q_010183,11687,9642,B,B,True
q_010184,1616,10615,B,B,True
q_010185,4366,9134,B,B,True
q_010186,5730,12442,B,A,False
q_010187,1230,4630,B,B,True
q_010188,1487,1692,A,B,False
q_010189,12641,11041,B,B,True
q_010190,287,1379,A,A,True
q_010191,7059,9450,A,A,True
q_010192,189,10130,B,B,True
q_010193,3978,8760,B,B,True
q_010194,3706,11446,B,B,True
q_010195,8176,6625,B,A,False
q_010196,7703,6436,A,A,True
q_010197,10929,10520,A,B,False
q_010198,7527,12379,A,A,True
q_010199,12302,10950,A,B,False
q_010200,3048,2940,A,B,False
q_010201,3571,7157,B,B,True
q_010202,3063,10404,B,B,True
q_010203,3742,8267,B,A,False
q_010204,425,8580,A,B,False
q_010205,289,10930,B,B,True
q_010206,11147,9807,B,B,True
q_010207,7807,12556,B,B,True
q_010208,12179,9442,A,A,True
q_010209,899,10488,A,A,True
q_010210,2780,9500,A,A,True
q_010211,5725,6399,A,B,False
q_010212,9346,10910,B,A,False
q_010213,2093,11101,A,A,True
q_010214,7411,10450,B,B,True
q_010215,40,3660,A,A,True
q_010216,7313,10988,A,A,True
q_010217,5556,6480,A,A,True
q_010218,5829,8723,A,B,False
q_010219,7424,10631,B,B,True
q_010220,4434,11583,B,A,False
q_010221,2182,6690,A,A,True
q_010222,2638,5373,B,B,True
q_010223,7779,9311,B,A,False
q_010224,8044,9535,B,A,False
q_010225,833,9573,B,A,False
q_010226,6768,4319,A,A,True
q_010227,11893,9980,B,B,True
q_010228,1057,11233,A,A,True
q_010229,1483,3598,B,B,True
q_010230,314,6639,A,B,False
q_010231,11770,10473,A,A,True
q_010232,7418,2289,A,A,True
q_010233,7643,5330,B,B,True
q_010234,2341,10329,A,A,True
q_010235,546,9742,A,A,True
q_010236,8769,12057,B,B,True
q_010237,12248,684,A,B,False
q_010238,7635,5173,A,A,True
q_010239,6431,9918,A,A,True
q_010240,8605,8846,B,B,True
q_010241,7912,4419,A,A,True
q_010242,6643,7115,B,B,True
q_010243,3431,3898,A,B,False
q_010245,7484,5485,A,A,True
q_010246,3299,8209,A,B,False
q_010247,7043,12545,A,A,True
q_010248,3001,10128,B,B,True
q_010249,3686,7021,A,B,False
q_010250,2111,7409,B,A,False
q_010251,532,12049,A,A,True
q_010252,8191,9930,A,A,True
q_010253,5584,4197,A,B,False
q_010254,1572,12312,B,B,True
q_010255,2717,8947,A,A,True
q_010256,6053,9920,A,A,True
q_010257,11647,4851,B,A,False
q_010258,6451,7232,A,B,False
q_010259,1081,12409,A,B,False
q_010260,2288,2186,A,B,False
q_010261,3807,11895,A,A,True
q_010262,2625,11817,A,A,True
q_010263,2226,2083,A,A,True
q_010264,8379,10926,B,B,True
q_010265,2789,12004,B,B,True
q_010266,4207,10394,A,A,True
q_010267,1313,6070,A,A,True
q_010268,4574,10659,A,B,False
q_010269,3392,11111,A,B,False
q_010270,139,12361,B,B,True
q_010271,6353,11701,A,A,True
q_010272,3400,6673,B,A,False
q_010273,704,8368,B,A,False
q_010274,938,2976,B,A,False
q_010275,506,2408,B,B,True
q_010276,10885,11191,B,A,False
q_010277,7524,2889,A,B,False
q_010278,4328,12690,B,B,True
q_010279,2292,10708,A,B,False
q_010280,11318,9063,B,A,False
q_010281,7897,11111,B,B,True
q_010282,488,11742,A,B,False
q_010283,633,7153,A,B,False
q_010284,1328,7127,A,A,True
q_010285,4052,6731,A,A,True
q_010286,1470,9465,B,B,True
q_010287,807,11809,B,B,True
q_010288,3291,10310,B,A,False
q_010289,4207,8831,B,B,True
q_010290,4095,10724,A,A,True
q_010291,11890,10609,A,A,True
q_010292,988,1812,A,A,True
q_010293,11383,10560,B,A,False
q_010294,557,9848,A,A,True
q_010296,7415,3780,B,B,True
q_010297,3010,11363,B,A,False
q_010298,9130,9782,B,A,False
q_010299,1538,3517,A,A,True
q_010300,641,10280,B,A,False
q_010301,8367,11100,A,A,True
q_010302,1853,8459,A,A,True
q_010303,1031,1118,A,A,True
q_010304,7581,12482,A,A,True
q_010305,7991,6022,A,B,False
q_010306,8270,4740,B,B,True
q_010307,2761,4667,A,A,True
q_010308,1292,5961,B,A,False
q_010309,798,12653,B,B,True
q_010310,46,4502,A,A,True
q_010311,47,6465,B,B,True
q_010312,5337,4026,B,A,False
q_010313,4126,6973,B,A,False
q_010314,50,6694,B,B,True
q_010315,7491,11662,A,A,True
q_010316,5807,3919,A,B,False
q_010317,5784,12321,A,A,True
q_010318,1960,993,A,B,False
q_010319,3834,7416,A,B,False
q_010320,8638,12429,A,B,False
q_010321,12595,10116,B,B,True
q_010323,8066,11937,A,A,True
q_010324,1878,6370,B,B,True
q_010325,1597,5431,A,A,True
q_010326,679,11027,B,A,False
q_010327,729,5275,B,B,True
q_010328,7782,9737,A,B,False
q_010329,8245,9120,A,A,True
q_010330,3913,11375,B,B,True
q_010331,9320,8898,A,A,True
q_010332,6370,7571,A,A,True
q_010333,1483,4656,B,B,True
q_010334,3785,9722,A,A,True
q_010335,2923,9483,A,A,True
q_010336,1355,3168,A,B,False
q_010337,1578,9303,A,A,True
q_010338,7472,11203,B,B,True
q_010339,1902,4216,B,B,True
q_010340,8146,6978,B,B,True
q_010341,9103,8779,A,A,True
q_010342,6339,10652,A,A,True
q_010343,7951,9123,A,A,True
q_010344,6410,8995,B,B,True
q_010345,4489,10638,B,B,True
q_010346,2839,11987,B,B,True
q_010347,596,3280,B,B,True
q_010349,2216,4740,B,B,True
q_010350,11324,9100,B,B,True
q_010351,617,4564,A,A,True
q_010352,6676,3135,A,B,False
q_010353,2441,7713,A,B,False
q_010354,6070,7668,A,B,False
q_010355,54,9452,B,A,False
q_010356,216,11742,A,B,False
q_010357,6406,10949,A,A,True
q_010358,11707,12347,B,B,True
q_010360,5666,9648,A,B,False
q_010361,8360,9232,B,B,True
q_010362,5240,7011,A,B,False
q_010363,3992,4891,A,A,True
q_010364,676,7479,B,A,False
q_010365,40,10656,A,B,False
q_010366,3106,10675,B,B,True
q_010367,962,8563,A,A,True
q_010368,7397,4339,A,A,True
q_010369,690,7003,A,B,False
q_010370,2191,1581,A,B,False
q_010371,6971,11005,A,A,True
q_010372,4187,10314,A,A,True
q_010373,287,4148,B,B,True
q_010374,9222,9261,B,B,True
q_010376,5735,5779,B,B,True
q_010377,1359,11371,A,A,True
q_010378,3778,3986,B,A,False
q_010379,1733,7274,A,B,False
q_010380,4481,9465,B,B,True
q_010381,7731,8187,B,B,True
q_010382,2575,2642,A,B,False
q_010383,6535,8661,A,B,False
q_010384,12682,9446,B,B,True
q_010385,1555,3360,B,B,True
q_010386,2102,11180,B,B,True
q_010387,3866,8576,A,B,False
q_010388,7803,1512,A,A,True
q_010389,1995,11186,A,B,False
q_010390,1392,3406,A,A,True
q_010391,12379,11026,B,A,False
q_010392,7494,8533,B,A,False
q_010393,5630,7236,B,B,True
q_010394,6489,3410,A,B,False
q_010395,3111,4377,B,B,True
q_010396,11806,9511,B,B,True
q_010397,4999,9572,A,B,False
q_010398,2651,145,B,B,True
q_010399,6898,11520,A,B,False
q_010400,592,12617,B,B,True
q_010401,3269,11268,B,B,True
q_010402,3380,8811,B,B,True
q_010403,878,2187,A,A,True
q_010404,2800,10598,A,B,False
q_010405,2163,8312,A,B,False
q_010406,3781,6935,A,A,True
q_010407,1944,5834,B,B,True
q_010408,3814,4710,A,B,False
q_010409,2162,2679,B,A,False
q_010410,8145,8301,A,A,True
q_010411,250,10981,A,A,True
q_010412,3241,12497,A,A,True
q_010413,662,11374,A,A,True
q_010414,4242,5185,B,B,True
q_010415,1051,11815,B,B,True
q_010416,1971,4096,B,B,True
q_010417,927,11104,B,B,True
q_010418,9452,10273,A,A,True
q_010419,930,9257,B,B,True
q_010420,5067,11430,B,B,True
q_010421,5733,9856,A,A,True
q_010422,11046,9025,A,A,True
q_010423,3114,10061,A,A,True
q_010424,1793,7087,B,B,True
q_010425,12233,6445,B,A,False
q_010426,12284,9684,B,A,False
q_010427,11575,12032,A,A,True
q_010428,6812,4064,A,A,True
q_010429,2546,5143,A,B,False
q_010430,5197,7335,A,A,True
q_010431,5702,6416,A,B,False
q_010432,3083,8604,B,B,True
q_010433,4047,4767,B,B,True
q_010434,577,7736,A,A,True
q_010435,481,10450,B,B,True
q_010436,4268,12059,B,B,True
q_010437,1051,3721,B,B,True
q_010438,4046,894,B,B,True
q_010439,1559,5511,B,A,False
q_010440,6298,9662,A,B,False
q_010441,1301,9828,A,B,False
q_010442,4382,4362,B,B,True
q_010443,3968,7126,B,B,True
q_010444,5148,11103,A,A,True
q_010445,1255,3055,A,A,True
q_010446,5523,5547,B,B,True
q_010447,1308,3336,A,A,True
q_010448,766,5446,B,B,True
q_010449,6105,9067,A,A,True
q_010450,10156,10002,A,A,True
q_010451,5620,3644,A,A,True
q_010452,5093,11886,A,A,True
q_010453,1749,5117,A,B,False
q_010454,281,676,A,A,True
q_010455,56,6933,B,B,True
q_010456,4532,5825,A,B,False
q_010457,2452,11954,A,A,True
q_010458,1164,4724,B,B,True
q_010459,2997,10093,A,A,True
q_010460,12389,4963,A,A,True
q_010461,2354,10168,B,B,True
q_010462,235,4430,B,A,False
q_010463,11631,11220,A,A,True
q_010464,2608,3256,A,A,True
q_010465,5158,10734,A,B,False
q_010466,4162,8456,B,A,False
q_010467,5147,9469,A,A,True
q_010468,9562,9666,A,B,False
q_010469,6568,9053,B,B,True
q_010470,7648,7549,B,B,True
q_010471,887,7966,B,B,True
q_010472,9244,8883,A,A,True
q_010473,2340,9041,B,A,False
q_010474,1318,5028,A,B,False
q_010475,1368,6586,A,B,False
q_010476,6467,8948,A,B,False
q_010477,5560,3936,B,B,True
q_010478,841,8098,A,B,False
q_010479,126,7177,B,B,True
q_010480,2650,3476,B,A,False
q_010481,1763,2936,B,A,False
q_010482,2693,12363,A,A,True
q_010483,7697,3726,B,B,True
q_010484,5351,1392,A,B,False
q_010485,1427,3887,B,B,True
q_010486,1067,11466,B,A,False
q_010487,3320,8328,A,A,True
q_010488,12539,11874,A,A,True
q_010489,5855,10415,B,A,False
q_010490,9628,10950,B,B,True
q_010491,4042,8298,A,A,True
q_010492,559,8945,B,B,True
q_010493,1042,6472,A,A,True
q_010494,2177,5298,A,A,True
q_010495,1775,2560,A,A,True
q_010496,2334,6988,A,B,False
q_010497,4547,1308,A,A,True
q_010498,555,8873,B,B,True
q_010499,10336,10443,B,B,True
q_010500,1176,9086,B,B,True
q_010501,8060,6090,A,A,True
q_010502,2230,8325,A,B,False
q_010503,790,11027,A,A,True
q_010504,81,4947,B,B,True
q_010505,12636,3279,B,A,False
q_010506,498,9235,B,A,False
q_010508,2500,5650,B,B,True
q_010509,9552,8829,A,B,False
q_010510,7460,10268,B,B,True
q_010511,5928,11128,B,B,True
q_010512,764,12668,B,B,True
q_010513,7651,6270,A,A,True
q_010514,4474,6092,B,B,True
q_010515,4136,5374,A,A,True
q_010516,11473,10488,B,B,True
q_010517,4351,5421,A,A,True
q_010518,3095,6604,B,A,False
q_010519,2465,8593,A,A,True
q_010520,7857,12580,A,A,True
q_010521,7889,8270,B,B,True
q_010522,4195,6404,A,A,True
q_010523,7435,4046,B,B,True
q_010524,3273,5097,A,B,False
q_010525,1507,1968,A,B,False
q_010526,2359,11114,B,A,False
q_010527,7348,11253,B,B,True
q_010528,5160,10608,A,B,False
q_010529,4682,9395,B,B,True
q_010530,3258,10219,A,A,True
q_010531,632,7098,A,A,True
q_010532,1330,9295,A,A,True
q_010533,46,4166,B,B,True
q_010534,2903,11336,A,A,True
q_010535,3587,11052,B,B,True
q_010536,1629,936,B,B,True
q_010537,11651,9893,A,B,False
q_010538,1783,4665,A,A,True
q_010539,6231,9435,A,B,False
q_010540,2653,6022,A,A,True
q_010541,132,12152,B,A,False
q_010542,1740,8352,A,B,False
q_010543,5976,11121,A,B,False
q_010544,7571,6095,A,B,False
q_010545,5557,10485,A,A,True
q_010546,12192,10827,A,A,True
q_010547,8288,10923,B,B,True
q_010548,5230,9300,A,B,False
q_010549,1588,4852,A,A,True
q_010550,5916,12514,A,A,True
q_010551,7896,9612,A,A,True
q_010552,7431,11655,B,B,True
q_010553,7336,12032,B,A,False
q_010554,11804,6045,A,A,True
q_010555,4724,9145,B,A,False
q_010556,12000,9435,B,A,False
q_010557,2259,4286,A,B,False
q_010558,7245,7203,B,B,True
q_010559,359,9293,A,A,True
q_010560,2104,9669,B,B,True
q_010561,730,12168,B,B,True
q_010562,5309,4154,A,A,True
q_010563,11836,3845,A,A,True
q_010564,906,12319,B,B,True
q_010565,12531,12395,A,B,False
q_010566,2286,11041,B,B,True
q_010567,71,4808,A,B,False
q_010568,196,12047,B,B,True
q_010569,2538,11444,A,A,True
q_010570,7437,9951,B,B,True
q_010571,1427,2210,A,A,True
q_010572,2266,12120,A,B,False
q_010573,7132,9974,B,B,True
q_010574,8072,7719,A,A,True
q_010575,7049,8617,A,A,True
q_010576,2562,10884,A,A,True
q_010577,3902,4563,A,A,True
q_010578,1635,6395,B,B,True
q_010579,7732,6721,B,B,True
q_010580,12545,9401,A,B,False
q_010581,4219,7974,A,A,True
q_010583,2464,5697,B,B,True
q_010584,12634,10961,B,A,False
q_010585,1120,5002,B,A,False
q_010586,2590,8490,A,B,False
q_010587,9147,11970,B,B,True
q_010588,131,9687,A,B,False
q_010589,2625,12563,B,B,True
q_010590,7415,11999,B,B,True
q_010591,243,3582,B,B,True
q_010592,5453,12597,A,A,True
q_010593,4192,8191,A,A,True
q_010594,3067,5065,A,B,False
q_010595,4030,3279,A,A,True
q_010596,3502,3332,B,B,True
q_010597,10592,9666,A,B,False
q_010598,328,1176,A,B,False
q_010599,1646,9402,A,A,True
q_010600,3361,7039,A,B,False
q_010601,934,10501,A,A,True
q_010602,7794,4998,B,A,False
q_010603,442,9570,A,B,False
q_010604,6611,9224,A,A,True
q_010605,7972,6715,A,A,True
q_010606,5815,4262,A,B,False
q_010607,2082,1127,A,A,True
q_010608,155,11169,A,B,False
q_010609,4569,10904,A,A,True
q_010610,11579,8034,A,A,True
q_010611,478,12248,A,B,False
q_010612,12691,4029,A,B,False
q_010614,3742,12193,B,A,False
q_010615,12225,5715,A,B,False
q_010616,2337,10990,A,A,True
q_010617,8230,12168,A,B,False
q_010618,3580,11786,A,B,False
q_010619,132,4825,A,B,False
q_010620,5406,8975,A,A,True
q_010621,12641,10176,A,A,True
q_010622,2519,3188,B,B,True
q_010623,12362,9344,B,A,False
q_010624,2480,4408,B,B,True
q_010625,3623,11496,A,B,False
q_010626,8110,11545,A,B,False
q_010627,47,8815,A,B,False
q_010628,6442,4383,A,B,False
q_010629,1704,4860,A,A,True
q_010630,5033,11314,B,B,True
q_010631,6866,4069,A,B,False
q_010632,508,9156,B,B,True
q_010633,1000,1483,B,B,True
q_010634,2700,11663,B,B,True
q_010635,455,12519,B,B,True
q_010636,5170,4889,A,B,False
q_010637,9731,9706,A,A,True
q_010638,12298,4169,A,B,False
q_010639,6287,12265,B,B,True
q_010640,1099,248,A,B,False
q_010641,2956,10094,A,A,True
q_010642,8059,9080,B,B,True
q_010643,11776,10821,B,B,True
q_010644,12437,10976,A,A,True
q_010645,4457,9152,A,A,True
q_010646,522,1323,A,A,True
q_010647,4400,9435,A,A,True
q_010648,1846,3456,B,B,True
q_010649,6776,10274,B,B,True
q_010650,1860,6950,B,B,True
q_010651,2336,11713,B,B,True
q_010652,7653,10721,B,B,True
q_010653,12565,3215,A,A,True
q_010654,6436,11705,A,B,False
q_010655,9780,10325,A,A,True
q_010656,758,5562,A,A,True
q_010657,1862,3445,A,A,True
q_010658,1616,4368,A,A,True
q_010659,7421,3607,B,B,True
q_010660,4777,9731,A,B,False
q_010661,3328,5481,A,B,False
q_010662,4098,9435,B,A,False
q_010663,3593,6922,A,B,False
q_010664,2791,3135,A,B,False
q_010665,5680,4418,B,A,False
q_010666,2043,10675,A,A,True
q_010667,7144,5142,A,B,False
q_010668,341,4546,B,B,True
q_010669,3558,4171,A,B,False
q_010670,10538,9855,A,B,False
q_010671,2289,4214,B,A,False
q_010672,11711,8832,A,A,True
q_010673,3759,9152,A,A,True
q_010674,8007,8461,A,B,False
q_010675,3422,6036,B,A,False
q_010676,7946,10539,B,B,True
q_010677,3005,10131,A,A,True
q_010678,1893,3521,A,A,True
q_010679,4475,11117,B,B,True
q_010680,4316,7221,A,B,False
q_010681,3311,8857,B,B,True
q_010682,538,4767,B,B,True
q_010683,7806,11255,B,B,True
q_010684,2910,11038,A,A,True
q_010685,2410,9005,A,B,False
q_010686,7401,7413,A,B,False
q_010687,1268,10788,B,B,True
q_010688,15,3788,A,A,True
q_010689,4788,11049,A,A,True
q_010690,3512,882,A,A,True
q_010691,1531,8874,A,A,True
q_010692,8336,9192,B,B,True
q_010693,6110,9547,B,B,True
q_010694,5782,9514,B,B,True
q_010695,1619,5570,A,A,True
q_010696,8465,1851,A,B,False
q_010697,10909,9699,B,A,False
q_010698,16,2589,A,A,True
q_010699,6139,6054,B,B,True
q_010700,11603,3436,A,A,True
q_010701,8154,5271,B,B,True
q_010702,6976,9570,B,B,True
q_010703,6738,4890,A,A,True
q_010704,6792,8358,A,A,True
q_010705,7961,2884,A,B,False
q_010706,1666,8271,A,A,True
q_010707,11503,9903,B,B,True
q_010708,7798,11491,B,A,False
q_010709,8308,3756,B,B,True
q_010710,12694,11795,A,B,False
q_010711,7978,11488,B,A,False
q_010712,7432,7569,B,B,True
q_010713,4164,10068,B,A,False
q_010714,6704,5294,A,A,True
q_010715,3023,8280,A,B,False
q_010716,4622,7912,A,B,False
q_010717,3650,11601,B,A,False
q_010719,6419,5279,A,A,True
q_010720,8191,12021,A,A,True
q_010721,2510,396,B,B,True
q_010722,521,982,A,B,False
q_010723,5124,10777,A,A,True
q_010724,1807,2605,A,A,True
q_010725,12169,10112,A,A,True
q_010726,1471,11438,A,A,True
q_010727,6793,6117,B,B,True
q_010728,9814,11238,B,B,True
q_010729,1409,5429,A,A,True
q_010730,579,12095,A,A,True
q_010731,3013,7034,A,B,False
q_010732,5436,11469,A,A,True
q_010733,206,4942,B,B,True
q_010734,261,9962,A,A,True
q_010735,556,11759,A,A,True
q_010736,7657,10523,B,B,True
q_010737,297,8912,A,A,True
q_010738,3501,4011,B,B,True
q_010739,3968,7574,B,B,True
q_010740,1847,5979,A,A,True
q_010741,2719,6227,B,B,True
q_010742,12669,5615,B,B,True
q_010743,12122,10460,B,B,True
q_010744,383,9516,B,B,True
q_010745,7520,11042,A,A,True
q_010746,6310,7590,A,B,False
q_010747,867,10006,B,B,True
q_010748,8262,5352,B,B,True
q_010749,7846,6620,A,A,True
q_010750,9279,8663,A,B,False
q_010752,3248,11763,A,B,False
q_010753,1341,9351,A,A,True
q_010754,9169,10088,A,A,True
q_010755,2055,9017,B,B,True
q_010756,2749,9361,B,B,True
q_010757,186,7451,B,A,False
q_010758,6197,10534,B,B,True
q_010759,2564,12209,B,A,False
q_010760,2784,11438,B,B,True
q_010761,2933,10264,B,B,True
q_010762,6179,8853,B,B,True
q_010763,11464,10977,B,B,True
q_010764,11820,9954,B,B,True
q_010765,4207,12113,A,A,True
q_010766,2401,10202,B,A,False
q_010767,3455,10606,A,B,False
q_010768,1909,3024,A,A,True
q_010769,405,705,A,B,False
q_010770,597,9899,B,B,True
q_010771,1847,8409,B,B,True
q_010772,1093,9414,B,B,True
q_010773,2517,4949,A,A,True
q_010774,2424,8715,A,A,True
q_010775,1142,5120,A,B,False
q_010776,7651,5788,A,A,True
q_010777,3672,9467,B,B,True
q_010778,11819,12405,A,A,True
q_010779,2703,4057,B,A,False
q_010780,6930,7139,A,A,True
q_010781,5565,6138,A,A,True
q_010782,4420,4926,A,A,True
q_010783,8130,10493,B,B,True
q_010784,12432,7178,A,A,True
q_010785,74,10584,A,A,True
q_010786,360,5892,A,A,True
q_010787,1514,2819,B,A,False
q_010788,7361,5511,A,B,False
q_010789,7841,7290,B,B,True
q_010790,5231,11466,A,B,False
q_010791,3927,8575,A,B,False
q_010792,55,3966,A,A,True
q_010793,6215,3810,A,B,False
q_010794,4138,10740,B,A,False
q_010795,4752,11094,A,A,True
q_010796,10189,8740,B,A,False
q_010797,1220,6066,B,B,True
q_010798,518,1348,A,A,True
q_010799,2710,6566,A,A,True
q_010800,10760,8664,B,B,True
q_010801,3287,4327,A,B,False
q_010802,2556,9702,B,B,True
q_010803,459,7939,B,A,False
q_010804,4882,6239,B,B,True
q_010805,12076,9353,A,B,False
q_010806,3115,1862,A,A,True
q_010807,387,1539,A,A,True
q_010808,7023,3660,A,A,True
q_010809,801,4987,B,B,True
q_010810,7780,9267,A,A,True
q_010811,6431,2436,A,A,True
q_010812,3129,4506,A,A,True
q_010813,2029,7468,B,A,False
q_010814,2076,4133,A,A,True
q_010815,8266,9604,A,B,False
q_010817,6384,11833,B,B,True
q_010818,9267,10395,B,B,True
q_010819,12309,11408,A,B,False
q_010820,3400,9353,A,B,False
q_010821,863,1393,A,B,False
q_010822,12147,9844,B,A,False
q_010823,7202,8733,B,B,True
q_010824,73,4208,B,A,False
q_010825,7543,7885,B,A,False
q_010826,2398,3106,B,A,False
q_010827,6790,8903,A,A,True
q_010828,8361,9242,A,A,True
q_010829,352,3803,A,A,True
q_010830,5569,5953,A,B,False
q_010831,706,4244,B,A,False
q_010832,1433,397,A,A,True
q_010833,1618,2685,B,B,True
q_010834,12198,9927,A,A,True
q_010835,5794,5250,A,A,True
q_010836,598,1877,B,A,False
q_010837,563,9493,A,A,True
q_010838,6910,4490,A,B,False
q_010839,1799,12488,B,B,True
q_010840,4890,7146,B,B,True
q_010841,3161,12701,A,A,True
q_010842,8081,6219,A,A,True
q_010843,12041,9707,B,A,False
q_010844,4010,9980,B,B,True
q_010845,357,9472,A,A,True
q_010846,299,77,A,A,True
q_010847,5173,11721,B,A,False
q_010848,11848,11295,A,B,False
q_010849,1685,948,A,A,True
q_010850,11806,8209,B,A,False
q_010851,1190,11737,A,A,True
q_010852,6124,12080,A,A,True
q_010853,2300,3765,B,B,True
q_010854,262,10386,B,B,True
q_010855,8213,4438,A,B,False
q_010856,11789,7381,A,B,False
q_010857,1864,9179,B,B,True
q_010858,7637,4014,A,A,True
q_010859,311,6257,A,A,True
q_010861,144,9271,A,A,True
q_010862,2147,5628,B,A,False
q_010863,10940,10306,A,B,False
q_010864,2278,8361,B,A,False
q_010865,8438,4026,B,A,False
q_010866,5425,4203,B,A,False
q_010867,12662,4669,B,A,False
q_010868,3565,9297,B,B,True
q_010869,3382,12055,B,B,True
q_010870,1167,10628,A,A,True
q_010871,5946,6438,A,A,True
q_010872,6293,10546,B,B,True
q_010873,4495,6063,B,B,True
q_010874,2594,5434,A,A,True
q_010875,586,5921,A,B,False
q_010876,1853,11994,B,B,True
q_010877,4102,9666,B,A,False
q_010878,1976,11129,B,A,False
q_010879,940,12439,A,A,True
q_010880,697,1641,A,B,False
q_010881,4785,9305,A,A,True
q_010883,2031,8309,A,B,False
q_010884,7897,10402,B,B,True
q_010885,24,11167,B,B,True
q_010886,9387,8924,B,B,True
q_010887,3588,10465,B,A,False
q_010888,12205,10180,B,B,True
q_010889,8226,6046,A,A,True
q_010890,5213,3437,A,A,True
q_010891,3086,4283,A,A,True
q_010892,4405,10503,B,B,True
q_010893,5121,4557,A,A,True
q_010894,4472,3666,A,A,True
q_010895,3947,9348,A,B,False
q_010896,6828,7218,B,B,True
q_010897,3433,8435,A,B,False
q_010898,5662,4429,A,B,False
q_010899,814,9010,A,A,True
q_010900,74,4168,A,A,True
q_010901,1354,496,B,A,False
q_010902,214,7299,B,A,False
q_010903,6526,9722,B,A,False
q_010904,12050,9498,A,A,True
q_010905,11367,8673,B,B,True
q_010906,2218,770,B,A,False
q_010907,12164,7158,A,A,True
q_010908,11837,3441,A,A,True
q_010909,4076,7827,B,A,False
q_010910,6739,11707,A,A,True
q_010911,2245,10475,A,A,True
q_010912,2265,9344,A,A,True
q_010913,237,6364,A,B,False
q_010914,7347,8208,B,B,True
q_010915,5504,11637,B,B,True
q_010916,2438,8397,B,B,True
q_010917,1701,7357,A,A,True
q_010918,808,1233,B,B,True
q_010919,8145,12661,B,B,True
q_010920,8708,10275,A,A,True
q_010921,8026,4635,B,A,False
q_010922,3178,1407,A,A,True
q_010923,525,12298,B,B,True
q_010924,1350,12150,B,A,False
q_010925,5340,9550,A,B,False
q_010926,2940,9402,B,B,True
q_010927,3746,10137,B,B,True
q_010928,702,7947,B,A,False
q_010929,4062,11436,B,B,True
q_010930,6929,10289,B,B,True
q_010931,1822,7012,B,B,True
q_010932,1818,10116,B,B,True
q_010933,7664,5887,B,B,True
q_010934,1797,4612,A,A,True
q_010935,11866,2611,A,B,False
q_010936,6586,9927,A,A,True
q_010937,4393,8533,B,A,False
q_010938,1228,2701,B,B,True
q_010939,12206,4722,B,B,True
q_010940,8038,12235,A,B,False
q_010941,8200,6284,A,B,False
q_010942,800,3754,A,A,True
q_010943,2056,7679,B,B,True
q_010944,7964,12001,B,B,True
q_010945,7762,9992,A,A,True
q_010946,2639,7864,A,B,False
q_010947,11595,9755,B,B,True
q_010948,5982,8677,B,B,True
q_010949,724,8683,A,A,True
q_010950,1630,8328,A,A,True
q_010951,11705,10109,B,B,True
q_010952,2663,9448,B,B,True
q_010953,456,1230,A,B,False
q_010954,7866,5730,A,A,True
q_010955,6678,12394,B,B,True
q_010956,7115,7282,A,B,False
q_010957,8372,6731,A,A,True
q_010958,7708,12693,A,A,True
q_010959,7115,9647,A,B,False
q_010960,329,5108,B,A,False
q_010961,1126,12630,A,A,True
q_010962,3,901,A,B,False
q_010963,5022,10346,B,B,True
q_010964,2029,4451,A,B,False
q_010965,2623,11861,B,B,True
q_010966,4653,7709,A,B,False
q_010967,389,8106,B,B,True
q_010968,11780,11230,B,B,True
q_010969,3739,3307,A,A,True
q_010970,326,11595,A,B,False
q_010971,3240,9840,A,B,False
q_010972,6912,11188,A,B,False
q_010973,4540,10415,A,A,True
q_010974,1819,3202,A,A,True
q_010975,11615,7957,A,A,True
q_010976,5236,7137,A,A,True
q_010977,7990,8539,A,B,False
q_010978,9525,9477,A,A,True
q_010979,6365,5199,A,A,True
q_010980,3972,9345,A,B,False
q_010981,12246,11643,B,B,True
q_010982,8428,9211,B,A,False
q_010983,11252,3771,B,A,False
q_010984,3013,9897,A,B,False
q_010985,3000,10651,B,B,True
q_010986,923,4109,B,B,True
q_010987,5851,5643,A,B,False
q_010988,6475,10933,B,A,False
q_010989,4506,5969,A,B,False
q_010990,3183,3326,A,A,True
q_010991,3468,11633,A,B,False
q_010992,12253,11705,A,A,True
q_010993,3704,3952,B,B,True
q_010994,3891,9947,A,B,False
q_010995,2893,3273,B,B,True
q_010996,298,1367,A,B,False
q_010997,804,7025,A,A,True
q_010998,3239,3090,A,B,False
q_010999,10689,10788,B,B,True
q_011000,2175,5784,B,A,False
q_011001,8072,8831,A,A,True
q_011002,12235,6440,A,B,False
q_011003,612,7776,A,A,True
q_011004,1432,1394,A,A,True
q_011005,5928,11691,B,B,True
q_011006,7955,7216,A,B,False
q_011007,7852,4331,A,A,True
q_011008,4336,11116,A,B,False
q_011009,6728,10505,A,A,True
q_011010,8213,4607,A,B,False
q_011011,391,3274,A,A,True
q_011012,2141,8243,A,B,False
q_011013,49,6056,B,B,True
q_011014,5083,3057,A,A,True
q_011015,2591,11073,B,A,False
q_011016,9985,9987,A,A,True
q_011017,2020,9341,B,B,True
q_011018,1160,7516,B,A,False
q_011019,5774,11517,B,A,False
q_011020,1285,10395,A,B,False
q_011021,5525,8462,A,A,True
q_011022,2693,6825,A,A,True
q_011023,1111,5340,A,A,True
q_011024,7492,5948,A,B,False
q_011025,8007,9297,A,A,True
q_011026,4156,4412,A,B,False
q_011027,1291,4534,A,A,True
q_011028,1400,7749,B,B,True
q_011029,2596,8960,B,B,True
q_011030,3398,12467,B,B,True
q_011031,7889,8126,A,B,False
q_011032,2237,7229,B,A,False
q_011033,6370,6134,A,B,False
q_011034,104,2449,A,B,False
q_011035,3904,5626,B,A,False
q_011036,1850,4758,A,A,True
q_011038,7245,10500,A,A,True
q_011039,8049,11102,B,A,False
q_011040,5637,5883,A,A,True
q_011041,4153,3633,B,A,False
q_011042,6344,3171,A,B,False
q_011043,2733,10059,B,B,True
q_011044,7898,5456,B,B,True
q_011045,7640,5736,A,A,True
q_011046,5517,8558,A,A,True
q_011047,667,8850,A,A,True
q_011048,3579,11017,B,A,False
q_011049,8488,10833,A,A,True
q_011050,5125,11629,A,A,True
q_011051,11828,10672,B,B,True
q_011052,3892,11977,B,B,True
q_011053,1742,10121,B,B,True
q_011054,2518,11142,A,A,True
q_011055,1676,3373,B,B,True
q_011056,5351,12129,A,B,False
q_011057,3168,11224,B,B,True
q_011058,4648,10299,A,B,False
q_011059,9320,9273,A,A,True
q_011060,8598,4359,A,A,True
q_011061,40,6044,B,B,True
q_011062,9597,10691,B,B,True
q_011063,2441,10347,A,A,True
q_011064,2361,6592,A,B,False
q_011065,6907,10642,B,A,False
q_011066,3062,4405,A,B,False
q_011067,12236,5254,B,A,False
q_011068,1858,10668,A,A,True
q_011069,1927,4783,B,A,False
q_011070,9557,9666,B,B,True
q_011071,3641,5760,A,B,False
q_011072,3784,9078,A,A,True
q_011073,2780,8659,A,B,False
q_011074,2402,7709,A,B,False
q_011075,7369,6095,B,A,False
q_011076,6821,4694,B,B,True
q_011077,1202,9443,B,B,True
q_011078,13,9711,A,A,True
q_011079,1172,10894,A,A,True
q_011080,12221,12034,A,A,True
q_011081,1117,8431,B,B,True
q_011082,2268,6983,A,B,False
q_011083,187,10484,B,B,True
q_011084,3866,7604,A,B,False
q_011085,7949,5525,A,B,False
q_011086,7623,4425,A,B,False
q_011087,520,2764,A,B,False
q_011088,7942,6996,B,B,True
q_011089,2611,7343,B,B,True
q_011090,1733,3685,A,A,True
q_011091,693,6740,B,A,False
q_011092,2458,12345,B,B,True
q_011093,2443,9014,B,B,True
q_011094,7900,9916,A,A,True
q_011095,6718,9747,A,B,False
q_011096,8525,6887,B,B,True
q_011097,1822,1708,B,B,True
q_011098,2038,5779,B,A,False
q_011099,11291,4965,A,A,True
q_011100,3657,4936,A,B,False
q_011101,5739,12353,B,B,True
q_011102,818,1709,A,A,True
q_011103,4202,11415,A,A,True
q_011104,4449,4609,A,A,True
q_011106,2237,5085,B,A,False
q_011107,2911,6000,A,B,False
q_011108,1425,8413,A,A,True
q_011109,3616,8598,B,A,False
q_011110,761,11168,B,B,True
q_011111,11057,9503,B,B,True
q_011112,11201,3846,A,A,True
q_011113,7115,4595,A,B,False
q_011114,4229,11278,A,A,True
q_011115,4381,8879,A,A,True
q_011116,8518,32,A,A,True
q_011117,2578,3724,A,B,False
q_011118,1897,8148,A,A,True
q_011119,3292,8916,A,A,True
q_011120,1191,11809,A,A,True
q_011121,3295,8699,A,A,True
q_011122,4623,10294,B,B,True
q_011123,1168,7990,A,A,True
q_011124,1286,11176,A,B,False
q_011125,6773,3411,B,B,True
q_011126,7835,2220,A,A,True
q_011127,643,11745,A,B,False
q_011128,7791,11851,A,A,True
q_011129,5775,9603,B,B,True
q_011130,3140,4720,A,A,True
q_011131,7833,9915,B,B,True
q_011132,3170,8415,B,B,True
q_011133,763,11046,A,A,True
q_011134,1984,6344,B,A,False
q_011135,9355,9450,B,A,False
q_011136,2466,1699,A,A,True
q_011137,7226,12512,B,B,True
q_011138,8542,11171,B,B,True
q_011139,789,11868,A,A,True
q_011140,1881,5973,A,B,False
q_011141,1565,10332,B,B,True
q_011142,238,2257,B,A,False
q_011143,6361,8706,B,B,True
q_011144,7476,6369,B,B,True
q_011145,4403,9328,B,B,True
q_011146,10962,10106,B,B,True
q_011147,10787,9691,A,B,False
q_011148,4142,7482,A,B,False
q_011149,56,229,A,A,True
q_011150,1629,6730,B,B,True
q_011151,1364,10412,A,A,True
q_011152,12481,10771,A,B,False
q_011153,7585,10603,B,B,True
q_011154,136,8599,A,A,True
q_011155,5531,2934,B,A,False
q_011156,7837,10809,A,A,True
q_011157,3145,9183,B,B,True
q_011158,5206,9557,B,A,False
q_011159,1237,5950,B,A,False
q_011160,2459,8872,A,A,True
q_011161,73,6913,B,B,True
q_011162,4887,12447,B,B,True
q_011163,7554,10923,B,A,False
q_011164,5131,4121,A,A,True
q_011165,54,12108,A,A,True
q_011166,4259,9110,A,A,True
q_011167,5515,9390,B,B,True
q_011168,2147,9107,A,B,False
q_011169,8408,5697,B,A,False
q_011170,12678,12079,A,A,True
q_011171,2641,10723,B,B,True
q_011172,7225,10877,B,A,False
q_011173,882,10558,A,A,True
q_011174,889,3743,B,A,False
q_011175,7007,7300,B,B,True
q_011176,6220,7188,A,B,False
q_011177,1283,11959,B,B,True
q_011178,1873,7799,A,A,True
q_011179,5228,7181,A,A,True
q_011180,5422,9095,A,A,True
q_011181,7772,2657,A,B,False
q_011182,6151,10052,A,B,False
q_011183,956,3513,A,A,True
q_011184,1403,7429,B,B,True
q_011185,7373,7302,B,A,False
q_011186,119,7078,A,A,True
q_011187,11597,9531,B,B,True
q_011188,11571,7240,A,A,True
q_011189,2414,3076,A,B,False
q_011190,8051,4335,B,B,True
q_011191,8613,10875,B,A,False
q_011192,646,11629,B,A,False
q_011193,432,10524,B,A,False
q_011194,12010,5257,A,B,False
q_011195,2289,1270,A,B,False
q_011196,1802,7299,B,A,False
q_011197,6373,8695,A,A,True
q_011198,6035,6036,B,A,False
q_011199,12549,12478,A,B,False
q_011200,6755,6921,A,A,True
q_011201,8324,5223,A,A,True
q_011202,855,3012,A,B,False
q_011203,3679,4122,B,B,True
q_011204,2254,11401,B,A,False
q_011205,1866,5739,B,B,True
q_011206,1438,11567,A,B,False
q_011207,6767,11343,A,A,True
q_011208,889,6964,A,B,False
q_011210,7071,6456,B,B,True
q_011211,848,711,B,A,False
q_011212,732,10699,B,B,True
q_011213,6362,6045,A,A,True
q_011214,7598,1611,A,B,False
q_011215,1635,6999,B,B,True
q_011216,5453,8902,B,B,True
q_011217,7874,3736,B,B,True
q_011218,5243,9009,A,A,True
q_011219,7684,5148,B,B,True
q_011220,599,447,B,B,True
q_011221,404,5748,B,A,False
q_011222,6810,9033,A,A,True
q_011223,4621,9964,B,B,True
q_011224,3202,3645,B,B,True
q_011225,11752,4817,B,A,False
q_011226,7691,8281,B,B,True
q_011227,3725,5561,A,A,True
q_011228,4438,7969,A,A,True
q_011229,3593,11073,B,B,True
q_011230,8468,2882,A,A,True
q_011231,696,1911,B,B,True
q_011232,5597,11670,B,A,False
q_011233,1067,7045,B,A,False
q_011234,3107,10618,A,A,True
q_011235,12331,9650,B,A,False
q_011236,7695,11941,A,A,True
q_011237,740,12451,A,A,True
q_011238,874,2596,A,A,True
q_011239,1829,8038,A,A,True
q_011240,899,5628,A,A,True
q_011241,3524,9386,B,B,True
q_011242,2448,3961,B,A,False
q_011243,4874,6927,B,B,True
q_011244,8153,10354,A,A,True
q_011245,2084,7774,B,B,True
q_011246,8609,7809,B,A,False
q_011247,1242,11772,B,B,True
q_011248,132,12336,A,A,True
q_011249,1051,11160,B,A,False
q_011250,7722,9019,A,A,True
q_011251,8125,4348,A,A,True
q_011252,5243,9337,B,A,False
q_011253,7850,10649,A,A,True
q_011254,11339,9768,B,A,False
q_011255,893,1033,A,B,False
q_011256,750,12175,A,A,True
q_011257,8158,3063,A,A,True
q_011258,3858,10059,A,A,True
q_011259,3027,10428,A,A,True
q_011260,7072,5353,A,A,True
q_011261,9215,10969,B,A,False
q_011262,2284,10492,A,A,True
q_011263,6640,12366,A,A,True
q_011264,2275,5346,B,B,True
q_011265,1913,5522,A,B,False
q_011266,904,11440,A,A,True
q_011267,2576,10892,A,B,False
q_011268,1439,12702,A,A,True
q_011269,2309,5324,A,A,True
q_011270,8452,8497,A,B,False
q_011271,8145,6519,A,A,True
q_011272,2489,3336,A,A,True
q_011273,1372,6001,B,A,False
q_011274,1835,9039,A,A,True
q_011275,6230,4635,A,B,False
q_011276,12191,612,A,B,False
q_011277,2302,690,A,B,False
q_011278,7150,11071,A,B,False
q_011279,8609,2139,A,B,False
q_011280,4974,9513,A,B,False
q_011281,1582,3584,B,B,True
q_011282,12060,10126,A,B,False
q_011283,3220,8011,B,A,False
q_011284,6396,9961,A,A,True
q_011285,467,667,A,B,False
q_011286,4772,11280,A,A,True
q_011287,3400,8952,A,B,False
q_011288,2069,7913,A,B,False
q_011289,8413,10438,A,B,False
q_011290,2323,2891,B,A,False
q_011291,5647,9780,B,A,False
q_011293,11833,10471,B,B,True
q_011294,1033,4224,A,A,True
q_011295,162,12591,A,B,False
q_011296,5522,5496,A,B,False
q_011297,3558,11772,A,B,False
q_011298,2322,10142,B,B,True
q_011299,751,12515,A,A,True
q_011300,679,11224,A,A,True
q_011301,1667,9617,B,B,True
q_011302,5653,9159,A,A,True
q_011303,7080,9321,A,A,True
q_011304,1121,7507,A,B,False
q_011305,2402,3558,A,A,True
q_011306,4579,10768,A,A,True
q_011307,1772,4678,A,A,True
q_011308,3668,2565,A,B,False
q_011309,5746,12207,B,B,True
q_011310,2578,9338,B,A,False
q_011311,8979,10524,B,B,True
q_011312,7521,11586,B,A,False
q_011313,6258,10099,B,A,False
q_011314,4900,10158,B,B,True
q_011315,556,2018,B,B,True
q_011316,1693,3399,A,A,True
q_011317,2728,9948,A,A,True
q_011318,730,9488,A,A,True
q_011319,9427,9467,A,A,True
q_011320,4489,5318,A,A,True
q_011321,6651,6475,A,A,True
q_011322,2548,195,B,B,True
q_011323,3697,7513,B,A,False
q_011324,1727,6713,B,A,False
q_011325,1598,8612,A,A,True
q_011326,1652,9384,A,A,True
q_011327,575,3957,B,A,False
q_011328,2667,2700,A,A,True
q_011329,12616,9913,A,A,True
q_011330,2835,8844,B,B,True
q_011331,2264,12049,B,B,True
q_011332,4326,3267,A,A,True
q_011333,7610,12282,B,B,True
q_011334,5879,11332,B,B,True
q_011335,3337,4472,A,B,False
q_011336,6527,8351,A,B,False
q_011337,4426,8804,A,A,True
q_011338,8444,10575,A,A,True
q_011339,5576,12319,A,A,True
q_011340,7817,7478,A,B,False
q_011341,7402,5544,A,B,False
q_011342,6120,11039,A,A,True
q_011343,5682,8698,A,A,True
q_011344,5006,4596,A,A,True
q_011345,12246,8007,B,B,True
q_011346,6977,3377,B,B,True
q_011347,2906,10234,A,A,True
q_011348,6555,9021,A,A,True
q_011349,7924,6708,B,B,True
q_011350,11483,4034,A,A,True
q_011351,7376,6148,B,B,True
q_011352,2095,10795,A,A,True
q_011353,2312,12550,A,A,True
q_011354,7346,7449,B,A,False
q_011355,3648,9718,A,A,True
q_011356,8055,9586,A,B,False
q_011357,1832,4888,A,A,True
q_011358,4702,6465,A,A,True
q_011359,2325,10666,A,A,True
q_011360,11798,11023,A,A,True
q_011361,4469,6657,A,A,True
q_011362,5357,4740,A,A,True
q_011363,10895,10969,A,B,False
q_011364,2202,5425,B,B,True
q_011365,2464,9494,A,A,True
q_011366,7422,11346,B,A,False
q_011367,8234,10852,B,B,True
q_011368,7687,5344,B,B,True
q_011369,961,10572,A,A,True
q_011370,192,5707,A,B,False
q_011371,5836,9635,A,B,False
q_011372,3331,888,A,B,False
q_011373,8163,7172,A,A,True
q_011374,3113,2481,A,B,False
q_011375,12242,5984,B,A,False
q_011376,10183,9775,A,B,False
q_011377,1329,9343,A,A,True
q_011378,3551,11334,B,A,False
q_011379,2637,3201,A,B,False
q_011380,72,6933,A,A,True
q_011381,1084,4390,B,A,False
q_011382,247,1341,B,B,True
q_011383,1629,3066,A,A,True
q_011384,6790,12432,B,B,True
q_011385,6898,10872,A,B,False
q_011386,7113,10871,A,B,False
q_011387,2098,9842,A,B,False
q_011388,6214,9523,A,B,False
q_011389,7641,74,A,A,True
q_011390,3698,11662,A,A,True
q_011391,2224,999,A,B,False
q_011392,1574,4468,B,A,False
q_011393,1513,7428,A,B,False
q_011394,11444,10101,A,B,False
q_011395,8475,10452,A,A,True
q_011396,9172,10852,B,A,False
q_011397,7516,7738,A,A,True
q_011398,683,6062,A,B,False
q_011399,298,4396,B,A,False
q_011400,10466,9843,A,B,False
q_011401,562,11359,A,A,True
q_011402,1235,12272,B,B,True
q_011403,4343,10594,A,B,False
q_011404,2549,804,A,B,False
q_011405,12191,8310,A,B,False
q_011406,222,9639,B,A,False
q_011407,766,8451,B,B,True
q_011408,6814,10437,B,B,True
q_011409,1135,12158,B,A,False
q_011410,5128,5268,A,A,True
q_011411,6452,10263,B,A,False
q_011412,6917,11484,A,A,True
q_011413,1760,5680,A,B,False
q_011414,2826,10664,B,B,True
q_011415,3792,9868,B,A,False
q_011416,732,10696,A,A,True
q_011417,5567,7881,B,A,False
q_011418,7829,9164,A,A,True
q_011419,2471,6898,A,A,True
q_011420,12114,9813,A,B,False
q_011421,11302,11225,B,B,True
q_011422,6994,6039,A,A,True
q_011423,2866,4070,A,B,False
q_011424,12409,12491,B,B,True
q_011425,12244,10268,B,B,True
q_011426,6491,8717,A,B,False
q_011427,8141,3399,B,B,True
q_011428,1323,7896,A,B,False
q_011429,4706,5103,A,B,False
q_011430,2519,8566,A,A,True
q_011431,6542,10577,B,B,True
q_011432,6223,10498,B,A,False
q_011433,612,2853,A,A,True
q_011434,12665,7150,A,A,True
q_011435,1646,10910,B,B,True
q_011436,1250,2837,A,A,True
q_011437,12191,12382,B,B,True
q_011438,1275,4605,A,A,True
q_011439,9342,8693,B,B,True
q_011440,8920,9700,B,B,True
q_011441,2313,4194,B,B,True
q_011442,495,818,A,B,False
q_011443,3919,12056,B,B,True
q_011444,871,8900,A,A,True
q_011445,8542,8022,A,A,True
q_011446,3859,11293,A,B,False
q_011447,1374,12669,B,B,True
q_011448,3454,10171,A,B,False
q_011449,6959,9843,A,A,True
q_011450,11201,8812,A,A,True
q_011451,4053,9782,B,B,True
q_011452,2731,8266,A,A,True
q_011453,12659,3170,A,B,False
q_011454,12220,4098,B,B,True
q_011455,8012,5245,A,A,True
q_011456,11515,12588,A,A,True
q_011457,79,3951,B,B,True
q_011458,3795,5821,A,A,True
q_011459,1932,5812,A,B,False
q_011460,3500,5101,A,B,False
q_011461,7544,4976,A,B,False
q_011462,1005,11262,B,B,True
q_011463,408,1731,A,B,False
q_011464,8651,9888,A,B,False
q_011465,5597,9737,B,A,False
q_011466,2068,11380,A,A,True
q_011467,4415,9530,B,B,True
q_011468,1981,11855,B,B,True
q_011469,6212,5943,B,A,False
q_011470,12587,12101,A,A,True
q_011471,2052,11542,A,B,False
q_011472,1555,7786,B,A,False
q_011473,12239,7164,A,A,True
q_011474,8489,8679,A,A,True
q_011475,825,12469,B,B,True
q_011476,11614,5921,A,B,False
q_011477,2543,2136,B,B,True
q_011478,4838,6876,B,B,True
q_011479,3025,3900,B,A,False
q_011480,2282,9143,A,A,True
q_011481,1124,380,A,B,False
q_011482,8137,9193,A,A,True
q_011483,8168,10983,B,B,True
q_011484,2117,10009,B,B,True
q_011485,7101,3900,A,B,False
q_011486,11396,11248,B,B,True
q_011487,4601,10395,A,A,True
q_011488,5768,8641,A,A,True
q_011489,728,6438,B,B,True
q_011490,860,8067,B,A,False
q_011491,6559,37,A,B,False
q_011492,2327,11712,B,A,False
q_011493,7030,11875,A,A,True
q_011494,12122,9377,B,A,False
q_011495,6714,5211,A,A,True
q_011496,6872,12308,A,A,True
q_011497,629,4033,B,B,True
q_011498,12293,5117,A,B,False
q_011499,3760,2934,B,A,False
q_011500,467,5872,B,B,True
q_011501,12091,9630,B,A,False
q_011502,4341,4860,B,A,False
q_011503,3714,5886,A,A,True
q_011504,12023,9653,B,A,False
q_011505,1921,4231,A,B,False
q_011506,3213,9566,B,A,False
q_011507,6266,2481,A,B,False
q_011508,5201,1092,A,A,True
q_011509,4334,4128,A,A,True
q_011510,7745,9888,B,A,False
q_011511,2858,6339,A,B,False
q_011512,1815,4630,A,A,True
q_011513,6086,9519,B,B,True
q_011514,6267,11265,A,A,True
q_011515,5482,12503,B,B,True
q_011516,3088,3045,B,B,True
q_011517,510,224,A,A,True
q_011518,676,398,A,B,False
q_011519,5659,8660,B,B,True
q_011520,1017,7990,B,B,True
q_011521,652,3137,A,B,False
q_011522,6458,11574,B,A,False
q_011523,4370,5078,B,A,False
q_011524,11855,9462,A,B,False
q_011525,7670,4362,A,A,True
q_011526,5377,11839,B,A,False
q_011527,7455,10443,A,A,True
q_011528,1723,5972,B,A,False
q_011529,6036,8697,B,B,True
q_011530,4189,5252,A,A,True
q_011531,2300,12000,B,B,True
q_011532,4553,4996,A,B,False
q_011533,8120,10628,A,A,True
q_011534,7831,7410,B,B,True
q_011535,8179,12249,B,A,False
q_011536,4466,3487,A,A,True
q_011537,8890,10582,A,A,True
q_011538,6992,9482,B,B,True
q_011539,11103,10359,A,A,True
q_011540,11537,10182,A,A,True
q_011541,2003,8990,B,B,True
q_011542,5384,11128,A,B,False
q_011543,6777,10696,B,B,True
q_011544,3085,8279,B,A,False
q_011545,12473,10240,B,A,False
q_011546,2908,6696,A,A,True
q_011547,4090,11092,B,A,False
q_011548,2839,10182,B,B,True
q_011549,1120,4634,A,A,True
q_011550,477,3426,A,A,True
q_011551,2996,8777,A,B,False
q_011552,7368,8994,B,B,True
q_011553,2651,8485,A,B,False
q_011554,3815,6975,B,A,False
q_011555,2404,4609,B,A,False
q_011556,857,9199,A,B,False
q_011557,5837,11072,A,B,False
q_011558,1114,4061,A,B,False
q_011559,6410,4865,A,B,False
q_011560,12650,2694,B,A,False
q_011561,3638,10952,A,B,False
q_011562,12635,11342,A,B,False
q_011563,2329,10229,B,B,True
q_011564,3382,5908,A,B,False
q_011565,2056,1656,A,B,False
q_011566,12382,11004,B,B,True
q_011567,6592,8652,A,A,True
q_011568,3095,6256,A,A,True
q_011569,1148,8887,B,B,True
q_011571,5440,10315,B,B,True
q_011572,4973,11171,A,B,False
q_011573,12343,9160,A,B,False
q_011574,2331,10351,B,B,True
q_011575,6214,9991,B,B,True
q_011576,10593,10314,A,A,True
q_011577,2494,12691,B,B,True
q_011579,10434,9639,B,A,False
q_011580,11099,10419,B,B,True
q_011581,5471,1478,A,A,True
q_011582,584,8777,B,B,True
q_011583,4305,6870,A,B,False
q_011584,3806,1683,A,B,False
q_011585,2165,7465,B,A,False
q_011586,1451,1777,A,A,True
q_011587,10230,11407,B,B,True
q_011588,8707,9808,B,A,False
q_011589,1298,8199,B,B,True
q_011590,7948,6510,A,A,True
q_011591,2798,8392,B,A,False
q_011592,6599,11935,A,A,True
q_011593,7702,3377,A,A,True
q_011594,11527,4653,B,B,True
q_011595,6592,11769,A,B,False
q_011597,1590,7256,A,B,False
q_011598,5034,9678,A,A,True
q_011599,4676,11319,B,A,False
q_011600,7364,5260,A,A,True
q_011601,7377,10164,A,A,True
q_011602,7691,10513,A,A,True
q_011603,7882,8704,A,A,True
q_011604,5415,9660,B,A,False
q_011605,6979,9351,A,A,True
q_011606,7170,9380,B,A,False
q_011607,7821,4817,A,B,False
q_011608,2174,6464,A,A,True
q_011609,6179,4308,A,B,False
q_011610,12701,9236,A,B,False
q_011611,1425,11167,A,A,True
q_011612,2206,8961,A,A,True
q_011613,12644,9811,B,A,False
q_011614,10550,10543,B,B,True
q_011615,1487,4668,B,A,False
q_011616,2699,795,A,A,True
q_011617,4289,8778,A,B,False
q_011618,9593,9943,A,A,True
q_011619,9326,10365,A,A,True
q_011620,6528,10943,B,B,True
q_011621,6439,9893,B,A,False
q_011622,949,11138,B,B,True
q_011623,7574,8185,A,A,True
q_011624,8628,6045,B,A,False
q_011625,8087,6453,B,B,True
q_011626,5449,9105,B,B,True
q_011627,6245,7706,A,B,False
q_011628,6653,10594,A,B,False
q_011629,7675,12176,A,A,True
q_011630,7364,10086,B,B,True
q_011631,3160,72,A,A,True
q_011632,3815,7895,A,B,False
q_011633,3200,5322,A,A,True
q_011634,2565,2999,A,A,True
q_011635,4246,11196,B,B,True
q_011636,5669,4456,A,B,False
q_011637,3992,10043,A,A,True
q_011638,5210,4695,A,B,False
q_011639,7711,6414,B,A,False
q_011640,8454,8843,A,A,True
q_011641,3849,11350,A,B,False
q_011642,2496,10743,B,B,True
q_011643,6092,7131,A,A,True
q_011644,5156,9160,A,B,False
q_011645,1459,5894,B,B,True
q_011646,2211,10784,A,A,True
q_011647,5763,1726,A,A,True
q_011649,4928,6304,A,B,False
q_011650,2013,11385,B,B,True
q_011651,2750,6018,B,B,True
q_011652,2954,8726,B,B,True
q_011653,1155,9256,A,A,True
q_011654,3153,5590,A,A,True
q_011655,137,4376,B,A,False
q_011656,6358,6675,A,A,True
q_011657,6581,2841,A,A,True
q_011658,5090,10061,B,B,True
q_011659,7690,4959,B,B,True
q_011660,8525,8698,A,A,True
q_011661,778,11229,B,B,True
q_011662,1890,3791,A,A,True
q_011663,4037,10457,A,A,True
q_011664,4229,6599,A,B,False
q_011665,4248,11226,B,A,False
q_011666,1763,8302,B,B,True
q_011667,863,7901,B,A,False
q_011668,7995,6981,A,B,False
q_011669,2938,12438,B,B,True
q_011670,1225,10549,B,A,False
q_011671,11549,7184,A,A,True
q_011672,254,11105,A,A,True
q_011673,7322,11266,A,B,False
q_011674,5806,6513,A,A,True
q_011675,5679,11239,A,B,False
q_011676,6260,6015,A,B,False
q_011677,960,7134,A,A,True
q_011678,2521,9152,A,A,True
q_011679,2441,3463,B,B,True
q_011680,950,4790,B,B,True
q_011681,654,11931,A,B,False
q_011682,5159,4228,A,B,False
q_011683,7785,6454,A,A,True
q_011684,3440,9980,A,B,False
q_011685,8174,5508,A,B,False
q_011687,1911,12411,B,B,True
q_011688,5874,9528,B,A,False
q_011689,1339,8779,B,B,True
q_011690,4626,11298,A,B,False
q_011691,1934,8947,B,A,False
q_011692,11690,11961,B,B,True
q_011693,7033,11126,B,B,True
q_011694,983,2788,A,A,True
q_011695,6128,8986,B,B,True
q_011696,1159,1272,A,A,True
q_011697,12206,12469,B,B,True
q_011698,6715,9979,A,A,True
q_011699,9974,8647,B,A,False
q_011700,12641,5982,A,B,False
q_011701,250,10761,A,A,True
q_011702,8113,10973,B,B,True
q_011703,1272,8299,A,B,False
q_011704,301,2910,A,B,False
q_011705,12212,9104,B,B,True
q_011706,3192,2872,A,A,True
q_011707,5418,8788,A,B,False
q_011708,551,9518,A,A,True
q_011709,1746,7917,B,A,False
q_011710,3707,10429,B,B,True
q_011711,2075,10695,B,B,True
q_011712,7388,9241,A,A,True
q_011713,2993,8403,B,B,True
q_011714,6527,8141,A,B,False
q_011715,5306,5669,A,A,True
q_011716,1059,7045,A,B,False
q_011717,11891,11215,B,A,False
q_011718,3207,9036,A,A,True
q_011719,3324,5974,A,B,False
q_011720,7645,11175,B,B,True
q_011721,7244,9007,A,A,True
q_011722,389,10376,A,A,True
q_011723,2263,3651,B,B,True
q_011724,112,8209,B,B,True
q_011725,786,8820,B,B,True
q_011726,6857,9332,A,A,True
q_011727,12597,9996,B,B,True
q_011728,8552,11605,A,B,False
q_011729,7366,12211,B,A,False
q_011730,4219,7608,A,A,True
q_011731,8021,4707,B,B,True
q_011732,3689,10499,A,A,True
q_011733,14,5955,A,B,False
q_011734,2472,9092,A,A,True
q_011735,706,1577,A,B,False
q_011736,1630,8703,A,A,True
q_011737,6392,2738,B,A,False
q_011738,2479,9800,B,B,True
q_011740,8096,11595,B,B,True
q_011741,9143,7089,B,A,False
q_011742,3677,11508,A,B,False
q_011743,8240,7328,B,B,True
q_011744,1518,4310,B,B,True
q_011745,6008,7957,A,A,True
q_011746,1969,7674,B,A,False
q_011747,2299,975,A,B,False
q_011748,2104,1290,B,B,True
q_011749,1412,8263,A,A,True
q_011750,1200,6071,A,A,True
q_011751,1275,6935,B,A,False
q_011752,908,7718,A,B,False
q_011753,7906,5587,B,B,True
q_011754,2241,11780,A,A,True
q_011755,265,6315,B,A,False
q_011756,1937,9053,A,B,False
q_011757,6514,12487,A,A,True
q_011758,6128,3570,A,A,True
q_011759,7540,2601,A,B,False
q_011760,3958,5503,B,A,False
q_011761,2724,6761,A,A,True
q_011762,4126,2840,A,B,False
q_011763,6284,11514,A,B,False
q_011764,6832,9977,B,B,True
q_011765,3948,9051,A,B,False
q_011766,35,12196,A,B,False
q_011767,8624,4540,A,B,False
q_011768,4831,6258,A,A,True
q_011769,3164,4833,B,B,True
q_011770,534,6091,A,A,True
q_011772,3311,10207,A,A,True
q_011773,6894,6083,A,B,False
q_011774,2008,8907,B,B,True
q_011775,8222,9424,A,A,True
q_011776,10708,10797,A,A,True
q_011777,78,12209,B,B,True
q_011778,1078,4782,A,B,False
q_011779,1495,9090,B,A,False
q_011780,1790,12281,A,A,True
q_011781,5615,10777,B,A,False
q_011782,7478,5096,A,B,False
q_011783,4085,10237,B,A,False
q_011784,6578,12237,A,A,True
q_011786,2723,10766,B,B,True
q_011787,6726,9837,B,A,False
q_011788,349,2220,B,B,True
q_011789,6314,8889,A,A,True
q_011790,11999,9875,A,B,False
q_011791,3787,12393,A,A,True
q_011792,1482,12070,B,B,True
q_011793,1807,1708,B,B,True
q_011794,1896,10683,A,A,True
q_011795,2236,5687,B,A,False
q_011796,6724,9777,A,B,False
q_011797,2275,12206,B,B,True
q_011798,777,5461,A,A,True
q_011799,2617,10398,B,B,True
q_011800,6254,10587,B,A,False
q_011801,6863,11952,A,A,True
q_011802,346,6336,B,B,True
q_011803,4825,8931,A,A,True
q_011804,12305,1758,A,B,False
q_011805,6951,9938,A,A,True
q_011806,2346,10137,B,B,True
q_011807,8062,10475,B,B,True
q_011808,5907,9823,A,B,False
q_011809,3403,10654,A,B,False
q_011810,72,11199,B,A,False
q_011811,1377,7100,B,B,True
q_011812,8074,7988,B,B,True
q_011813,1735,9427,B,B,True
q_011814,8293,7923,B,A,False
q_011815,7371,4865,A,B,False
q_011816,3713,9577,B,A,False
q_011817,7360,9744,A,A,True
q_011818,1699,11765,B,B,True
q_011819,4672,9141,A,A,True
q_011820,12213,9578,A,A,True
q_011821,1827,7207,A,A,True
q_011822,1332,9303,B,B,True
q_011823,7030,9297,B,B,True
q_011824,3224,6722,B,A,False
q_011825,784,7016,A,A,True
q_011826,3463,12616,A,B,False
q_011827,972,7956,B,A,False
q_011828,3356,5952,B,A,False
q_011829,14,7088,A,A,True
q_011830,7556,5304,B,A,False
q_011831,8207,10431,B,A,False
q_011832,6377,10139,B,B,True
q_011833,3046,11213,B,A,False
q_011834,5007,9875,A,B,False
q_011835,1174,10112,B,B,True
q_011836,7543,11039,B,A,False
q_011837,52,3081,A,A,True
q_011838,3721,4442,B,A,False
q_011839,772,6773,A,A,True
q_011840,3049,5918,A,B,False
q_011841,857,8922,A,B,False
q_011842,118,11791,B,B,True
q_011843,1766,9810,B,A,False
q_011844,11789,9490,B,B,True
q_011845,10444,8680,B,A,False
q_011846,6305,3841,A,A,True
q_011847,2211,3950,A,A,True
q_011848,12226,7134,A,A,True
q_011849,6062,11658,A,A,True
q_011850,2151,5282,B,A,False
q_011851,6359,2866,A,A,True
q_011852,4922,10411,A,A,True
q_011853,5008,9270,A,A,True
q_011854,11650,10384,B,B,True
q_011855,850,8181,A,B,False
q_011856,8042,11149,A,B,False
q_011857,3174,9765,A,A,True
q_011858,584,9689,B,B,True
q_011859,1449,2455,A,A,True
q_011860,12611,5245,A,A,True
q_011861,4346,8139,B,A,False
q_011862,3148,5172,B,B,True
q_011863,1107,10852,A,A,True
q_011864,1059,3931,A,A,True
q_011865,306,7590,B,B,True
q_011866,3168,12284,A,A,True
q_011867,1206,5296,B,B,True
q_011868,2896,3399,A,A,True
q_011869,2899,10135,A,A,True
q_011870,7022,6280,A,A,True
q_011871,262,4632,B,B,True
q_011872,1456,3047,B,B,True
q_011873,7214,4905,A,A,True
q_011874,8221,5004,B,A,False
q_011875,8081,7922,A,B,False
q_011876,8331,4967,A,A,True
q_011877,7790,12267,B,B,True
q_011878,9754,10623,A,A,True
q_011879,2900,11820,B,B,True
q_011880,6713,8802,B,B,True
q_011881,7970,2894,A,B,False
q_011882,1645,7552,A,A,True
q_011883,2004,10152,B,B,True
q_011884,1877,136,A,A,True
q_011885,7091,4767,A,B,False
q_011886,2699,10370,A,A,True
q_011887,2873,11336,A,A,True
q_011888,473,9204,B,A,False
q_011889,4061,5991,A,B,False
q_011890,3357,10527,A,B,False
q_011891,1741,2134,A,A,True
q_011892,725,4336,A,A,True
q_011893,656,6836,A,B,False
q_011894,6809,8481,A,A,True
q_011895,1586,6750,A,A,True
q_011896,3049,4681,B,A,False
q_011897,9800,9345,A,A,True
q_011898,8285,11187,B,B,True
q_011899,11542,6930,A,A,True
q_011900,12265,4409,B,A,False
q_011901,3036,9614,A,B,False
q_011902,5791,9567,A,A,True
q_011903,12587,6440,B,B,True
q_011904,1130,5819,A,A,True
q_011905,2950,10577,B,B,True
q_011906,580,5554,A,B,False
q_011907,6706,7857,A,B,False
q_011908,5467,12586,A,A,True
q_011909,1258,2679,A,B,False
q_011910,8146,2914,A,B,False
q_011911,3788,10182,A,A,True
q_011912,6938,8520,A,B,False
q_011913,1080,12093,B,B,True
q_011914,957,11925,A,A,True
q_011915,5357,9500,B,B,True
q_011916,8489,9825,A,A,True
q_011917,3983,5280,B,B,True
q_011918,3924,7737,B,A,False
q_011919,2172,10928,A,A,True
q_011920,183,6438,B,B,True
q_011921,1013,3718,B,B,True
q_011922,1977,11801,A,B,False
q_011923,4670,12498,B,B,True
q_011924,6322,5016,B,B,True
q_011925,2011,5118,A,B,False
q_011926,3944,11451,A,B,False
q_011927,11848,12318,A,A,True
q_011928,5477,8823,A,A,True
q_011929,12652,2842,A,B,False
q_011930,3058,9613,A,B,False
q_011931,953,10755,A,A,True
q_011932,11635,9819,A,B,False
q_011933,1746,4224,B,B,True
q_011934,6996,3640,A,A,True
q_011935,3622,4426,B,A,False
q_011936,7889,3937,A,A,True
q_011937,5900,7705,A,A,True
q_011938,648,10155,B,A,False
q_011939,2734,3777,A,A,True
q_011940,4899,10283,A,A,True
q_011941,2106,4938,A,A,True
q_011942,595,7904,B,A,False
q_011943,9728,9372,A,A,True
q_011944,6803,3342,B,B,True
q_011945,5824,6044,B,B,True
q_011946,12648,11148,B,A,False
q_011947,2272,10616,A,A,True
q_011948,11693,12313,A,A,True
q_011949,7984,8645,A,B,False
q_011950,2808,11272,B,B,True
q_011951,5063,8622,B,B,True
q_011952,7644,9602,B,A,False
q_011953,4606,8478,A,B,False
q_011954,4382,12409,A,A,True
q_011955,4679,10612,B,A,False
q_011956,2036,11115,B,B,True
q_011957,169,6471,B,B,True
q_011958,1325,8462,A,B,False
q_011959,8330,11518,A,B,False
q_011960,6364,12466,B,B,True
q_011961,1715,5761,B,A,False
q_011962,6851,6973,B,B,True
q_011963,3200,11782,B,B,True
q_011964,11690,10513,B,B,True
q_011965,5084,7778,A,A,True
q_011966,4276,9661,B,B,True
q_011967,7936,8018,B,B,True
q_011968,8477,8229,A,A,True
q_011970,4150,4653,A,B,False
q_011971,3873,7250,B,A,False
q_011972,343,543,B,A,False
q_011973,5128,10881,A,A,True
q_011974,3516,4803,B,A,False
q_011975,6793,8568,B,A,False
q_011976,12072,8714,A,B,False
q_011977,12116,8939,B,B,True
q_011978,6140,10967,A,B,False
q_011979,8210,11027,A,B,False
q_011980,1375,29,A,A,True
q_011981,6128,10674,B,B,True
q_011982,2642,8740,A,B,False
q_011983,8201,8676,B,B,True
q_011984,8552,12241,B,B,True
q_011985,683,5924,A,B,False
q_011986,3604,11536,A,B,False
q_011987,11564,12436,A,A,True
q_011988,1801,7267,B,A,False
q_011989,1163,2946,B,B,True
q_011990,1041,4781,A,A,True
q_011991,2119,9717,A,A,True
q_011992,7379,8105,A,B,False
q_011993,11897,10689,B,B,True
q_011994,7559,10367,B,B,True
q_011995,804,3615,B,B,True
q_011996,10943,10909,B,A,False
q_011997,4540,4668,B,B,True
q_011998,4000,10404,A,A,True
q_011999,6452,6423,A,B,False
q_012000,1737,5787,B,A,False
q_012001,921,4527,B,B,True
q_012002,1510,10154,B,A,False
q_012003,7730,7565,A,A,True
q_012004,12556,7232,B,A,False
q_012005,7051,9856,A,A,True
q_012006,1988,4580,B,B,True
q_012007,6479,9742,A,B,False
q_012008,775,10995,B,B,True
q_012009,1831,8016,A,A,True
q_012010,6336,9689,B,B,True
q_012011,6395,7840,A,B,False
q_012012,11582,8328,A,A,True
q_012013,3019,12477,A,B,False
q_012014,5392,10853,B,A,False
q_012015,3226,4826,B,A,False
q_012016,1287,9947,B,A,False
q_012017,1215,7827,A,A,True
q_012018,1504,10892,A,B,False
q_012019,2873,4913,A,B,False
q_012020,9658,9697,B,B,True
q_012021,3062,12333,B,B,True
q_012022,8936,10969,B,A,False
q_012023,625,11692,A,A,True
q_012024,128,5807,A,A,True
q_012025,2167,854,A,A,True
q_012026,757,7956,B,A,False
q_012027,6869,10050,B,B,True
q_012028,848,1531,B,A,False
q_012029,9128,11337,B,B,True
q_012030,746,7607,A,A,True
q_012031,6131,12589,A,B,False
q_012032,1987,11672,B,A,False
q_012033,5660,4926,A,A,True
q_012034,5077,10461,B,B,True
q_012035,6531,5209,B,A,False
q_012036,8267,9452,B,B,True
q_012037,8941,10765,B,B,True
q_012038,6887,12056,B,B,True
q_012039,3571,5895,B,B,True
q_012040,12439,11305,A,B,False
q_012041,6566,7611,A,A,True
q_012042,11350,10576,B,B,True
q_012043,5493,9309,B,B,True
q_012044,2533,1689,B,A,False
q_012046,8609,11161,A,B,False
q_012047,1631,3910,A,A,True
q_012048,10768,10656,B,A,False
q_012049,115,1340,A,A,True
q_012050,11819,11068,A,A,True
q_012051,7353,10024,B,B,True
q_012052,1927,7496,A,B,False
q_012053,170,9231,B,A,False
q_012054,2235,1484,A,A,True
q_012055,7217,9156,A,A,True
q_012056,11738,7093,A,A,True
q_012057,1622,2617,A,A,True
q_012058,2209,8460,B,B,True
q_012059,5373,9484,A,A,True
q_012060,3462,4684,B,B,True
q_012061,616,8760,B,B,True
q_012062,5794,12364,B,B,True
q_012063,3298,6130,A,B,False
q_012064,1581,2914,B,A,False
q_012065,12223,3507,B,B,True
q_012066,262,11579,A,B,False
q_012067,11626,5805,A,A,True
q_012068,12631,5403,B,A,False
q_012069,4671,10596,B,A,False
q_012070,7,11139,A,A,True
q_012071,3968,5862,A,A,True
q_012072,6903,11592,B,A,False
q_012073,2200,8311,A,B,False
q_012074,7984,3615,A,B,False
q_012075,4708,9401,A,B,False
q_012076,2796,11046,B,A,False
q_012077,8255,10464,A,A,True
q_012078,6868,5411,A,A,True
q_012079,5132,11926,A,A,True
q_012080,1196,5760,A,A,True
q_012081,10138,9019,B,A,False
q_012082,71,11776,B,A,False
q_012083,8410,9539,B,A,False
q_012084,7183,9901,B,A,False
q_012085,4631,10434,A,A,True
q_012086,12664,3450,A,A,True
q_012087,6936,9940,A,B,False
q_012088,6717,11421,B,B,True
q_012089,5923,5873,B,B,True
q_012090,1536,4934,B,A,False
q_012091,6145,10510,A,A,True
q_012092,1239,4991,A,A,True
q_012093,11894,7276,B,B,True
q_012094,1221,6798,B,B,True
q_012095,2717,4031,B,B,True
q_012096,7940,3382,A,A,True
q_012097,5528,6833,A,A,True
q_012098,6380,6492,A,A,True
q_012099,7523,9104,B,B,True
q_012100,5487,11803,A,A,True
q_012101,1910,10876,B,A,False
q_012102,3339,6925,A,B,False
q_012103,695,3046,B,B,True
q_012104,12582,10788,A,A,True
q_012105,8194,9791,A,B,False
q_012106,245,2862,B,B,True
q_012107,3344,6729,A,B,False
q_012108,351,1506,B,B,True
q_012109,378,4631,A,A,True
q_012110,485,2359,B,B,True
q_012111,3235,11897,A,B,False
q_012112,1011,1705,B,B,True
q_012113,8379,10616,A,A,True
q_012114,5568,7248,A,B,False
q_012115,7013,3009,A,A,True
q_012116,10269,10995,A,A,True
q_012117,1384,10637,B,A,False
q_012118,11268,10429,A,A,True
q_012119,2494,9407,B,B,True
q_012120,8070,9463,B,A,False
q_012121,12652,11177,B,B,True
q_012122,94,5123,A,B,False
q_012123,3578,11030,A,B,False
q_012124,1963,11000,A,A,True
q_012125,11745,10690,B,B,True
q_012126,5038,5101,A,A,True
q_012127,2528,10538,A,A,True
q_012128,4223,9296,A,A,True
q_012129,12135,7917,A,B,False
q_012130,11054,9237,A,B,False
q_012131,3252,3914,A,B,False
q_012132,2256,6184,A,A,True
q_012133,11455,10089,B,B,True
q_012134,6549,2874,B,B,True
q_012135,300,10817,B,B,True
q_012136,11768,3669,A,A,True
q_012138,1734,3342,A,A,True
q_012139,4236,11383,A,A,True
q_012140,11671,9085,A,A,True
q_012141,954,8463,B,B,True
q_012142,640,12174,A,B,False
q_012143,5386,3129,B,A,False
q_012144,163,4583,A,A,True
q_012145,495,353,A,B,False
q_012146,2325,4926,A,A,True
q_012147,1299,5674,B,B,True
q_012148,5750,10303,B,B,True
q_012149,1559,1917,B,B,True
q_012150,6651,10280,B,B,True
q_012151,6217,8962,A,B,False
q_012152,5582,7953,A,B,False
q_012153,8309,10977,B,B,True
q_012154,6178,4545,A,B,False
q_012155,11336,11294,A,B,False
q_012156,873,2825,A,B,False
q_012157,1364,10808,A,A,True
q_012158,12558,10878,B,A,False
q_012159,869,9536,A,B,False
q_012160,2438,11338,B,B,True
q_012161,2200,9405,A,A,True
q_012163,1487,9705,A,B,False
q_012164,12205,7277,B,B,True
q_012165,7688,8402,B,B,True
q_012166,1059,8729,B,A,False
q_012167,1007,11975,B,B,True
q_012168,1217,12187,A,A,True
q_012169,8730,9882,B,A,False
q_012170,2052,10170,B,B,True
q_012171,3681,6617,A,B,False
q_012172,2864,6246,B,B,True
q_012173,1386,4061,B,A,False
q_012174,3068,11247,A,A,True
q_012175,5899,10807,B,B,True
q_012176,4429,5335,B,B,True
q_012177,437,9898,B,B,True
q_012178,9266,4716,B,B,True
q_012179,11255,8687,B,B,True
q_012180,843,9585,A,B,False
q_012181,649,3265,A,A,True
q_012182,1480,8010,A,B,False
q_012183,647,6133,A,B,False
q_012184,7831,4371,A,A,True
q_012185,1685,11515,A,B,False
q_012186,5056,7713,A,A,True
q_012187,2238,1483,A,A,True
q_012188,5189,12357,A,A,True
q_012189,6566,9224,A,A,True
q_012190,1605,4759,B,B,True
q_012191,5447,9437,A,A,True
q_012192,827,2917,A,B,False
q_012193,1175,698,A,A,True
q_012194,2045,289,A,A,True
q_012195,8111,9934,A,A,True
q_012196,870,4860,B,A,False
q_012197,1774,5325,A,A,True
q_012198,658,6806,A,B,False
q_012199,4871,7025,B,A,False
q_012200,11858,9483,A,A,True
q_012201,8266,2513,A,B,False
q_012202,6800,6955,A,A,True
q_012203,1998,10733,B,A,False
q_012204,3430,3975,A,B,False
q_012205,4838,10612,B,B,True
q_012206,7353,9191,A,A,True
q_012207,2644,5459,A,B,False
q_012208,12707,11222,B,A,False
q_012209,8280,12284,A,A,True
q_012210,3009,3961,A,B,False
q_012211,1428,12450,A,A,True
q_012212,7561,30,A,B,False
q_012213,1642,5690,A,A,True
q_012214,549,8563,B,A,False
q_012215,7576,4673,A,A,True
q_012216,8137,11905,A,A,True
q_012217,7628,10593,A,A,True
q_012218,7835,6673,A,A,True
q_012219,1078,9206,B,A,False
q_012220,6558,4562,A,B,False
q_012221,4862,11981,A,A,True
q_012222,5184,6092,A,B,False
q_012223,8639,3318,B,A,False
q_012224,12688,2561,A,B,False
q_012225,4436,12097,A,A,True
q_012226,1291,7095,A,B,False
q_012227,2944,5230,B,B,True
q_012228,938,3097,B,B,True
q_012229,719,9691,A,A,True
q_012230,6911,6005,B,A,False
q_012231,3527,4914,A,B,False
q_012232,1233,8475,B,B,True
q_012233,1675,1739,B,B,True
q_012234,6775,3473,B,B,True
q_012235,4692,10967,A,A,True
q_012236,5895,12382,A,A,True
q_012237,5,8927,A,B,False
q_012238,2921,9082,A,A,True
q_012239,711,8793,A,B,False
q_012240,6355,10206,A,A,True
q_012241,4630,4042,A,B,False
q_012242,1263,1683,A,B,False
q_012243,6462,8728,A,B,False
q_012244,16,2244,A,B,False
q_012245,2754,4341,A,A,True
q_012246,12550,9568,B,A,False
q_012247,843,6391,A,B,False
q_012248,3147,8776,B,B,True
q_012249,6481,4038,A,B,False
q_012250,6896,6464,A,B,False
q_012251,3112,3828,A,A,True
q_012252,2776,12326,B,B,True
q_012253,68,3297,B,B,True
q_012254,12047,10140,B,B,True
q_012255,6795,12447,B,B,True
q_012256,486,1040,B,A,False
q_012257,1482,6825,A,B,False
q_012258,1310,5977,B,A,False
q_012259,3653,7142,A,A,True
q_012260,4231,2959,B,A,False
q_012261,99,8148,B,A,False
q_012262,2583,3954,A,A,True
q_012263,2310,9214,B,B,True
q_012264,666,3733,B,B,True
q_012265,3347,4531,A,A,True
q_012266,3498,8690,A,B,False
q_012267,12274,4182,A,B,False
q_012268,8351,10644,B,B,True
q_012269,2227,3137,B,A,False
q_012270,3472,4602,A,A,True
q_012271,3853,12159,B,A,False
q_012272,8307,2696,A,B,False
q_012273,2421,12581,A,B,False
q_012274,8331,11031,B,B,True
q_012275,2327,6113,A,B,False
q_012276,2060,5549,A,B,False
q_012277,4045,5655,A,A,True
q_012278,5296,8784,A,A,True
q_012279,2405,8061,A,B,False
q_012280,11794,9572,A,B,False
q_012281,1991,6306,B,B,True
q_012282,2350,9933,B,B,True
q_012283,1218,12166,B,B,True
q_012284,4002,5901,B,A,False
q_012285,1057,8135,A,A,True
q_012286,3374,6914,A,B,False
q_012287,7778,10045,A,A,True
q_012288,3273,8750,A,A,True
q_012289,3546,8262,B,A,False
q_012290,5043,3675,A,A,True
q_012291,9826,10250,A,B,False
q_012292,12165,9297,A,A,True
q_012293,4146,10771,B,A,False
q_012294,2873,9319,A,B,False
q_012295,11669,10790,B,B,True
q_012296,3934,10377,B,A,False
q_012297,11012,9316,B,A,False
q_012298,12597,9740,B,A,False
q_012299,9125,10225,B,B,True
q_012300,3673,12136,B,A,False
q_012301,1809,9161,B,B,True
q_012302,2534,8321,B,B,True
q_012303,660,4554,B,A,False
q_012304,8288,11874,B,B,True
q_012305,3596,4329,B,A,False
q_012306,12324,10719,B,A,False
q_012307,6290,5369,A,A,True
q_012308,2666,9688,B,B,True
q_012309,1233,3845,B,B,True
q_012310,952,6966,B,B,True
q_012311,5734,9431,B,B,True
q_012312,6497,2817,A,B,False
q_012313,549,9180,B,B,True
q_012314,3406,5904,A,B,False
q_012315,50,12350,B,B,True
q_012316,3843,4480,B,A,False
q_012317,5090,11835,A,A,True
q_012318,1935,9409,A,B,False
q_012319,8759,9984,A,A,True
q_012320,1598,73,A,A,True
q_012321,7139,9418,A,B,False
q_012322,11701,6244,A,A,True
q_012323,12564,4334,A,A,True
q_012324,2505,8019,A,A,True
q_012325,7249,9830,B,A,False
q_012326,3544,4369,A,B,False
q_012327,3603,11328,A,B,False
q_012328,9975,10787,A,B,False
q_012329,194,8290,B,A,False
q_012330,8120,7376,A,A,True
q_012331,12302,7656,A,B,False
q_012332,12594,9343,A,A,True
q_012333,5847,9099,B,A,False
q_012334,6319,12322,B,B,True
q_012335,4392,10325,B,B,True
q_012336,113,186,A,A,True
q_012337,8876,10079,A,A,True
q_012338,2414,8415,A,A,True
q_012339,12465,9349,B,B,True
q_012340,5023,4421,A,B,False
q_012341,5397,9548,A,B,False
q_012342,7666,7141,A,A,True
q_012343,11809,4984,A,A,True
q_012344,9973,10005,B,A,False
q_012345,11614,5440,A,A,True
q_012346,1922,9957,B,A,False
q_012347,4819,5407,A,B,False
q_012348,5558,2860,B,B,True
q_012349,12587,393,A,A,True
q_012350,289,6689,A,A,True
q_012351,491,8981,A,B,False
q_012352,7513,9749,B,B,True
q_012353,5675,4564,A,A,True
q_012354,12353,9551,A,B,False
q_012355,4721,10609,A,B,False
q_012356,12619,458,A,A,True
q_012357,5474,10770,A,A,True
q_012358,287,2867,A,A,True
q_012359,466,5138,B,A,False
q_012361,6706,3832,A,A,True
q_012362,4926,11941,A,B,False
q_012363,6437,10309,A,A,True
q_012364,169,7842,A,B,False
q_012365,8394,10578,A,A,True
q_012366,564,8710,B,B,True
q_012367,2521,8088,A,B,False
q_012368,1122,5824,A,A,True
q_012369,1776,9251,A,A,True
q_012370,277,6539,B,A,False
q_012371,4603,9142,A,A,True
q_012372,1651,1252,A,A,True
q_012373,7057,3336,B,B,True
q_012374,558,8993,B,B,True
q_012375,6839,7915,A,B,False
q_012376,2871,9930,A,B,False
q_012377,7763,10554,A,B,False
q_012378,608,12075,B,B,True
q_012379,11844,10670,B,B,True
q_012380,2741,11914,A,A,True
q_012381,1277,1729,A,B,False
q_012382,6477,11163,B,A,False
q_012383,2476,2851,B,B,True
q_012384,1229,6811,B,A,False
q_012385,6175,4983,A,B,False
q_012386,5455,9778,A,A,True
q_012387,561,3766,A,A,True
q_012388,1451,1356,A,A,True
q_012389,5281,5188,A,A,True
q_012391,517,10015,B,B,True
q_012392,7697,5734,A,A,True
q_012393,839,1890,A,B,False
q_012394,12274,12438,A,B,False
q_012395,5844,10652,B,A,False
q_012396,12257,11764,A,B,False
q_012397,1304,12577,B,B,True
q_012398,657,5908,B,B,True
q_012399,6428,10471,B,B,True
q_012400,5363,7313,B,A,False
q_012401,6332,3894,B,B,True
q_012402,3938,10566,A,B,False
q_012403,7100,3929,A,A,True
q_012404,6254,12374,A,B,False
q_012405,2363,1280,A,A,True
q_012406,3665,8971,A,B,False
q_012407,1870,168,B,B,True
q_012408,11617,10719,B,B,True
q_012409,4514,8607,B,A,False
q_012410,259,4924,A,A,True
q_012411,5029,10614,B,B,True
q_012412,1005,12293,B,B,True
q_012413,3683,11689,A,A,True
q_012414,11745,6172,A,A,True
q_012416,2894,1857,A,B,False
q_012417,392,10750,B,B,True
q_012418,563,6611,B,A,False
q_012420,6223,7155,A,A,True
q_012421,9737,9530,B,B,True
q_012422,7432,4384,A,A,True
q_012423,2603,4854,A,B,False
q_012424,7646,8022,A,A,True
q_012425,2932,7608,A,A,True
q_012426,11472,5859,B,B,True
q_012427,3147,11295,A,A,True
q_012428,1710,3507,A,A,True
q_012429,1975,11117,B,A,False
q_012430,3443,8449,B,A,False
q_012431,6777,8517,A,B,False
q_012432,3319,4408,B,A,False
q_012433,2084,8839,B,B,True
q_012434,4787,5723,A,B,False
q_012435,2484,4843,B,A,False
q_012436,6859,6448,A,A,True
q_012437,5545,3001,A,A,True
q_012438,5151,12431,A,A,True
q_012439,8537,5650,A,A,True
q_012440,11616,10681,B,B,True
q_012441,2744,9910,B,B,True
q_012442,3504,9201,B,B,True
q_012443,1806,7179,B,B,True
q_012444,594,7473,A,B,False
q_012445,1854,11409,A,A,True
q_012446,1221,7196,B,B,True
q_012447,5881,6477,A,A,True
q_012448,2342,8295,A,B,False
q_012449,1441,10101,A,A,True
q_012450,11834,10849,B,B,True
q_012451,656,6169,A,A,True
q_012452,1970,10182,A,A,True
q_012453,3959,4582,A,A,True
q_012454,12248,2890,B,A,False
q_012455,5746,187,A,A,True
q_012456,2433,5964,A,B,False
q_012457,5511,9129,A,A,True
q_012458,5858,9891,B,A,False
q_012459,1010,11536,A,B,False
q_012460,2034,12188,B,B,True
q_012461,4298,6225,B,B,True
q_012462,442,12237,A,A,True
q_012463,10400,9933,B,B,True
q_012464,8509,10418,A,A,True
q_012465,2867,9517,A,B,False
q_012466,5571,5967,B,A,False
q_012467,4473,8136,A,A,True
q_012468,1226,7278,A,A,True
q_012469,954,8819,B,B,True
q_012470,7909,5725,A,A,True
q_012471,8275,5346,A,A,True
q_012472,8201,10492,A,B,False
q_012473,8149,8497,B,B,True
q_012474,1082,11085,B,B,True
q_012475,4442,10650,A,A,True
q_012476,6303,11167,A,A,True
q_012477,357,7190,B,A,False
q_012478,12271,6177,A,B,False
q_012479,5614,8133,B,A,False
q_012480,283,11030,A,A,True
q_012481,578,2252,B,A,False
q_012482,2754,5417,A,A,True
q_012483,472,5958,B,A,False
q_012484,2128,10361,B,B,True
q_012485,5897,10059,B,B,True
q_012486,1814,8119,A,B,False
q_012487,2122,2271,A,B,False
q_012488,6412,11986,B,B,True
q_012489,1159,9965,A,A,True
q_012490,547,3248,A,A,True
q_012491,8948,11912,B,B,True
q_012492,8024,1644,A,B,False
q_012493,7109,12243,B,A,False
q_012494,4501,9002,B,B,True
q_012495,7831,11764,A,A,True
q_012496,896,3031,A,A,True
q_012497,3649,4811,B,A,False
q_012498,2219,8772,A,B,False
q_012499,3329,10587,B,A,False
q_012500,2338,9055,B,A,False
q_012501,2331,2601,A,A,True
q_012502,2078,5893,A,A,True
q_012503,5456,6918,A,A,True
q_012504,3987,8756,A,A,True
q_012505,2609,4536,A,A,True
q_012506,3748,11104,A,A,True
q_012507,11597,11040,B,B,True
q_012508,7375,1032,A,B,False
q_012509,3866,11686,A,B,False
q_012510,12539,7066,A,B,False
q_012511,6238,8271,A,B,False
q_012512,3240,10491,A,A,True
q_012513,1407,6728,A,A,True
q_012514,12234,12064,B,B,True
q_012515,6127,3909,A,A,True
q_012516,2783,9065,A,B,False
q_012517,3117,9383,B,B,True
q_012518,1214,7251,A,A,True
q_012519,11244,8794,B,A,False
q_012520,5711,8213,B,B,True
q_012521,1759,9667,B,A,False
q_012522,8367,9266,A,A,True
q_012523,690,7700,B,A,False
q_012524,5775,5724,A,A,True
q_012525,5847,8951,A,B,False
q_012526,3372,9154,B,A,False
q_012527,5704,5760,A,A,True
q_012528,7688,4701,B,B,True
q_012529,10652,9105,A,A,True
q_012530,2347,9821,B,A,False
q_012531,949,4791,B,B,True
q_012532,1993,9313,A,A,True
q_012533,5556,10179,B,B,True
q_012534,4553,5971,A,B,False
q_012535,474,2080,A,B,False
q_012536,2144,3378,B,A,False
q_012537,356,8636,A,A,True
q_012538,2750,10348,A,A,True
q_012539,978,5862,A,A,True
q_012540,865,3455,A,A,True
q_012541,12586,2812,B,B,True
q_012542,1903,7833,B,B,True
q_012543,1826,7545,B,B,True
q_012544,5123,10410,B,B,True
q_012545,327,4866,A,B,False
q_012546,882,11693,A,B,False
q_012547,449,3021,A,A,True
q_012548,5302,5007,B,A,False
q_012549,3693,9239,A,B,False
q_012550,3175,8425,A,A,True
q_012551,2670,4097,B,B,True
q_012552,8351,3267,A,A,True
q_012553,8341,9128,A,A,True
q_012554,2432,10040,A,A,True
q_012555,2246,9529,B,B,True
q_012556,6301,5366,A,A,True
q_012557,754,3352,A,A,True
q_012558,4963,11023,A,B,False
q_012559,1286,9781,A,B,False
q_012560,5199,8846,A,A,True
q_012561,4211,3410,A,A,True
q_012562,4619,9617,A,B,False
q_012563,4950,11960,B,B,True
q_012564,6871,5848,B,B,True
q_012565,1101,4830,B,A,False
q_012566,12669,10266,A,B,False
q_012567,10656,9877,A,B,False
q_012568,2477,1840,A,A,True
q_012569,7124,5867,B,A,False
q_012570,5236,9915,B,A,False
q_012571,5713,6412,A,A,True
q_012572,2678,4433,A,B,False
q_012573,12307,10469,A,B,False
q_012574,12655,3415,A,A,True
q_012575,340,4250,A,A,True
q_012576,4722,10884,A,B,False
q_012577,11318,10989,B,B,True
q_012578,6353,4646,B,B,True
q_012579,6165,9145,B,A,False
q_012580,1297,11451,B,B,True
q_012581,11798,4461,A,B,False
q_012582,3027,10882,A,B,False
q_012583,11534,11522,B,B,True
q_012584,1361,12049,B,B,True
q_012585,12593,4318,B,B,True
q_012587,1673,12423,B,B,True
q_012588,1440,10385,B,B,True
q_012589,11897,10114,A,A,True
q_012590,4016,3941,A,A,True
q_012591,3404,10222,A,B,False
q_012592,11876,7260,A,B,False
q_012593,4327,8188,A,A,True
q_012594,200,9711,A,A,True
q_012595,3543,10319,A,A,True
q_012596,1206,5521,A,A,True
q_012597,2485,12264,B,B,True
q_012598,11985,10379,B,A,False
q_012599,2597,9300,B,B,True
q_012600,8164,11897,B,B,True
q_012601,1641,6348,A,A,True
q_012602,3186,10722,B,B,True
q_012603,2612,6626,A,B,False
q_012604,7674,8149,A,B,False
q_012605,2056,6359,B,B,True
q_012606,4303,4581,A,B,False
q_012607,9181,9477,A,A,True
q_012608,10703,9885,A,B,False
q_012609,1129,9395,A,A,True
q_012610,977,1344,B,B,True
q_012611,7738,8807,A,A,True
q_012612,2668,5681,A,B,False
q_012613,3457,10782,A,A,True
q_012614,867,12431,B,A,False
q_012615,5278,4439,B,A,False
q_012616,450,10007,A,A,True
q_012617,3128,9014,A,A,True
q_012618,12355,10900,B,A,False
q_012619,1992,3519,B,B,True
q_012620,2312,4116,A,B,False
q_012621,4106,10749,B,B,True
q_012622,527,2204,A,B,False
q_012623,7610,12097,B,B,True
q_012624,1830,11270,B,B,True
q_012625,1940,2638,A,B,False
q_012626,1765,8922,B,A,False
q_012627,541,8791,B,A,False
q_012628,128,5597,A,A,True
q_012629,6427,8799,B,A,False
q_012630,838,5660,A,B,False
q_012631,277,6753,B,B,True
q_012632,2008,4449,A,B,False
q_012633,12335,8977,A,B,False
q_012634,9811,11190,B,B,True
q_012635,4450,6210,A,A,True
q_012636,8155,11101,B,B,True
q_012637,83,7628,B,A,False
q_012638,602,12515,A,A,True
q_012639,2934,11239,A,A,True
q_012640,3036,8567,B,A,False
q_012641,4810,7622,B,A,False
q_012642,4377,9361,B,B,True
q_012643,10994,10386,A,A,True
q_012644,3533,7728,B,A,False
q_012645,1397,5528,B,B,True
q_012646,7734,4836,B,B,True
q_012647,4500,7593,A,A,True
q_012648,4762,7311,B,B,True
q_012649,2341,8325,A,B,False
q_012650,10226,10798,B,B,True
q_012651,5159,10756,A,B,False
q_012652,3225,9498,A,A,True
q_012653,7067,7358,A,A,True
q_012654,7414,3321,B,B,True
q_012655,3530,5121,A,B,False
q_012656,932,870,A,A,True
q_012657,4226,3174,B,A,False
q_012658,5723,897,A,A,True
q_012659,1045,5551,A,A,True
q_012660,1022,12274,A,A,True
q_012661,12168,9928,B,B,True
q_012663,6470,4432,A,B,False
q_012664,3235,5912,A,B,False
q_012665,5965,12389,A,A,True
q_012666,5561,10737,A,A,True
q_012667,3300,9482,A,A,True
q_012668,8066,11024,A,A,True
q_012669,4817,6036,B,B,True
q_012670,2380,3369,B,B,True
q_012671,5431,3882,B,B,True
q_012672,1618,7134,B,B,True
q_012673,4281,8817,A,A,True
q_012674,5846,12334,A,A,True
q_012675,1918,10271,B,A,False
q_012676,7419,4770,A,A,True
q_012678,773,6698,B,B,True
q_012679,4663,11093,B,A,False
q_012680,12652,407,A,A,True
q_012681,11506,9463,B,B,True
q_012682,1182,11552,A,B,False
q_012683,2433,11191,B,A,False
q_012684,8564,4240,A,B,False
q_012685,7618,5741,B,A,False
q_012686,5309,5235,B,B,True
q_012687,3609,9322,B,A,False
q_012688,8637,11146,B,A,False
q_012689,3421,8106,A,B,False
q_012690,12287,10146,A,A,True
q_012691,8332,12131,B,B,True
q_012692,5334,3970,B,B,True
q_012693,9238,9342,B,B,True
q_012694,6383,8141,A,B,False
q_012695,1492,6288,A,B,False
q_012696,2114,9398,A,A,True
q_012697,4115,8752,A,A,True
q_012698,564,11584,A,B,False
q_012699,5163,9816,B,A,False
q_012700,7906,5865,B,B,True
q_012701,11680,9859,A,B,False
q_012702,2179,1301,A,A,True
q_012703,7211,9698,A,A,True
q_012704,4985,8445,B,B,True
q_012705,5504,5712,B,A,False
q_012706,11528,9932,A,A,True
q_012707,3476,4050,B,A,False
q_012708,5183,11227,A,A,True
q_012709,51,6351,B,A,False
q_012710,4434,5219,A,A,True
q_012711,256,4169,B,B,True
q_012712,5348,12502,B,A,False
q_012713,3055,11979,A,A,True
q_012714,1304,10319,B,B,True
q_012715,1483,6454,A,A,True
q_012716,3484,10610,B,A,False
q_012717,1520,5998,B,A,False
q_012718,4685,7192,A,B,False
q_012719,7659,4424,A,A,True
q_012720,1731,5335,A,B,False
q_012721,7694,8125,A,B,False
q_012722,11689,10245,B,B,True
q_012723,569,6608,B,A,False
q_012724,5490,5391,A,A,True
q_012725,1640,7547,B,B,True
q_012726,6651,12004,B,B,True
q_012727,1853,11044,A,A,True
q_012728,2626,11460,B,B,True
q_012729,4562,4793,B,A,False
q_012730,7946,8276,A,B,False
q_012731,12575,5497,A,B,False
q_012732,2981,4682,A,A,True
q_012733,2613,6633,A,B,False
q_012734,3894,4878,B,A,False
q_012735,434,7031,B,A,False
q_012736,1550,5062,A,B,False
q_012737,4417,8921,B,B,True
q_012738,5816,1913,A,B,False
q_012739,8525,11196,B,B,True
q_012740,3542,3284,A,A,True
q_012741,656,2854,B,B,True
q_012742,3965,4946,B,B,True
q_012743,12255,12368,A,A,True
q_012744,4091,8087,A,B,False
q_012745,5404,8943,B,A,False
q_012746,10427,10715,A,B,False
q_012747,267,3612,B,B,True
q_012748,8165,4279,A,B,False
q_012749,6868,2598,A,A,True
q_012750,4603,6209,A,A,True
q_012751,3762,8592,A,B,False
q_012752,8544,8917,B,B,True
q_012753,5794,11127,A,A,True
q_012754,3207,11811,A,A,True
q_012755,3702,11793,A,B,False
q_012756,6038,10431,B,A,False
q_012757,11460,5881,B,B,True
q_012758,8143,6519,A,A,True
q_012759,1766,8967,B,B,True
q_012760,1748,1519,A,A,True
q_012761,1016,11079,B,B,True
q_012762,2691,4641,A,A,True
q_012763,3968,8368,B,A,False
q_012764,879,5492,A,B,False
q_012765,7728,9569,A,A,True
q_012766,7771,5225,A,B,False
q_012767,2202,7645,A,B,False
q_012768,2387,6392,A,B,False
q_012769,3451,11148,B,A,False
q_012770,6602,7814,B,B,True
q_012771,3503,12085,A,A,True
q_012772,1820,4024,B,B,True
q_012773,1631,3905,A,A,True
q_012774,6558,11688,B,A,False
q_012775,12405,10218,A,B,False
q_012776,5000,6753,A,A,True
q_012777,2562,10571,B,B,True
q_012778,942,5323,B,B,True
q_012779,1736,1251,A,B,False
q_012780,5163,6984,A,B,False
q_012781,2955,7955,A,A,True
q_012782,294,12520,A,A,True
q_012783,2734,4051,A,A,True
q_012784,2513,3444,A,A,True
q_012786,4793,9940,B,B,True
q_012787,7639,4461,A,A,True
q_012788,847,12173,B,A,False
q_012789,9644,10628,B,B,True
q_012790,3185,5846,B,B,True
q_012791,6074,10078,A,A,True
q_012792,5891,11711,B,A,False
q_012793,1976,5810,B,B,True
q_012794,272,4713,A,A,True
q_012795,7075,11479,A,B,False
q_012796,6854,8392,A,A,True
q_012797,5602,10339,B,A,False
q_012798,11146,11051,A,A,True
q_012799,2047,9464,A,A,True
q_012800,3998,4419,B,A,False
q_012801,2639,5392,A,A,True
q_012802,603,1356,B,B,True
q_012803,1295,30,A,B,False
q_012804,1046,12127,A,A,True
q_012805,675,6666,B,A,False
q_012806,1930,10632,B,A,False
q_012807,2474,2646,A,A,True
q_012808,1497,6881,B,A,False
q_012809,9203,9177,A,A,True
q_012810,8078,12594,B,B,True
q_012811,12227,4748,A,A,True
q_012812,1417,11754,B,B,True
q_012813,2652,5770,A,B,False
q_012814,5790,11018,B,B,True
q_012815,1295,8248,B,A,False
q_012816,3406,1653,B,A,False
q_012817,2691,7917,B,B,True
q_012818,5356,8972,A,B,False
q_012819,228,10209,B,A,False
q_012820,5023,4547,B,B,True
q_012821,7938,9638,A,A,True
q_012822,7888,6691,B,B,True
q_012824,1489,6200,A,A,True
q_012825,207,12031,B,B,True
q_012826,6613,7305,B,B,True
q_012827,199,6789,A,B,False
q_012828,2488,11827,A,A,True
q_012829,6353,2001,A,A,True
q_012830,1220,3402,A,A,True
q_012831,3385,5715,A,B,False
q_012832,4399,4047,A,A,True
q_012833,2578,8723,B,A,False
q_012834,1519,4649,B,A,False
q_012835,10079,11156,B,A,False
q_012836,2021,7806,B,B,True
q_012837,1302,8779,B,B,True
q_012838,2116,1501,B,B,True
q_012839,11655,4335,B,A,False
q_012840,7889,3525,A,A,True
q_012841,380,6706,B,B,True
q_012842,4006,8830,A,A,True
q_012843,8507,8747,B,B,True
q_012844,4600,5252,B,A,False
q_012845,4886,9947,B,B,True
q_012846,1098,3299,A,A,True
q_012848,2802,11605,A,B,False
q_012849,1241,286,A,B,False
q_012850,3604,9083,B,A,False
q_012851,1454,11906,A,A,True
q_012852,2945,7758,A,A,True
q_012853,5019,11910,A,A,True
q_012854,1647,5110,A,A,True
q_012855,6599,5930,B,A,False
q_012856,11782,4538,A,A,True
q_012857,6475,1734,A,B,False
q_012858,11773,11345,A,A,True
q_012859,8066,5224,A,A,True
q_012860,339,7528,B,B,True
q_012861,5611,7371,A,B,False
q_012862,4023,4794,B,B,True
q_012863,1386,6906,B,B,True
q_012864,7540,7087,B,B,True
q_012865,7487,11647,B,B,True
q_012866,6617,11006,A,A,True
q_012867,7613,10910,B,B,True
q_012868,8180,12345,A,A,True
q_012869,7765,4937,A,B,False
q_012870,1532,3624,B,B,True
q_012871,2488,6441,A,A,True
q_012872,10792,11040,B,A,False
q_012873,3992,11612,A,B,False
q_012874,473,11073,A,A,True
q_012875,2744,10855,A,A,True
q_012876,3110,8633,B,B,True
q_012877,2099,7306,B,B,True
q_012878,636,9499,B,B,True
q_012879,6288,12669,B,B,True
q_012880,1222,8887,A,A,True
q_012881,11573,2712,A,A,True
q_012882,7971,12566,A,B,False
q_012883,1272,10647,A,B,False
q_012884,10163,10177,A,A,True
q_012885,7141,10328,B,A,False
q_012886,6860,10830,A,A,True
q_012887,2866,10510,B,B,True
q_012888,271,233,B,B,True
q_012889,772,1946,A,A,True
q_012890,3172,2484,A,A,True
q_012891,6227,8769,A,B,False
q_012892,12227,6479,B,B,True
q_012893,871,5955,A,B,False
q_012894,115,5339,A,A,True
q_012895,5447,8688,B,B,True
q_012896,2497,4629,A,A,True
q_012897,4370,9665,A,B,False
q_012898,2554,1433,A,A,True
q_012899,1742,3752,B,A,False
q_012900,695,6623,A,A,True
q_012901,3616,11829,A,B,False
q_012902,5135,11732,B,B,True
q_012903,8067,6237,B,B,True
q_012904,8515,5585,A,A,True
q_012905,3475,10712,A,B,False
q_012906,3365,10479,A,A,True
q_012907,8479,11511,B,A,False
q_012908,10349,12518,B,B,True
q_012909,11819,9488,B,B,True
q_012910,12275,9365,A,B,False
q_012911,5998,9506,A,A,True
q_012912,1254,6266,A,A,True
q_012913,9197,3900,A,A,True
q_012914,7260,10276,A,A,True
q_012915,6486,10532,A,B,False
q_012916,1163,9575,B,B,True
q_012917,6609,9058,B,B,True
q_012918,967,11703,B,B,True
q_012919,2858,3451,B,B,True
q_012920,2026,7335,A,A,True
q_012921,4902,9388,B,B,True
q_012922,4216,5796,A,B,False
q_012923,3827,9087,B,B,True
q_012924,967,8935,B,B,True
q_012925,5924,3387,A,A,True
q_012926,537,5654,B,A,False
q_012927,7064,9928,A,A,True
q_012928,1425,5181,B,B,True
q_012929,6161,10868,B,B,True
q_012930,4548,10849,A,B,False
q_012931,3170,3403,B,B,True
q_012932,4018,10929,B,B,True
q_012933,1111,9352,B,B,True
q_012934,7858,7300,B,B,True
q_012935,12122,10873,B,B,True
q_012936,6118,9949,A,A,True
q_012937,5303,11006,A,A,True
q_012938,9518,10152,A,A,True
q_012939,5615,5102,A,B,False
q_012940,793,5066,A,B,False
q_012941,7716,9704,A,A,True
q_012942,3609,9719,B,B,True
q_012943,12602,10797,B,B,True
q_012944,3407,8661,A,B,False
q_012945,7222,6495,B,B,True
q_012946,3179,7316,A,A,True
q_012947,1462,8035,A,A,True
q_012948,93,5517,B,A,False
q_012949,578,3039,A,A,True
q_012950,11497,9453,B,B,True
q_012951,11881,10042,B,B,True
q_012952,356,3306,B,B,True
q_012953,5383,7216,A,B,False
q_012954,6145,9130,A,B,False
q_012955,3136,9144,B,B,True
q_012956,5371,2802,B,B,True
q_012957,1451,4417,B,A,False
q_012958,6525,8828,A,B,False
q_012959,8093,9623,A,A,True
q_012960,1251,3678,A,A,True
q_012961,4688,5912,B,A,False
q_012963,5719,11035,B,B,True
q_012964,6144,10086,A,A,True
q_012965,9338,8668,B,B,True
q_012966,54,12507,B,B,True
q_012967,12376,10118,B,B,True
q_012968,104,9342,A,A,True
q_012969,4438,11289,A,A,True
q_012970,123,11548,A,B,False
q_012971,3234,11095,A,B,False
q_012972,175,8189,A,B,False
q_012973,2782,8375,A,B,False
q_012974,5832,10662,B,A,False
q_012975,260,7152,B,B,True
q_012976,654,3441,B,B,True
q_012977,1922,12594,A,B,False
q_012978,4617,10283,B,A,False
q_012979,3316,3675,B,B,True
q_012980,8317,6665,A,A,True
q_012981,8447,11377,A,B,False
q_012982,4219,3673,A,A,True
q_012983,146,10789,A,A,True
q_012984,1066,7374,A,B,False
q_012985,2039,11634,B,B,True
q_012986,7623,4129,A,A,True
q_012987,4172,10773,A,A,True
q_012988,1135,1000,B,A,False
q_012989,155,8841,A,A,True
q_012990,503,8342,B,A,False
q_012991,1166,5616,B,B,True
q_012992,3212,7548,A,B,False
q_012993,5998,8149,A,B,False
q_012994,2333,7240,A,A,True
q_012995,11555,4754,A,A,True
q_012996,2972,3420,A,A,True
q_012997,7451,7054,B,B,True
q_012998,8560,3888,A,A,True
q_012999,11624,4602,A,A,True
q_013000,1914,861,B,B,True
q_013001,4154,10083,B,B,True
q_013002,3360,8942,A,A,True
q_013003,7361,9056,B,B,True
q_013004,1807,6774,B,B,True
q_013005,1496,11149,B,A,False
q_013006,11677,9937,A,A,True
q_013007,8459,9822,B,B,True
q_013008,378,2527,A,B,False
q_013009,517,8446,B,B,True
q_013010,11425,12453,B,B,True
q_013011,11980,9554,B,A,False
q_013012,3181,3528,B,B,True
q_013013,593,4019,B,A,False
q_013014,8648,9557,A,B,False
q_013015,5099,7481,A,B,False
q_013016,11293,9361,B,A,False
q_013017,12199,7311,B,B,True
q_013018,5152,9661,A,B,False
q_013019,7286,9992,B,B,True
q_013020,124,6223,B,B,True
q_013021,1886,6461,A,A,True
q_013022,962,9911,A,A,True
q_013023,2279,12539,A,B,False
q_013024,6871,2619,A,A,True
q_013025,2917,9557,A,A,True
q_013026,2598,7292,A,B,False
q_013027,1900,5056,B,A,False
q_013028,171,10443,A,A,True
q_013029,5965,9655,B,B,True
q_013030,4856,8092,B,A,False
q_013031,9297,9061,B,A,False
q_013032,420,11506,B,A,False
q_013033,12283,8275,B,A,False
q_013034,6491,9612,A,B,False
q_013035,8314,2676,A,A,True
q_013036,4325,8197,A,A,True
q_013037,3862,3978,A,A,True
q_013038,827,8766,B,A,False
q_013039,5053,12312,A,A,True
q_013040,3065,8649,A,A,True
q_013041,5701,1140,A,B,False
q_013042,1855,4535,A,A,True
q_013043,565,11737,A,A,True
q_013044,11478,9350,B,B,True
q_013045,1635,2790,A,A,True
q_013046,1276,2716,A,B,False
q_013047,6934,4350,A,A,True
q_013048,74,1827,B,A,False
q_013049,12701,5100,B,A,False
q_013050,2401,4149,A,A,True
q_013051,1706,3846,B,B,True
q_013053,335,3722,B,B,True
q_013054,163,853,B,B,True
q_013055,8051,6517,B,B,True
q_013056,2957,3461,A,A,True
q_013057,1063,396,B,A,False
q_013058,280,3702,A,A,True
q_013059,12274,3482,A,B,False
q_013060,1503,5389,B,B,True
q_013061,11551,12610,B,B,True
q_013062,2117,3899,B,B,True
q_013063,1075,8954,B,A,False
q_013064,6931,9765,A,B,False
q_013065,644,11033,B,A,False
q_013066,910,6370,B,B,True
q_013067,5701,4174,A,B,False
q_013068,6451,9564,B,A,False
q_013069,2181,858,A,A,True
q_013070,2154,5909,A,B,False
q_013071,1562,3889,A,A,True
q_013072,12018,10249,A,B,False
q_013073,7460,10278,A,A,True
q_013074,438,9014,B,A,False
q_013075,6425,8461,A,B,False
q_013076,332,11770,B,B,True
q_013077,3031,9439,A,B,False
q_013078,11711,3468,A,A,True
q_013079,9138,11337,B,B,True
q_013080,2357,3062,A,B,False
q_013081,3134,8994,B,B,True
q_013082,1969,9203,B,A,False
q_013084,12454,9109,A,B,False
q_013085,6869,6582,B,A,False
q_013086,760,8487,B,A,False
q_013087,3288,10406,A,A,True
q_013088,898,190,A,A,True
q_013089,8150,10747,A,A,True
q_013090,12252,10119,A,A,True
q_013091,451,1593,B,A,False
q_013092,657,10131,B,B,True
q_013093,7109,10295,B,A,False
q_013094,547,8309,B,A,False
q_013095,4113,9169,A,B,False
q_013096,2566,12012,A,A,True
q_013097,3557,8959,B,A,False
q_013098,1995,3740,A,B,False
q_013099,8579,10971,B,B,True
q_013100,2155,4525,A,B,False
q_013101,3053,4268,A,B,False
q_013102,1071,6436,B,A,False
q_013103,2054,10671,A,A,True
q_013104,11764,10095,B,B,True
q_013105,998,8831,B,B,True
q_013106,207,10202,A,B,False
q_013107,2032,10788,A,A,True
q_013108,1764,9109,A,A,True
q_013109,4841,10651,B,B,True
q_013110,7646,5549,B,B,True
q_013111,7961,10852,A,A,True
q_013112,4874,8891,A,A,True
q_013113,1837,2889,B,B,True
q_013114,7422,2991,B,A,False
q_013115,4017,11123,A,A,True
q_013116,8413,3696,A,B,False
q_013117,2919,9589,B,B,True
q_013118,1637,6662,B,B,True
q_013119,5750,5221,A,A,True
q_013120,6000,9216,B,B,True
q_013121,4481,9307,A,A,True
q_013122,1388,11879,A,A,True
q_013123,1501,3931,A,A,True
q_013124,3092,6721,B,A,False
q_013125,80,11999,B,B,True
q_013126,2031,7598,B,B,True
q_013127,7669,5568,A,A,True
q_013128,11833,10282,B,B,True
q_013129,7636,8772,B,B,True
q_013130,12602,9122,B,B,True
q_013131,7310,7974,A,B,False
q_013132,11214,9693,B,A,False
q_013133,6375,3407,A,A,True
q_013134,4115,7905,A,B,False
q_013135,7835,10306,A,A,True
q_013136,8398,9563,B,A,False
q_013137,6194,11414,B,B,True
q_013138,12144,3739,A,B,False
q_013139,8886,9687,A,B,False
q_013140,402,3753,A,B,False
q_013141,7765,6766,A,B,False
q_013142,5032,11419,A,A,True
q_013143,5287,8198,B,B,True
q_013144,3401,10229,B,A,False
q_013145,7706,8636,B,B,True
q_013146,156,4545,A,A,True
q_013147,5503,7305,A,A,True
q_013148,2898,8222,A,A,True
q_013149,7939,6489,B,B,True
q_013150,2520,3811,A,A,True
q_013152,11934,12042,A,A,True
q_013153,1092,9626,B,A,False
q_013154,7661,5265,B,B,True
q_013155,11566,12312,A,A,True
q_013156,177,5089,B,A,False
q_013157,12197,4257,A,B,False
q_013158,3146,4474,B,A,False
q_013159,2855,10428,A,A,True
q_013160,4970,12040,A,A,True
q_013161,7647,9807,B,B,True
q_013162,2310,7758,A,B,False
q_013163,2938,9521,B,B,True
q_013164,3046,12692,A,B,False
q_013165,2262,12653,B,A,False
q_013166,4366,2883,A,B,False
q_013167,6086,5343,A,A,True
q_013168,5128,9439,B,B,True
q_013169,3769,3269,A,A,True
q_013170,1942,7176,B,A,False
q_013171,44,789,A,B,False
q_013172,392,7799,B,B,True
q_013173,532,12284,A,A,True
q_013174,7891,10804,A,A,True
q_013175,1209,10976,B,B,True
q_013176,1962,4176,B,A,False
q_013177,6527,63,A,B,False
q_013178,8573,5055,A,B,False
q_013179,3229,4156,A,B,False
q_013180,4221,9459,A,A,True
q_013181,3944,8805,B,A,False
q_013182,5175,11922,B,A,False
q_013183,5525,5465,A,B,False
q_013184,3905,10282,A,A,True
q_013185,2959,10207,A,A,True
q_013186,12540,6139,A,B,False
q_013187,798,12701,B,B,True
q_013188,3286,9802,A,B,False
q_013189,904,4435,B,A,False
q_013190,262,9925,A,A,True
q_013191,2314,3105,B,A,False
q_013192,2020,11392,A,A,True
q_013193,3397,4022,A,B,False
q_013194,5119,9449,B,B,True
q_013195,1186,1880,A,A,True
q_013196,1034,7760,B,B,True
q_013197,4640,5007,A,B,False
q_013198,6991,5118,A,B,False
q_013199,221,11717,B,A,False
q_013200,5907,10751,B,B,True
q_013201,1454,3324,B,B,True
q_013202,3025,12687,A,A,True
q_013203,2140,3452,B,B,True
q_013204,4816,10190,B,B,True
q_013205,8447,2031,A,B,False
q_013206,3402,10475,A,B,False
q_013207,6237,9303,B,A,False
q_013208,998,6422,A,A,True
q_013209,601,1342,A,B,False
q_013210,11545,7740,B,B,True
q_013211,11003,10010,B,A,False
q_013212,6803,1395,A,B,False
q_013213,2809,9090,B,B,True
q_013214,1387,6929,A,A,True
q_013215,1380,12418,A,A,True
q_013216,3869,8137,A,B,False
q_013217,128,11922,A,A,True
q_013218,6342,10981,A,A,True
q_013219,7424,9088,B,B,True
q_013220,3663,5235,A,B,False
q_013221,3260,8717,A,A,True
q_013222,6509,5392,B,B,True
q_013223,5203,6474,A,A,True
q_013224,2106,9039,B,B,True
q_013225,1418,11289,A,A,True
q_013226,2310,2178,A,B,False
q_013227,7024,12520,A,A,True
q_013228,9186,9891,B,A,False
q_013229,1593,4136,A,A,True
q_013230,3829,4344,B,B,True
q_013231,5234,120,A,B,False
q_013232,2302,4105,A,A,True
q_013233,7452,10821,B,B,True
q_013234,12345,11952,A,A,True
q_013235,6676,3111,A,B,False
q_013236,3695,210,A,B,False
q_013237,3392,10316,A,B,False
q_013238,7402,2385,A,B,False
q_013240,6623,4314,A,A,True
q_013241,3473,10361,B,B,True
q_013242,3162,2699,A,A,True
q_013243,194,36,A,A,True
q_013244,178,9195,A,B,False
q_013245,7463,5437,A,A,True
q_013246,7847,8715,B,B,True
q_013247,159,5043,B,A,False
q_013248,1505,2545,A,B,False
q_013249,4212,11560,A,B,False
q_013250,12580,5969,A,B,False
q_013251,8155,5506,B,B,True
q_013252,6628,11296,A,A,True
q_013253,7409,2841,B,B,True
q_013254,3962,4708,B,B,True
q_013255,2331,2561,A,A,True
q_013256,4777,7251,A,B,False
q_013257,8894,10230,B,A,False
q_013258,8420,11222,B,A,False
q_013259,2894,8606,A,A,True
q_013260,7735,5461,A,A,True
q_013261,769,9364,B,B,True
q_013262,583,7960,B,B,True
q_013263,11192,9039,B,B,True
q_013264,1708,8245,A,B,False
q_013265,424,7363,B,A,False
q_013266,1437,2845,B,B,True
q_013267,11195,10069,A,B,False
q_013268,5738,8652,B,B,True
q_013269,3340,10030,A,A,True
q_013270,6224,8769,A,B,False
q_013271,1551,10115,A,A,True
q_013272,11771,6309,A,B,False
q_013273,8926,10282,B,B,True
q_013274,719,4149,A,A,True
q_013275,7403,10087,A,A,True
q_013276,689,9594,A,A,True
q_013277,12622,4905,B,A,False
q_013278,4563,8277,B,A,False
q_013279,300,2276,A,B,False
q_013280,9151,9005,B,B,True
q_013281,919,10397,B,B,True
q_013282,7550,9868,A,B,False
q_013283,8948,2619,B,A,False
q_013284,9518,8781,B,B,True
q_013285,4307,3734,A,B,False
q_013286,1528,9351,A,A,True
q_013287,7729,7983,B,B,True
q_013288,1187,4610,A,A,True
q_013289,1270,4977,A,B,False
q_013290,2385,192,A,B,False
q_013291,915,4237,B,A,False
q_013292,3807,10571,B,B,True
q_013293,326,11349,A,A,True
q_013294,4434,11924,A,A,True
q_013295,1805,11647,A,A,True
q_013296,430,2193,A,B,False
q_013297,2401,3956,A,B,False
q_013298,123,9431,A,A,True
q_013299,8395,8486,A,B,False
q_013300,7391,8167,A,B,False
q_013301,12570,9944,B,A,False
q_013302,8003,4224,B,B,True
q_013303,8507,10574,B,B,True
q_013304,2156,6380,A,B,False
q_013305,2937,6672,A,A,True
q_013306,3698,11638,B,B,True
q_013307,6619,11208,B,B,True
q_013308,7609,11666,B,B,True
q_013309,7746,4789,B,A,False
q_013310,1693,8903,B,B,True
q_013311,7622,10460,B,B,True
q_013312,2939,9977,A,A,True
q_013314,2351,6889,A,B,False
q_013315,4534,10013,B,A,False
q_013316,3182,2994,B,B,True
q_013317,6669,5390,B,B,True
q_013318,1755,5325,A,A,True
q_013319,4224,7332,A,A,True
q_013320,9028,9100,A,B,False
q_013321,1259,11226,B,B,True
q_013322,4149,3648,B,A,False
q_013323,6844,1725,B,B,True
q_013324,842,10488,A,B,False
q_013325,8456,10795,B,B,True
q_013326,11879,9575,B,A,False
q_013327,4595,3241,A,B,False
q_013328,115,9136,B,B,True
q_013329,6362,9093,A,A,True
q_013330,11041,10038,A,A,True
q_013331,3717,10244,A,B,False
q_013332,12103,10791,A,A,True
q_013333,6061,11060,A,A,True
q_013334,965,3567,A,A,True
q_013335,2443,7614,B,A,False
q_013336,536,11265,A,A,True
q_013337,7004,10734,B,B,True
q_013338,140,11175,B,B,True
q_013339,4670,12000,B,B,True
q_013340,2536,3115,B,B,True
q_013341,8449,4074,A,A,True
q_013342,839,8117,A,B,False
q_013343,6480,3555,B,A,False
q_013344,6110,10613,A,B,False
q_013345,8155,5528,A,A,True
q_013346,8153,4982,A,A,True
q_013347,12219,8679,B,B,True
q_013348,553,9638,B,A,False
q_013349,299,1743,B,B,True
q_013350,1016,4334,B,B,True
q_013352,12658,11140,B,B,True
q_013353,1993,11330,A,A,True
q_013354,6839,8244,A,A,True
q_013355,458,10374,A,A,True
q_013356,1280,10957,A,B,False
q_013357,8141,5811,B,B,True
q_013358,7460,12706,A,A,True
q_013359,8393,11905,B,B,True
q_013360,1804,10598,B,B,True
q_013361,8508,11279,B,B,True
q_013362,6267,12521,A,A,True
q_013363,218,7545,B,B,True
q_013364,499,1137,A,A,True
q_013365,6485,10476,A,B,False
q_013366,8527,6900,B,B,True
q_013367,2829,11482,A,B,False
q_013368,4051,8620,A,A,True
q_013369,2951,4482,B,A,False
q_013370,343,11544,A,B,False
q_013371,1054,11971,B,B,True
q_013372,1206,10203,A,A,True
q_013373,9147,11257,B,B,True
q_013375,6385,7089,A,A,True
q_013376,1713,5823,A,A,True
q_013377,605,6042,A,A,True
q_013378,7484,12447,B,B,True
q_013379,5731,3556,A,A,True
q_013380,8124,9825,B,B,True
q_013381,747,4151,A,A,True
q_013382,2726,2448,A,A,True
q_013383,8486,11338,A,A,True
q_013384,9392,11211,B,A,False
q_013385,5992,10395,A,A,True
q_013386,4686,6447,A,B,False
q_013387,6190,5797,A,B,False
q_013388,321,7514,A,B,False
q_013389,3550,10249,A,B,False
q_013390,9230,9034,B,B,True
q_013391,3537,4357,B,A,False
q_013392,3138,6102,A,A,True
q_013393,1565,8546,B,A,False
q_013395,4671,9171,A,A,True
q_013397,7073,5316,B,B,True
q_013399,2974,7063,A,B,False
q_013400,2449,3804,A,A,True
q_013401,7917,8839,B,B,True
q_013402,6101,11397,B,B,True
q_013403,12010,12443,A,B,False
q_013404,759,5676,A,A,True
q_013405,1555,3418,A,A,True
q_013406,4345,6087,B,A,False
q_013407,1318,5826,A,A,True
q_013408,8485,11314,A,A,True
q_013409,5448,6279,A,A,True
q_013410,1549,5555,B,B,True
q_013412,5518,9131,A,A,True
q_013413,6754,2897,A,B,False
q_013414,7418,5144,A,B,False
q_013415,7700,11314,A,A,True
q_013416,5459,9020,B,B,True
q_013417,1999,10150,A,A,True
q_013418,5713,1941,B,B,True
q_013419,1966,6273,B,A,False
q_013420,7860,6315,B,B,True
q_013421,5719,10881,B,B,True
q_013422,1833,11221,A,A,True
q_013423,517,3956,A,A,True
q_013424,1012,10575,A,A,True
q_013426,487,6767,B,A,False
q_013427,7570,7964,A,B,False
q_013428,4868,5241,A,A,True
q_013429,11329,10662,B,A,False
q_013430,7947,5972,A,B,False
q_013431,6367,9401,A,B,False
q_013432,6751,5155,A,A,True
q_013433,2000,10680,A,A,True
q_013434,2203,6672,A,A,True
q_013435,2288,7945,B,A,False
q_013436,3228,4583,A,B,False
q_013437,2031,5711,A,B,False
q_013438,2847,10675,A,A,True
q_013439,5001,11925,B,B,True
q_013440,271,4583,B,B,True
q_013441,4816,10081,A,A,True
q_013442,4981,4997,A,B,False
q_013443,5316,10480,A,A,True
q_013444,898,9569,B,B,True
q_013445,1643,10679,A,A,True
q_013446,4117,3664,A,A,True
q_013447,1215,5387,A,A,True
q_013448,368,3915,A,A,True
q_013449,4949,8922,A,B,False
q_013450,4067,8313,A,B,False
q_013452,3181,12623,B,B,True
q_013453,3495,2856,A,B,False
q_013454,1824,5644,A,A,True
q_013455,6234,9554,A,B,False
q_013456,920,1897,B,A,False
q_013457,8417,7344,A,B,False
q_013458,622,8454,A,B,False
q_013459,10243,11401,B,A,False
q_013460,1123,6932,A,A,True
q_013461,1403,6895,B,B,True
q_013462,2206,9667,A,B,False
q_013463,11336,10852,A,B,False
q_013464,2680,10946,A,A,True
q_013465,11720,10115,B,B,True
q_013466,5875,10587,A,B,False
q_013467,1249,11735,A,A,True
q_013468,5990,7782,A,A,True
q_013469,61,12414,A,A,True
q_013470,1788,5566,B,B,True
q_013471,187,2808,B,B,True
q_013472,3110,11645,A,A,True
q_013473,7584,8783,A,A,True
q_013474,2120,2784,A,A,True
q_013475,4088,10070,B,A,False
q_013476,4990,5002,B,A,False
q_013477,776,4217,A,A,True
q_013478,3682,8911,B,B,True
q_013479,7606,9694,B,B,True
q_013480,1710,7096,A,A,True
q_013481,363,4602,A,A,True
q_013482,3876,10000,B,A,False
q_013483,770,5667,B,B,True
q_013484,3384,9697,B,A,False
q_013485,107,12041,B,B,True
q_013486,12195,10919,A,A,True
q_013487,1206,5594,B,B,True
q_013488,5632,4551,A,A,True
q_013489,1251,11586,B,A,False
q_013490,2429,4662,B,B,True
q_013491,7763,5197,A,B,False
q_013492,1112,7247,A,B,False
q_013493,6682,4404,A,B,False
q_013494,4010,9808,A,B,False
q_013495,1365,5787,B,A,False
q_013496,1429,3389,A,A,True
q_013497,4549,8792,B,A,False
q_013498,2369,10641,A,B,False
q_013499,213,4281,B,A,False
q_013500,2048,5550,A,A,True
q_013501,3443,10756,B,A,False
q_013502,361,4469,B,A,False
q_013503,11688,9878,B,A,False
q_013504,1385,7621,A,B,False
q_013505,278,11562,A,B,False
q_013506,6104,11711,A,A,True
q_013507,1249,5570,A,A,True
q_013508,108,10706,A,B,False
q_013509,1036,8173,B,B,True
q_013510,4596,4031,A,B,False
q_013511,6159,10149,A,A,True
q_013512,5189,3717,A,A,True
q_013513,3772,11247,B,B,True
q_013514,3609,6114,B,A,False
q_013515,3302,5256,A,B,False
q_013516,2855,11402,B,A,False
q_013517,3092,2855,B,A,False
q_013518,1505,12301,B,B,True
q_013519,559,6676,B,B,True
q_013520,3377,6969,A,B,False
q_013521,7511,222,A,A,True
q_013522,7550,5839,A,B,False
q_013523,11561,9389,B,B,True
q_013524,16,12196,A,A,True
q_013525,8614,3816,A,B,False
q_013526,12211,8383,A,A,True
q_013527,4031,5424,A,A,True
q_013528,210,10237,B,B,True
q_013529,6697,8169,A,B,False
q_013530,305,5220,A,A,True
q_013531,2685,10572,B,B,True
q_013532,933,4570,B,B,True
q_013533,6046,11228,B,B,True
q_013534,6176,10328,B,A,False
q_013535,8667,10416,A,B,False
q_013536,224,3404,B,B,True
q_013537,4980,11058,A,A,True
q_013538,496,6014,A,A,True
q_013539,6041,4428,A,B,False
q_013540,1123,11152,B,A,False
q_013541,5495,7408,B,B,True
q_013542,3001,11349,A,B,False
q_013543,3013,5904,A,B,False
q_013544,11776,11589,A,B,False
q_013545,6923,12416,B,B,True
q_013546,684,7356,A,A,True
q_013547,7537,6561,A,A,True
q_013548,2802,6712,A,B,False
q_013549,5336,4894,A,B,False
q_013550,12091,10552,A,B,False
q_013551,1847,5018,A,A,True
q_013552,702,12088,A,A,True
q_013553,6962,3470,A,A,True
q_013554,2565,3757,B,A,False
q_013555,181,4509,B,B,True
q_013556,6377,8433,A,A,True
q_013557,4055,9186,A,A,True
q_013558,5837,3534,A,B,False
q_013559,4837,7380,A,A,True
q_013560,863,8059,A,B,False
q_013561,12144,4881,B,A,False
q_013562,7373,7061,A,B,False
q_013563,2260,7840,A,B,False
q_013564,3726,8939,A,A,True
q_013565,773,705,B,B,True
q_013566,7336,10718,A,B,False
q_013567,3765,8327,A,B,False
q_013568,1082,9177,A,A,True
q_013569,6416,1992,A,A,True
q_013570,1208,5168,B,B,True
q_013571,5756,8838,A,A,True
q_013572,8143,7896,A,A,True
q_013573,73,9139,A,A,True
q_013574,439,9070,B,B,True
q_013575,12463,9635,A,A,True
q_013576,3065,6719,A,A,True
q_013577,10753,10872,B,A,False
q_013578,4442,924,A,A,True
q_013579,4763,6234,A,A,True
q_013580,7323,10007,B,B,True
q_013581,4155,11701,A,B,False
q_013582,952,9029,A,A,True
q_013583,7981,9077,A,B,False
q_013584,8413,3728,A,B,False
q_013585,7393,12627,B,B,True
q_013586,1821,4163,A,A,True
q_013587,8028,3536,A,A,True
q_013588,2521,9196,A,A,True
q_013589,12667,7058,A,B,False
q_013590,6454,10887,A,B,False
q_013591,2290,9818,B,A,False
q_013592,12409,10360,B,B,True
q_013593,2415,4490,A,B,False
q_013594,1458,2820,B,B,True
q_013595,7061,11884,B,B,True
q_013596,12097,12069,B,B,True
q_013597,2009,4708,B,B,True
q_013598,332,6193,A,A,True
q_013599,2666,5175,A,A,True
q_013600,4041,6877,A,A,True
q_013601,756,8437,B,B,True
q_013602,3754,2886,A,B,False
q_013603,1893,6265,B,B,True
q_013604,12098,10742,B,B,True
q_013605,4513,4823,B,A,False
q_013606,268,4829,B,A,False
q_013607,5352,11244,B,B,True
q_013608,165,3488,A,B,False
q_013609,6892,9820,B,A,False
q_013610,11594,9692,A,A,True
q_013611,6687,10338,A,B,False
q_013612,3185,1116,A,A,True
q_013613,170,12072,A,A,True
q_013614,9827,8652,B,B,True
q_013615,5392,10687,A,B,False
q_013616,11711,10849,B,B,True
q_013617,7335,10013,B,B,True
q_013618,6017,9661,A,B,False
q_013619,2134,9612,B,A,False
q_013620,8042,8772,B,A,False
q_013621,3631,9618,A,B,False
q_013622,997,3613,B,B,True
q_013623,4295,11476,A,B,False
q_013626,8320,9238,A,B,False
q_013627,6376,7261,B,A,False
q_013628,5056,7040,A,A,True
q_013629,2443,11550,A,B,False
q_013630,11065,9796,B,A,False
q_013631,8059,9139,A,A,True
q_013632,2092,7441,A,B,False
q_013633,2415,1227,A,B,False
q_013634,1570,1776,A,A,True
q_013635,1569,7802,A,B,False
q_013636,318,9057,A,A,True
q_013637,12314,10163,A,B,False
q_013638,1310,4673,B,B,True
q_013639,3492,8364,A,B,False
q_013640,4294,12481,B,B,True
q_013641,8037,11898,A,B,False
q_013642,592,4073,A,A,True
q_013643,6225,10678,B,A,False
q_013644,1024,5884,B,B,True
q_013645,424,6656,A,B,False
q_013646,11853,9762,A,B,False
q_013647,2467,7298,A,A,True
q_013648,4720,8733,B,B,True
q_013649,7094,6984,A,B,False
q_013650,10417,9345,A,A,True
q_013651,190,7472,B,A,False
q_013652,8209,10777,B,B,True
q_013653,5119,10943,B,B,True
q_013654,2083,9230,A,A,True
q_013655,7878,8636,A,A,True
q_013656,1151,12296,B,B,True
q_013657,5506,9462,A,A,True
q_013658,9538,10419,A,A,True
q_013659,6276,11148,A,B,False
q_013660,8203,7404,B,A,False
q_013661,7858,10059,A,A,True
q_013662,1539,7153,A,A,True
q_013663,3271,10226,A,B,False
q_013664,4271,10067,B,B,True
q_013665,6684,12373,B,B,True
q_013666,989,3432,B,B,True
q_013667,2495,5092,B,A,False
q_013668,7359,11629,A,B,False
q_013669,2063,9205,A,B,False
q_013670,378,3318,B,B,True
q_013671,711,876,A,A,True
q_013672,80,2983,B,A,False
q_013673,8084,6576,B,B,True
q_013674,4259,4424,B,A,False
q_013675,673,12495,A,B,False
q_013676,11328,10084,A,A,True
q_013677,6714,11382,B,A,False
q_013678,127,9230,A,A,True
q_013679,8921,8716,B,A,False
q_013680,6476,11580,B,A,False
q_013681,12587,5327,B,B,True
q_013682,1212,12067,A,A,True
q_013683,5297,9185,B,A,False
q_013684,1782,984,A,B,False
q_013685,1560,4310,A,A,True
q_013686,851,3248,B,A,False
q_013687,7640,3835,A,A,True
q_013688,4890,10002,B,B,True
q_013689,1014,5645,A,A,True
q_013690,7645,6107,A,A,True
q_013691,2817,10972,B,A,False
q_013692,979,147,B,B,True
q_013693,5306,11410,B,B,True
q_013694,3036,7386,A,B,False
q_013695,2564,12117,A,B,False
q_013696,1717,4953,A,A,True
q_013697,1274,12116,B,A,False
q_013698,1544,4405,B,A,False
q_013699,3763,12651,A,A,True
q_013700,11964,10600,B,A,False
q_013701,5882,4713,A,A,True
q_013702,2100,7330,A,A,True
q_013703,8155,9012,B,B,True
q_013705,5181,8930,A,A,True
q_013706,4189,9422,B,B,True
q_013707,1773,9987,A,A,True
q_013708,1922,316,A,B,False
q_013709,4280,6301,B,B,True
q_013710,8014,10111,A,A,True
q_013711,7072,2965,B,A,False
q_013712,2284,12358,B,B,True
q_013713,4168,12206,A,B,False
q_013714,7610,10316,B,B,True
q_013715,2732,3050,A,A,True
q_013717,1428,10213,B,B,True
q_013718,3408,4221,A,B,False
q_013719,2762,9045,B,B,True
q_013720,3166,10561,A,A,True
q_013721,1780,11508,A,A,True
q_013722,3048,4708,A,B,False
q_013723,1083,11772,A,B,False
q_013724,1111,12648,B,B,True
q_013725,4126,10868,B,B,True
q_013726,3446,5889,B,A,False
q_013727,6714,9905,A,B,False
q_013728,2773,3864,B,B,True
q_013729,1611,4504,B,B,True
q_013730,3287,3604,A,A,True
q_013731,1775,6577,B,A,False
q_013732,8139,8855,B,B,True
q_013733,552,8681,B,B,True
q_013734,452,6083,A,B,False
q_013735,1363,8241,A,A,True
q_013736,8546,6087,B,B,True
q_013737,1440,7159,A,A,True
q_013738,6672,10523,B,B,True
q_013739,5086,8653,A,A,True
q_013740,4808,5246,A,A,True
q_013741,68,7207,A,A,True
q_013742,4059,8914,A,A,True
q_013743,5564,9168,B,B,True
q_013744,1577,9611,A,A,True
q_013745,4448,6864,A,A,True
q_013746,1805,3425,A,A,True
q_013747,994,2877,B,B,True
q_013748,4009,5330,A,B,False
q_013749,6354,6907,A,A,True
q_013750,1482,11970,B,B,True
q_013751,688,330,B,A,False
q_013752,2757,11417,B,B,True
q_013753,899,4170,B,B,True
q_013754,180,9202,A,A,True
q_013756,12336,9468,A,B,False
q_013758,1160,12290,B,B,True
q_013759,799,4307,A,A,True
q_013760,451,11147,A,B,False
q_013761,8287,7901,B,A,False
q_013762,6123,2962,A,B,False
q_013763,4922,5054,B,A,False
q_013764,1189,11461,A,A,True
q_013765,7459,10188,B,B,True
q_013766,9250,9718,B,B,True
q_013767,4444,11909,A,A,True
q_013768,11825,9281,A,A,True
q_013769,12161,9085,B,B,True
q_013770,6552,11268,A,B,False
q_013771,7361,5408,A,A,True
q_013772,7919,8942,B,B,True
q_013773,2034,3358,A,A,True
q_013774,3197,10104,B,B,True
q_013775,7734,8720,A,A,True
q_013776,5601,5595,A,A,True
q_013777,7982,9961,B,A,False
q_013778,6681,3522,B,B,True
q_013779,837,7908,A,B,False
q_013780,8448,6033,A,A,True
q_013781,4088,7751,A,A,True
q_013782,4634,12396,A,A,True
q_013783,810,10043,A,A,True
q_013784,4456,9628,B,B,True
q_013785,1457,2668,B,B,True
q_013786,1540,2827,B,B,True
q_013787,1962,11456,A,B,False
q_013788,1301,4779,A,B,False
q_013789,1574,5271,A,A,True
q_013790,3881,10580,B,A,False
q_013791,11769,9375,B,B,True
q_013792,7431,7694,B,A,False
q_013793,175,11423,B,B,True
q_013794,10984,11365,B,A,False
q_013795,7648,12575,A,A,True
q_013796,6618,4181,A,A,True
q_013797,7420,12039,A,A,True
q_013799,4575,8949,A,B,False
q_013800,9507,9909,B,A,False
q_013801,6697,3198,B,A,False
q_013802,9109,10923,B,B,True
q_013803,3685,8841,A,A,True
q_013804,12494,10666,B,B,True
q_013805,4030,10810,B,B,True
q_013806,230,915,B,A,False
q_013807,5060,6069,A,A,True
q_013809,10450,10382,A,A,True
q_013810,3393,9205,A,B,False
q_013811,643,9471,B,A,False
q_013812,10681,10574,A,A,True
q_013813,2773,10272,A,A,True
q_013814,4698,10267,B,B,True
q_013815,2161,12546,A,A,True
q_013816,2002,8401,B,A,False
q_013817,4706,6697,A,A,True
q_013818,1076,5546,B,A,False
q_013819,1023,9493,A,A,True
q_013820,3005,9984,B,B,True
q_013821,4369,7660,B,A,False
q_013822,8237,7277,A,B,False
q_013823,8470,12532,A,A,True
q_013824,647,5353,A,B,False
q_013825,10091,9401,B,A,False
q_013826,908,1394,A,B,False
q_013827,9526,9664,A,B,False
q_013828,3888,10316,A,A,True
q_013829,1717,11254,A,A,True
q_013830,2906,11725,A,A,True
q_013831,4438,4632,B,B,True
q_013832,590,9272,A,A,True
q_013833,8304,8648,B,B,True
q_013834,1147,9258,A,A,True
q_013835,274,3561,B,B,True
q_013836,12393,8926,B,A,False
q_013837,7555,5514,A,B,False
q_013838,1415,7709,A,A,True
q_013839,11798,9545,A,A,True
q_013840,2093,10073,B,B,True
q_013841,1046,10051,B,B,True
q_013842,5551,7453,A,A,True
q_013843,5338,11515,A,B,False
q_013844,5891,8674,B,B,True
q_013845,6464,2472,A,B,False
q_013846,6993,8900,A,A,True
q_013847,2403,4241,A,B,False
q_013848,2834,4470,A,B,False
q_013849,2483,2148,B,B,True
q_013850,4328,8810,A,B,False
q_013851,3310,11832,A,B,False
q_013852,566,6558,A,A,True
q_013853,7672,11589,A,B,False
q_013854,1374,3156,A,B,False
q_013855,3925,9540,B,A,False
q_013856,625,1770,B,B,True
q_013857,4656,12386,B,B,True
q_013858,2616,8904,A,A,True
q_013859,3068,11095,A,A,True
q_013860,1049,5264,A,B,False
q_013861,7395,9188,A,B,False
q_013862,1530,12169,A,B,False
q_013863,7622,7292,B,B,True
q_013864,3442,9757,A,B,False
q_013865,9559,8855,A,A,True
q_013866,423,8714,B,A,False
q_013867,8183,9830,A,B,False
q_013868,584,3772,B,B,True
q_013869,8664,8980,B,A,False
q_013870,249,12247,B,A,False
q_013871,1511,11506,A,B,False
q_013872,4609,11206,A,B,False
q_013873,7159,11013,A,A,True
q_013874,1798,8209,A,A,True
q_013875,862,3315,A,B,False
q_013876,6977,11110,B,B,True
q_013877,12658,3441,B,B,True
q_013878,3330,3744,A,B,False
q_013879,8999,4899,A,B,False
q_013880,11929,10111,B,B,True
q_013881,1525,6278,A,B,False
q_013882,4162,6448,B,A,False
q_013883,4016,6970,A,A,True
q_013884,3699,5097,A,B,False
q_013885,7581,7287,B,B,True
q_013886,12211,2816,A,A,True
q_013887,4974,4862,A,B,False
q_013888,11649,9823,A,B,False
q_013889,10529,9833,B,A,False
q_013890,12151,10811,A,A,True
q_013891,9194,8669,A,A,True
q_013892,7399,11708,B,A,False
q_013893,2712,9076,B,B,True
q_013894,2019,12404,B,B,True
q_013895,6847,9089,B,B,True
q_013896,5145,10634,A,A,True
q_013897,10007,11313,B,A,False
q_013898,122,12496,A,A,True
q_013899,7566,11324,B,A,False
q_013900,2166,9024,A,A,True
q_013901,5018,12288,A,A,True
q_013902,4526,4832,A,B,False
q_013903,1515,11746,B,A,False
q_013904,9154,11235,A,A,True
q_013905,456,8030,B,A,False
q_013907,8599,9110,A,A,True
q_013908,414,866,A,B,False
q_013909,6064,9936,A,A,True
q_013910,430,3373,B,A,False
q_013911,5402,3662,A,A,True
q_013912,2060,12317,B,B,True
q_013913,139,6989,B,A,False
q_013914,1784,7109,A,A,True
q_013915,4635,8730,B,B,True
q_013916,3083,6095,A,B,False
q_013917,4352,11551,A,B,False
q_013918,3701,6524,B,B,True
q_013919,1929,4533,B,B,True
q_013920,635,4245,B,A,False
q_013921,1996,2233,A,B,False
q_013922,690,9913,B,A,False
q_013923,7324,9773,A,B,False
q_013924,5552,7735,A,B,False
q_013925,2381,5032,A,B,False
q_013926,8471,7240,A,A,True
q_013927,1219,6151,B,B,True
q_013928,1414,11839,A,A,True
q_013929,7177,12330,A,A,True
q_013930,2892,11916,B,B,True
q_013931,6834,9642,B,B,True
q_013932,10826,10275,B,B,True
q_013933,2201,6953,B,A,False
q_013934,6656,10213,A,B,False
q_013935,7594,6712,B,B,True
q_013936,2110,10292,B,B,True
q_013937,2126,7209,B,B,True
q_013938,10851,9357,B,B,True
q_013939,5672,9830,A,B,False
q_013940,11323,9268,A,A,True
q_013941,1841,4595,A,A,True
q_013942,5690,8944,A,B,False
q_013943,3160,1062,A,A,True
q_013944,2805,10728,A,B,False
q_013945,1387,12087,A,A,True
q_013946,2644,3738,A,A,True
q_013947,7708,7131,A,A,True
q_013948,68,10449,A,A,True
q_013949,344,2459,A,B,False
q_013950,8958,8780,A,B,False
q_013951,1898,10428,B,B,True
q_013952,7059,11070,A,A,True
q_013953,2500,11018,A,A,True
q_013954,9621,9911,A,A,True
q_013955,1550,9988,A,A,True
q_013956,36,1875,A,B,False
q_013957,8960,8966,B,B,True
q_013958,4402,7957,B,B,True
q_013959,12310,5299,B,A,False
q_013960,547,6058,A,A,True
q_013961,7359,12269,A,A,True
q_013962,5707,7260,B,B,True
q_013963,296,3486,A,A,True
q_013964,1201,4924,B,B,True
q_013965,0,9739,B,B,True
q_013966,12656,3365,B,B,True
q_013967,4026,10384,B,B,True
q_013968,12500,12348,A,A,True
q_013969,6041,7995,A,B,False
q_013970,345,2440,A,A,True
q_013972,10187,10356,A,A,True
q_013973,693,4363,B,B,True
q_013974,1003,11202,B,B,True
q_013975,65,6434,A,A,True
q_013976,7247,11171,B,A,False
q_013977,734,1722,B,B,True
q_013978,11843,10904,B,A,False
q_013979,1626,6942,B,B,True
q_013980,910,5559,A,B,False
q_013981,6718,3273,B,B,True
q_013982,4157,9697,B,A,False
q_013983,7660,11524,A,B,False
q_013984,3189,9784,A,A,True
q_013985,6590,10295,A,A,True
q_013986,12430,9832,B,A,False
q_013987,5245,10125,A,A,True
q_013988,1943,9769,B,A,False
q_013989,11290,10652,A,B,False
q_013990,225,11020,A,A,True
q_013991,6031,9338,B,A,False
q_013992,6699,8904,A,A,True
q_013993,5809,4973,A,B,False
q_013994,1271,11301,B,B,True
q_013996,6584,5160,A,A,True
q_013997,7847,9429,A,A,True
q_013998,17,5081,B,A,False
q_013999,145,9443,B,B,True
q_014000,1135,7661,B,A,False
q_014001,11455,12483,A,A,True
q_014002,6551,8125,A,B,False
q_014003,7607,11979,A,A,True
q_014004,2406,10765,B,A,False
q_014006,40,1301,B,B,True
q_014007,7097,11310,B,A,False
q_014008,7884,9515,A,A,True
q_014009,5775,9790,A,A,True
q_014010,6620,10620,B,B,True
q_014011,11695,10312,B,B,True
q_014012,1513,10723,B,B,True
q_014013,685,7445,B,A,False
q_014014,3221,7006,B,A,False
q_014015,16,240,B,B,True
q_014016,7282,9922,A,A,True
q_014017,6712,8649,B,B,True
q_014018,6835,11387,A,A,True
q_014019,1183,936,A,A,True
q_014020,1856,11666,A,A,True
q_014021,8528,12409,A,A,True
q_014022,7504,6217,A,A,True
q_014023,7465,69,A,B,False
q_014024,5522,5032,B,A,False
q_014025,8141,9125,B,B,True
q_014026,8368,9514,B,B,True
q_014027,2405,3092,B,B,True
q_014028,10453,9662,B,A,False
q_014029,12294,6272,A,B,False
q_014030,6463,7314,B,A,False
q_014031,7852,4848,B,B,True
q_014032,6685,9459,A,B,False
q_014033,346,3815,A,A,True
q_014034,86,6651,A,B,False
q_014035,342,2308,A,A,True
q_014036,441,12272,B,B,True
q_014037,7031,2829,B,B,True
q_014038,3168,6490,A,A,True
q_014039,12538,10902,B,A,False
q_014040,2995,6450,A,A,True
q_014041,5903,12450,A,A,True
q_014042,4709,10255,B,B,True
q_014043,4285,8400,A,B,False
q_014044,7555,11768,A,B,False
q_014045,6542,6133,B,B,True
q_014046,6373,7560,A,A,True
q_014047,1277,10598,A,B,False
q_014048,2701,7389,B,B,True
q_014049,6461,6635,A,B,False
q_014050,3446,11275,A,B,False
q_014051,1186,7621,B,B,True
q_014052,1016,10590,A,A,True
q_014053,3190,2515,A,B,False
q_014054,4214,8452,A,B,False
q_014055,7778,168,A,B,False
q_014056,7260,12499,A,A,True
q_014057,11431,10565,B,A,False
q_014058,4851,10300,A,A,True
q_014059,12,8428,A,A,True
q_014060,4994,7656,B,A,False
q_014061,2909,9647,A,A,True
q_014062,3391,12690,B,A,False
q_014063,2667,9085,B,B,True
q_014064,4324,5793,A,B,False
q_014065,1574,10476,A,A,True
q_014066,482,6757,B,A,False
q_014067,2110,12541,B,B,True
q_014068,6359,10667,A,A,True
q_014069,8304,7953,A,A,True
q_014070,2283,7889,A,B,False
q_014071,1305,3205,B,A,False
q_014072,5481,10244,A,A,True
q_014073,1288,9384,A,B,False
q_014074,3322,4304,B,B,True
q_014075,7494,11270,A,A,True
q_014076,2810,4602,A,A,True
q_014077,11773,9793,B,A,False
q_014078,1440,10840,A,A,True
q_014079,8389,7135,B,B,True
q_014080,243,4331,A,B,False
q_014081,3857,2508,A,B,False
q_014082,6946,5142,A,B,False
q_014083,1084,9145,A,B,False
q_014084,1610,5806,A,A,True
q_014085,5692,2948,A,B,False
q_014086,1258,5598,A,A,True
q_014087,3641,12223,A,B,False
q_014088,12476,3021,B,B,True
q_014089,12228,10687,A,A,True
q_014090,1958,5495,A,B,False
q_014091,4853,7326,B,B,True
q_014092,486,4160,A,A,True
q_014093,4139,3601,A,A,True
q_014094,5294,2841,B,A,False
q_014095,4175,6480,A,A,True
q_014096,6164,10694,B,A,False
q_014097,3706,7263,B,A,False
q_014098,11463,12450,A,A,True
q_014099,5374,12448,A,B,False
q_014100,4208,9784,B,B,True
q_014101,2040,2811,B,B,True
q_014102,6769,10359,B,B,True
q_014103,7757,4691,B,A,False
q_014104,492,12543,A,A,True
q_014105,5456,8756,A,B,False
q_014106,505,6090,B,B,True
q_014107,1,1589,A,B,False
q_014108,948,10761,A,A,True
q_014109,6821,4865,B,B,True
q_014110,7708,4021,A,B,False
q_014111,7334,10886,B,A,False
q_014112,1151,11316,B,B,True
q_014113,1784,4219,B,B,True
q_014114,8916,12003,A,A,True
q_014115,4303,7421,A,B,False
q_014116,3898,11287,B,B,True
q_014117,4036,5167,A,A,True
q_014118,5608,5839,A,B,False
q_014119,2167,5659,A,B,False
q_014120,240,11021,B,A,False
q_014121,156,10317,A,A,True
q_014122,886,1723,B,B,True
q_014123,3473,5960,B,A,False
q_014124,1824,11535,A,A,True
q_014125,12626,786,B,A,False
q_014126,2925,4872,B,B,True
q_014127,4780,4788,B,B,True
q_014128,1596,7188,A,A,True
q_014129,10295,8885,B,B,True
q_014130,3176,11214,B,B,True
q_014131,9145,6975,B,A,False
q_014132,6635,10601,A,A,True
q_014133,12038,9686,B,A,False
q_014134,4453,10445,A,A,True
q_014135,5426,11287,A,A,True
q_014136,191,10944,A,B,False
q_014137,6501,8994,B,A,False
q_014138,1175,12379,B,B,True
q_014139,6283,8454,A,B,False
q_014140,9015,9942,A,B,False
q_014141,2758,11979,A,A,True
q_014142,550,7777,B,B,True
q_014143,3857,11863,B,B,True
q_014144,5061,10443,A,A,True
q_014145,6732,12668,A,A,True
q_014146,3170,9819,A,A,True
q_014147,1988,10122,A,A,True
q_014148,5014,3837,B,B,True
q_014149,45,5868,B,B,True
q_014150,7724,10352,A,A,True
q_014151,5557,2894,A,A,True
q_014152,5746,6032,A,A,True
q_014153,12623,9318,A,A,True
q_014154,5079,10422,A,A,True
q_014155,1469,926,A,A,True
q_014156,3614,11650,A,A,True
q_014157,12146,4747,B,B,True
q_014158,9646,9555,B,A,False
q_014159,7389,10280,B,A,False
q_014160,3222,5639,A,A,True
q_014161,2700,10659,B,B,True
q_014162,2409,4998,A,B,False
q_014163,9290,10100,A,A,True
q_014164,4083,11192,B,A,False
q_014166,73,11924,A,A,True
q_014167,8038,10682,A,B,False
q_014168,5027,9287,A,A,True
q_014169,4425,9615,A,A,True
q_014170,2140,4724,B,B,True
q_014171,7607,9475,A,A,True
q_014172,2705,6123,B,B,True
q_014173,6914,3450,B,B,True
q_014174,1481,3531,A,B,False
q_014175,2301,3766,A,A,True
q_014176,12439,10963,B,A,False
q_014177,5579,4169,B,B,True
q_014178,4918,12363,B,B,True
q_014179,6097,10749,A,A,True
q_014180,9059,9043,B,A,False
q_014181,6967,7290,B,B,True
q_014182,6812,10641,A,A,True
q_014183,707,10634,A,B,False
q_014184,6341,6301,A,A,True
q_014185,9772,9060,A,B,False
q_014186,1375,11574,A,B,False
q_014187,2318,8592,A,B,False
q_014188,448,830,B,A,False
q_014190,6880,7850,A,B,False
q_014191,5953,6085,A,A,True
q_014192,698,3618,A,A,True
q_014193,4262,6181,B,B,True
q_014194,996,11284,A,A,True
q_014195,393,2985,A,A,True
q_014196,9860,9946,A,B,False
q_014197,130,3461,B,B,True
q_014198,950,10633,B,B,True
q_014199,645,4313,B,A,False
q_014200,161,10265,A,A,True
q_014201,5273,3254,A,A,True
q_014202,6327,10530,A,A,True
q_014203,7895,7266,A,A,True
q_014204,1032,10818,B,B,True
q_014205,792,8311,B,A,False
q_014206,9400,10132,A,A,True
q_014207,820,3437,A,A,True
q_014208,8579,4559,B,B,True
q_014209,569,1511,B,B,True
q_014210,5582,12123,B,A,False
q_014211,8150,8406,B,B,True
q_014212,12464,11066,B,B,True
q_014213,6749,7219,A,B,False
q_014214,2010,5532,A,B,False
q_014215,4288,10589,B,A,False
q_014216,2746,5589,B,B,True
q_014217,1872,2606,A,A,True
q_014218,5926,11835,A,A,True
q_014219,1529,12172,B,A,False
q_014220,282,7160,A,A,True
q_014221,7426,4600,B,B,True
q_014222,1938,8939,B,A,False
q_014223,8095,8629,B,B,True
q_014224,797,6970,A,A,True
q_014225,6751,6175,A,A,True
q_014226,6306,9874,B,A,False
q_014227,1253,10248,A,A,True
q_014228,7574,5115,B,A,False
q_014229,906,11389,B,B,True
q_014230,7449,4509,A,A,True
q_014231,4863,8611,A,A,True
q_014232,5625,12534,A,A,True
q_014233,3773,8768,B,A,False
q_014234,3356,11263,B,A,False
q_014235,8507,2921,A,A,True
q_014236,11663,3729,A,B,False
q_014237,8283,3747,B,A,False
q_014238,10649,9702,A,B,False
q_014239,5072,3999,B,B,True
q_014240,8124,8173,A,A,True
q_014241,86,2666,B,A,False
q_014242,3707,3329,A,B,False
q_014243,12142,12500,A,A,True
q_014244,4944,7326,A,A,True
q_014245,204,11034,B,B,True
q_014246,2765,9811,B,A,False
q_014247,1617,3695,A,A,True
q_014248,1406,12388,A,A,True
q_014249,12678,10626,B,A,False
q_014250,4429,11141,B,B,True
q_014251,1756,4029,A,B,False
q_014252,12399,10183,A,B,False
q_014253,5830,3566,A,B,False
q_014254,8043,10723,B,B,True
q_014255,3339,10816,A,B,False
q_014256,7384,5526,A,B,False
q_014257,3870,8856,A,B,False
q_014258,12387,9628,B,A,False
q_014259,5225,5725,B,B,True
q_014260,5485,7827,A,A,True
q_014261,8457,10680,A,A,True
q_014262,11901,10677,B,B,True
q_014263,1658,9497,A,A,True
q_014264,5078,12509,B,B,True
q_014265,6748,5367,A,A,True
q_014266,325,12295,A,A,True
q_014267,3164,3931,A,A,True
q_014268,5877,8799,B,A,False
q_014269,8600,10069,A,A,True
q_014270,6109,7196,A,B,False
q_014271,1728,11003,B,B,True
q_014272,5441,6204,B,B,True
q_014273,2957,10626,B,B,True
q_014274,8188,3425,A,A,True
q_014275,657,9039,B,A,False
q_014276,10462,10207,B,A,False
q_014277,1985,8869,A,A,True
q_014278,7654,2825,B,B,True
q_014279,5362,8945,A,B,False
q_014280,4277,6500,A,A,True
q_014281,11983,9058,B,A,False
q_014282,3161,3871,A,A,True
q_014283,3347,9726,B,A,False
q_014284,743,5092,B,B,True
q_014285,1206,9991,A,A,True
q_014286,12518,10066,B,A,False
q_014287,10825,8756,B,A,False
q_014288,4693,7154,B,B,True
q_014289,9199,11165,B,B,True
q_014290,1875,3219,A,A,True
q_014291,4311,8810,A,B,False
q_014292,7586,4445,B,A,False
q_014293,10831,9705,B,A,False
q_014294,4472,12348,A,A,True
q_014295,4569,9254,B,A,False
q_014296,1211,3898,B,B,True
q_014298,2666,9394,A,A,True
q_014299,4617,7096,B,A,False
q_014300,1027,1778,A,A,True
q_014301,9335,10356,A,A,True
q_014302,369,8244,A,A,True
q_014303,1673,12698,B,B,True
q_014304,9062,10660,B,A,False
q_014305,7352,8106,A,B,False
q_014306,11557,12513,B,B,True
q_014307,12548,10276,A,B,False
q_014309,11372,9457,B,A,False
q_014310,4794,10079,B,B,True
q_014311,10874,8529,A,B,False
q_014312,6921,10975,A,A,True
q_014313,12129,10071,B,B,True
q_014314,5730,12273,B,B,True
q_014315,2453,1480,A,A,True
q_014316,1589,1733,A,A,True
q_014317,2102,6338,A,B,False
q_014318,3730,12602,A,B,False
q_014319,7451,6758,B,B,True
q_014320,4469,3954,A,A,True
q_014321,5709,9945,B,B,True
q_014322,2197,11415,B,B,True
q_014323,3590,7251,A,B,False
q_014324,5409,9814,B,B,True
q_014325,1353,10140,B,B,True
q_014326,268,10124,B,B,True
q_014327,11838,8871,A,A,True
q_014328,771,9027,B,B,True
q_014329,5304,6259,B,B,True
q_014330,1359,4327,A,B,False
q_014331,9122,10702,B,B,True
q_014332,1394,8364,B,B,True
q_014333,2500,6118,B,B,True
q_014334,2215,6235,A,A,True
q_014335,6792,10753,A,A,True
q_014336,5894,7296,A,B,False
q_014337,276,6453,A,A,True
q_014338,2263,4032,B,B,True
q_014339,6401,9945,B,B,True
q_014340,2669,3309,B,B,True
q_014341,6929,9158,A,A,True
q_014342,2080,12316,A,A,True
q_014343,3381,9345,A,B,False
q_014344,2394,8717,A,A,True
q_014345,3931,8253,A,B,False
q_014346,11813,10630,A,B,False
q_014347,4553,11425,B,B,True
q_014348,1772,3986,B,A,False
q_014349,72,2935,A,B,False
q_014350,4582,1049,A,B,False
q_014351,1468,8863,A,A,True
q_014352,11685,11205,B,B,True
q_014353,1844,12364,B,B,True
q_014354,12460,10370,B,B,True
q_014355,11719,9595,A,B,False
q_014356,7456,5997,B,A,False
q_014357,4130,2837,B,A,False
q_014358,5674,8297,A,B,False
q_014359,7549,3289,B,A,False
q_014360,10676,10312,B,B,True
q_014361,5545,7169,B,B,True
q_014362,621,4894,B,A,False
q_014363,2586,8767,B,A,False
q_014364,4837,4750,A,A,True
q_014365,6244,4533,A,B,False
q_014366,2888,4446,B,A,False
q_014367,855,11172,A,B,False
q_014368,482,3572,B,B,True
q_014369,5118,8647,A,A,True
q_014370,12646,4593,B,B,True
q_014371,3311,12613,B,B,True
q_014372,8146,11640,B,B,True
q_014373,4128,9969,A,A,True
q_014374,3846,9719,B,B,True
q_014375,2071,8176,A,A,True
q_014376,7462,7159,A,A,True
q_014377,8372,7156,B,B,True
q_014378,342,4449,A,B,False
q_014379,6691,11911,B,A,False
q_014380,6050,12473,A,A,True
q_014381,3441,6696,B,A,False
q_014382,11061,8789,B,A,False
q_014383,7037,5117,A,B,False
q_014384,1427,837,B,B,True
q_014385,6260,10603,A,B,False
q_014386,6473,4948,A,A,True
q_014387,11946,10114,B,B,True
q_014388,2709,3896,A,A,True
q_014389,12147,6085,B,B,True
q_014390,7815,8481,B,A,False
q_014391,1660,1744,A,A,True
q_014392,12664,5126,B,A,False
q_014393,7731,11231,A,A,True
q_014394,2183,3234,A,A,True
q_014395,9414,8956,A,A,True
q_014396,9953,11161,B,A,False
q_014397,4748,8800,A,B,False
q_014398,7751,1149,A,B,False
q_014399,4756,9503,A,A,True
q_014400,1849,4424,A,B,False
q_014401,4369,6747,A,B,False
q_014402,7105,11168,A,B,False
q_014403,71,3829,A,B,False
q_014404,6849,3807,A,A,True
q_014405,7999,12480,B,B,True
q_014406,9551,11124,B,B,True
q_014407,4942,7707,A,B,False
q_014408,1862,12680,A,A,True
q_014409,5112,9998,B,B,True
q_014410,2207,7769,A,A,True
q_014411,6909,39,A,B,False
q_014412,602,4096,A,A,True
q_014413,514,10396,B,B,True
q_014414,11396,9615,A,B,False
q_014415,2206,3895,B,B,True
q_014416,6599,4508,B,B,True
q_014417,12194,7921,B,A,False
q_014418,9134,7314,B,B,True
q_014419,6534,9646,B,A,False
q_014420,1113,12442,B,B,True
q_014421,3062,10001,B,B,True
q_014422,1322,11967,B,B,True
q_014423,8371,12437,B,B,True
q_014424,4348,12441,B,B,True
q_014425,7643,6348,B,B,True
q_014426,6883,7008,B,A,False
q_014427,6644,10359,B,B,True
q_014428,662,11039,B,A,False
q_014429,868,11556,A,B,False
q_014430,11570,4833,A,A,True
q_014431,11669,8779,A,A,True
q_014432,11405,9721,B,B,True
q_014433,9093,8855,B,B,True
q_014434,11777,8931,B,B,True
q_014435,3496,12433,B,B,True
q_014436,2384,3854,A,B,False
q_014437,2486,4178,A,A,True
q_014438,8522,3204,A,A,True
q_014439,2717,2952,A,A,True
q_014440,5611,10215,B,A,False
q_014441,371,2517,A,B,False
q_014442,2010,11400,A,B,False
q_014443,4400,6655,A,A,True
q_014444,57,10080,A,A,True
q_014445,1723,7658,B,A,False
q_014446,3500,6497,A,A,True
q_014447,3880,8377,A,B,False
q_014448,6117,8966,B,B,True
q_014449,1335,7365,A,A,True
q_014450,1730,9323,B,B,True
q_014451,341,615,A,A,True
q_014452,3010,5862,A,A,True
q_014453,4499,4056,A,B,False
q_014454,7397,10838,B,B,True
q_014455,2438,9504,A,A,True
q_014456,7809,9942,B,B,True
q_014457,1326,12562,B,B,True
q_014458,12659,12198,A,B,False
q_014459,3849,9083,A,B,False
q_014460,624,1216,A,B,False
q_014461,2821,9699,B,A,False
q_014462,9769,11188,A,A,True
q_014463,2500,7226,B,A,False
q_014464,8203,10577,B,A,False
q_014465,4751,11258,A,B,False
q_014466,12250,9744,B,B,True
q_014467,7699,12129,A,A,True
q_014468,2462,7440,A,B,False
q_014469,440,9936,A,A,True
q_014470,8282,12133,A,B,False
q_014471,4633,8629,A,A,True
q_014472,6719,7228,A,B,False
q_014473,7954,3013,A,A,True
q_014474,12056,10458,A,B,False
q_014475,6125,5187,A,A,True
q_014476,4759,9422,A,A,True
q_014477,7918,10756,A,A,True
q_014478,12112,11379,B,A,False
q_014479,9050,7230,A,B,False
q_014480,1315,8064,B,A,False
q_014481,3683,10675,B,B,True
q_014482,690,5882,B,B,True
q_014483,8963,8940,B,B,True
q_014484,8510,7449,B,A,False
q_014485,10420,9878,B,A,False
q_014486,380,2848,A,A,True
q_014487,7613,5914,A,B,False
q_014488,3609,8908,B,A,False
q_014489,1488,12544,A,A,True
q_014490,1809,7311,B,B,True
q_014491,272,11170,A,B,False
q_014492,1184,98,B,B,True
q_014493,2502,6731,B,B,True
q_014494,10762,11417,A,B,False
q_014495,9092,9997,A,A,True
q_014496,195,12360,A,A,True
q_014497,1383,7636,A,B,False
q_014499,5455,6795,A,B,False
q_014500,506,6502,A,A,True
q_014501,6530,3255,B,A,False
q_014502,1613,3716,B,B,True
q_014503,7205,10843,A,A,True
q_014504,8365,4531,A,A,True
q_014505,7762,4962,B,B,True
q_014506,8504,7262,B,B,True
q_014507,2560,6832,B,A,False
q_014508,7770,10820,B,A,False
q_014509,55,621,B,B,True
q_014510,6409,4014,A,A,True
q_014511,4085,5696,A,B,False
q_014512,5729,5009,A,A,True
q_014513,11537,6558,A,A,True
q_014514,8209,11399,A,B,False
q_014515,11806,9044,B,A,False
q_014516,4476,7130,A,A,True
q_014517,648,2890,A,B,False
q_014518,6659,9595,B,A,False
q_014519,6509,11232,A,A,True
q_014520,6221,10986,B,A,False
q_014521,7198,10504,B,B,True
q_014522,11825,11029,B,B,True
q_014523,6946,8250,A,A,True
q_014524,2663,7265,B,A,False
q_014525,284,4174,B,B,True
q_014526,3253,9618,B,A,False
q_014527,1264,7146,A,A,True
q_014528,1953,6966,B,A,False
q_014529,694,11706,A,A,True
q_014530,160,12319,A,A,True
q_014531,12106,4070,A,A,True
q_014532,4155,10919,A,B,False
q_014533,5568,7992,B,B,True
q_014534,4631,3984,A,B,False
q_014535,7378,11599,A,B,False
q_014536,10870,8652,B,A,False
q_014537,368,4546,B,B,True
q_014538,5710,3388,A,A,True
q_014539,600,10927,B,B,True
q_014540,7519,8183,A,A,True
q_014541,974,11668,A,A,True
q_014542,4384,4023,B,A,False
q_014543,267,9387,A,A,True
q_014544,11424,9555,B,A,False
q_014545,3042,2887,B,A,False
q_014546,6518,10743,B,A,False
q_014547,2344,9020,A,A,True
q_014548,2945,7518,A,B,False
q_014549,105,9617,B,A,False
q_014550,1037,10340,A,A,True
q_014551,290,4986,B,B,True
q_014552,7733,4530,B,B,True
q_014553,8345,5151,A,A,True
q_014554,6791,2840,A,A,True
q_014555,7779,6882,A,B,False
q_014556,1801,6051,A,A,True
q_014557,7358,9400,B,A,False
q_014558,2034,8193,A,A,True
q_014559,5818,9132,A,B,False
q_014560,636,4595,B,A,False
q_014561,1091,5839,B,B,True
q_014562,12156,9195,B,B,True
q_014563,2011,9570,B,A,False
q_014564,73,9786,B,A,False
q_014565,1687,3679,B,B,True
q_014566,1864,315,A,A,True
q_014567,3020,11848,A,B,False
q_014568,2253,9891,B,B,True
q_014569,11607,10855,B,B,True
q_014570,4423,5807,A,A,True
q_014571,8758,10132,A,A,True
q_014572,4709,11936,B,A,False
q_014573,1483,6059,A,B,False
q_014574,4198,10535,B,B,True
q_014575,3499,7296,B,A,False
q_014576,4044,10997,A,A,True
q_014577,1735,2379,A,A,True
q_014578,2774,2373,A,A,True
q_014579,475,4681,B,A,False
q_014580,2599,10365,B,B,True
q_014581,3393,10830,B,A,False
q_014582,1650,5356,B,B,True
q_014583,7540,10532,A,B,False
q_014584,3161,10123,A,A,True
q_014585,583,1835,A,B,False
q_014586,6820,6553,A,A,True
q_014587,2015,8211,B,B,True
q_014588,7974,10778,B,B,True
q_014589,3552,12502,B,B,True
q_014590,8148,9373,A,A,True
q_014591,3342,8730,B,A,False
q_014592,1607,417,A,A,True
q_014593,1007,6968,B,B,True
q_014594,2329,7865,B,A,False
q_014595,11535,5076,B,A,False
q_014596,3727,5070,A,B,False
q_014597,8172,11209,B,B,True
q_014599,5798,9141,A,A,True
q_014600,7483,9546,B,B,True
q_014601,11572,8383,A,A,True
q_014602,1451,5585,A,A,True
q_014603,10963,11169,A,B,False
q_014604,11780,11413,B,B,True
q_014605,6062,11707,A,B,False
q_014606,4329,8841,B,B,True
q_014607,6751,12453,A,A,True
q_014608,9467,10182,A,B,False
q_014609,3960,5749,A,B,False
q_014610,382,1995,B,B,True
q_014611,923,2664,A,A,True
q_014612,7290,10312,B,A,False
q_014613,2098,10001,A,A,True
q_014614,3019,9810,B,A,False
q_014615,1606,7981,A,A,True
q_014616,2169,4227,A,A,True
q_014617,5014,8653,A,A,True
q_014618,2933,12672,B,B,True
q_014619,1116,4915,B,A,False
q_014620,8147,7096,A,A,True
q_014621,3558,10433,B,A,False
q_014622,1569,1782,B,A,False
q_014623,5115,9950,B,B,True
q_014624,6446,9181,B,A,False
q_014625,7853,7986,B,B,True
q_014626,655,4084,B,B,True
q_014627,3956,5535,A,B,False
q_014628,7417,4663,A,A,True
q_014629,1952,2192,A,B,False
q_014630,9693,10592,B,B,True
q_014631,6424,11046,B,B,True
q_014632,322,11156,A,B,False
q_014633,2022,12336,B,B,True
q_014634,297,9286,A,A,True
q_014635,7688,5827,A,A,True
q_014636,8480,8273,B,A,False
q_014637,3938,4155,A,A,True
q_014638,2587,8778,B,A,False
q_014639,604,3142,B,A,False
q_014640,9243,9686,A,B,False
q_014641,468,5604,A,A,True
q_014642,6093,6153,B,B,True
q_014643,7379,4992,B,A,False
q_014644,12296,1071,A,B,False
q_014645,11819,4669,B,A,False
q_014646,2583,10387,A,A,True
q_014647,12244,9285,A,A,True
q_014648,6898,5359,A,B,False
q_014649,74,4437,B,A,False
q_014652,1992,4891,A,A,True
q_014653,8,5448,B,A,False
q_014654,1794,2696,A,B,False
q_014655,2753,3517,B,B,True
q_014656,1015,8064,B,B,True
q_014657,5417,12660,A,A,True
q_014658,752,7445,A,A,True
q_014659,2688,9251,B,B,True
q_014660,1043,10634,B,B,True
q_014661,8190,11253,A,A,True
q_014662,1682,5490,B,A,False
q_014663,4589,9226,A,B,False
q_014664,4189,3635,B,B,True
q_014665,8361,5188,B,B,True
q_014666,3194,7154,A,A,True
q_014667,4944,9964,A,A,True
q_014668,11828,7368,A,A,True
q_014669,1968,11457,A,B,False
q_014670,2522,5177,A,A,True
q_014671,8163,10087,A,A,True
q_014672,12305,11913,A,B,False
q_014673,6204,11937,A,A,True
q_014674,383,1714,A,A,True
q_014675,1679,10898,B,B,True
q_014676,8484,7195,A,A,True
q_014677,11460,9398,B,A,False
q_014678,1632,4902,A,B,False
q_014679,6948,8277,B,A,False
q_014680,6313,3281,A,A,True
q_014681,3622,6621,B,A,False
q_014682,2869,8027,A,B,False
q_014683,5022,11155,A,B,False
q_014684,3040,5184,B,B,True
q_014685,692,10999,A,A,True
q_014686,4562,7983,A,A,True
q_014687,8227,3990,A,B,False
q_014688,3605,9240,B,A,False
q_014689,6821,5526,B,A,False
q_014690,227,6008,B,A,False
q_014691,4317,9972,B,B,True
q_014692,2357,9341,B,A,False
q_014693,688,6057,A,A,True
q_014694,6418,7152,B,B,True
q_014695,3358,10332,A,B,False
q_014696,4058,9321,A,A,True
q_014697,1653,10301,A,A,True
q_014698,1037,4999,B,B,True
q_014699,468,2904,A,B,False
q_014700,7934,8385,B,B,True
q_014701,478,2003,B,A,False
q_014702,11378,7290,A,A,True
q_014703,12109,9069,A,A,True
q_014704,6402,8859,B,B,True
q_014705,2539,7312,A,A,True
q_014706,1485,3180,A,B,False
q_014708,184,11323,B,B,True
q_014709,116,4884,B,A,False
q_014710,4414,10498,B,B,True
q_014711,2920,9002,B,B,True
q_014712,8599,3389,B,B,True
q_014713,535,1795,B,A,False
q_014714,215,9981,A,A,True
q_014715,3508,9945,A,A,True
q_014716,4229,2916,B,B,True
q_014717,7354,8334,B,A,False
q_014718,8535,7275,B,B,True
q_014719,6087,10780,A,A,True
q_014720,9185,9308,B,B,True
q_014721,12232,9785,B,A,False
q_014722,1474,9066,B,B,True
q_014723,7753,11398,B,A,False
q_014724,4571,9819,A,B,False
q_014725,2944,10462,B,B,True
q_014726,2775,5346,A,A,True
q_014727,1177,2340,B,B,True
q_014728,1852,12525,A,A,True
q_014729,1162,11007,A,A,True
q_014730,1537,12142,A,B,False
q_014731,2153,3114,B,A,False
q_014732,5822,10613,B,A,False
q_014733,11353,9956,A,A,True
q_014734,5581,10491,A,A,True
q_014735,11611,11159,A,A,True
q_014736,11541,10524,B,B,True
q_014737,7978,11758,B,A,False
q_014738,6313,3697,A,A,True
q_014739,7675,3789,A,A,True
q_014740,557,6279,A,A,True
q_014741,12082,10677,B,A,False
q_014742,5698,11092,A,A,True
q_014743,6813,9606,B,B,True
q_014744,2205,902,A,B,False
q_014745,10454,8682,B,B,True
q_014746,3790,5766,A,B,False
q_014747,5537,6967,A,B,False
q_014748,8380,9590,B,B,True
q_014749,1854,6150,B,B,True
q_014750,749,798,B,B,True
q_014751,1007,4942,B,B,True
q_014752,12186,12240,B,B,True
q_014753,12163,12025,A,A,True
q_014754,7807,5423,A,A,True
q_014755,8109,5410,B,B,True
q_014757,4453,9915,B,B,True
q_014758,7617,6910,B,B,True
q_014759,472,4527,B,B,True
q_014760,7830,12064,B,B,True
q_014761,4815,10831,B,B,True
q_014762,1037,8004,A,A,True
q_014763,5307,12008,B,B,True
q_014764,2615,9435,A,B,False
q_014765,797,9367,A,A,True
q_014766,2126,6691,A,A,True
q_014767,508,1513,B,B,True
q_014768,12511,2940,B,A,False
q_014769,11357,10033,B,B,True
q_014770,5310,9382,B,B,True
q_014771,8385,6981,B,B,True
q_014772,8723,9862,A,A,True
q_014773,1633,5813,A,A,True
q_014774,6082,8696,B,B,True
q_014775,437,3857,A,B,False
q_014776,1064,6342,B,A,False
q_014777,2849,3951,B,B,True
q_014778,11578,3734,A,A,True
q_014779,3314,3855,A,A,True
q_014780,2543,5984,A,B,False
q_014781,1665,180,B,B,True
q_014782,1694,5181,A,A,True
q_014783,2745,5893,B,B,True
q_014784,2390,2897,B,A,False
q_014785,5762,9381,A,A,True
q_014787,5234,10869,A,A,True
q_014788,31,12152,A,B,False
q_014789,8934,11413,B,A,False
q_014790,7352,5788,A,B,False
q_014791,4955,5334,B,A,False
q_014792,290,8250,B,B,True
q_014793,1131,4058,A,B,False
q_014794,1009,7671,A,B,False
q_014795,12706,10826,A,B,False
q_014796,3923,2517,A,B,False
q_014797,5402,9775,A,B,False
q_014798,11886,8844,A,A,True
q_014799,6827,8327,A,B,False
q_014800,819,4523,A,A,True
q_014801,3237,11815,A,B,False
q_014802,2135,3368,A,A,True
q_014803,4082,9751,B,A,False
q_014804,9486,10573,B,A,False
q_014805,6548,6846,B,B,True
q_014807,6925,6888,B,A,False
q_014808,3107,10280,A,A,True
q_014809,173,10794,B,B,True
q_014810,261,9587,B,A,False
q_014811,12191,10465,A,B,False
q_014812,9508,10525,B,A,False
q_014813,2270,7314,A,A,True
q_014814,385,11511,A,B,False
q_014815,7487,7961,B,B,True
q_014816,6616,7801,B,B,True
q_014817,2687,11000,A,A,True
q_014818,8105,10300,B,B,True
q_014819,10207,9720,B,B,True
q_014820,3756,4430,B,A,False
q_014821,1585,9368,A,A,True
q_014822,482,9239,A,B,False
q_014823,1209,5536,A,A,True
q_014824,2038,24,A,A,True
q_014825,7561,6585,B,A,False
q_014826,7924,5092,A,B,False
q_014827,3275,8364,A,B,False
q_014828,7512,4743,A,A,True
q_014829,8634,10617,B,A,False
q_014830,504,5663,B,B,True
q_014831,2618,6051,A,A,True
q_014832,1463,11939,A,A,True
q_014833,3780,11151,B,A,False
q_014834,8985,9924,A,A,True
q_014835,4280,5864,A,A,True
q_014836,2659,3451,A,A,True
q_014837,1227,10885,B,B,True
q_014839,1342,11006,A,A,True
q_014840,8318,6727,A,B,False
q_014841,2513,10322,A,A,True
q_014842,1624,10353,A,A,True
q_014843,3592,11611,A,B,False
q_014844,7049,8887,B,B,True
q_014845,6307,12101,A,A,True
q_014846,1953,759,B,A,False
q_014847,6249,9514,A,B,False
q_014848,5039,6220,B,B,True
q_014849,1229,2372,A,A,True
q_014850,11096,8783,B,B,True
q_014851,12613,10166,A,A,True
q_014852,6864,9513,B,B,True
q_014853,2052,8049,B,B,True
q_014854,7649,3933,B,B,True
q_014855,4835,7616,A,A,True
q_014856,12700,8683,A,B,False
q_014858,3192,11857,B,B,True
q_014859,4303,10578,B,B,True
q_014860,1389,7303,B,B,True
q_014861,8233,11532,A,B,False
q_014862,6735,9326,B,A,False
q_014863,7530,9091,A,A,True
q_014864,8116,3386,A,A,True
q_014865,465,1705,A,B,False
q_014866,11178,10227,B,A,False
q_014867,122,10931,A,A,True
q_014868,4333,5412,A,A,True
q_014869,5516,9685,A,A,True
q_014870,12656,7268,A,B,False
q_014871,1138,8164,A,B,False
q_014872,2195,6046,A,A,True
q_014873,4545,7810,A,B,False
q_014874,2048,1242,A,A,True
q_014875,2780,2843,B,A,False
q_014876,5363,4533,B,A,False
q_014877,2725,11643,B,B,True
q_014878,11551,4933,B,B,True
q_014879,370,11182,A,A,True
q_014880,11486,9323,B,B,True
q_014881,1959,10406,A,A,True
q_014882,11057,10848,B,B,True
q_014883,4275,9072,B,B,True
q_014884,11704,9319,B,B,True
q_014885,1958,6870,A,B,False
q_014886,6222,9111,B,A,False
q_014887,615,1662,A,B,False
q_014888,5509,9370,B,B,True
q_014889,8309,7084,A,A,True
q_014890,12496,9618,A,B,False
q_014891,8161,3345,A,A,True
q_014892,1052,4685,A,A,True
q_014893,3227,4694,A,B,False
q_014894,3088,7575,B,B,True
q_014895,6006,12045,B,B,True
q_014896,4327,1909,A,A,True
q_014897,12609,6215,A,A,True
q_014898,6818,1437,A,B,False
q_014899,3048,10310,B,A,False
q_014900,8110,5268,B,B,True
q_014901,691,3991,B,A,False
q_014902,7800,3402,B,B,True
q_014903,5316,9258,A,B,False
q_014904,1313,10656,A,B,False
q_014905,2267,7665,A,B,False
q_014906,7845,9319,B,B,True
q_014907,12145,7232,A,B,False
q_014908,5623,3603,A,A,True
q_014909,6842,11355,A,A,True
q_014910,6398,5377,A,A,True
q_014911,4831,9290,A,A,True
q_014912,7940,6674,A,A,True
q_014913,11802,10254,A,A,True
q_014914,10808,11020,B,A,False
q_014915,1442,9001,A,A,True
q_014916,1027,4511,B,B,True
q_014917,8299,3824,A,A,True
q_014918,192,6909,A,A,True
q_014919,1206,6126,A,A,True
q_014920,2200,10567,B,B,True
q_014921,7273,10360,B,B,True
q_014922,1303,9410,A,B,False
q_014923,488,5820,B,B,True
q_014924,7517,3547,B,B,True
q_014925,924,11514,B,A,False
q_014926,4847,7290,A,A,True
q_014927,1310,12107,A,B,False
q_014928,4479,9353,B,B,True
q_014929,44,12287,A,A,True
q_014930,5369,8667,B,B,True
q_014931,2704,3087,B,B,True
q_014932,123,6347,A,B,False
q_014933,2290,12282,B,B,True
q_014934,2028,11867,B,B,True
q_014935,8655,9927,B,B,True
q_014936,1184,3494,A,A,True
q_014937,3818,7600,A,A,True
q_014938,5582,4311,A,A,True
q_014939,2253,4876,A,B,False
q_014940,2269,12559,B,B,True
q_014941,10342,9873,B,A,False
q_014942,8553,4619,A,A,True
q_014943,5533,4491,A,A,True
q_014944,5320,10363,A,A,True
q_014945,950,5856,B,B,True
q_014946,8393,4790,B,A,False
q_014947,2920,4921,B,B,True
q_014948,5677,3825,A,B,False
q_014949,6625,10931,B,B,True
q_014950,509,8160,B,A,False
q_014951,6101,8846,B,B,True
q_014952,5590,3363,A,A,True
q_014953,6366,3489,A,A,True
q_014954,174,4515,A,B,False
q_014955,3119,5395,A,A,True
q_014956,4652,10166,B,B,True
q_014957,11541,6030,B,B,True
q_014958,6715,8067,B,A,False
q_014959,6390,10023,B,B,True
q_014960,3341,11904,B,A,False
q_014961,1036,11643,A,A,True
q_014962,294,7383,B,B,True
q_014964,2540,2145,B,B,True
q_014965,10924,9769,B,A,False
q_014966,7373,4807,A,B,False
q_014967,3730,4040,B,A,False
q_014968,737,9952,B,B,True
q_014969,10043,11061,A,B,False
q_014970,1813,5038,B,A,False
q_014971,3358,8662,B,A,False
q_014972,11898,10728,B,B,True
q_014973,248,8467,B,A,False
q_014974,5957,6952,B,B,True
q_014975,1775,2042,A,A,True
q_014976,1613,5721,A,A,True
q_014977,275,11510,B,A,False
q_014978,2377,10154,B,A,False
q_014979,5722,12034,B,B,True
q_014980,5661,3925,A,A,True
q_014981,12707,10206,A,B,False
q_014982,3396,12295,B,B,True
q_014983,3805,9685,B,A,False
q_014984,1139,10303,B,B,True
q_014985,1374,3913,A,A,True
q_014986,208,10513,B,B,True
q_014987,12258,11422,A,A,True
q_014988,8534,8428,A,A,True
q_014989,6311,9451,B,B,True
q_014990,11782,3991,A,B,False
q_014991,761,4221,A,A,True
q_014992,667,9181,A,B,False
q_014993,6382,10618,B,A,False
q_014994,8405,6895,B,B,True
q_014995,2887,8409,A,A,True
q_014996,5971,7014,A,A,True
q_014997,305,11165,B,B,True
q_014998,954,8232,A,A,True
q_014999,11644,6373,B,A,False
q_015000,1493,7241,B,A,False
q_015001,925,9306,B,B,True
q_015002,8469,7270,A,B,False
q_015003,2392,7401,B,B,True
q_015004,4661,8745,B,B,True
q_015005,5639,12472,B,A,False
q_015006,1384,12503,B,B,True
q_015007,11828,6766,A,B,False
q_015008,773,8069,A,A,True
q_015009,6674,9346,A,B,False
q_015010,4603,10570,B,B,True
q_015011,12255,8647,A,A,True
q_015012,2829,8576,A,B,False
q_015014,11462,9520,A,B,False
q_015015,2582,7898,A,B,False
q_015016,392,11911,B,B,True
q_015017,8298,7416,B,A,False
q_015018,1102,1646,B,A,False
q_015019,4232,7665,B,A,False
q_015020,8912,10954,A,B,False
q_015021,4294,6927,B,A,False
q_015022,3919,12030,B,B,True
q_015023,755,5337,A,A,True
q_015024,8527,4354,A,A,True
q_015025,8873,10828,A,B,False
q_015026,6073,9981,A,A,True
q_015027,3028,9102,B,A,False
q_015028,9923,9900,B,A,False
q_015029,3186,6512,A,A,True
q_015030,606,11379,B,B,True
q_015031,93,11059,A,A,True
q_015032,5930,8414,A,A,True
q_015033,1970,8544,B,A,False
q_015034,8600,11574,A,B,False
q_015035,4608,12436,A,B,False
q_015036,8483,7904,A,B,False
q_015037,250,5513,B,A,False
q_015038,11245,10461,B,A,False
q_015039,752,2480,B,B,True
q_015040,6875,6901,B,B,True
q_015041,12271,4469,B,A,False
q_015042,454,4522,A,A,True
q_015043,344,5872,B,B,True
q_015044,5611,11887,B,A,False
q_015045,2120,6152,A,A,True
q_015046,3713,10317,A,A,True
q_015047,2406,10223,B,B,True
q_015048,1588,4321,A,A,True
q_015049,2925,9820,B,B,True
q_015050,1818,7266,B,B,True
q_015051,2404,9917,A,B,False
q_015052,7675,8771,A,A,True
q_015053,9800,8994,B,B,True
q_015054,9093,10257,B,B,True
q_015055,7907,4866,A,A,True
q_015056,1623,11438,B,B,True
q_015057,2190,8581,B,A,False
q_015058,5454,8892,A,A,True
q_015059,1409,3381,B,B,True
q_015060,4308,9728,A,B,False
q_015062,2255,2747,B,A,False
q_015063,7105,4972,A,B,False
q_015064,1054,8824,A,B,False
q_015065,579,9213,A,A,True
q_015066,1904,3270,B,B,True
q_015067,4239,11938,A,A,True
q_015068,11207,9289,A,A,True
q_015069,12218,10870,B,B,True
q_015070,7804,4428,B,B,True
q_015071,6448,9941,B,A,False
q_015072,1710,4272,A,B,False
q_015073,3680,10453,B,B,True
q_015074,1363,1684,A,B,False
q_015075,1643,688,A,A,True
q_015076,4664,2556,B,A,False
q_015077,3406,7301,A,B,False
q_015078,5865,10957,B,A,False
q_015079,438,12027,B,B,True
q_015080,8264,5172,B,B,True
q_015081,4874,9075,A,A,True
q_015082,2687,2561,A,A,True
q_015083,8239,9362,B,B,True
q_015084,3216,7244,A,A,True
q_015085,12403,7152,A,A,True
q_015086,6070,1587,B,A,False
q_015087,2137,6998,B,A,False
q_015088,11480,11148,B,B,True
q_015089,3879,11127,B,A,False
q_015090,5750,5995,A,A,True
q_015091,7572,6759,A,A,True
q_015092,6886,3444,B,B,True
q_015093,695,6542,B,A,False
q_015094,3605,9050,B,A,False
q_015095,1428,7212,B,B,True
q_015096,1592,8586,A,A,True
q_015097,91,1053,A,A,True
q_015098,4021,10803,A,A,True
q_015099,9408,11235,B,B,True
q_015100,2525,7225,B,B,True
q_015101,773,8530,A,A,True
q_015102,2789,8495,A,B,False
q_015103,3790,7350,B,A,False
q_015104,8035,7419,B,A,False
q_015105,2151,2810,A,B,False
q_015106,2239,8075,A,B,False
q_015107,2639,8680,A,A,True
q_015108,5631,11132,B,B,True
q_015110,304,5798,B,B,True
q_015111,3800,181,A,B,False
q_015112,6951,11894,B,B,True
q_015113,4085,11332,B,B,True
q_015114,7860,4302,A,A,True
q_015115,10854,10219,A,A,True
q_015116,6802,3278,A,A,True
q_015117,397,11351,B,B,True
q_015118,3617,11207,A,B,False
q_015119,724,11614,B,A,False
q_015120,935,8996,A,A,True
q_015121,3724,9947,B,A,False
q_015122,1577,7842,A,B,False
q_015123,86,1529,A,A,True
q_015124,676,2999,A,A,True
q_015125,5959,5591,A,A,True
q_015126,1838,1108,A,A,True
q_015127,1363,3758,B,A,False
q_015128,3867,12470,A,B,False
q_015129,7518,11230,A,A,True
q_015130,1125,11906,B,B,True
q_015131,12685,465,A,B,False
q_015132,8398,5832,B,B,True
q_015133,2186,8055,A,A,True
q_015134,1687,254,A,A,True
q_015135,11514,12156,A,A,True
q_015136,7555,5138,A,B,False
q_015137,12410,10997,A,A,True
q_015138,1448,9868,B,B,True
q_015139,8261,12527,A,A,True
q_015140,1661,11305,A,A,True
q_015141,12070,9735,A,B,False
q_015142,7721,10815,B,B,True
q_015143,962,10889,B,B,True
q_015144,2729,3237,B,B,True
q_015145,7556,4565,B,A,False
q_015146,163,12528,B,B,True
q_015147,110,11020,A,A,True
q_015148,1338,11759,A,B,False
q_015149,1417,12467,B,B,True
q_015150,2541,6813,A,A,True
q_015151,11470,9424,A,A,True
q_015152,8326,5004,B,B,True
q_015153,356,7989,B,B,True
q_015154,1776,9079,A,A,True
q_015155,761,230,B,B,True
q_015156,10375,9796,B,A,False
q_015157,4663,3705,B,B,True
q_015158,549,1795,A,B,False
q_015159,2746,3285,A,A,True
q_015160,4105,8683,A,A,True
q_015161,5148,10761,A,A,True
q_015162,11394,7251,A,B,False
q_015163,2039,2520,B,A,False
q_015164,7676,11437,B,B,True
q_015165,3492,10046,A,A,True
q_015166,6334,5208,B,B,True
q_015167,3761,7045,A,B,False
q_015168,12248,4375,A,B,False
q_015169,7622,4796,A,A,True
q_015170,327,7495,B,A,False
q_015171,1852,1714,A,A,True
q_015172,1991,7628,A,B,False
q_015173,3063,12677,B,B,True
q_015174,9401,11427,A,A,True
q_015175,7853,4029,A,B,False
q_015176,4104,7343,B,B,True
q_015177,5706,5583,B,A,False
q_015178,487,4499,B,B,True
q_015179,483,4716,B,A,False
q_015180,7922,5606,A,A,True
q_015181,12697,11508,A,B,False
q_015182,11720,11956,A,A,True
q_015183,3816,10434,A,A,True
q_015184,273,6774,A,B,False
q_015185,3651,10307,B,A,False
q_015186,2778,11708,A,B,False
q_015187,7830,7050,B,A,False
q_015188,11690,12025,B,B,True
q_015189,11282,10851,B,B,True
q_015190,8443,4161,B,B,True
q_015191,3802,5804,B,A,False
q_015192,6618,7236,B,B,True
q_015193,3162,8942,A,A,True
q_015194,6534,10566,B,A,False
q_015195,5139,7190,A,A,True
q_015196,2635,5119,A,B,False
q_015197,7624,6136,B,B,True
q_015198,454,10440,B,B,True
q_015199,12683,5376,B,B,True
q_015200,1297,9024,B,B,True
q_015201,12502,12510,B,A,False
q_015202,449,4256,A,B,False
q_015204,5266,5306,A,B,False
q_015205,7291,7140,B,B,True
q_015206,5509,9822,A,A,True
q_015207,864,11401,B,A,False
q_015208,211,8913,A,A,True
q_015209,12524,7203,A,B,False
q_015210,8327,8760,A,A,True
q_015211,12103,9893,A,B,False
q_015212,1776,6164,B,B,True
q_015213,829,11762,B,B,True
q_015215,2738,4099,A,A,True
q_015216,8292,9948,B,B,True
q_015217,2416,11392,A,B,False
q_015218,5432,11425,A,A,True
q_015219,1935,9763,A,B,False
q_015220,757,6336,A,A,True
q_015221,9431,10416,B,A,False
q_015222,116,1262,A,A,True
q_015223,6227,8487,A,B,False
q_015224,6434,4856,A,B,False
q_015225,4295,5277,A,B,False
q_015226,3511,8550,A,B,False
q_015227,4127,5124,B,A,False
q_015228,4757,11110,B,B,True
q_015229,3499,10278,A,A,True
q_015230,4324,7933,A,B,False
q_015232,2257,6469,A,A,True
q_015233,5206,8702,A,A,True
q_015234,2317,2870,B,B,True
q_015235,3100,9228,A,A,True
q_015236,12346,12055,B,B,True
q_015237,10731,9027,B,B,True
q_015238,6966,12001,B,B,True
q_015239,8075,4064,A,A,True
q_015241,9427,9090,B,A,False
q_015242,8298,5779,A,B,False
q_015243,1353,10444,A,A,True
q_015244,8611,4143,A,A,True
q_015245,1286,1754,B,A,False
q_015246,6208,12540,B,A,False
q_015247,25,5303,B,B,True
q_015248,602,4345,B,B,True
q_015249,643,702,B,A,False
q_015250,984,2131,A,A,True
q_015251,8981,12042,B,B,True
q_015252,6824,7595,B,B,True
q_015253,11459,11873,A,A,True
q_015254,3683,12147,B,A,False
q_015255,622,4207,B,A,False
q_015257,10652,9926,B,B,True
q_015258,11825,6298,A,A,True
q_015259,6466,9265,A,B,False
q_015260,6444,7243,A,A,True
q_015261,12428,8920,B,A,False
q_015262,2304,11927,A,A,True
q_015263,5982,11269,A,A,True
q_015264,7943,3137,A,B,False
q_015265,2110,7332,B,B,True
q_015266,4587,5040,B,A,False
q_015267,1478,9723,B,B,True
q_015268,4065,9009,B,B,True
q_015269,32,10404,B,B,True
q_015270,7763,8871,A,B,False
q_015271,6314,8987,A,B,False
q_015272,3090,9993,B,B,True
q_015273,12062,10967,A,B,False
q_015274,2589,7026,B,A,False
q_015275,4717,7276,B,B,True
q_015276,6193,9952,B,B,True
q_015277,4739,8772,A,B,False
q_015278,1129,3804,A,A,True
q_015279,392,3352,A,A,True
q_015280,5503,9187,A,A,True
q_015281,5673,11625,B,A,False
q_015282,685,756,B,A,False
q_015283,3081,4156,A,A,True
q_015284,1964,7729,B,A,False
q_015285,1964,8955,A,A,True
q_015286,4491,9343,B,B,True
q_015287,456,8821,B,A,False
q_015289,3226,8532,A,B,False
q_015290,2801,5962,A,B,False
q_015291,811,11121,A,A,True
q_015292,7545,4360,B,A,False
q_015293,3995,4892,A,A,True
q_015294,2465,12428,B,B,True
q_015295,5454,4029,A,B,False
q_015296,12200,12343,A,A,True
q_015297,45,8898,A,A,True
q_015298,255,8796,B,B,True
q_015299,5246,10416,A,A,True
q_015300,11678,10702,A,A,True
q_015301,3574,2826,B,A,False
q_015302,5348,9496,A,A,True
q_015303,6712,7296,A,B,False
q_015304,2533,12411,A,A,True
q_015305,515,11543,A,B,False
q_015306,2075,6058,A,A,True
q_015307,2722,6431,B,B,True
q_015308,8421,2628,A,B,False
q_015309,8584,9679,A,A,True
q_015310,2565,10855,B,B,True
q_015311,10081,8964,A,B,False
q_015312,12629,8352,B,A,False
q_015313,1937,9865,A,B,False
q_015314,2159,3896,B,A,False
q_015315,1809,4403,A,A,True
q_015317,1438,7001,A,A,True
q_015318,1208,9890,B,B,True
q_015319,5600,5371,B,A,False
q_015320,2123,9186,A,A,True
q_015321,12598,11274,A,B,False
q_015322,11493,11946,B,B,True
q_015323,8311,6111,A,A,True
q_015325,5796,11882,A,A,True
q_015326,6034,6015,A,B,False
q_015327,1847,2660,B,B,True
q_015328,7700,7980,B,B,True
q_015329,5729,3941,A,A,True
q_015330,6163,10162,B,A,False
q_015331,11900,9804,B,A,False
q_015332,5990,6942,B,B,True
q_015333,3849,4674,B,A,False
q_015334,5363,8519,A,B,False
q_015335,8037,9293,A,B,False
q_015336,8095,7709,A,A,True
q_015337,536,6502,B,B,True
q_015338,2873,6758,A,B,False
q_015339,1630,12604,A,A,True
q_015340,3224,12145,B,A,False
q_015341,2209,3957,A,A,True
q_015342,6027,10154,B,B,True
q_015343,11453,11884,A,A,True
q_015344,7735,12595,A,A,True
q_015345,2786,5103,B,A,False
q_015346,4428,10919,B,B,True
q_015347,5946,9234,A,A,True
q_015348,667,7802,A,B,False
q_015349,2129,6716,B,A,False
q_015350,3425,8782,B,B,True
q_015351,7787,3371,B,B,True
q_015352,5671,7120,B,B,True
q_015353,12245,7457,A,A,True
q_015354,2677,2616,A,A,True
q_015355,7903,11581,A,B,False
q_015356,1947,6600,B,B,True
q_015357,3637,12362,B,B,True
q_015358,6289,4857,B,A,False
q_015359,2060,12667,A,A,True
q_015360,11609,8386,A,A,True
q_015361,8511,11264,B,B,True
q_015362,6027,7156,A,A,True
q_015363,7235,5739,A,A,True
q_015364,6672,3705,A,A,True
q_015365,2694,10809,A,A,True
q_015366,12212,10068,B,B,True
q_015367,302,5252,B,B,True
q_015368,12117,8826,B,B,True
q_015369,853,10602,B,A,False
q_015370,1356,9455,B,A,False
q_015371,6319,6040,A,A,True
q_015372,4263,9935,A,A,True
q_015373,8554,5386,A,A,True
q_015374,8433,10671,A,B,False
q_015375,1687,4753,A,A,True
q_015376,5163,10878,A,B,False
q_015377,5646,4684,A,B,False
q_015378,572,3621,A,A,True
q_015379,8126,402,A,A,True
q_015380,1056,9892,A,B,False
q_015381,5385,11797,A,B,False
q_015382,6485,1113,A,B,False
q_015383,5189,8935,A,B,False
q_015384,12137,3996,A,A,True
q_015385,2856,6384,A,B,False
q_015386,4993,5868,A,A,True
q_015387,3142,9784,A,A,True
q_015388,5063,3808,A,A,True
q_015389,7423,3557,A,A,True
q_015390,3937,6193,B,A,False
q_015391,4037,8498,A,B,False
q_015392,8524,10754,A,A,True
q_015393,64,10549,A,B,False
q_015394,2701,7224,B,A,False
q_015395,922,1415,B,A,False
q_015396,3043,7878,B,A,False
q_015397,7933,7340,B,B,True
q_015398,12194,10864,B,B,True
q_015399,2034,2446,B,B,True
q_015400,544,10096,B,B,True
q_015401,6712,8751,A,A,True
q_015402,8452,12591,A,B,False
q_015403,8091,7020,A,A,True
q_015404,6984,11746,A,A,True
q_015405,809,8162,B,B,True
q_015406,401,10332,B,A,False
q_015407,4987,5431,B,A,False
q_015408,1328,9784,B,A,False
q_015409,7789,6473,B,B,True
q_015410,2475,12036,A,A,True
q_015411,2299,9066,A,A,True
q_015412,3125,8431,B,B,True
q_015413,5883,10369,A,A,True
q_015414,7295,10757,B,B,True
q_015415,4198,4740,B,B,True
q_015416,6643,4307,A,A,True
q_015417,8464,10631,A,B,False
q_015419,5525,4501,B,B,True
q_015420,5799,4710,B,B,True
q_015421,88,9902,B,A,False
q_015422,2122,9256,B,A,False
q_015423,7751,5413,A,B,False
q_015424,3338,3348,B,A,False
q_015425,3070,2996,A,A,True
q_015426,2684,3762,A,A,True
q_015427,1581,3477,B,B,True
q_015428,8093,9664,B,B,True
q_015429,576,3282,A,A,True
q_015430,331,8280,B,B,True
q_015431,6860,10519,B,B,True
q_015432,2839,6082,B,B,True
q_015433,11613,10557,B,B,True
q_015434,2494,9558,A,A,True
q_015435,12220,9773,A,A,True
q_015436,5807,4089,A,A,True
q_015437,5563,3847,B,B,True
q_015438,5408,12446,B,B,True
q_015439,2492,5793,B,B,True
q_015440,7208,9498,B,B,True
q_015441,10197,10971,A,A,True
q_015442,5695,3260,A,B,False
q_015443,722,4039,B,A,False
q_015444,7175,6243,A,A,True
q_015445,4894,5073,B,A,False
q_015446,5291,10133,B,B,True
q_015447,3015,10884,A,B,False
q_015448,11624,12079,A,A,True
q_015449,4996,7272,B,B,True
q_015450,11457,10122,A,A,True
q_015451,1498,8377,A,B,False
q_015452,4736,4485,A,B,False
q_015453,4046,3379,A,A,True
q_015454,11729,12482,B,B,True
q_015455,307,7625,B,A,False
q_015456,4649,3747,A,B,False
q_015457,1932,9351,B,A,False
q_015458,6935,9949,A,A,True
q_015459,7835,8322,A,A,True
q_015460,273,10838,A,A,True
q_015461,2782,5567,A,A,True
q_015462,1905,7617,A,A,True
q_015464,7879,5978,B,B,True
q_015465,3061,12162,A,B,False
q_015466,8109,899,A,A,True
q_015467,8008,10461,A,A,True
q_015468,2496,6741,A,A,True
q_015469,7567,5040,B,A,False
q_015470,12199,7024,A,B,False
q_015471,8128,9383,A,A,True
q_015472,17,9976,A,A,True
q_015473,12128,5595,A,A,True
q_015474,3230,11451,B,A,False
q_015475,1167,4318,A,A,True
q_015476,456,3755,A,B,False
q_015477,5597,3569,A,B,False
q_015478,6911,9787,A,B,False
q_015479,6451,4787,A,B,False
q_015480,10451,9948,B,B,True
q_015481,5817,10177,B,B,True
q_015482,7496,8462,A,A,True
q_015483,1537,10371,A,A,True
q_015484,8352,9045,B,A,False
q_015485,11573,2628,A,A,True
q_015486,7021,2815,A,A,True
q_015487,2900,9997,A,A,True
q_015488,788,8853,B,B,True
q_015489,8086,7406,A,A,True
q_015490,47,5735,A,B,False
q_015491,8153,6880,A,A,True
q_015492,6233,10908,A,B,False
q_015493,8191,4726,A,A,True
q_015494,197,64,A,B,False
q_015495,3509,3657,B,B,True
q_015496,7234,11188,A,A,True
q_015497,10315,9589,B,A,False
q_015498,5653,5894,A,A,True
q_015499,403,10887,B,A,False
q_015500,12516,10112,A,B,False
q_015501,3395,9387,B,A,False
q_015502,2477,281,A,A,True
q_015504,2161,7487,A,B,False
q_015505,11470,10784,A,B,False
q_015506,12127,11716,B,B,True
q_015507,5257,5394,A,A,True
q_015508,581,2260,B,B,True
q_015509,8162,11550,B,A,False
q_015510,3463,7416,A,B,False
q_015511,1530,1537,A,B,False
q_015512,6731,3291,B,A,False
q_015513,355,3226,A,A,True
q_015514,682,3682,B,A,False
q_015515,4419,8902,B,B,True
q_015516,5773,4474,B,B,True
q_015517,6993,7184,A,A,True
q_015518,6995,10665,B,B,True
q_015519,4465,9790,A,A,True
q_015520,9343,9686,A,B,False
q_015521,11971,7158,B,B,True
q_015522,10648,9511,A,A,True
q_015523,3236,7234,B,A,False
q_015524,332,8612,B,B,True
q_015525,3573,10905,A,A,True
q_015526,6072,9778,A,B,False
q_015527,5396,8067,A,B,False
q_015528,3725,4911,A,B,False
q_015529,49,11372,A,A,True
q_015530,5410,10637,A,B,False
q_015531,4730,9245,B,A,False
q_015532,1565,9306,B,B,True
q_015533,4175,4796,B,A,False
q_015534,5132,3325,B,B,True
q_015535,12424,9903,B,A,False
q_015536,2837,11967,A,A,True
q_015537,146,8786,B,A,False
q_015538,5601,4276,A,B,False
q_015539,664,2188,A,B,False
q_015540,3137,4597,B,B,True
q_015541,1177,912,A,A,True
q_015542,7489,10031,A,A,True
q_015543,1120,6507,B,B,True
q_015544,3459,8609,A,A,True
q_015545,12105,7981,A,A,True
q_015546,1837,3912,A,A,True
q_015547,131,8692,B,B,True
q_015548,6059,11170,A,B,False
q_015549,2052,5433,B,B,True
q_015550,5703,10876,B,A,False
q_015551,2547,3844,B,B,True
q_015552,5432,5448,B,B,True
q_015553,3738,11100,A,B,False
q_015554,5510,8429,B,B,True
q_015555,1234,2561,B,B,True
q_015556,6690,11865,B,B,True
q_015557,2196,8979,B,A,False
q_015558,983,5026,A,A,True
q_015559,9699,10763,A,A,True
q_015560,2557,5419,B,B,True
q_015561,3744,8902,B,B,True
q_015562,869,5290,A,A,True
q_015563,6415,3762,A,A,True
q_015564,11639,9655,A,B,False
q_015565,3347,2833,B,A,False
q_015566,3251,5260,A,A,True
q_015567,1019,4815,B,B,True
q_015568,6411,10892,B,B,True
q_015569,12264,4433,A,B,False
q_015570,5775,10932,B,B,True
q_015571,5058,8807,A,A,True
q_015572,11654,10510,A,B,False
q_015573,11488,10757,B,B,True
q_015574,8657,10661,B,B,True
q_015575,6869,9442,A,A,True
q_015576,7420,12508,A,A,True
q_015577,3037,6088,A,B,False
q_015578,1033,4610,A,A,True
q_015579,1714,9058,A,B,False
q_015580,265,4831,B,A,False
q_015581,8338,6360,A,A,True
q_015582,63,10856,B,B,True
q_015583,2247,11893,A,A,True
q_015584,12614,10204,A,A,True
q_015585,992,5241,B,B,True
q_015586,1225,10934,A,A,True
q_015587,8067,10782,B,B,True
q_015588,2539,1997,A,A,True
q_015589,2288,9343,B,A,False
q_015590,714,2379,A,A,True
q_015591,3090,8911,A,A,True
q_015592,1685,11288,B,B,True
q_015593,2336,11130,A,A,True
q_015594,589,5053,A,B,False
q_015595,7624,4823,B,A,False
q_015596,1196,12581,B,B,True
q_015597,3445,3019,A,B,False
q_015598,3238,12293,A,B,False
q_015599,2479,6883,B,B,True
q_015600,8151,5308,A,A,True
q_015601,7626,10218,A,A,True
q_015602,3131,11194,A,A,True
q_015603,4499,7860,A,B,False
q_015604,11759,8855,A,A,True
q_015605,6142,8676,B,B,True
q_015606,1364,9340,B,B,True
q_015607,877,2831,A,B,False
q_015608,11464,9507,B,B,True
q_015609,8938,8718,A,A,True
q_015610,7969,6621,A,B,False
q_015611,1964,9924,B,B,True
q_015612,7036,8784,B,B,True
q_015613,4312,8603,A,B,False
q_015615,1576,12009,A,A,True
q_015616,522,12349,A,A,True
q_015617,388,6092,B,A,False
q_015618,9114,10047,A,A,True
q_015619,4915,1689,B,A,False
q_015620,10943,8737,A,B,False
q_015621,7482,12292,A,A,True
q_015622,11302,8739,A,B,False
q_015623,8016,8912,B,B,True
q_015624,7687,9253,A,A,True
q_015625,1121,3185,B,A,False
q_015626,1083,10256,B,B,True
q_015627,7040,8906,B,B,True
q_015628,6925,10178,B,B,True
q_015629,2467,4045,B,B,True
q_015630,127,7528,B,B,True
q_015631,3635,7040,B,A,False
q_015632,1379,4384,B,A,False
q_015633,8378,4809,A,B,False
q_015634,5690,4632,A,A,True
q_015635,12361,9863,B,A,False
q_015636,10985,8652,B,A,False
q_015637,5790,11996,A,A,True
q_015638,1328,8999,A,B,False
q_015639,8237,11744,B,A,False
q_015640,7885,6579,B,A,False
q_015641,2169,7345,B,B,True
q_015642,8226,11840,B,B,True
q_015643,768,4034,B,B,True
q_015644,5494,5866,A,A,True
q_015645,3215,10527,B,A,False
q_015646,12341,7236,B,B,True
q_015647,3662,12552,B,A,False
q_015648,2218,7731,A,B,False
q_015649,7406,2628,A,A,True
q_015650,1999,11708,A,B,False
q_015651,12435,10041,B,B,True
q_015652,5593,4164,A,A,True
q_015653,2369,1863,A,B,False
q_015655,4763,10220,A,A,True
q_015656,7334,9423,B,A,False
q_015657,2360,11024,A,B,False
q_015658,2015,9357,A,A,True
q_015659,8259,12289,B,B,True
q_015660,5683,3432,A,A,True
q_015661,8717,11912,B,A,False
q_015662,12704,4583,B,A,False
q_015663,1145,8027,B,A,False
q_015664,5234,9950,B,A,False
q_015665,3857,8808,B,B,True
q_015666,5683,4235,A,A,True
q_015667,7670,10230,B,B,True
q_015668,5567,5390,A,A,True
q_015669,4288,9647,B,A,False
q_015670,3240,10925,B,A,False
q_015671,3313,11862,B,B,True
q_015672,3249,3705,B,B,True
q_015673,6050,9133,A,A,True
q_015674,4286,4902,B,A,False
q_015675,6389,9420,A,A,True
q_015676,3952,9437,B,A,False
q_015677,4157,4114,A,B,False
q_015678,11743,2960,A,B,False
q_015679,3415,11133,A,B,False
q_015680,5092,9734,A,A,True
q_015681,3415,12662,B,A,False
q_015682,1310,9093,A,A,True
q_015683,888,12418,A,A,True
q_015684,408,5800,A,B,False
q_015685,6730,7623,B,A,False
q_015686,1700,8587,B,A,False
q_015687,1361,12136,B,A,False
q_015688,38,9681,A,A,True
q_015689,3515,4525,A,A,True
q_015690,1515,8722,A,A,True
q_015691,6444,10800,A,A,True
q_015692,11683,2763,A,B,False
q_015693,8067,3638,A,A,True
q_015694,3807,5765,A,B,False
q_015695,2732,9111,A,A,True
q_015696,559,7211,A,B,False
q_015697,8935,9126,A,A,True
q_015698,3258,8091,A,B,False
q_015699,6950,8079,A,A,True
q_015700,1075,8680,B,A,False
q_015701,10670,10830,B,B,True
q_015702,2179,2358,A,A,True
q_015703,7386,4981,B,B,True
q_015704,11572,6493,B,B,True
q_015705,6143,10790,B,B,True
q_015706,515,7996,B,B,True
q_015707,2330,3319,A,A,True
q_015708,3638,10098,B,B,True
q_015709,2541,10064,B,B,True
q_015710,7510,3996,B,B,True
q_015711,2501,9115,B,B,True
q_015712,3707,9010,B,B,True
q_015713,3078,9531,B,B,True
q_015714,9415,8918,B,B,True
q_015715,11464,10693,A,A,True
q_015716,592,11519,B,A,False
q_015717,3490,9418,A,A,True
q_015718,3867,9561,B,A,False
q_015719,713,7788,A,A,True
q_015720,3396,11071,A,A,True
q_015721,494,6448,B,B,True
q_015722,8371,8891,A,A,True
q_015723,1617,11122,A,A,True
q_015724,7548,11397,B,A,False
q_015725,6352,12344,A,A,True
q_015726,1155,7028,B,A,False
q_015727,9483,10899,B,A,False
q_015728,9520,10268,B,B,True
q_015729,5897,6225,B,B,True
q_015730,3944,11085,A,B,False
q_015731,219,10970,A,B,False
q_015732,3969,11536,A,B,False
q_015733,2719,2341,A,A,True
q_015734,1543,10707,B,B,True
q_015735,7482,11704,A,A,True
q_015736,5619,8707,A,B,False
q_015737,7202,8821,B,A,False
q_015738,3472,10903,B,B,True
q_015739,424,4948,A,B,False
q_015740,12595,5115,A,B,False
q_015741,551,7391,B,B,True
q_015742,2225,12696,B,B,True
q_015743,3320,9962,B,B,True
q_015744,4965,10747,A,B,False
q_015745,1061,3051,B,B,True
q_015746,186,5857,B,B,True
q_015747,1295,6886,B,A,False
q_015748,3420,12126,A,B,False
q_015749,1572,9315,B,B,True
q_015750,463,10861,B,A,False
q_015751,8237,12103,A,B,False
q_015752,3784,626,A,B,False
q_015753,8094,9876,A,A,True
q_015754,486,3408,A,A,True
q_015755,1812,12332,A,A,True
q_015756,6898,6769,B,A,False
q_015757,8175,12051,B,B,True
q_015758,1609,9667,B,B,True
q_015759,3473,1482,A,A,True
q_015760,5780,9492,A,A,True
q_015761,373,3856,B,B,True
q_015762,3536,1308,A,A,True
q_015763,401,4185,B,B,True
q_015764,2597,9365,B,B,True
q_015765,6194,9002,B,A,False
q_015766,1103,2403,B,B,True
q_015767,760,4083,B,B,True
q_015768,8336,6735,A,A,True
q_015769,4571,1239,A,B,False
q_015770,11119,10065,A,A,True
q_015771,3926,3786,A,B,False
q_015772,4611,9647,B,A,False
q_015773,2787,8229,A,B,False
q_015774,3386,9547,A,B,False
q_015775,3673,8972,A,B,False
q_015776,2187,5988,A,B,False
q_015777,1818,8375,B,B,True
q_015778,1000,2915,A,A,True
q_015779,6922,6804,A,A,True
q_015780,7933,5828,B,B,True
q_015781,11572,9571,B,B,True
q_015782,5381,12247,A,B,False
q_015783,1311,10548,B,A,False
q_015785,1902,5999,B,B,True
q_015786,12134,11550,A,B,False
q_015787,4872,9035,A,A,True
q_015788,5295,9968,B,A,False
q_015789,8334,10588,B,B,True
q_015790,1730,5907,A,A,True
q_015791,7422,8550,A,B,False
q_015792,2322,12056,B,B,True
q_015793,941,6699,A,A,True
q_015794,7791,9737,A,B,False
q_015795,762,12178,B,B,True
q_015796,7686,10951,A,A,True
q_015797,3685,3876,A,A,True
q_015798,12636,4549,B,B,True
q_015799,4063,4562,A,A,True
q_015800,3988,8927,B,B,True
q_015801,7924,5019,B,B,True
q_015802,8857,10120,A,A,True
q_015804,4399,4986,A,A,True
q_015805,2654,8421,B,B,True
q_015806,6358,9714,B,B,True
q_015807,6881,12132,A,B,False
q_015808,5778,4497,A,A,True
q_015809,2383,12595,A,B,False
q_015810,4814,6297,B,B,True
q_015811,12114,12471,A,A,True
q_015812,2654,10532,A,A,True
q_015813,233,11470,B,B,True
q_015814,12201,6468,A,A,True
q_015815,2022,5981,A,B,False
q_015816,4272,4602,A,A,True
q_015817,2064,11994,B,B,True
q_015818,609,12513,B,B,True
q_015819,1953,12504,B,B,True
q_015820,5481,1791,B,B,True
q_015821,8487,8848,B,B,True
q_015822,3058,5222,A,B,False
q_015823,4112,5500,A,B,False
q_015824,11097,10405,B,B,True
q_015825,8340,11697,B,B,True
q_015826,2795,11441,A,A,True
q_015827,69,9949,A,A,True
q_015828,12457,10417,A,B,False
q_015829,1018,9147,A,A,True
q_015830,459,11243,B,A,False
q_015831,3815,6866,A,B,False
q_015832,648,11806,B,A,False
q_015833,8190,10374,A,A,True
q_015834,536,11813,A,A,True
q_015835,3968,11652,A,A,True
q_015836,5441,11925,B,B,True
q_015837,7269,8854,A,A,True
q_015838,937,8280,B,B,True
q_015839,181,8574,B,A,False
q_015840,5010,11087,A,A,True
q_015842,10339,10563,B,A,False
q_015843,6183,11973,A,A,True
q_015844,7553,7318,A,A,True
q_015845,2201,984,A,B,False
q_015846,457,10743,A,B,False
q_015847,1010,2810,B,B,True
q_015848,2462,7893,A,B,False
q_015849,3623,5108,B,A,False
q_015850,2350,7851,B,A,False
q_015851,5600,9196,A,B,False
q_015852,5596,7080,A,B,False
q_015853,2787,12089,A,A,True
q_015854,60,8025,B,B,True
q_015855,2749,12122,A,A,True
q_015856,12301,8804,A,B,False
q_015857,7848,10092,B,B,True
q_015858,3761,12649,B,B,True
q_015859,931,3164,B,A,False
q_015860,6613,7081,A,A,True
q_015861,949,9948,A,A,True
q_015862,1167,890,A,A,True
q_015863,1683,10108,B,B,True
q_015864,1702,2168,B,A,False
q_015865,3277,5212,A,A,True
q_015866,7915,9153,A,A,True
q_015867,653,12528,B,B,True
q_015868,3883,12477,A,B,False
q_015869,2270,1765,A,A,True
q_015870,2728,5541,B,B,True
q_015871,5481,9827,A,A,True
q_015872,1246,2908,B,A,False
q_015873,504,553,A,B,False
q_015874,2729,4485,B,B,True
q_015875,1103,10883,B,B,True
q_015876,4892,7915,A,B,False
q_015877,4872,12361,A,A,True
q_015878,12663,2131,A,B,False
q_015879,4796,9261,A,A,True
q_015880,4609,8724,A,A,True
q_015881,913,12470,A,A,True
q_015882,1498,8741,B,A,False
q_015883,2667,6489,B,B,True
q_015884,4282,6527,A,A,True
q_015885,6443,1509,A,A,True
q_015886,617,7590,B,B,True
q_015887,1715,8232,A,B,False
q_015888,3188,8298,B,B,True
q_015889,7140,9369,A,B,False
q_015890,8548,11851,B,B,True
q_015891,148,9135,A,A,True
q_015892,731,5259,A,A,True
q_015893,432,11199,B,A,False
q_015894,3646,4263,A,B,False
q_015895,7223,5688,A,A,True
q_015896,11471,11490,B,A,False
q_015897,12312,12450,A,B,False
q_015898,8327,10506,B,B,True
q_015899,3701,8820,A,B,False
q_015900,7801,7296,A,B,False
q_015901,1475,3603,B,B,True
q_015902,6158,11267,B,B,True
q_015903,432,1256,A,B,False
q_015904,12616,744,B,A,False
q_015905,5731,7647,A,A,True
q_015906,9177,10644,A,B,False
q_015907,1322,10346,B,B,True
q_015908,12105,8613,A,A,True
q_015909,6659,4782,A,B,False
q_015910,910,4574,A,A,True
q_015911,5409,4683,A,A,True
q_015912,2695,3257,B,B,True
q_015913,876,5326,A,A,True
q_015914,395,1332,A,B,False
q_015915,4064,9051,B,B,True
q_015916,11028,11958,A,A,True
q_015917,8387,8983,A,B,False
q_015918,1803,8821,A,A,True
q_015919,474,3637,A,A,True
q_015920,2257,3296,B,B,True
q_015921,435,3579,A,B,False
q_015922,12379,8782,B,B,True
q_015923,11372,9375,A,B,False
q_015924,12145,9024,A,A,True
q_015926,2043,2854,A,A,True
q_015927,1816,6499,A,A,True
q_015928,8221,10344,B,B,True
q_015929,8610,9422,B,B,True
q_015930,8489,6484,A,A,True
q_015931,5758,7335,A,A,True
q_015932,51,10780,B,B,True
q_015933,11929,10340,B,B,True
q_015934,1109,8752,A,A,True
q_015935,5021,10625,B,B,True
q_015936,545,2812,A,A,True
q_015937,1353,4890,A,B,False
q_015938,8094,11452,A,A,True
q_015939,2648,10239,B,B,True
q_015940,1906,10654,A,A,True
q_015941,6238,5595,A,B,False
q_015942,6670,11502,A,B,False
q_015943,2848,9074,B,B,True
q_015944,179,9626,A,B,False
q_015945,3151,6282,A,A,True
q_015946,2095,9910,B,B,True
q_015947,9116,8666,A,A,True
q_015948,4582,11429,B,B,True
q_015949,2017,10353,B,B,True
q_015950,9008,10659,A,B,False
q_015951,6488,9807,B,A,False
q_015952,4108,12177,A,B,False
q_015953,5285,12285,A,A,True
q_015954,11475,9022,A,A,True
q_015955,284,4979,A,A,True
q_015956,5642,4271,B,A,False
q_015957,12381,8712,B,A,False
q_015958,2258,5062,B,A,False
q_015959,12116,1869,A,B,False
q_015960,6584,11387,B,B,True
q_015961,5755,8580,B,B,True
q_015962,11777,8720,B,B,True
q_015963,6502,5071,B,A,False
q_015964,6571,12361,A,A,True
q_015965,7661,7208,B,A,False
q_015966,8156,9762,A,A,True
q_015967,9372,9600,B,A,False
q_015968,2566,5566,A,B,False
q_015969,5536,10362,B,B,True
q_015970,12007,9890,A,B,False
q_015971,8401,9620,B,A,False
q_015973,5859,10750,A,B,False
q_015974,8464,7301,A,A,True
q_015975,6063,7254,A,B,False
q_015976,5532,10893,B,B,True
q_015977,2357,2268,B,A,False
q_015978,6807,7130,A,A,True
q_015979,5628,10365,A,A,True
q_015980,648,11997,B,B,True
q_015981,3394,12141,B,A,False
q_015982,1194,8472,A,A,True
q_015983,1446,4235,A,B,False
q_015984,2597,10977,A,A,True
q_015985,6656,7259,B,A,False
q_015986,706,10929,A,A,True
q_015987,1517,6167,A,A,True
q_015988,4308,10322,A,B,False
q_015989,1629,4354,B,B,True
q_015990,1720,6708,B,A,False
q_015991,6279,10513,A,A,True
q_015992,6088,10764,A,A,True
q_015993,3052,2532,A,B,False
q_015994,2951,8524,A,B,False
q_015995,504,8443,B,B,True
q_015996,1795,12098,B,B,True
q_015997,12662,11438,B,B,True
q_015998,7107,9413,A,B,False
q_015999,489,2629,B,A,False
q_016000,12653,11406,A,A,True
q_016001,12613,12078,A,A,True
q_016002,520,3533,B,B,True
q_016003,326,5087,B,A,False
q_016004,329,3112,A,B,False
q_016005,10088,10180,A,B,False
q_016006,7596,9856,B,A,False
q_016007,262,6513,B,B,True
q_016008,5276,8925,A,B,False
q_016009,5234,6095,B,A,False
q_016010,6931,8101,A,A,True
q_016011,811,2774,A,A,True
q_016012,7452,10360,A,A,True
q_016013,2806,5139,A,B,False
q_016014,10012,10674,B,A,False
q_016015,2483,1884,A,A,True
q_016016,901,7471,B,A,False
q_016017,5524,3940,B,B,True
q_016018,5599,12274,B,B,True
q_016019,7076,6589,B,B,True
q_016020,10928,9145,B,A,False
q_016021,1095,8893,B,B,True
q_016022,4610,8601,A,B,False
q_016023,1284,9233,B,A,False
q_016024,6401,4593,A,A,True
q_016025,2843,2827,A,A,True
q_016026,274,28,A,B,False
q_016027,50,7450,A,B,False
q_016028,3061,2848,B,B,True
q_016029,6513,10407,B,A,False
q_016030,5891,9707,A,B,False
q_016031,2264,5740,A,B,False
q_016032,5070,9020,B,B,True
q_016033,3774,3252,A,A,True
q_016034,4205,9081,B,B,True
q_016035,162,7332,B,B,True
q_016036,7949,7775,A,A,True
q_016037,8328,11904,A,B,False
q_016038,2481,11185,B,B,True
q_016039,7365,4693,A,B,False
q_016040,3349,10861,A,A,True
q_016041,3518,3019,A,A,True
q_016042,3065,12038,B,B,True
q_016043,1283,4364,B,A,False
q_016044,224,5250,B,B,True
q_016045,3375,5582,A,A,True
q_016046,3113,10857,A,A,True
q_016047,9979,9687,B,A,False
q_016048,4181,6189,A,A,True
q_016049,3970,9141,A,A,True
q_016050,4918,4410,A,B,False
q_016051,1512,11394,B,A,False
q_016052,2013,9270,A,A,True
q_016053,4233,12614,A,A,True
q_016054,12225,8806,B,A,False
q_016055,8609,10991,B,B,True
q_016056,3559,7519,B,A,False
q_016057,208,10876,A,A,True
q_016058,2246,7512,A,B,False
q_016059,12309,8778,B,A,False
q_016060,4636,6396,A,B,False
q_016061,1828,4203,A,A,True
q_016062,7174,9535,B,A,False
q_016065,5798,8687,A,A,True
q_016066,13,9175,A,B,False
q_016067,7666,8944,A,A,True
q_016068,5870,11005,B,B,True
q_016069,4177,9864,A,B,False
q_016070,5457,5131,A,B,False
q_016071,573,11110,B,B,True
q_016072,4568,6253,B,B,True
q_016073,12290,11950,B,B,True
q_016074,1850,1061,A,A,True
q_016075,2068,2718,B,A,False
q_016076,4226,10636,B,A,False
q_016077,37,7219,A,B,False
q_016078,2164,11172,B,B,True
q_016079,308,4325,B,B,True
q_016081,7860,7560,B,B,True
q_016082,12177,10676,A,A,True
q_016083,12627,11229,B,B,True
q_016084,1366,5817,A,A,True
q_016085,5368,10075,A,A,True
q_016086,11831,4600,A,A,True
q_016087,9871,10625,A,B,False
q_016088,2659,7704,A,A,True
q_016089,9298,8657,B,A,False
q_016090,9088,10646,B,A,False
q_016091,2972,11376,B,B,True
q_016092,1824,12427,A,A,True
q_016093,3771,9197,A,B,False
q_016094,1793,6983,A,A,True
q_016095,6273,11994,B,B,True
q_016096,7985,8795,B,A,False
q_016097,2448,11456,A,A,True
q_016098,3719,4997,B,A,False
q_016099,4886,11380,A,A,True
q_016100,8190,9547,A,B,False
q_016101,2913,12100,A,A,True
q_016102,11548,10426,A,A,True
q_016103,9127,9565,B,A,False
q_016104,977,8933,A,A,True
q_016105,3599,9768,B,A,False
q_016106,11892,10730,B,A,False
q_016107,135,4457,A,B,False
q_016108,477,7480,B,A,False
q_016109,432,7674,B,A,False
q_016110,7334,11420,A,B,False
q_016111,7070,5016,A,A,True
q_016112,3870,12397,B,A,False
q_016113,1450,11321,A,A,True
q_016114,8481,9017,B,B,True
q_016115,8256,7209,A,A,True
q_016116,12506,11206,A,B,False
q_016117,1244,6622,A,B,False
q_016118,8213,10444,A,A,True
q_016119,1985,1848,A,B,False
q_016120,564,2961,B,A,False
q_016121,2353,9104,B,B,True
q_016122,48,6913,B,B,True
q_016123,7993,11116,A,B,False
q_016124,264,9605,B,A,False
q_016125,5599,8749,B,A,False
q_016126,5742,11935,B,B,True
q_016127,8202,4747,A,A,True
q_016128,1990,7921,B,A,False
q_016129,463,5645,B,B,True
q_016130,1620,6118,B,B,True
q_016131,5656,6396,A,B,False
q_016132,8604,5247,B,B,True
q_016133,9025,10854,A,B,False
q_016134,1596,5713,A,B,False
q_016135,4478,3333,A,A,True
q_016136,541,12458,A,A,True
q_016137,362,9901,A,B,False
q_016138,2873,5391,A,A,True
q_016139,2519,5517,A,A,True
q_016140,12613,6780,B,B,True
q_016141,12372,9972,A,A,True
q_016142,2885,4394,A,A,True
q_016143,4706,6034,A,A,True
q_016144,4126,5707,A,B,False
q_016145,7957,10146,B,B,True
q_016146,12512,1941,A,A,True
q_016147,1227,12105,A,A,True
q_016148,12543,6209,A,B,False
q_016149,3793,9563,A,A,True
q_016150,112,2928,B,B,True
q_016151,6852,10243,B,B,True
q_016152,8219,3081,B,B,True
q_016153,6587,8178,A,A,True
q_016154,535,12433,A,A,True
q_016155,8071,9035,A,A,True
q_016156,845,12568,A,B,False
q_016157,4345,7668,A,B,False
q_016158,2674,9107,A,A,True
q_016160,8071,7818,A,B,False
q_016161,2030,3948,B,B,True
q_016162,977,8643,B,B,True
q_016163,470,8237,B,A,False
q_016164,2935,7338,A,A,True
q_016165,1572,9830,A,B,False
q_016166,1600,12515,B,B,True
q_016167,6845,4681,A,A,True
q_016168,7095,10402,A,A,True
q_016169,11324,10045,A,A,True
q_016170,12320,11938,B,A,False
q_016172,2086,2198,B,B,True
q_016173,5006,7320,B,B,True
q_016174,5147,5879,A,A,True
q_016175,2977,10117,B,B,True
q_016176,1297,4265,B,A,False
q_016177,1825,2938,A,A,True
q_016178,4309,9594,A,B,False
q_016179,6291,9396,A,B,False
q_016180,827,9499,B,B,True
q_016181,1337,4827,B,A,False
q_016182,3361,6182,A,A,True
q_016183,115,11102,A,A,True
q_016184,12582,205,A,B,False
q_016185,4,5593,A,A,True
q_016186,567,2226,A,B,False
q_016187,151,4416,A,B,False
q_016188,639,10914,A,B,False
q_016189,2043,5652,B,B,True
q_016190,984,10762,A,A,True
q_016191,10858,10590,A,B,False
q_016192,3681,6721,A,B,False
q_016193,4443,12027,B,B,True
q_016194,1498,5745,A,B,False
q_016195,398,2860,B,B,True
q_016196,11836,4500,A,B,False
q_016197,3363,10009,B,B,True
q_016198,982,2529,A,A,True
q_016199,9338,10768,B,B,True
q_016200,2283,12438,A,A,True
q_016201,5760,3435,B,B,True
q_016202,4002,9513,B,A,False
q_016203,462,9128,A,B,False
q_016204,11855,9221,A,B,False
q_016205,3644,2871,B,B,True
q_016206,8884,8675,A,B,False
q_016207,293,6342,B,B,True
q_016208,331,7193,A,B,False
q_016209,12543,9681,A,B,False
q_016210,3303,6042,A,B,False
q_016211,8152,12101,A,A,True
q_016212,8734,10672,A,A,True
q_016213,2450,8034,B,B,True
q_016214,7635,8720,B,B,True
q_016215,4600,11266,B,A,False
q_016216,133,7652,A,B,False
q_016217,7077,11240,A,A,True
q_016218,3760,11534,A,B,False
q_016219,11486,8277,B,A,False
q_016220,3305,4676,A,B,False
q_016221,7408,11529,B,B,True
q_016222,4488,12028,B,B,True
q_016223,2108,10677,B,B,True
q_016224,5166,9247,B,A,False
q_016225,3977,11808,B,A,False
q_016226,1612,8708,B,B,True
q_016227,628,9398,A,A,True
q_016228,4778,11914,B,B,True
q_016229,2621,2860,B,B,True
q_016230,7400,4750,B,B,True
q_016231,5702,10138,A,A,True
q_016232,4235,807,A,B,False
q_016234,5294,5046,B,A,False
q_016235,4261,4558,B,B,True
q_016236,1899,9217,A,A,True
q_016237,12653,4713,A,A,True
q_016238,4781,10871,B,B,True
q_016239,6123,12002,B,B,True
q_016240,7354,4250,A,A,True
q_016241,11808,5940,A,A,True
q_016242,12209,9028,A,A,True
q_016243,2813,11247,B,B,True
q_016244,2482,8698,A,A,True
q_016245,11480,11920,B,B,True
q_016246,11998,9608,A,B,False
q_016247,517,11056,A,A,True
q_016248,4525,12043,B,B,True
q_016249,763,5252,B,B,True
q_016250,3036,5329,A,B,False
q_016251,1835,9891,B,B,True
q_016252,7208,8876,A,A,True
q_016253,2705,5177,B,B,True
q_016254,517,7736,A,A,True
q_016255,7084,12384,B,B,True
q_016256,1280,5592,B,A,False
q_016257,11794,5176,A,A,True
q_016258,4658,8256,B,A,False
q_016259,11752,11354,B,B,True
q_016260,11471,8672,B,B,True
q_016261,211,7932,A,B,False
q_016262,10568,10169,B,A,False
q_016263,2294,2403,A,A,True
q_016264,3258,10473,B,B,True
q_016265,9559,10267,A,A,True
q_016266,3283,9518,B,A,False
q_016267,842,271,A,B,False
q_016268,2850,5329,B,A,False
q_016269,2885,3849,A,A,True
q_016270,76,7037,A,B,False
q_016271,1042,8403,A,A,True
q_016272,562,692,B,B,True
q_016273,5555,10690,B,B,True
q_016274,7441,9781,A,A,True
q_016275,4002,9679,A,B,False
q_016276,6317,4109,A,A,True
q_016277,2084,12329,B,B,True
q_016278,3590,3436,A,A,True
q_016279,3796,7089,A,A,True
q_016280,83,3294,B,B,True
q_016281,4366,10583,B,B,True
q_016283,2235,8651,B,B,True
q_016284,4294,10389,B,B,True
q_016285,12570,9590,A,B,False
q_016286,871,7686,A,B,False
q_016287,8139,10746,B,B,True
q_016288,7416,9358,A,A,True
q_016289,11726,4503,A,A,True
q_016290,8063,3249,B,B,True
q_016291,12483,9979,A,A,True
q_016292,2623,6091,B,B,True
q_016293,1756,8469,A,A,True
q_016294,615,10500,B,B,True
q_016295,11757,11384,B,B,True
q_016296,1178,11735,A,A,True
q_016297,2671,7622,A,B,False
q_016298,6516,6066,A,B,False
q_016299,3033,2797,A,A,True
q_016300,6614,5078,A,B,False
q_016301,3497,8714,B,B,True
q_016302,7295,10946,A,A,True
q_016303,6604,8828,A,A,True
q_016304,11253,10744,A,B,False
q_016305,2865,10075,A,A,True
q_016306,7928,9241,A,A,True
q_016307,2118,4022,B,A,False
q_016308,12372,10538,B,A,False
q_016309,3196,9950,B,B,True
q_016310,1580,11071,A,A,True
q_016311,1115,8032,A,B,False
q_016312,2728,9668,B,B,True
q_016313,4958,9640,A,B,False
q_016314,3064,4168,A,A,True
q_016315,3333,5039,A,B,False
q_016316,4380,11022,B,B,True
q_016317,4622,8663,A,A,True
q_016318,4975,4705,B,A,False
q_016319,7231,5073,B,A,False
q_016320,690,7026,B,A,False
q_016321,475,2498,B,A,False
q_016322,2954,5265,A,A,True
q_016323,3898,213,A,A,True
q_016324,2825,9616,B,A,False
q_016325,5393,11673,B,A,False
q_016326,4846,6365,A,B,False
q_016327,4270,5145,A,B,False
q_016328,8539,9703,B,B,True
q_016329,5432,10013,B,B,True
q_016330,448,8744,B,A,False
q_016331,7003,6204,A,A,True
q_016332,2251,12403,B,B,True
q_016333,7561,11433,A,A,True
q_016334,2572,7161,B,B,True
q_016335,2033,6030,A,A,True
q_016336,4896,4992,B,B,True
q_016337,7573,10614,A,B,False
q_016338,12258,8643,A,A,True
q_016339,11163,8928,A,A,True
q_016340,12231,8768,B,B,True
q_016341,1057,2969,B,A,False
q_016342,7526,8385,B,A,False
q_016343,1076,2342,B,A,False
q_016344,6857,5303,A,A,True
q_016345,2462,9419,A,A,True
q_016346,960,6891,B,B,True
q_016347,12291,10264,A,B,False
q_016348,11598,11351,A,A,True
q_016349,12375,8708,B,A,False
q_016350,8551,7948,A,A,True
q_016351,3049,8557,A,B,False
q_016352,7263,10205,B,A,False
q_016353,2961,9505,A,A,True
q_016354,3831,6855,A,B,False
q_016355,3582,4336,A,B,False
q_016356,4980,9458,A,B,False
q_016357,4462,10685,B,B,True
q_016358,1772,3236,B,B,True
q_016359,12216,10148,A,A,True
q_016360,9527,9597,B,A,False
q_016361,7551,11311,A,B,False
q_016362,6475,11201,B,A,False
q_016363,2843,10061,A,A,True
q_016364,431,11438,B,A,False
q_016365,6797,3300,B,B,True
q_016366,1482,5071,A,B,False
q_016367,1445,4339,A,A,True
q_016368,11799,10544,A,A,True
q_016369,11749,12329,A,A,True
q_016370,1397,4751,A,A,True
q_016371,8489,10870,A,A,True
q_016372,6079,5251,B,B,True
q_016373,6312,10393,A,A,True
q_016374,7929,8673,A,A,True
q_016375,763,5291,B,B,True
q_016376,6153,10186,B,A,False
q_016377,1130,2406,A,A,True
q_016378,8494,4318,B,B,True
q_016379,12492,9626,B,A,False
q_016380,10801,8689,A,B,False
q_016381,581,8954,A,A,True
q_016382,1448,8398,B,B,True
q_016383,186,7989,B,B,True
q_016384,7407,11748,A,B,False
q_016385,6163,10724,A,A,True
q_016386,6714,11485,A,B,False
q_016387,1902,2703,A,A,True
q_016388,6596,8968,B,B,True
q_016390,7939,5121,A,B,False
q_016391,719,9873,B,B,True
q_016392,874,2704,A,B,False
q_016393,5807,4562,A,B,False
q_016394,6829,5692,A,A,True
q_016395,12667,11942,A,B,False
q_016396,2575,9193,B,A,False
q_016397,6167,4146,A,A,True
q_016398,279,3801,B,B,True
q_016399,1928,2142,B,A,False
q_016400,1788,12464,A,A,True
q_016401,914,10771,B,B,True
q_016402,3292,11586,A,B,False
q_016403,201,8921,B,B,True
q_016404,7537,10975,A,A,True
q_016405,7415,11519,A,A,True
q_016406,3815,7858,A,B,False
q_016407,12181,12635,B,B,True
q_016408,4710,9995,B,B,True
q_016409,1869,9109,B,B,True
q_016410,5054,12310,A,A,True
q_016411,2237,8533,A,B,False
q_016412,4257,7233,B,B,True
q_016413,8141,10715,B,B,True
q_016414,8099,3102,B,B,True
q_016415,8009,3669,B,B,True
q_016416,8117,12210,A,A,True
q_016417,12451,9011,B,A,False
q_016418,11621,5446,A,B,False
q_016419,1727,5079,A,B,False
q_016420,12368,8769,A,B,False
q_016421,9593,10431,B,B,True
q_016422,333,8486,B,A,False
q_016423,10586,8702,A,A,True
q_016424,7715,11653,B,B,True
q_016425,1528,2948,B,A,False
q_016426,3012,9576,A,B,False
q_016427,767,1005,A,A,True
q_016428,800,5106,A,B,False
q_016429,9259,10412,B,B,True
q_016430,12548,10825,A,B,False
q_016431,2083,9247,B,B,True
q_016432,9170,7293,B,B,True
q_016433,1575,3293,A,A,True
q_016434,5266,10488,B,B,True
q_016435,8372,10047,B,B,True
q_016436,11985,10317,B,A,False
q_016437,7661,12056,A,A,True
q_016438,502,3946,A,A,True
q_016439,6492,12055,A,A,True
q_016440,9957,9840,B,A,False
q_016441,4302,10012,B,B,True
q_016442,4909,4167,A,A,True
q_016443,1367,2173,B,B,True
q_016444,11700,11042,B,A,False
q_016445,2583,10459,B,A,False
q_016446,3404,11167,B,A,False
q_016447,8521,5247,B,B,True
q_016448,1748,10528,B,B,True
q_016449,5118,10241,B,B,True
q_016450,8870,9901,A,B,False
q_016451,1990,6204,B,B,True
q_016452,2069,10092,B,B,True
q_016453,1859,279,B,B,True
q_016454,3768,12063,A,A,True
q_016455,5537,2724,A,B,False
q_016456,8330,5166,B,B,True
q_016457,1906,10349,A,A,True
q_016458,1462,2933,B,A,False
q_016459,6880,9282,B,B,True
q_016460,2653,10554,B,A,False
q_016461,8528,7789,A,A,True
q_016462,8209,11738,A,B,False
q_016463,1759,3876,A,A,True
q_016464,7786,7724,A,B,False
q_016465,11634,2877,B,B,True
q_016466,3126,11356,B,B,True
q_016467,98,10946,B,B,True
q_016468,7815,1401,A,B,False
q_016469,12623,12531,B,B,True
q_016470,5776,11758,B,B,True
q_016471,4090,4545,A,B,False
q_016472,6608,12646,B,B,True
q_016473,7910,7278,B,B,True
q_016474,8493,10966,B,B,True
q_016475,566,9535,A,A,True
q_016476,6683,4738,B,A,False
q_016477,11307,10380,A,A,True
q_016478,752,10272,A,A,True
q_016479,412,9085,B,A,False
q_016480,2090,12173,A,B,False
q_016481,2251,6948,A,A,True
q_016482,1289,12638,B,A,False
q_016483,3633,10189,A,B,False
q_016484,8014,4632,B,A,False
q_016485,355,2463,B,A,False
q_016486,9235,11993,A,A,True
q_016487,4566,9140,B,A,False
q_016488,2131,674,A,B,False
q_016489,1134,6141,A,A,True
q_016490,2553,1965,A,A,True
q_016491,891,10035,A,A,True
q_016492,929,6826,B,B,True
q_016493,6343,11180,B,B,True
q_016494,798,4972,A,A,True
q_016495,472,7809,A,B,False
q_016496,665,5388,B,B,True
q_016497,6590,10626,B,A,False
q_016498,5015,6125,B,B,True
q_016499,1649,8497,B,B,True
q_016500,1758,11712,B,B,True
q_016501,1730,10226,A,B,False
q_016502,4011,9282,A,A,True
q_016503,7723,3427,B,B,True
q_016504,2143,10589,B,A,False
q_016505,881,8233,B,B,True
q_016506,95,8740,A,B,False
q_016507,4904,9562,A,A,True
q_016508,2547,1545,A,A,True
q_016509,6815,7818,B,B,True
q_016510,9541,9744,A,A,True
q_016511,7668,5932,A,B,False
q_016512,3170,5653,B,B,True
q_016513,8447,5715,A,B,False
q_016514,2525,9650,A,A,True
q_016515,4772,123,A,B,False
q_016516,11855,7209,A,B,False
q_016517,522,6412,A,B,False
q_016518,4660,10007,A,A,True
q_016519,562,2093,B,A,False
q_016520,1453,1061,A,A,True
q_016521,3629,9532,B,A,False
q_016522,3417,10514,B,A,False
q_016523,5327,4017,A,B,False
q_016524,10793,11939,A,B,False
q_016525,11494,11787,A,A,True
q_016526,8462,8798,B,A,False
q_016527,1858,7382,B,B,True
q_016528,12256,12015,A,A,True
q_016529,7749,10768,A,A,True
q_016530,969,11869,B,B,True
q_016531,4922,12440,A,A,True
q_016532,2473,9853,A,A,True
q_016533,1133,8395,B,B,True
q_016534,971,9291,B,B,True
q_016535,7700,10420,B,B,True
q_016536,4277,4438,A,B,False
q_016537,5612,10947,A,B,False
q_016538,6194,9538,A,B,False
q_016539,4915,6923,A,B,False
q_016540,1994,9034,A,A,True
q_016541,1602,4081,B,B,True
q_016542,26,12386,A,A,True
q_016543,3197,9100,A,A,True
q_016544,2566,9227,B,A,False
q_016545,4117,11380,A,B,False
q_016546,3391,9893,A,B,False
q_016547,1931,8406,A,B,False
q_016548,1603,4720,A,A,True
q_016549,2551,10775,B,B,True
q_016550,5368,4146,A,A,True
q_016551,2506,10862,A,A,True
q_016552,2336,9498,B,B,True
q_016553,7365,9809,B,A,False
q_016554,1416,11762,B,B,True
q_016555,1956,10046,A,A,True
q_016556,4084,10630,B,A,False
q_016557,231,6626,A,B,False
q_016558,780,6004,B,B,True
q_016559,821,883,A,A,True
q_016560,7538,6811,B,A,False
q_016561,5558,8828,B,B,True
q_016562,4998,8801,A,B,False
q_016563,1393,8769,B,B,True
q_016564,732,6406,B,A,False
q_016565,7358,4377,A,B,False
q_016566,1343,8049,B,B,True
q_016567,8068,8667,A,A,True
q_016568,4244,2130,A,A,True
q_016569,1843,10759,B,B,True
q_016570,5097,10591,A,A,True
q_016571,4944,9728,B,A,False
q_016572,11625,10135,A,A,True
q_016573,860,12391,A,B,False
q_016574,4438,10087,A,A,True
q_016575,7440,9333,B,B,True
q_016576,3174,5066,B,A,False
q_016577,4600,12472,B,A,False
q_016578,9439,10451,A,A,True
q_016579,3759,12022,B,B,True
q_016580,8005,12060,A,A,True
q_016581,1387,6388,A,B,False
q_016582,5834,4812,A,B,False
q_016583,5728,9461,B,A,False
q_016584,1025,109,A,A,True
q_016585,5744,9015,A,A,True
q_016586,849,8744,B,A,False
q_016587,938,10075,B,B,True
q_016588,3194,5274,A,A,True
q_016589,6751,10965,B,B,True
q_016590,3806,8560,A,B,False
q_016591,578,11184,B,B,True
q_016592,3528,11785,A,B,False
q_016593,4997,11917,B,B,True
q_016594,30,12707,A,A,True
q_016595,1373,1131,A,A,True
q_016596,1826,4377,B,B,True
q_016597,12628,4413,B,A,False
q_016598,8955,11979,A,A,True
q_016599,1876,6399,B,B,True
q_016600,4995,8978,A,A,True
q_016601,8294,11938,B,B,True
q_016602,2785,6335,A,B,False
q_016603,7313,11838,A,B,False
q_016604,12131,5896,B,B,True
q_016605,5694,9663,A,B,False
q_016606,9560,9069,B,B,True
q_016607,7928,10588,A,A,True
q_016608,7544,1518,B,A,False
q_016609,1290,5767,A,B,False
q_016610,2662,8790,B,B,True
q_016611,12580,5324,B,B,True
q_016612,3106,8480,B,B,True
q_016613,8282,8079,A,A,True
q_016614,11581,4711,A,A,True
q_016615,7655,1272,A,A,True
q_016616,2732,12330,A,A,True
q_016617,10495,10923,B,A,False
q_016618,410,11368,B,B,True
q_016619,3809,9188,A,B,False
q_016620,3382,4017,A,B,False
q_016621,4109,8136,A,A,True
q_016622,394,6106,B,A,False
q_016623,2156,7231,B,A,False
q_016624,3917,4854,B,A,False
q_016625,6720,12546,A,A,True
q_016626,2601,11890,A,B,False
q_016627,6452,10500,B,A,False
q_016628,6953,5319,A,A,True
q_016629,4572,11961,B,B,True
q_016630,11673,11296,B,B,True
q_016631,1185,7971,A,A,True
q_016632,7557,11058,A,B,False
q_016633,452,9450,B,A,False
q_016634,6659,3885,A,A,True
q_016635,2702,9755,A,A,True
q_016636,2035,5446,A,B,False
q_016637,12334,10906,B,B,True
q_016638,464,3443,B,B,True
q_016639,377,7821,A,A,True
q_016640,6914,11018,B,B,True
q_016641,7597,11835,B,B,True
q_016642,805,9910,A,A,True
q_016643,9849,9884,A,B,False
q_016644,5685,11926,B,B,True
q_016645,6180,11712,A,B,False
q_016646,11550,11015,A,A,True
q_016647,4291,9618,B,A,False
q_016648,2721,10409,A,A,True
q_016649,2326,10853,A,B,False
q_016650,1424,8887,A,A,True
q_016651,6734,159,A,A,True
q_016652,7700,7217,B,B,True
q_016653,8315,7415,B,A,False
q_016654,10150,10182,A,B,False
q_016655,4967,9800,B,A,False
q_016656,6044,10271,A,B,False
q_016657,3799,11462,B,A,False
q_016658,1161,2437,A,A,True
q_016659,1131,5708,B,A,False
q_016660,2854,8130,A,B,False
q_016661,8342,12195,A,A,True
q_016662,1020,5248,B,B,True
q_016663,3578,8929,B,B,True
q_016664,3197,7429,A,A,True
q_016665,2184,4507,B,B,True
q_016666,1384,2702,B,A,False
q_016668,7990,8703,B,A,False
q_016669,3794,11980,B,B,True
q_016670,6448,10521,A,B,False
q_016671,11783,4698,B,B,True
q_016672,1969,1392,A,B,False
q_016673,1213,12367,A,A,True
q_016674,7451,5086,B,B,True
q_016675,5183,9450,A,B,False
q_016676,788,9320,A,A,True
q_016677,7676,6081,A,A,True
q_016678,2080,4867,B,A,False
q_016679,2710,11416,B,B,True
q_016680,7198,10070,A,A,True
q_016681,4245,10981,B,B,True
q_016682,8537,11309,A,A,True
q_016683,11728,9157,A,A,True
q_016684,3116,4507,A,A,True
q_016685,7012,3594,B,B,True
q_016686,10921,10571,A,A,True
q_016687,2673,7644,B,B,True
q_016688,6488,11330,A,B,False
q_016689,3878,10102,B,B,True
q_016690,7967,7712,B,A,False
q_016691,1937,9442,A,B,False
q_016692,1790,12480,A,A,True
q_016693,2382,3087,A,B,False
q_016694,294,3128,A,B,False
q_016696,877,645,A,A,True
q_016697,4766,8981,A,B,False
q_016698,11485,10717,A,A,True
q_016699,5206,11001,A,A,True
q_016700,6238,11215,A,B,False
q_016701,3998,9272,A,A,True
q_016702,4402,10261,B,B,True
q_016703,11675,9401,B,A,False
q_016704,702,2536,A,B,False
q_016705,730,6650,B,B,True
q_016706,821,6676,A,A,True
q_016707,8153,11282,B,B,True
q_016708,1153,10116,A,A,True
q_016709,1431,11964,B,B,True
q_016710,2333,8573,B,B,True
q_016711,6967,10585,B,B,True
q_016712,1468,12331,A,A,True
q_016713,1472,5273,A,A,True
q_016714,3575,11379,B,A,False
q_016715,309,9245,B,B,True
q_016716,2042,10381,A,A,True
q_016717,11528,10215,B,B,True
q_016718,2183,246,A,A,True
q_016719,8920,9873,A,A,True
q_016720,11448,4089,A,A,True
q_016721,6335,7086,B,B,True
q_016722,6158,11514,B,A,False
q_016723,5448,11463,B,B,True
q_016724,2351,4738,B,B,True
q_016726,3608,7035,A,B,False
q_016727,7813,11379,A,A,True
q_016728,12470,10502,A,B,False
q_016729,4039,11002,B,B,True
q_016730,1520,1543,B,A,False
q_016731,818,3897,B,B,True
q_016732,676,9618,A,B,False
q_016733,6931,4656,A,A,True
q_016734,4247,12274,A,A,True
q_016735,3198,3954,B,B,True
q_016736,1487,5144,A,B,False
q_016737,4223,8577,A,A,True
q_016738,8359,5361,A,A,True
q_016739,5285,3431,A,A,True
q_016740,1615,6972,B,B,True
q_016742,2617,2797,B,B,True
q_016743,1095,11277,B,B,True
q_016744,5150,5845,B,B,True
q_016745,8206,3237,B,A,False
q_016746,8077,8579,B,A,False
q_016747,11550,6891,B,B,True
q_016748,3726,7325,B,B,True
q_016749,8320,2814,B,A,False
q_016750,11240,9189,A,A,True
q_016751,360,2443,A,A,True
q_016752,10627,9925,B,B,True
q_016753,1120,5388,A,A,True
q_016754,7008,5199,A,A,True
q_016755,4936,10555,B,A,False
q_016756,5374,5835,B,A,False
q_016757,7112,8454,B,A,False
q_016758,7873,6311,A,A,True
q_016759,1611,7343,A,A,True
q_016760,7196,9297,A,A,True
q_016761,3392,10917,A,B,False
q_016762,1377,1715,A,A,True
q_016763,5284,10672,B,B,True
q_016764,3972,10834,B,B,True
q_016765,4846,7561,B,B,True
q_016766,6218,2184,A,B,False
q_016767,4311,9430,B,B,True
q_016768,4903,11884,A,A,True
q_016769,1701,3197,A,A,True
q_016770,12142,12368,B,B,True
q_016771,3959,9019,B,B,True
q_016772,390,7405,A,A,True
q_016773,7185,10947,A,B,False
q_016774,5456,4886,A,A,True
q_016775,3585,7441,A,B,False
q_016776,6686,7191,B,A,False
q_016777,1018,7322,B,B,True
q_016778,6856,8502,B,A,False
q_016779,1451,702,B,B,True
q_016780,5527,10449,B,B,True
q_016781,4342,4634,B,B,True
q_016782,1793,5689,B,B,True
q_016783,914,7189,A,A,True
q_016784,7910,8912,B,B,True
q_016785,1315,5319,B,B,True
q_016786,774,11977,A,A,True
q_016787,44,7632,A,B,False
q_016788,6862,12664,B,B,True
q_016789,8519,8466,A,A,True
q_016790,128,6954,B,B,True
q_016791,2648,9154,A,A,True
q_016792,12358,9616,B,A,False
q_016793,7110,11079,B,B,True
q_016794,1553,12486,A,A,True
q_016795,944,11242,B,B,True
q_016796,6822,10111,A,A,True
q_016797,5476,7550,A,A,True
q_016798,3130,6401,B,B,True
q_016799,2476,7828,A,A,True
q_016800,2153,7705,A,B,False
q_016801,5534,8611,A,A,True
q_016802,470,7475,B,A,False
q_016803,733,6610,A,B,False
q_016804,3028,10601,A,B,False
q_016805,7167,8732,B,A,False
q_016806,3819,11847,A,A,True
q_016807,190,12408,A,A,True
q_016808,11633,10486,A,A,True
q_016809,3785,8811,B,B,True
q_016811,3103,3803,A,A,True
q_016812,8999,9054,B,B,True
q_016813,12024,10982,B,A,False
q_016814,8590,11183,A,A,True
q_016815,3757,8691,B,B,True
q_016816,4985,8653,B,B,True
q_016817,12096,11805,B,B,True
q_016818,178,8714,B,A,False
q_016819,1791,2812,A,A,True
q_016820,1360,6355,A,B,False
q_016821,4557,8148,B,A,False
q_016823,8080,1692,A,A,True
q_016824,3740,11961,A,A,True
q_016825,7010,3808,A,A,True
q_016826,1129,3160,B,A,False
q_016827,3726,12019,A,A,True
q_016828,8873,10517,B,A,False
q_016829,1650,8325,A,A,True
q_016830,11984,10503,A,B,False
q_016831,750,11770,A,A,True
q_016832,11521,10887,A,A,True
q_016833,2283,5000,B,A,False
q_016834,4242,3729,A,A,True
q_016835,731,680,B,B,True
q_016836,1189,11833,A,A,True
q_016837,2936,7111,A,A,True
q_016838,7726,3559,A,A,True
q_016839,195,10805,B,B,True
q_016840,6460,10709,A,B,False
q_016841,3683,6696,A,A,True
q_016842,8333,9890,A,A,True
q_016843,6736,8305,A,B,False
q_016844,3033,12283,A,B,False
q_016845,1872,10731,A,A,True
q_016846,4354,10325,B,A,False
q_016847,3142,3918,A,A,True
q_016848,7007,8259,A,A,True
q_016849,6686,11701,A,B,False
q_016850,10157,10038,A,A,True
q_016851,2525,7123,B,B,True
q_016852,2973,10873,A,A,True
q_016853,717,7175,A,A,True
q_016855,6498,7356,B,A,False
q_016856,466,7528,A,B,False
q_016857,2236,9225,B,B,True
q_016858,100,3783,B,B,True
q_016859,2663,10829,A,A,True
q_016860,319,11156,B,B,True
q_016861,5746,7503,B,B,True
q_016862,7967,11209,A,B,False
q_016863,662,5676,A,A,True
q_016864,8200,11309,A,B,False
q_016865,10871,8660,B,A,False
q_016866,4886,9696,A,A,True
q_016867,1090,8267,B,A,False
q_016868,6413,9962,A,A,True
q_016869,3564,11446,A,A,True
q_016870,5343,10960,B,A,False
q_016871,1254,5070,B,A,False
q_016872,9683,10147,A,A,True
q_016873,1040,5194,B,B,True
q_016874,4797,11912,A,A,True
q_016875,2371,5682,A,B,False
q_016876,287,2188,B,B,True
q_016877,1744,9100,B,B,True
q_016878,11185,9709,A,A,True
q_016879,7998,8628,B,B,True
q_016880,3910,9992,B,B,True
q_016881,115,7260,A,A,True
q_016882,5707,4084,B,B,True
q_016883,231,5929,A,B,False
q_016884,6940,5245,B,B,True
q_016885,11715,9791,B,A,False
q_016886,2596,10974,A,A,True
q_016887,6239,9848,B,A,False
q_016888,280,5236,A,A,True
q_016889,1619,11066,A,A,True
q_016890,2074,5514,A,B,False
q_016891,1338,7900,A,B,False
q_016892,2675,8641,B,B,True
q_016893,1985,3764,A,A,True
q_016894,1403,10754,B,B,True
q_016895,3311,4169,A,A,True
q_016896,4606,10066,B,B,True
q_016897,3267,12536,A,A,True
q_016898,10352,11968,B,B,True
q_016899,8438,7538,A,A,True
q_016900,1156,6021,B,B,True
q_016901,12296,10151,B,B,True
q_016902,1943,900,A,B,False
q_016903,8621,3409,A,B,False
q_016904,4594,12377,B,A,False
q_016905,6402,4819,A,A,True
q_016906,2011,2514,A,B,False
q_016907,1234,6380,A,A,True
q_016908,1003,8813,B,B,True
q_016909,4011,10802,B,B,True
q_016910,12099,11580,A,B,False
q_016911,3094,3793,A,A,True
q_016912,11341,9696,A,B,False
q_016913,1413,6898,B,B,True
q_016914,8332,9891,A,A,True
q_016915,8933,7194,A,A,True
q_016916,7006,10951,A,A,True
q_016917,435,859,B,B,True
q_016918,11680,9868,A,B,False
q_016919,5935,6036,A,A,True
q_016920,8330,7224,B,B,True
q_016921,7037,6848,A,B,False
q_016922,8366,9076,B,B,True
q_016923,7612,4506,A,A,True
q_016924,5285,10720,A,A,True
q_016925,5532,2850,A,A,True
q_016926,900,8301,B,A,False
q_016927,7344,9202,B,A,False
q_016928,6400,8965,A,A,True
q_016929,279,7204,B,B,True
q_016930,4952,9170,B,A,False
q_016931,605,3417,B,B,True
q_016933,11750,8739,A,B,False
q_016934,6639,12121,A,A,True
q_016935,10835,9619,B,A,False
q_016936,668,4585,B,B,True
q_016937,6973,3889,A,A,True
q_016938,5694,9351,A,A,True
q_016939,471,2911,B,A,False
q_016940,12306,10189,A,B,False
q_016941,10001,10288,A,B,False
q_016942,5292,3928,B,B,True
q_016943,6435,10070,A,A,True
q_016944,324,11594,A,B,False
q_016945,1967,10846,A,A,True
q_016946,3596,10501,A,B,False
q_016947,12503,4929,B,A,False
q_016948,2944,9455,B,B,True
q_016949,6508,11884,A,B,False
q_016950,12120,10083,A,A,True
q_016951,247,5797,A,B,False
q_016953,761,4243,B,A,False
q_016954,3561,6288,A,B,False
q_016955,2131,10257,A,A,True
q_016956,8586,10301,A,A,True
q_016957,1325,10607,B,A,False
q_016958,244,5233,B,B,True
q_016959,8872,10559,A,B,False
q_016960,2214,4128,B,B,True
q_016961,7300,9523,B,B,True
q_016962,1045,10507,A,A,True
q_016963,11182,10004,B,B,True
q_016964,6996,4803,B,B,True
q_016965,4786,6414,A,B,False
q_016966,10205,9830,B,A,False
q_016967,379,8828,B,B,True
q_016968,12013,10650,A,B,False
q_016970,12391,11969,A,A,True
q_016971,7003,9781,B,B,True
q_016972,806,2624,B,B,True
q_016973,7400,3734,A,B,False
q_016974,7260,10155,A,B,False
q_016975,1475,11698,A,A,True
q_016976,7316,9006,A,B,False
q_016977,5162,4327,B,A,False
q_016978,2237,2630,A,A,True
q_016979,6860,4142,B,B,True
q_016980,7391,11838,B,A,False
q_016981,4689,11405,B,A,False
q_016982,4610,5136,B,A,False
q_016983,46,184,B,A,False
q_016984,11975,11278,B,A,False
q_016985,10631,11400,A,A,True
q_016986,7689,3242,A,A,True
q_016987,1746,7987,A,A,True
q_016988,6693,10609,B,A,False
q_016989,158,10631,B,A,False
q_016990,2027,11395,A,A,True
q_016991,1822,6955,A,A,True
q_016992,11617,9350,A,A,True
q_016993,633,9270,B,A,False
q_016994,2728,7073,A,A,True
q_016995,6658,4610,B,A,False
q_016996,77,3308,A,B,False
q_016997,11680,9579,A,B,False
q_016998,232,12340,A,A,True
q_016999,973,10874,B,B,True
q_017000,964,9881,A,A,True
q_017001,3357,10085,B,B,True
q_017002,2058,1488,B,B,True
q_017003,114,11195,B,B,True
q_017004,7608,12434,A,B,False
q_017005,5108,7401,A,A,True
q_017006,9871,8654,B,B,True
q_017007,7193,4338,A,A,True
q_017008,3549,9484,A,A,True
q_017009,3662,8719,A,B,False
q_017010,2036,7233,B,A,False
q_017011,1911,7638,B,A,False
q_017012,3053,6212,B,B,True
q_017013,3120,4715,A,A,True
q_017014,12025,10683,A,B,False
q_017015,6542,3890,A,A,True
q_017016,4178,10929,B,B,True
q_017017,4195,6721,B,B,True
q_017018,2449,3660,B,B,True
q_017019,3590,10908,A,B,False
q_017020,139,6719,A,A,True
q_017021,9899,10769,A,B,False
q_017022,6361,7911,B,A,False
q_017023,3747,11282,B,B,True
q_017024,12199,3733,A,A,True
q_017026,5007,10974,A,A,True
q_017027,123,5803,A,A,True
q_017028,3602,7143,A,A,True
q_017029,2504,7892,A,A,True
q_017030,1926,11800,A,B,False
q_017031,7410,2931,A,B,False
q_017032,2069,12204,B,B,True
q_017033,12699,7188,A,B,False
q_017034,12259,6994,B,A,False
q_017035,341,9603,A,A,True
q_017036,1343,8704,B,B,True
q_017037,9212,6040,A,A,True
q_017038,7847,11796,A,A,True
q_017039,3096,10903,A,A,True
q_017040,2056,4647,A,A,True
q_017041,7433,9355,B,B,True
q_017042,12295,5849,A,B,False
q_017043,6239,11171,B,A,False
q_017044,5278,2594,A,B,False
q_017045,4589,10419,A,A,True
q_017046,1730,6083,B,A,False
q_017047,671,11845,A,A,True
q_017048,10597,10053,A,A,True
q_017049,471,4383,A,B,False
q_017050,10736,10430,B,B,True
q_017051,2381,3141,B,A,False
q_017052,52,8829,B,B,True
q_017053,6440,12092,B,B,True
q_017054,4949,9515,A,B,False
q_017055,1598,9270,A,A,True
q_017056,3363,12631,B,B,True
q_017057,496,7601,A,B,False
q_017058,8159,7489,B,B,True
q_017059,5404,3316,A,B,False
q_017060,482,3763,A,B,False
q_017061,2682,11593,B,B,True
q_017062,2502,4943,A,A,True
q_017063,8480,12369,A,A,True
q_017064,11845,4098,A,A,True
q_017065,239,9170,A,A,True
q_017066,5687,9393,A,A,True
q_017067,8057,9977,A,A,True
q_017068,2931,5648,A,A,True
q_017069,4645,10327,A,A,True
q_017070,1415,6440,B,B,True
q_017071,3160,8724,B,B,True
q_017072,5902,12058,A,A,True
q_017073,11513,9439,B,B,True
q_017074,1426,6558,A,A,True
q_017075,1831,3761,B,B,True
q_017076,355,3266,B,B,True
q_017077,4988,897,A,A,True
q_017078,692,2320,A,A,True
q_017079,454,7265,A,B,False
q_017080,94,4716,B,B,True
q_017081,3689,3652,B,B,True
q_017082,3991,11244,A,A,True
q_017083,9278,12336,B,B,True
q_017084,12378,10048,B,B,True
q_017085,6930,10743,B,A,False
q_017086,1400,4344,A,A,True
q_017087,6700,10813,B,B,True
q_017088,6287,6408,A,B,False
q_017089,5452,10929,B,B,True
q_017090,7683,9478,B,B,True
q_017091,2080,11519,A,B,False
q_017092,7002,6114,A,A,True
q_017093,7698,11679,A,A,True
q_017094,9448,8864,A,A,True
q_017095,6355,9388,A,A,True
q_017096,8407,12672,A,B,False
q_017097,4264,12582,A,A,True
q_017098,1226,7733,A,A,True
q_017099,1053,4530,B,B,True
q_017100,8255,6550,B,A,False
q_017101,3237,10519,B,A,False
q_017102,6510,10154,A,B,False
q_017103,2758,7260,A,A,True
q_017104,7145,9024,B,A,False
q_017105,2818,11984,A,A,True
q_017106,2121,10060,A,A,True
q_017107,5661,10198,B,A,False
q_017108,1850,8112,A,A,True
q_017109,4447,4997,B,B,True
q_017110,564,8611,A,A,True
q_017111,8509,11099,A,A,True
q_017112,9417,9365,A,B,False
q_017113,8325,5993,A,A,True
q_017114,8427,3811,A,A,True
q_017115,8345,11562,A,A,True
q_017116,4198,11112,B,B,True
q_017117,211,11395,A,A,True
q_017118,12567,3871,A,A,True
q_017120,3098,10530,B,B,True
q_017121,6870,12129,A,A,True
q_017122,6855,11017,B,B,True
q_017123,266,2202,A,A,True
q_017124,3138,12586,A,A,True
q_017125,6716,7014,B,A,False
q_017126,5280,10547,B,B,True
q_017127,5844,9883,A,B,False
q_017128,1753,4675,A,A,True
q_017130,7511,11411,A,A,True
q_017131,2352,11654,B,B,True
q_017132,7381,5784,A,B,False
q_017133,7832,10519,A,A,True
q_017134,8297,8822,B,B,True
q_017135,2502,4084,A,A,True
q_017136,11954,10089,B,B,True
q_017137,3010,4452,B,A,False
q_017138,7979,6252,B,B,True
q_017139,9157,10655,A,A,True
q_017140,983,11991,A,A,True
q_017141,5128,12050,A,A,True
q_017142,6090,10197,A,B,False
q_017143,6429,9821,A,B,False
q_017144,5085,10010,A,A,True
q_017145,5606,10126,A,B,False
q_017146,4556,12082,B,B,True
q_017147,2605,6246,A,A,True
q_017148,344,6665,B,B,True
q_017149,8635,10453,A,B,False
q_017151,8068,5939,A,B,False
q_017152,3303,8668,A,B,False
q_017153,3566,9867,B,A,False
q_017154,1093,7900,B,A,False
q_017155,112,9748,B,B,True
q_017156,1993,4777,B,B,True
q_017157,5308,5781,A,B,False
q_017158,7422,1692,A,B,False
q_017159,1387,9108,A,A,True
q_017160,4595,6047,B,B,True
q_017161,3907,1320,A,A,True
q_017162,1798,6790,A,A,True
q_017163,3819,9167,A,A,True
q_017164,23,1386,A,B,False
q_017165,6623,6735,A,B,False
q_017166,10780,8867,A,A,True
q_017167,7430,11588,B,A,False
q_017168,2008,4599,A,A,True
q_017170,1967,1781,A,B,False
q_017171,3006,11179,B,B,True
q_017172,5564,7529,A,B,False
q_017173,7527,12494,A,A,True
q_017174,554,6177,A,A,True
q_017175,12235,8970,B,A,False
q_017176,419,8099,B,A,False
q_017177,292,1386,A,A,True
q_017178,5482,6665,B,B,True
q_017179,7406,4661,A,A,True
q_017180,553,4639,A,A,True
q_017181,863,4892,A,B,False
q_017182,6920,11073,B,B,True
q_017183,4328,4534,A,A,True
q_017184,12624,5801,A,A,True
q_017185,2810,10032,B,B,True
q_017186,978,5524,A,B,False
q_017187,4043,9726,A,A,True
q_017188,7320,9820,A,B,False
q_017189,6294,12493,B,A,False
q_017190,8388,11680,A,A,True
q_017191,7465,10557,A,A,True
q_017192,8252,6139,A,A,True
q_017194,5425,9925,A,A,True
q_017195,778,9422,A,A,True
q_017196,6971,5216,B,B,True
q_017197,2246,10989,B,B,True
q_017198,6815,8097,A,B,False
q_017199,5472,9682,A,A,True
q_017200,643,11848,A,B,False
q_017201,11542,2557,B,B,True
q_017202,8,3798,A,A,True
q_017203,4566,12696,A,A,True
q_017204,12553,11447,A,A,True
q_017205,11526,5869,B,B,True
q_017206,8414,6324,A,B,False
q_017207,8189,3437,B,B,True
q_017208,7710,5323,A,A,True
q_017210,2825,5719,A,B,False
q_017211,438,12521,B,B,True
q_017212,3315,9469,A,A,True
q_017213,8308,10839,A,A,True
q_017214,839,3307,A,B,False
q_017215,10666,11028,A,B,False
q_017216,2063,12009,A,A,True
q_017217,3189,8927,B,B,True
q_017218,1963,7928,A,B,False
q_017219,2366,5229,B,B,True
q_017220,9266,11098,A,A,True
q_017221,1609,8939,A,A,True
q_017222,8168,3695,A,B,False
q_017223,1667,10937,B,B,True
q_017224,887,3532,B,B,True
q_017225,7884,6649,A,B,False
q_017226,1462,4266,B,A,False
q_017227,12143,5343,B,B,True
q_017228,8054,2935,A,A,True
q_017229,4482,9656,B,B,True
q_017230,7256,6327,B,B,True
q_017231,2716,4875,A,A,True
q_017232,11896,8717,B,B,True
q_017233,11399,10619,B,A,False
q_017234,2262,11131,A,B,False
q_017235,19,11078,A,A,True
q_017236,6291,9232,A,B,False
q_017237,1091,10103,A,A,True
q_017238,4431,11894,B,B,True
q_017239,2290,2942,A,B,False
q_017240,7638,7773,B,B,True
q_017241,31,1647,A,B,False
q_017242,2492,7780,B,B,True
q_017243,8170,5737,A,B,False
q_017244,8635,8688,A,B,False
q_017245,8729,8677,A,A,True
q_017246,6805,4359,B,B,True
q_017247,7418,10422,A,A,True
q_017248,627,339,A,B,False
q_017249,12469,10855,B,B,True
q_017250,967,3841,A,A,True
q_017251,7887,12410,B,B,True
q_017252,11506,12373,B,B,True
q_017253,3246,9123,B,A,False
q_017254,5224,9482,B,B,True
q_017255,380,10525,B,B,True
q_017256,12049,10986,B,B,True
q_017257,6713,2988,B,B,True
q_017258,6463,4313,A,A,True
q_017259,4235,8511,A,A,True
q_017260,6569,6797,B,B,True
q_017261,4595,4818,B,A,False
q_017262,66,4090,A,A,True
q_017263,1501,11747,B,A,False
q_017264,8096,11549,A,A,True
q_017265,8460,5866,A,A,True
q_017266,1370,3656,A,A,True
q_017267,906,9189,A,A,True
q_017268,6083,8816,A,A,True
q_017269,1778,8248,A,A,True
q_017271,2933,9459,A,A,True
q_017272,1338,4986,A,A,True
q_017273,140,10456,B,B,True
q_017274,1978,6824,B,A,False
q_017275,2301,10309,B,A,False
q_017276,183,6727,A,A,True
q_017277,1484,1653,A,B,False
q_017278,3616,10731,B,A,False
q_017279,2204,6542,A,B,False
q_017280,12575,12698,B,B,True
q_017281,178,2773,A,B,False
q_017282,730,7912,A,B,False
q_017283,2430,3985,B,A,False
q_017284,4058,6780,A,A,True
q_017285,2608,10669,A,A,True
q_017286,4084,9998,B,B,True
q_017287,3576,12313,A,A,True
q_017288,810,4821,B,B,True
q_017289,3603,8065,B,A,False
q_017290,8701,10284,B,A,False
q_017291,1654,6548,B,B,True
q_017292,3148,9636,A,A,True
q_017293,6286,5282,B,A,False
q_017294,6728,5848,B,B,True
q_017295,167,823,A,B,False
q_017296,292,8194,B,B,True
q_017297,3820,8938,B,B,True
q_017298,2569,4095,A,A,True
q_017299,7662,4583,A,A,True
q_017300,4698,12056,B,B,True
q_017301,8045,10990,B,B,True
q_017302,12448,11960,A,A,True
q_017303,5254,9628,B,A,False
q_017304,8113,1521,A,A,True
q_017305,2744,10608,B,B,True
q_017306,6481,4368,A,B,False
q_017307,1847,3814,B,B,True
q_017308,2642,6206,B,B,True
q_017309,1917,12426,B,B,True
q_017310,2373,9911,B,A,False
q_017311,8365,4442,A,B,False
q_017312,4112,6238,A,A,True
q_017313,477,11664,B,A,False
q_017314,1201,7164,A,A,True
q_017315,11851,10703,A,B,False
q_017316,8603,5409,B,A,False
q_017317,4048,10264,A,A,True
q_017319,8240,4821,B,B,True
q_017320,3540,4137,B,A,False
q_017321,218,11743,B,A,False
q_017322,12607,5778,A,B,False
q_017323,4361,12451,A,A,True
q_017324,3084,11736,A,B,False
q_017325,2059,10846,A,A,True
q_017326,965,11711,B,B,True
q_017327,11565,6237,A,A,True
q_017328,8343,10762,B,B,True
q_017329,5364,12408,A,A,True
q_017330,12593,5805,A,A,True
q_017331,11669,6279,A,A,True
q_017332,12256,8753,A,B,False
q_017333,3732,9461,B,A,False
q_017334,3995,7586,B,B,True
q_017335,3094,5824,A,A,True
q_017336,4836,11299,B,B,True
q_017337,1076,6474,B,A,False
q_017338,851,8872,A,B,False
q_017339,479,3071,A,B,False
q_017340,201,4441,A,B,False
q_017341,7659,7704,A,A,True
q_017342,12629,12522,A,A,True
q_017343,5777,10950,A,A,True
q_017344,137,2316,A,A,True
q_017345,4679,7608,A,B,False
q_017346,1618,6753,B,B,True
q_017347,5399,5997,A,B,False
q_017348,8497,9263,A,A,True
q_017349,451,5419,B,A,False
q_017350,11615,9878,A,A,True
q_017351,11534,2904,A,A,True
q_017352,8542,8185,A,A,True
q_017353,5826,10362,A,A,True
q_017354,7586,9863,B,B,True
q_017355,8512,11436,A,A,True
q_017356,3816,8815,A,B,False
q_017357,2384,11037,B,B,True
q_017358,7509,1725,B,B,True
q_017359,808,4845,B,B,True
q_017360,7729,9526,B,B,True
q_017361,2569,7855,B,A,False
q_017362,6551,9871,A,A,True
q_017363,3919,12076,A,A,True
q_017364,10997,9906,B,A,False
q_017365,5707,8889,A,A,True
q_017366,3128,885,A,A,True
q_017367,10916,9345,A,A,True
q_017368,1619,4261,B,B,True
q_017369,638,5150,A,B,False
q_017370,12196,9925,B,B,True
q_017371,2424,9798,A,B,False
q_017372,3259,4109,B,A,False
q_017373,2116,1806,A,B,False
q_017374,405,7902,A,B,False
q_017375,1136,11027,B,A,False
q_017376,6606,10485,A,A,True
q_017377,9957,11046,B,B,True
q_017378,6429,11900,B,B,True
q_017379,7244,11086,A,A,True
q_017380,2068,4150,A,A,True
q_017381,2440,2617,B,B,True
q_017382,145,3804,B,B,True
q_017383,8537,8109,B,B,True
q_017384,448,10957,B,A,False
q_017385,1335,3975,A,A,True
q_017386,8465,10071,A,A,True
q_017387,7406,2379,A,A,True
q_017388,6900,6222,A,A,True
q_017389,2775,9907,B,B,True
q_017390,1902,5018,A,A,True
q_017392,4555,5226,A,A,True
q_017393,6786,9684,B,B,True
q_017394,2100,11879,B,B,True
q_017395,7829,2941,A,B,False
q_017396,8527,1434,A,A,True
q_017397,5329,5394,B,B,True
q_017398,3510,11805,A,A,True
q_017399,2839,11053,B,B,True
q_017400,6982,12353,B,B,True
q_017401,6320,10970,B,B,True
q_017402,2668,6950,B,B,True
q_017403,12204,8882,B,B,True
q_017404,4366,7750,A,A,True
q_017405,7645,4337,A,A,True
q_017406,6073,8340,A,B,False
q_017407,2362,1767,A,B,False
q_017408,5337,10662,A,B,False
q_017409,7401,4610,B,A,False
q_017410,1634,8375,B,A,False
q_017411,7177,10727,B,A,False
q_017412,493,1457,B,A,False
q_017413,3822,7669,A,B,False
q_017414,450,11975,B,B,True
q_017415,2225,4589,A,A,True
q_017416,4449,8398,A,A,True
q_017417,7810,7136,A,A,True
q_017418,9133,11053,A,A,True
q_017419,6484,5958,A,B,False
q_017420,1668,5397,A,A,True
q_017421,208,4924,A,A,True
q_017422,6032,10000,A,A,True
q_017423,1148,7435,A,B,False
q_017424,9094,8753,A,B,False
q_017425,4902,9913,A,A,True
q_017426,50,9865,A,B,False
q_017427,5835,8826,A,B,False
q_017428,997,339,A,A,True
q_017429,4697,3231,A,A,True
q_017431,7421,12439,A,A,True
q_017432,713,9782,B,B,True
q_017433,1157,11366,B,B,True
q_017434,6751,12608,A,B,False
q_017435,1692,12629,A,A,True
q_017436,503,147,B,A,False
q_017438,3364,10199,A,B,False
q_017439,3694,11039,B,A,False
q_017440,5906,6264,A,A,True
q_017441,118,10656,A,B,False
q_017442,2833,9250,A,A,True
q_017443,3725,4339,A,A,True
q_017444,341,9539,B,B,True
q_017445,8587,4032,B,B,True
q_017446,6439,6855,A,B,False
q_017447,5605,11349,B,A,False
q_017448,8252,11757,A,B,False
q_017449,1185,11108,A,A,True
q_017450,12583,5287,A,A,True
q_017451,8582,9767,A,A,True
q_017452,4565,4700,A,A,True
q_017453,1393,7155,A,A,True
q_017454,1599,12524,A,A,True
q_017455,1751,12087,B,B,True
q_017456,4616,6068,B,B,True
q_017457,1403,7747,A,A,True
q_017458,2838,10140,A,A,True
q_017459,265,10633,B,A,False
q_017460,6747,3648,B,B,True
q_017461,7509,5932,A,B,False
q_017463,9455,10659,B,A,False
q_017464,6105,10466,A,A,True
q_017465,8483,12198,B,B,True
q_017466,3401,9697,B,A,False
q_017467,957,4680,A,A,True
q_017468,3481,8334,A,B,False
q_017469,3232,9583,B,A,False
q_017470,6829,8666,A,A,True
q_017471,6544,9571,A,A,True
q_017472,5624,4258,B,A,False
q_017473,484,4515,B,B,True
q_017474,9832,9974,A,A,True
q_017475,5915,9975,B,B,True
q_017476,3899,8127,A,B,False
q_017477,4879,5138,B,A,False
q_017478,108,6153,B,B,True
q_017479,7847,9248,A,A,True
q_017480,12581,8387,A,A,True
q_017481,4325,8484,B,A,False
q_017482,2270,2162,B,B,True
q_017483,12426,9291,A,B,False
q_017484,1878,9205,B,B,True
q_017485,11483,10895,A,A,True
q_017486,1807,7208,A,A,True
q_017487,4624,9295,B,B,True
q_017488,12682,5102,A,B,False
q_017489,2105,8852,B,B,True
q_017490,2032,8819,A,A,True
q_017491,7741,9906,B,B,True
q_017492,2417,10884,B,B,True
q_017493,309,40,A,A,True
q_017494,9895,8828,B,B,True
q_017495,12191,10069,B,B,True
q_017496,6929,9650,B,A,False
q_017497,6602,12252,B,B,True
q_017498,6697,9183,B,A,False
q_017499,5785,7803,B,B,True
q_017500,5259,12486,B,B,True
q_017501,6400,10208,B,B,True
q_017503,3034,2629,B,A,False
q_017504,7889,10534,A,A,True
q_017505,4148,10893,B,A,False
q_017506,1745,7706,B,B,True
q_017507,5154,11161,B,A,False
q_017508,3024,4081,B,A,False
q_017509,2579,8681,B,A,False
q_017510,3430,11428,B,A,False
q_017511,3532,6246,B,B,True
q_017514,3130,4988,A,A,True
q_017515,2769,5150,A,A,True
q_017516,1123,2453,B,A,False
q_017517,11590,6736,A,A,True
q_017518,1361,7568,A,A,True
q_017519,175,6024,B,A,False
q_017521,1852,10342,A,A,True
q_017522,3180,3429,A,A,True
q_017523,1936,9162,B,A,False
q_017524,11524,8457,B,B,True
q_017525,12142,10648,A,B,False
q_017526,1526,5064,A,B,False
q_017527,3038,9439,A,B,False
q_017528,5355,12502,B,B,True
q_017529,1383,6424,B,A,False
q_017530,10589,10139,A,A,True
q_017531,183,11676,A,A,True
q_017532,1477,12510,A,A,True
q_017533,2596,1272,A,A,True
q_017534,1094,7180,A,A,True
q_017535,7922,11318,B,B,True
q_017536,1005,10209,A,A,True
q_017537,4960,12092,A,B,False
q_017538,992,1308,A,A,True
q_017539,1349,3414,A,A,True
q_017540,3331,12306,A,A,True
q_017541,7066,9238,B,B,True
q_017542,8631,10181,B,A,False
q_017543,6853,6273,A,A,True
q_017544,11531,9561,B,B,True
q_017545,1035,11793,B,B,True
q_017546,8587,9754,A,A,True
q_017547,1001,847,A,A,True
q_017548,2282,11307,A,A,True
q_017549,11541,6432,A,A,True
q_017550,7114,5697,B,A,False
q_017551,1938,7614,B,A,False
q_017552,10141,9906,A,B,False
q_017553,7528,3835,A,B,False
q_017554,4373,11008,B,B,True
q_017555,190,8856,B,B,True
q_017556,3015,9977,A,A,True
q_017557,1798,3771,A,A,True
q_017558,7573,8637,A,A,True
q_017559,2201,5096,A,B,False
q_017560,1996,7304,B,B,True
q_017561,1371,7256,B,A,False
q_017562,12176,12609,B,B,True
q_017563,1698,8486,A,B,False
q_017564,3204,5969,A,B,False
q_017565,6080,6402,A,B,False
q_017566,7869,9233,A,A,True
q_017568,6479,2936,A,B,False
q_017569,2988,9096,B,B,True
q_017570,7828,3310,A,A,True
q_017571,1047,6091,A,A,True
q_017572,4197,8377,A,B,False
q_017573,2046,5406,B,B,True
q_017574,4173,12437,B,B,True
q_017575,7532,10954,A,A,True
q_017576,4982,10404,A,A,True
q_017577,4297,10202,A,B,False
q_017578,8633,11249,B,A,False
q_017579,1375,2972,B,A,False
q_017580,7205,10864,B,B,True
q_017581,2236,2925,A,B,False
q_017582,4203,11306,A,A,True
q_017583,7058,9965,A,A,True
q_017584,9627,9458,A,B,False
q_017585,1853,7341,B,B,True
q_017586,1025,7109,A,A,True
q_017587,4784,5825,B,B,True
q_017588,7531,4516,B,B,True
q_017589,6037,9203,B,A,False
q_017590,6066,9046,B,B,True
q_017591,5047,7443,A,A,True
q_017592,2050,7628,A,B,False
q_017593,4192,4119,B,B,True
q_017594,1724,6397,A,B,False
q_017595,3221,3806,B,A,False
q_017597,2045,3059,A,A,True
q_017598,823,2257,B,B,True
q_017599,7640,12084,A,A,True
q_017600,3559,12670,A,A,True
q_017601,12096,9390,A,A,True
q_017602,1624,11808,A,A,True
q_017603,8373,12355,B,B,True
q_017604,2700,9498,A,A,True
q_017605,816,5005,B,B,True
q_017606,2554,9935,B,B,True
q_017607,2559,8973,B,B,True
q_017608,6986,12561,A,A,True
q_017609,11540,9981,A,A,True
q_017610,300,8015,A,A,True
q_017611,322,1384,A,A,True
q_017612,12276,10019,B,B,True
q_017613,3338,4040,A,B,False
q_017614,541,11555,B,A,False
q_017615,11783,9761,A,B,False
q_017616,2204,11187,A,A,True
q_017617,3832,12666,A,A,True
q_017618,8606,10457,A,B,False
q_017619,12267,4873,B,A,False
q_017620,12608,11526,A,B,False
q_017621,2079,4394,A,A,True
q_017622,2233,7452,A,A,True
q_017623,72,10280,B,B,True
q_017624,12231,4029,B,A,False
q_017625,991,7521,B,B,True
q_017626,7474,12057,A,A,True
q_017627,8349,4482,B,B,True
q_017628,3980,12703,B,B,True
q_017629,6638,6179,B,B,True
q_017630,10971,10161,A,A,True
q_017631,6790,6974,B,B,True
q_017632,11735,10069,B,A,False
q_017633,2725,6193,B,B,True
q_017634,8577,9857,B,B,True
q_017635,12239,9307,B,A,False
q_017636,11388,11148,A,B,False
q_017637,733,5096,B,A,False
q_017638,4882,6442,A,A,True
q_017639,1127,7532,B,B,True
q_017640,5083,1578,A,A,True
q_017641,2966,9643,B,B,True
q_017642,8133,9016,A,A,True
q_017643,911,9568,B,B,True
q_017644,7643,9375,A,A,True
q_017645,12608,6160,B,B,True
q_017646,6167,11178,A,B,False
q_017647,7450,10748,A,A,True
q_017648,3494,11128,B,A,False
q_017649,609,10049,B,B,True
q_017650,9166,9964,B,B,True
q_017651,12611,6633,A,B,False
q_017652,12159,10424,B,B,True
q_017653,6442,6401,A,B,False
q_017654,2270,4628,A,A,True
q_017655,9201,9924,A,A,True
q_017656,11788,12076,B,B,True
q_017657,205,3568,A,A,True
q_017658,816,4698,A,A,True
q_017659,6316,8403,A,A,True
q_017660,1367,7060,B,B,True
q_017661,3992,6970,B,B,True
q_017662,2116,1146,A,A,True
q_017664,6283,7217,A,B,False
q_017665,7673,10791,B,B,True
q_017666,1015,4957,B,B,True
q_017667,4420,7286,B,B,True
q_017668,1037,9128,B,B,True
q_017669,7203,8760,A,B,False
q_017670,8236,10103,A,A,True
q_017671,1449,3567,B,B,True
q_017672,6981,9291,A,A,True
q_017673,6127,11919,A,A,True
q_017674,2213,11351,A,A,True
q_017675,7276,8774,A,B,False
q_017676,12126,8824,B,B,True
q_017677,322,234,B,B,True
q_017678,2275,5687,B,A,False
q_017679,5027,8937,B,B,True
q_017680,1133,1746,A,A,True
q_017681,8276,4517,B,B,True
q_017682,2938,1872,B,B,True
q_017683,945,11392,A,A,True
q_017684,7613,8356,A,A,True
q_017685,5419,4182,A,A,True
q_017686,5156,9895,A,B,False
q_017687,233,4135,B,A,False
q_017689,7862,8684,A,A,True
q_017690,8472,10284,A,A,True
q_017691,2824,10010,A,A,True
q_017692,7516,7692,A,A,True
q_017693,952,9754,A,A,True
q_017694,2005,10131,B,B,True
q_017695,2232,12599,B,B,True
q_017696,3632,12408,B,A,False
q_017697,3481,5434,A,A,True
q_017698,4801,4968,B,B,True
q_017699,2440,12582,A,A,True
q_017700,1905,10475,B,B,True
q_017701,6143,3246,B,A,False
q_017702,1720,8669,A,B,False
q_017703,7008,9311,B,B,True
q_017704,8195,7592,B,A,False
q_017705,12121,4956,A,A,True
q_017706,8541,6951,A,A,True
q_017707,1434,7678,A,A,True
q_017708,6394,2341,B,B,True
q_017709,3773,10415,A,A,True
q_017710,503,11208,B,A,False
q_017711,153,4536,A,A,True
q_017712,2555,12157,B,A,False
q_017713,12253,9162,A,A,True
q_017714,1783,3217,B,B,True
q_017715,7930,4074,B,B,True
q_017716,813,2629,A,A,True
q_017717,11740,7124,A,A,True
q_017718,2718,4059,A,A,True
q_017719,5180,10047,B,A,False
q_017720,4923,10009,A,A,True
q_017721,12293,4824,B,A,False
q_017722,1463,10841,B,B,True
q_017723,5099,11497,B,B,True
q_017724,7573,1416,A,B,False
q_017725,309,6316,B,B,True
q_017726,859,1579,A,B,False
q_017727,6430,8867,B,B,True
q_017728,3428,6010,A,B,False
q_017729,5061,11846,A,A,True
q_017730,1148,2569,B,A,False
q_017731,8510,10671,A,A,True
q_017732,5162,177,A,A,True
q_017733,1438,5972,A,B,False
q_017734,5127,3513,A,A,True
q_017735,6319,11230,B,B,True
q_017736,12659,8239,B,A,False
q_017737,7797,9707,B,A,False
q_017739,2109,3966,A,A,True
q_017740,2684,11115,B,B,True
q_017741,3616,4326,A,B,False
q_017742,206,6299,B,A,False
q_017743,495,8707,A,A,True
q_017744,2914,9835,B,B,True
q_017745,454,4917,A,B,False
q_017746,287,7111,B,B,True
q_017747,3084,10310,B,B,True
q_017748,5091,3866,A,A,True
q_017749,12426,9044,A,B,False
q_017750,11395,11177,A,A,True
q_017751,612,6789,B,A,False
q_017752,11790,8773,A,B,False
q_017753,7665,3418,A,A,True
q_017754,2185,9061,B,A,False
q_017755,4358,12448,B,B,True
q_017756,2740,6236,A,A,True
q_017757,1857,9382,B,B,True
q_017758,6021,9173,B,A,False
q_017759,3523,11191,A,A,True
q_017760,3880,11910,B,A,False
q_017761,12205,10186,B,B,True
q_017762,8060,10143,A,A,True
q_017763,1522,8959,A,A,True
q_017764,370,313,B,A,False
q_017765,1854,1051,A,A,True
q_017766,6349,8418,A,A,True
q_017767,6085,9927,A,A,True
q_017768,1944,4106,A,B,False
q_017769,10698,8988,B,A,False
q_017770,607,6112,A,A,True
q_017771,3375,5832,B,B,True
q_017773,12473,10525,B,A,False
q_017774,4635,9872,A,B,False
q_017775,6768,3297,A,A,True
q_017776,458,8569,B,A,False
q_017777,433,3727,A,B,False
q_017778,7567,9956,A,B,False
q_017779,1032,7174,B,B,True
q_017780,3101,8976,A,A,True
q_017781,9772,8944,A,B,False
q_017782,555,9555,B,B,True
q_017784,3109,10877,A,A,True
q_017785,2228,2522,B,B,True
q_017786,5001,6255,B,B,True
q_017787,2503,6657,B,B,True
q_017788,7862,1522,A,A,True
q_017789,4478,7209,B,B,True
q_017790,3035,6207,B,A,False
q_017791,12160,7142,A,A,True
q_017792,3847,7865,A,B,False
q_017793,12130,11018,B,B,True
q_017794,4058,7967,B,B,True
q_017795,6028,11071,B,B,True
q_017796,191,2224,A,B,False
q_017797,1079,1133,A,B,False
q_017798,2398,6775,B,A,False
q_017799,6403,5329,B,B,True
q_017800,6380,11454,B,B,True
q_017801,2239,10742,B,B,True
q_017802,1218,9960,A,A,True
q_017803,8371,8855,A,A,True
q_017804,4376,9477,B,B,True
q_017805,4274,8205,A,A,True
q_017806,2997,12041,B,B,True
q_017807,5164,9080,A,B,False
q_017808,693,3036,A,A,True
q_017809,2251,11586,B,A,False
q_017810,5169,10205,B,A,False
q_017811,1013,7846,B,A,False
q_017812,10337,10992,B,B,True
q_017813,11038,8790,B,A,False
q_017814,5627,3058,A,A,True
q_017815,8944,10333,A,A,True
q_017816,2981,8736,A,A,True
q_017817,2434,10805,B,B,True
q_017818,62,4683,A,A,True
q_017819,3396,9705,B,A,False
q_017820,6362,9163,B,B,True
q_017821,1141,3395,B,B,True
q_017822,5906,7887,B,A,False
q_017823,11611,9500,B,B,True
q_017824,5154,10069,B,B,True
q_017825,9955,10382,B,B,True
q_017826,5480,4994,A,A,True
q_017827,1540,12328,B,B,True
q_017828,3353,4460,B,A,False
q_017829,8728,8955,A,B,False
q_017830,6802,10683,B,B,True
q_017831,8184,11989,A,A,True
q_017832,490,2788,B,B,True
q_017833,2500,7503,A,A,True
q_017834,2378,11023,B,B,True
q_017835,7747,11449,B,B,True
q_017836,5237,9496,B,B,True
q_017837,6772,6034,A,A,True
q_017838,7578,5213,B,B,True
q_017839,8108,8470,A,A,True
q_017840,64,9495,A,A,True
q_017841,3506,12277,A,B,False
q_017842,88,7308,A,A,True
q_017843,935,6444,B,B,True
q_017844,4377,4809,B,A,False
q_017845,1328,8662,B,B,True
q_017846,8005,5595,B,B,True
q_017847,7858,4616,B,B,True
q_017848,11524,5969,A,B,False
q_017850,5602,9514,B,A,False
q_017851,402,9192,A,B,False
q_017852,12234,7046,A,B,False
q_017853,10741,10491,B,B,True
q_017854,4829,5880,B,B,True
q_017855,8263,8955,A,A,True
q_017856,1506,4454,B,A,False
q_017857,5168,11090,B,A,False
q_017858,7758,10077,B,B,True
q_017859,5382,10605,A,B,False
q_017860,3573,11247,B,B,True
q_017861,189,5203,A,A,True
q_017862,1796,10311,A,A,True
q_017863,6751,8181,A,B,False
q_017864,12218,12041,B,B,True
q_017865,6772,7968,B,A,False
q_017866,5947,10286,A,A,True
q_017867,5962,4492,A,A,True
q_017868,12179,8289,A,A,True
q_017869,12453,11956,B,B,True
q_017870,2139,2768,A,B,False
q_017871,11898,10955,B,B,True
q_017872,226,12412,A,A,True
q_017873,7530,9772,B,A,False
q_017874,5556,7377,A,A,True
q_017875,3828,10965,B,B,True
q_017876,3324,11862,A,A,True
q_017878,1758,10233,B,B,True
q_017879,1770,10232,B,B,True
q_017880,1489,7453,B,A,False
q_017881,3863,4898,A,A,True
q_017882,876,12067,A,A,True
q_017883,3357,8561,A,B,False
q_017884,9721,9784,B,A,False
q_017885,7920,11101,A,A,True
q_017886,11146,9986,B,B,True
q_017887,6069,6303,B,A,False
q_017888,6946,8836,B,B,True
q_017889,11994,10215,B,A,False
q_017890,677,6573,A,B,False
q_017891,3112,11493,B,B,True
q_017892,9190,9623,A,B,False
q_017893,4910,4771,A,A,True
q_017894,1334,5700,A,A,True
q_017895,5572,4736,A,A,True
q_017896,2006,687,B,B,True
q_017897,2926,11159,A,A,True
q_017898,3749,12499,B,B,True
q_017899,73,3388,A,A,True
q_017900,11642,6368,B,A,False
q_017901,6055,9040,A,B,False
q_017902,12143,4188,B,B,True
q_017903,2242,2067,A,A,True
q_017904,793,12322,B,B,True
q_017905,8621,11693,A,B,False
q_017906,6032,3421,A,B,False
q_017907,7578,9183,A,B,False
q_017908,11455,4729,B,A,False
q_017910,1137,8554,A,B,False
q_017911,10054,9792,A,B,False
q_017912,8266,5736,A,A,True
q_017913,287,7196,B,B,True
q_017914,30,4336,A,A,True
q_017915,8105,6735,B,B,True
q_017916,7859,11179,B,B,True
q_017917,5241,2874,B,B,True
q_017918,3097,6583,A,B,False
q_017919,2305,12441,B,B,True
q_017920,3689,4768,A,A,True
q_017921,3352,3456,B,A,False
q_017922,6662,8975,A,A,True
q_017923,8432,6124,B,A,False
q_017924,1429,7082,B,B,True
q_017925,964,8238,A,A,True
q_017926,4685,9291,B,B,True
q_017927,1935,3734,A,B,False
q_017928,2127,7857,A,B,False
q_017929,975,11939,A,A,True
q_017930,7633,6423,A,B,False
q_017931,11555,5299,A,A,True
q_017932,5563,4057,A,B,False
q_017933,7344,9169,A,B,False
q_017934,11599,3738,A,A,True
q_017935,3632,9770,A,B,False
q_017936,831,6789,B,A,False
q_017937,6041,6086,A,B,False
q_017938,12034,11003,A,A,True
q_017939,1474,10880,A,A,True
q_017940,4958,5293,B,A,False
q_017941,12253,10636,A,A,True
q_017942,6301,10513,B,B,True
q_017943,9662,10752,B,B,True
q_017944,719,4775,B,B,True
q_017945,1652,7657,B,B,True
q_017946,3788,12553,A,A,True
q_017947,7597,9673,B,A,False
q_017948,994,10116,B,B,True
q_017949,1053,8813,B,A,False
q_017950,1217,402,A,A,True
q_017951,2038,2439,B,A,False
q_017952,11675,7728,A,B,False
q_017953,4423,9164,A,A,True
q_017954,6158,9109,B,B,True
q_017955,3717,6142,B,A,False
q_017956,7943,10080,A,A,True
q_017957,12590,9898,A,A,True
q_017958,6766,12672,A,A,True
q_017959,1013,10878,A,A,True
q_017960,7237,9457,A,A,True
q_017961,4124,9216,B,A,False
q_017962,8116,10990,A,A,True
q_017963,5423,11984,B,B,True
q_017964,6386,10503,B,B,True
q_017965,6334,5739,A,B,False
q_017966,7585,4747,A,A,True
q_017967,3136,12401,A,A,True
q_017968,8174,9512,A,B,False
q_017969,212,6385,B,A,False
q_017970,3570,9522,B,A,False
q_017971,11510,10693,B,B,True
q_017972,2891,12411,A,A,True
q_017973,899,2714,B,A,False
q_017974,405,6396,B,A,False
q_017975,1463,10753,A,A,True
q_017976,1446,4912,A,B,False
q_017977,2031,5488,A,B,False
q_017978,2749,11207,A,A,True
q_017979,11616,10826,B,B,True
q_017980,2294,11205,A,A,True
q_017981,1070,10534,A,B,False
q_017982,1796,1839,B,B,True
q_017983,1998,10004,A,A,True
q_017984,4644,10309,A,B,False
q_017985,511,11443,B,B,True
q_017986,5441,4735,A,A,True
q_017987,2002,10454,B,B,True
q_017988,8431,11859,B,B,True
q_017989,1539,11314,A,A,True
q_017990,11566,10624,B,B,True
q_017991,3726,5655,A,B,False
q_017992,5897,9922,B,B,True
q_017993,1382,12147,B,B,True
q_017995,6031,10041,B,B,True
q_017996,3318,8161,A,B,False
q_017997,4726,9238,B,A,False
q_017998,4596,11101,A,B,False
q_017999,1822,12549,A,A,True
q_018000,3126,9311,A,A,True
q_018001,474,10908,A,B,False
q_018002,6213,9876,B,A,False
q_018003,6053,6279,B,B,True
q_018004,377,10039,B,B,True
q_018005,8132,8406,A,A,True
q_018006,112,9404,A,A,True
q_018007,3822,10074,A,A,True
q_018008,2943,8964,B,B,True
q_018009,2290,10357,B,B,True
q_018010,1503,3673,B,A,False
q_018011,12433,11059,A,A,True
q_018012,6960,11970,A,A,True
q_018013,1858,10969,A,A,True
q_018014,7037,8844,A,A,True
q_018015,8341,11948,B,B,True
q_018016,409,9586,B,A,False
q_018017,7779,8793,B,A,False
q_018018,5702,7614,A,B,False
q_018019,4143,10790,A,A,True
q_018020,11746,8693,A,A,True
q_018021,945,1056,A,A,True
q_018022,11039,11305,A,A,True
q_018023,800,11070,B,B,True
q_018024,3802,3321,B,A,False
q_018025,2755,6505,B,B,True
q_018026,12379,11241,A,B,False
q_018027,1947,6026,B,B,True
q_018028,3812,10731,B,A,False
q_018029,890,2823,B,B,True
q_018030,5603,8268,A,B,False
q_018031,1148,3529,B,B,True
q_018032,4980,10816,A,A,True
q_018033,7918,10942,B,B,True
q_018034,4117,9036,A,B,False
q_018035,2674,11086,B,B,True
q_018036,3694,10371,A,A,True
q_018037,5107,6590,A,A,True
q_018038,8496,3853,A,A,True
q_018039,1935,3319,A,B,False
q_018040,12703,12615,B,A,False
q_018041,7730,8898,A,A,True
q_018042,1665,11545,B,B,True
q_018043,5511,3999,A,A,True
q_018044,6169,8908,B,B,True
q_018045,6403,10492,B,B,True
q_018046,6695,9185,B,A,False
q_018047,527,2551,A,B,False
q_018048,6658,5218,B,B,True
q_018049,2712,7809,A,A,True
q_018050,9669,9528,A,A,True
q_018051,380,5679,B,B,True
q_018052,7050,10508,B,B,True
q_018053,2821,11804,A,B,False
q_018054,294,10137,A,A,True
q_018055,8010,8868,B,B,True
q_018056,1006,9452,A,A,True
q_018057,8488,4577,B,B,True
q_018058,4275,12517,A,A,True
q_018059,6603,11179,A,A,True
q_018060,11659,10303,B,A,False
q_018061,4259,5865,B,B,True
q_018062,849,5061,A,B,False
q_018063,9,1179,B,A,False
q_018064,9905,11277,A,A,True
q_018065,3998,11423,A,A,True
q_018066,5876,8256,A,B,False
q_018067,1173,9163,B,B,True
q_018069,7031,7185,B,B,True
q_018070,7694,11443,A,A,True
q_018071,1990,4178,A,B,False
q_018072,7124,9540,B,A,False
q_018073,4260,11126,B,A,False
q_018074,2505,4581,B,B,True
q_018075,3746,8843,B,B,True
q_018076,565,5526,A,B,False
q_018077,11536,6810,A,A,True
q_018078,1410,6893,A,A,True
q_018079,2737,7912,A,B,False
q_018080,1770,5250,A,A,True
q_018081,10351,8990,B,A,False
q_018083,6147,8958,A,B,False
q_018084,2146,7717,A,B,False
q_018085,191,3543,B,B,True
q_018086,3908,9804,B,A,False
q_018087,51,3261,B,B,True
q_018088,833,9887,B,A,False
q_018089,8414,6010,B,A,False
q_018090,5693,3364,B,B,True
q_018091,1607,1133,A,A,True
q_018092,6854,5193,B,B,True
q_018093,5742,8803,B,B,True
q_018094,1951,12608,A,B,False
q_018095,8406,10482,A,A,True
q_018097,5243,6014,B,A,False
q_018098,1134,6755,A,B,False
q_018099,4913,9390,B,B,True
q_018100,2855,7384,A,B,False
q_018101,266,4267,B,A,False
q_018102,11685,10247,B,B,True
q_018103,4187,6545,A,B,False
q_018104,7830,9996,A,A,True
q_018105,5055,3501,A,A,True
q_018106,719,10625,A,A,True
q_018107,6537,4662,B,A,False
q_018108,11794,4547,B,A,False
q_018109,6634,3366,A,A,True
q_018110,8089,10907,B,B,True
q_018111,2589,9838,A,B,False
q_018112,12642,3525,A,B,False
q_018113,2448,6656,B,B,True
q_018114,422,9145,B,A,False
q_018115,677,5589,A,A,True
q_018116,1192,10607,A,A,True
q_018117,6860,11704,A,A,True
q_018118,11823,10889,B,B,True
q_018119,7027,11784,A,A,True
q_018121,6252,8946,B,A,False
q_018122,6076,6246,B,B,True
q_018123,2297,11495,B,A,False
q_018124,7240,10009,A,A,True
q_018125,4016,11325,B,B,True
q_018126,2479,4618,A,A,True
q_018127,11830,4696,B,A,False
q_018128,7664,9216,A,A,True
q_018129,3430,9754,B,A,False
q_018130,185,4556,B,B,True
q_018131,4194,10246,B,B,True
q_018132,2061,7576,B,B,True
q_018133,11895,9073,A,A,True
q_018134,2399,8584,A,B,False
q_018135,1794,10495,B,B,True
q_018136,4409,8073,B,B,True
q_018137,8240,4988,A,B,False
q_018138,2747,11316,B,B,True
q_018139,883,4933,B,A,False
q_018140,809,4087,A,A,True
q_018141,961,8624,B,B,True
q_018142,8437,10831,A,A,True
q_018143,1649,4886,B,B,True
q_018144,8601,10413,B,B,True
q_018145,2470,254,B,B,True
q_018146,974,9419,B,B,True
q_018147,12555,7198,B,A,False
q_018148,1820,1608,A,A,True
q_018149,4449,8738,B,B,True
q_018150,4447,10400,A,A,True
q_018151,6354,5498,A,B,False
q_018152,1457,8744,A,A,True
q_018153,3390,9508,A,B,False
q_018154,387,9635,A,A,True
q_018155,6806,11835,A,A,True
q_018156,4264,6405,A,A,True
q_018157,12006,10081,A,B,False
q_018158,5219,5930,A,B,False
q_018159,10211,7332,B,B,True
q_018160,4582,9212,A,B,False
q_018161,5854,10841,B,A,False
q_018162,1492,3721,B,A,False
q_018163,4498,11386,A,A,True
q_018164,2634,11074,A,A,True
q_018165,3886,11221,B,A,False
q_018166,312,8310,A,B,False
q_018167,1582,174,A,A,True
q_018168,1183,4402,A,A,True
q_018169,6961,11874,A,A,True
q_018170,6860,3383,B,B,True
q_018171,7598,10450,B,B,True
q_018172,3296,10419,A,A,True
q_018173,344,9672,A,A,True
q_018174,6691,12516,A,B,False
q_018175,11754,9394,B,B,True
q_018176,5535,5394,A,A,True
q_018177,11753,8663,B,B,True
q_018178,8414,11394,A,B,False
q_018179,438,10339,B,B,True
q_018180,6880,12427,B,A,False
q_018181,397,4879,A,B,False
q_018182,6808,1671,A,B,False
q_018183,12076,10058,B,A,False
q_018184,2828,9276,B,B,True
q_018185,1060,1951,A,A,True
q_018186,2827,7271,A,B,False
q_018187,2101,10458,A,A,True
q_018188,1164,7624,A,B,False
q_018189,1417,10419,A,A,True
q_018190,12102,5866,A,A,True
q_018191,1487,3457,A,B,False
q_018192,4925,5802,A,B,False
q_018193,2538,3257,A,A,True
q_018194,7072,11360,B,B,True
q_018195,3423,11294,B,A,False
q_018196,8331,12327,A,A,True
q_018197,4793,10529,B,A,False
q_018198,1337,3992,B,A,False
q_018199,12707,12510,A,B,False
q_018200,6610,5299,B,B,True
q_018201,2166,5089,A,B,False
q_018202,2488,6104,B,B,True
q_018203,3236,11144,A,B,False
q_018204,2158,9106,B,A,False
q_018205,7289,10900,B,B,True
q_018206,9086,9279,A,A,True
q_018207,11945,9809,A,B,False
q_018208,381,9264,A,A,True
q_018210,2560,12276,A,A,True
q_018211,5011,6726,A,A,True
q_018212,5717,5706,B,B,True
q_018213,1424,3977,B,B,True
q_018214,6223,10307,B,A,False
q_018215,8558,11554,B,A,False
q_018216,3804,4848,B,A,False
q_018217,9420,8652,A,A,True
q_018218,1088,12506,B,B,True
q_018219,151,8566,B,A,False
q_018220,7475,4635,B,B,True
q_018221,2918,9375,A,A,True
q_018222,4380,6323,A,B,False
q_018223,3048,10062,B,A,False
q_018224,7930,6029,A,A,True
q_018225,8092,819,A,A,True
q_018226,5510,7061,A,A,True
q_018227,2465,5140,A,B,False
q_018228,2756,10745,A,A,True
q_018229,1872,10303,B,B,True
q_018230,1973,5866,B,B,True
q_018231,1798,5535,A,A,True
q_018232,3914,7213,A,A,True
q_018233,12650,11817,A,A,True
q_018234,3046,7861,B,A,False
q_018235,10372,9769,B,A,False
q_018236,10816,9780,A,B,False
q_018238,151,7741,B,A,False
q_018239,3175,3088,B,B,True
q_018240,12199,3416,A,A,True
q_018241,10010,9466,A,B,False
q_018242,6748,11082,A,A,True
q_018243,5469,12500,A,A,True
q_018244,4431,6050,A,A,True
q_018245,1827,12105,A,A,True
q_018246,10926,11945,A,A,True
q_018248,12179,10719,B,B,True
q_018249,4590,8825,B,A,False
q_018250,3268,9550,B,A,False
q_018251,4508,12515,A,A,True
q_018252,7754,6532,A,A,True
q_018253,7930,5011,A,A,True
q_018254,3580,5450,A,B,False
q_018255,950,2666,A,A,True
q_018256,464,8254,A,B,False
q_018257,446,4578,B,A,False
q_018258,1190,10440,A,A,True
q_018259,541,4338,A,A,True
q_018260,5473,9329,B,B,True
q_018262,4078,5334,A,B,False
q_018263,1542,6225,B,B,True
q_018264,7463,7709,B,B,True
q_018265,437,10815,A,A,True
q_018266,328,9582,B,B,True
q_018268,6646,8837,A,A,True
q_018269,1393,8877,B,B,True
q_018270,1901,6302,A,A,True
q_018271,1877,10296,B,B,True
q_018272,11710,7945,A,B,False
q_018273,7676,9534,B,B,True
q_018274,1434,4010,A,A,True
q_018275,5183,11970,A,A,True
q_018276,1853,12320,B,B,True
q_018277,267,7692,A,A,True
q_018278,5622,5533,A,B,False
q_018279,403,10634,B,A,False
q_018280,11995,12028,B,B,True
q_018281,4684,8923,A,B,False
q_018282,11621,2894,A,B,False
q_018283,666,9098,B,A,False
q_018284,8588,5162,A,A,True
q_018285,6926,9904,A,B,False
q_018286,634,10165,A,B,False
q_018287,3495,12530,A,A,True
q_018288,1141,9125,B,B,True
q_018289,5879,9922,A,B,False
q_018290,1051,3029,B,B,True
q_018291,3444,9891,A,B,False
q_018292,4522,5737,B,A,False
q_018293,727,8933,A,A,True
q_018294,7749,4673,A,A,True
q_018295,488,2763,B,A,False
q_018296,118,1434,B,A,False
q_018297,1600,8000,A,A,True
q_018298,6546,4390,A,B,False
q_018299,555,4862,B,A,False
q_018300,4448,12397,A,A,True
q_018301,3031,8767,A,B,False
q_018302,6634,10907,A,A,True
q_018303,2449,1484,A,A,True
q_018304,2954,12355,A,A,True
q_018305,6720,9277,A,A,True
q_018306,6710,5972,A,B,False
q_018307,625,7672,A,B,False
q_018308,2178,11618,A,B,False
q_018309,3357,9460,A,B,False
q_018310,3345,5865,A,A,True
q_018311,2055,5597,A,A,True
q_018312,1367,11727,A,A,True
q_018313,3683,5876,B,B,True
q_018314,2924,12678,B,B,True
q_018315,3197,2659,A,B,False
q_018316,3082,5178,A,A,True
q_018317,592,1284,B,B,True
q_018318,2694,4134,B,B,True
q_018319,3960,11067,A,A,True
q_018320,4878,11001,B,B,True
q_018321,106,9067,B,B,True
q_018322,8623,5665,A,B,False
q_018323,12593,8720,B,B,True
q_018324,1134,7349,A,A,True
q_018325,4960,12033,B,A,False
q_018326,1877,6242,B,B,True
q_018327,424,2709,B,A,False
q_018328,5048,5398,B,B,True
q_018329,8276,11904,A,A,True
q_018330,7779,2991,A,B,False
q_018331,2071,5475,B,A,False
q_018332,1583,10736,B,B,True
q_018333,11514,10478,B,B,True
q_018334,2065,9549,A,A,True
q_018335,2804,9169,A,B,False
q_018336,6815,3851,A,A,True
q_018337,3540,8762,A,B,False
q_018338,2175,5497,B,A,False
q_018339,2274,4766,B,B,True
q_018340,8604,10559,B,B,True
q_018341,5294,11923,B,A,False
q_018342,314,2109,B,B,True
q_018343,3354,8934,B,B,True
q_018344,2035,11275,B,B,True
q_018345,5105,6877,B,B,True
q_018347,12233,8774,B,A,False
q_018348,12675,11732,A,A,True
q_018349,1432,3323,A,A,True
q_018350,1764,6195,A,A,True
q_018351,580,3208,B,B,True
q_018352,10319,6294,A,A,True
q_018353,7079,7328,A,A,True
q_018354,229,9827,A,A,True
q_018355,7468,4274,A,A,True
q_018356,459,10356,B,B,True
q_018357,2354,5771,A,B,False
q_018358,5426,7422,A,A,True
q_018359,2908,7932,B,B,True
q_018360,241,1269,A,A,True
q_018361,7792,5091,B,A,False
q_018362,5094,9837,B,B,True
q_018363,8501,9390,A,A,True
q_018364,1291,12501,B,A,False
q_018365,2362,2892,B,A,False
q_018366,6860,9576,A,A,True
q_018367,1623,4075,B,B,True
q_018368,4218,12517,A,A,True
q_018369,5541,6111,B,B,True
q_018370,9480,9646,B,A,False
q_018371,7316,9879,A,B,False
q_018372,7727,10841,A,A,True
q_018373,1298,4884,B,A,False
q_018374,5899,9583,B,B,True
q_018375,6993,6052,B,B,True
q_018376,8375,9631,B,B,True
q_018378,5897,11646,A,A,True
q_018379,1488,10645,B,A,False
q_018380,3717,8757,A,B,False
q_018381,5051,11915,A,A,True
q_018382,6609,4091,A,A,True
q_018383,8083,6778,B,A,False
q_018384,3284,5887,B,B,True
q_018385,372,8968,A,B,False
q_018386,6184,2922,B,A,False
q_018387,2779,10612,B,A,False
q_018388,1857,5825,A,A,True
q_018389,5019,12068,B,B,True
q_018390,3124,7184,A,A,True
q_018391,12297,3559,A,B,False
q_018392,3116,10257,A,A,True
q_018393,3425,4555,A,B,False
q_018394,3730,7750,A,B,False
q_018395,12559,9390,A,A,True
q_018396,8047,6341,B,A,False
q_018397,5961,11838,A,A,True
q_018398,2065,1401,B,A,False
q_018399,2078,6919,B,B,True
q_018400,18,12229,B,A,False
q_018401,4133,9473,B,B,True
q_018402,5679,10028,B,B,True
q_018403,12248,3900,B,B,True
q_018404,6890,4476,B,A,False
q_018405,341,5370,A,A,True
q_018406,370,11836,A,A,True
q_018407,7476,9864,B,B,True
q_018408,6826,10714,B,B,True
q_018409,1079,12307,B,B,True
q_018410,2728,7952,A,A,True
q_018411,11806,8866,B,B,True
q_018412,5291,8875,A,A,True
q_018413,6301,3228,A,A,True
q_018414,3120,8907,A,A,True
q_018415,3007,8784,A,B,False
q_018416,833,9468,B,A,False
q_018417,126,10609,B,B,True
q_018418,8814,12014,A,A,True
q_018419,2787,9845,B,A,False
q_018420,2700,4839,B,A,False
q_018421,12174,8918,A,A,True
q_018422,1714,3234,B,B,True
q_018423,410,5481,A,B,False
q_018424,1388,399,B,B,True
q_018425,1424,2900,B,B,True
q_018426,80,7972,B,B,True
q_018427,5798,10112,B,B,True
q_018428,9298,9453,B,B,True
q_018429,2948,11346,A,A,True
q_018430,2928,12470,B,B,True
q_018431,12259,5136,A,B,False
q_018432,12615,10070,B,B,True
q_018433,201,6390,A,B,False
q_018434,9964,9683,B,A,False
q_018435,1191,9190,B,B,True
q_018436,2061,5207,A,A,True
q_018437,1738,5558,A,B,False
q_018438,867,12423,B,B,True
q_018439,3992,11213,A,A,True
q_018440,4165,3560,A,B,False
q_018441,950,5789,A,A,True
q_018442,2102,4238,A,B,False
q_018443,67,3425,A,A,True
q_018444,12183,8734,B,B,True
q_018445,1817,4831,A,A,True
q_018446,624,10390,B,B,True
q_018447,6897,12449,A,A,True
q_018448,996,10492,A,A,True
q_018449,11495,5093,A,B,False
q_018450,6524,12672,B,A,False
q_018451,180,3522,A,A,True
q_018452,3391,9848,B,A,False
q_018453,9049,10006,A,A,True
q_018454,407,9932,B,B,True
q_018455,3367,11794,A,B,False
q_018456,4095,4960,A,A,True
q_018457,4850,11805,A,A,True
q_018458,838,1621,B,A,False
q_018459,8146,11193,B,B,True
q_018460,2830,10072,A,A,True
q_018461,10212,10140,A,A,True
q_018462,7588,4149,A,A,True
q_018463,402,9744,B,A,False
q_018464,11554,5196,B,B,True
q_018465,6649,9731,A,A,True
q_018466,1474,5952,A,A,True
q_018467,3107,12542,A,A,True
q_018468,6610,3876,A,A,True
q_018469,4359,9898,B,B,True
q_018470,4583,4702,A,A,True
q_018471,1841,2793,A,A,True
q_018472,6332,8682,A,A,True
q_018473,7114,1401,A,B,False
q_018474,5310,10009,A,A,True
q_018475,8369,9741,B,B,True
q_018476,12211,12255,A,A,True
q_018477,83,1027,A,B,False
q_018478,860,3753,B,A,False
q_018479,3480,11414,B,B,True
q_018480,6272,7446,B,A,False
q_018481,540,7127,A,A,True
q_018482,367,2460,A,A,True
q_018483,5197,9684,B,A,False
q_018484,4771,3214,A,A,True
q_018485,12238,10755,A,B,False
q_018486,6943,4752,B,B,True
q_018487,2397,11083,B,A,False
q_018488,7546,9654,B,A,False
q_018489,5262,6066,B,A,False
q_018490,5983,12424,A,A,True
q_018491,12069,10720,A,B,False
q_018492,4631,6272,A,B,False
q_018493,5054,10807,A,A,True
q_018494,7930,3265,B,B,True
q_018495,2165,2645,A,B,False
q_018496,10058,10528,A,B,False
q_018497,2921,10026,B,B,True
q_018498,3071,2815,B,B,True
q_018499,136,9580,A,A,True
q_018500,4356,6453,A,A,True
q_018501,7405,7097,A,B,False
q_018502,8957,10758,B,B,True
q_018503,2034,11417,A,A,True
q_018504,5131,9885,A,A,True
q_018505,3683,4078,B,B,True
q_018506,7077,10488,A,A,True
q_018507,2006,2472,B,A,False
q_018508,1519,2660,A,B,False
q_018509,4549,8846,B,B,True
q_018510,711,6852,A,B,False
q_018511,2581,5302,A,B,False
q_018512,12532,11435,A,A,True
q_018513,3434,12694,A,A,True
q_018514,2273,4980,A,A,True
q_018515,7688,11779,B,B,True
q_018516,5462,4263,A,A,True
q_018517,5132,2523,A,B,False
q_018518,6413,12514,B,B,True
q_018519,6206,5538,A,B,False
q_018520,1437,4758,A,A,True
q_018521,5428,9279,A,A,True
q_018522,1237,8966,B,B,True
q_018523,2782,3350,B,A,False
q_018524,2502,10802,A,A,True
q_018525,4980,11844,B,A,False
q_018526,1916,6270,A,B,False
q_018527,2191,6940,B,A,False
q_018528,5576,9078,A,B,False
q_018529,2745,11240,B,B,True
q_018530,5969,10142,A,A,True
q_018531,9328,8762,B,A,False
q_018532,3961,10837,B,B,True
q_018533,6221,3918,A,B,False
q_018534,11530,11947,B,B,True
q_018535,3845,11817,B,A,False
q_018536,3593,11086,A,A,True
q_018537,4274,3180,B,A,False
q_018538,818,4209,A,A,True
q_018539,9217,9964,B,B,True
q_018540,12063,9617,B,A,False
q_018541,11770,11278,B,B,True
q_018542,11709,10679,A,A,True
q_018543,1299,4427,B,A,False
q_018544,7895,4027,A,A,True
q_018546,5023,7635,A,A,True
q_018547,237,2736,A,B,False
q_018548,572,10702,A,A,True
q_018549,6094,8520,A,B,False
q_018550,1094,10877,B,A,False
q_018551,2277,11387,A,A,True
q_018552,590,3744,B,B,True
q_018553,5134,3926,B,B,True
q_018554,6754,3983,B,A,False
q_018555,3433,12489,B,B,True
q_018556,11764,10532,B,B,True
q_018557,7091,8788,A,B,False
q_018558,7174,12068,B,B,True
q_018559,2542,2907,A,A,True
q_018560,12604,6223,A,A,True
q_018561,3460,5680,A,B,False
q_018562,12225,6053,A,B,False
q_018563,643,10072,A,B,False
q_018564,2254,1479,A,B,False
q_018565,2470,6709,A,A,True
q_018566,6200,9912,A,B,False
q_018567,2411,6649,A,B,False
q_018568,1300,1614,A,B,False
q_018569,7689,1776,A,A,True
q_018570,11086,9312,B,A,False
q_018571,889,6658,A,A,True
q_018572,7122,6900,A,B,False
q_018573,3430,12202,A,B,False
q_018574,3362,5140,A,B,False
q_018575,2325,5175,A,A,True
q_018576,1011,6904,B,B,True
q_018577,5956,11897,A,A,True
q_018578,5149,11174,B,A,False
q_018579,1336,2402,B,B,True
q_018580,6000,11006,B,B,True
q_018581,2989,10190,B,A,False
q_018582,83,8938,B,B,True
q_018583,1072,5270,A,B,False
q_018584,720,1048,B,A,False
q_018585,2781,4728,B,A,False
q_018586,2032,8039,B,B,True
q_018587,6758,4776,B,B,True
q_018588,4985,8614,A,A,True
q_018589,3748,9724,A,A,True
q_018590,1288,5105,B,A,False
q_018591,9250,11120,B,A,False
q_018592,3085,11868,B,B,True
q_018593,6365,1659,A,A,True
q_018594,8289,9097,B,A,False
q_018595,6467,4600,A,B,False
q_018596,1205,3864,B,B,True
q_018597,3720,8866,A,A,True
q_018598,941,10013,B,B,True
q_018599,3374,11041,B,A,False
q_018600,4681,5205,B,B,True
q_018601,1354,2762,B,A,False
q_018602,6850,3111,A,B,False
q_018603,7871,10717,B,B,True
q_018604,12270,7242,A,B,False
q_018606,169,7525,A,A,True
q_018607,9223,9945,B,B,True
q_018608,2647,5913,A,A,True
q_018609,6928,5977,A,B,False
q_018610,10721,10574,B,B,True
q_018611,2231,7146,A,A,True
q_018612,11792,3703,A,B,False
q_018613,2794,7110,B,A,False
q_018614,12189,4352,A,A,True
q_018615,11723,4500,B,A,False
q_018616,8163,4133,A,A,True
q_018617,9662,10360,B,B,True
q_018618,11556,2882,A,B,False
q_018619,8527,63,A,A,True
q_018620,7118,11168,B,A,False
q_018621,1337,8986,B,B,True
q_018622,3227,10978,A,A,True
q_018623,1103,11583,B,A,False
q_018624,500,7259,B,A,False
q_018625,4266,9838,A,A,True
q_018626,2182,10798,A,A,True
q_018627,2768,6334,A,B,False
q_018628,9165,11960,A,A,True
q_018629,5339,3114,A,B,False
q_018630,4247,11269,B,B,True
q_018631,11155,10271,B,B,True
q_018632,4280,6227,A,A,True
q_018633,12065,9906,A,B,False
q_018634,8131,9868,B,B,True
q_018635,2231,1622,B,A,False
q_018636,1214,11989,A,A,True
q_018637,1609,12023,A,A,True
q_018638,9407,9912,A,B,False
q_018639,1819,5966,A,A,True
q_018640,5445,3589,B,B,True
q_018641,3782,5520,A,B,False
q_018642,1724,8201,A,A,True
q_018643,4198,3939,A,A,True
q_018644,2362,8618,A,A,True
q_018645,771,12352,B,B,True
q_018646,5387,5969,B,A,False
q_018647,9488,10360,B,A,False
q_018648,6736,10054,A,A,True
q_018649,5925,10792,B,B,True
q_018650,6614,7708,A,A,True
q_018651,12180,11024,A,A,True
q_018652,756,9952,A,A,True
q_018653,6523,10250,A,B,False
q_018654,653,6478,A,A,True
q_018655,1086,11118,B,A,False
q_018656,7639,4830,B,B,True
q_018657,601,10765,A,A,True
q_018658,7927,9435,A,A,True
q_018659,159,5536,A,B,False
q_018660,600,1191,A,B,False
q_018661,8368,12430,A,A,True
q_018662,4809,12435,A,A,True
q_018663,302,9294,B,B,True
q_018664,7788,12051,B,B,True
q_018665,844,4769,B,A,False
q_018666,8344,11186,A,A,True
q_018667,2063,1630,B,A,False
q_018668,11235,10524,B,A,False
q_018669,5337,12380,B,A,False
q_018670,6493,5346,A,B,False
q_018671,6766,10213,B,B,True
q_018672,6966,6327,B,B,True
q_018673,17,7029,A,B,False
q_018674,7352,10420,B,B,True
q_018675,3576,8208,A,B,False
q_018676,3599,3964,A,B,False
q_018677,2297,12306,B,B,True
q_018678,684,10799,A,A,True
q_018679,6865,10752,A,A,True
q_018680,53,2552,A,B,False
q_018681,7414,12141,B,B,True
q_018682,11170,10624,A,A,True
q_018683,4474,4171,A,A,True
q_018684,2544,6875,A,A,True
q_018685,5329,9085,B,B,True
q_018686,8009,10714,A,A,True
q_018687,189,8732,B,A,False
q_018688,6266,7333,B,B,True
q_018689,4,12300,A,A,True
q_018690,5078,7731,A,A,True
q_018692,11775,10590,A,A,True
q_018693,5715,12418,B,B,True
q_018694,5314,8874,B,B,True
q_018695,4937,9332,A,B,False
q_018696,288,2799,A,A,True
q_018697,813,3548,A,A,True
q_018698,1156,9869,A,B,False
q_018699,5441,9252,A,A,True
q_018700,7497,6442,A,A,True
q_018701,11849,8793,A,B,False
q_018702,4409,7765,B,B,True
q_018703,1022,8664,A,A,True
q_018704,7887,9236,A,A,True
q_018705,2227,3054,A,A,True
q_018706,472,8718,B,B,True
q_018707,8420,2152,A,B,False
q_018708,3946,348,A,B,False
q_018709,5198,9913,B,A,False
q_018710,12491,11377,B,A,False
q_018711,822,3254,A,A,True
q_018712,8243,8837,B,B,True
q_018713,4786,7239,B,B,True
q_018714,1440,7698,A,B,False
q_018715,2503,9997,B,B,True
q_018716,949,888,A,A,True
q_018717,1918,9393,A,A,True
q_018718,2057,3549,B,B,True
q_018719,1961,11223,B,B,True
q_018720,5679,10253,A,B,False
q_018721,343,4489,B,A,False
q_018722,8013,9188,A,B,False
q_018723,2596,7181,A,A,True
q_018724,8115,6515,A,A,True
q_018725,388,2572,A,A,True
q_018726,8142,9695,B,B,True
q_018727,446,4544,B,A,False
q_018728,3336,10913,A,B,False
q_018729,5031,10610,A,A,True
q_018730,4236,8922,B,B,True
q_018731,522,5181,A,A,True
q_018732,4094,10376,A,A,True
q_018733,3582,11872,A,A,True
q_018734,5406,9721,B,A,False
q_018735,494,7297,B,A,False
q_018736,12575,9795,B,A,False
q_018737,797,2620,A,A,True
q_018738,7050,11289,A,A,True
q_018739,2181,12435,B,B,True
q_018740,1070,6949,B,A,False
q_018741,1253,8092,B,A,False
q_018742,8859,10287,A,B,False
q_018743,1821,7115,A,A,True
q_018744,2262,12309,B,B,True
q_018745,11609,6865,A,A,True
q_018746,5151,7289,A,B,False
q_018747,6093,10931,A,A,True
q_018748,2761,8150,A,A,True
q_018749,3367,7062,B,A,False
q_018750,12692,12554,B,A,False
q_018751,567,280,A,B,False
q_018752,2219,1963,A,A,True
q_018753,1856,12581,B,B,True
q_018754,5744,4263,B,B,True
q_018755,1651,11349,B,B,True
q_018756,2186,11506,B,A,False
q_018757,12584,10834,A,A,True
q_018758,5902,9219,B,B,True
q_018759,4549,8682,A,A,True
q_018760,7799,5322,B,B,True
q_018761,12333,8683,B,A,False
q_018762,6242,3267,A,B,False
q_018763,5959,10358,A,A,True
q_018764,2379,11791,B,A,False
q_018765,473,6093,B,A,False
q_018766,6078,4755,A,A,True
q_018768,6539,3241,B,B,True
q_018769,2624,11032,B,B,True
q_018770,11266,10273,B,A,False
q_018771,4272,6186,A,A,True
q_018772,9158,10390,A,A,True
q_018773,3100,11167,B,B,True
q_018774,3046,10612,A,B,False
q_018775,5082,12420,B,B,True
q_018776,2174,164,A,B,False
q_018777,4487,12199,A,A,True
q_018778,3938,7999,A,B,False
q_018779,5254,9774,A,B,False
q_018780,9765,10735,B,B,True
q_018781,3196,5625,A,A,True
q_018782,2078,7024,A,A,True
q_018783,1591,5999,B,A,False
q_018784,1850,2683,A,B,False
q_018785,2205,4474,B,A,False
q_018786,4867,9420,B,B,True
q_018787,2575,6585,B,A,False
q_018788,2369,8508,B,A,False
q_018789,4391,10747,A,A,True
q_018790,1003,7179,B,B,True
q_018791,12524,11104,B,A,False
q_018792,3974,10969,B,A,False
q_018793,142,6220,A,A,True
q_018794,11125,9965,B,B,True
q_018795,12143,8313,A,B,False
q_018796,719,8487,A,A,True
q_018797,2379,7676,A,B,False
q_018798,8447,7193,A,B,False
q_018799,8083,11850,A,A,True
q_018800,8414,7153,B,B,True
q_018801,5449,12606,A,A,True
q_018802,6745,6673,A,A,True
q_018803,2444,8283,B,B,True
q_018804,6423,5895,A,A,True
q_018805,11656,9829,A,B,False
q_018806,218,9017,B,B,True
q_018807,3851,5069,A,B,False
q_018808,603,7758,B,B,True
q_018810,6226,6495,B,A,False
q_018811,9100,9085,B,A,False
q_018812,1609,12304,B,B,True
q_018813,4908,10575,A,A,True
q_018814,5184,8919,A,B,False
q_018815,11878,11373,B,A,False
q_018816,8209,6001,B,A,False
q_018817,8433,12435,A,A,True
q_018818,4348,12479,A,A,True
q_018819,2816,8906,B,B,True
q_018820,4527,9900,B,A,False
q_018821,662,8868,A,A,True
q_018822,3135,9785,B,B,True
q_018823,2132,7767,B,B,True
q_018824,12223,6413,B,A,False
q_018825,1925,6300,A,B,False
q_018826,10930,11409,B,B,True
q_018827,11096,9886,B,A,False
q_018828,7385,7129,B,B,True
q_018829,1650,10220,B,B,True
q_018830,8345,5104,A,B,False
q_018831,5582,5625,A,B,False
q_018832,9362,10007,B,B,True
q_018833,1262,8118,B,A,False
q_018834,6705,5166,A,B,False
q_018835,5504,4595,A,A,True
q_018836,12113,12400,A,A,True
q_018837,835,3789,A,A,True
q_018838,701,12554,B,A,False
q_018839,6087,11715,A,B,False
q_018840,435,7461,A,B,False
q_018841,2219,4331,B,B,True
q_018842,2821,7225,A,B,False
q_018843,218,5148,B,B,True
q_018844,2583,9846,A,B,False
q_018845,3617,9218,B,A,False
q_018846,4093,7679,A,B,False
q_018847,12089,9292,A,B,False
q_018848,7333,9929,B,B,True
q_018849,6955,10375,B,B,True
q_018850,1102,1755,A,A,True
q_018851,3083,2527,A,B,False
q_018852,5599,10259,B,A,False
q_018853,3134,4697,B,B,True
q_018854,12187,8751,B,B,True
q_018855,4653,11191,A,B,False
q_018856,1197,10595,B,B,True
q_018857,5129,3418,A,A,True
q_018858,6307,9296,B,B,True
q_018859,1733,9078,A,A,True
q_018860,2619,10938,B,B,True
q_018861,1248,9675,A,A,True
q_018863,8230,6905,B,B,True
q_018864,3136,5775,B,A,False
q_018865,8122,11881,B,B,True
q_018867,2440,3440,A,A,True
q_018868,7059,10632,A,A,True
q_018869,2026,11477,A,B,False
q_018870,3550,6270,A,B,False
q_018871,2141,6816,A,B,False
q_018872,1740,9586,B,A,False
q_018873,3472,2607,A,A,True
q_018874,6578,3257,A,A,True
q_018875,7026,5236,A,A,True
q_018876,2256,5939,A,B,False
q_018877,2257,1763,B,A,False
q_018878,498,7154,A,A,True
q_018879,2272,1203,B,A,False
q_018880,8018,12050,A,A,True
q_018881,6655,12376,A,A,True
q_018882,321,8965,A,A,True
q_018883,441,5043,A,B,False
q_018884,3796,9922,A,A,True
q_018885,6182,9212,B,A,False
q_018886,9325,9033,B,B,True
q_018887,2198,5052,A,B,False
q_018888,3590,10996,A,A,True
q_018889,1829,7924,A,A,True
q_018890,2004,6895,B,B,True
q_018891,1469,8636,A,A,True
q_018892,7657,6691,A,A,True
q_018893,3238,9899,A,B,False
q_018894,3143,9924,A,A,True
q_018895,7466,4791,B,B,True
q_018896,4420,6553,A,A,True
q_018897,2589,8836,B,A,False
q_018898,1662,11972,A,A,True
q_018899,4189,4637,B,B,True
q_018900,3184,1257,B,B,True
q_018901,7709,10659,B,B,True
q_018902,7699,10178,B,B,True
q_018903,5904,9876,A,B,False
q_018904,6323,8480,A,B,False
q_018905,1207,11815,B,B,True
q_018906,6767,11811,B,B,True
q_018907,846,7832,A,B,False
q_018908,1747,10595,B,A,False
q_018909,7523,8381,A,A,True
q_018910,2599,9196,B,A,False
q_018911,464,3140,A,B,False
q_018912,2274,12483,A,A,True
q_018913,2342,9820,B,A,False
q_018914,7457,8826,B,B,True
q_018915,7711,4851,B,A,False
q_018916,1174,12368,A,A,True
q_018917,4902,9843,A,A,True
q_018918,986,11146,A,A,True
q_018919,6475,4382,A,B,False
q_018920,320,10366,A,A,True
q_018921,1591,1401,B,A,False
q_018922,3478,4584,A,A,True
q_018923,2371,6459,A,B,False
q_018924,1998,11744,A,B,False
q_018925,4871,4854,A,A,True
q_018926,1503,12398,B,A,False
q_018927,1670,2547,A,B,False
q_018928,2526,2993,A,A,True
q_018929,12646,11011,B,B,True
q_018930,2558,9824,B,B,True
q_018931,5309,10549,A,B,False
q_018932,7889,10768,B,B,True
q_018933,11669,11787,A,B,False
q_018934,7067,11018,A,A,True
q_018935,57,7541,A,B,False
q_018936,1260,2869,B,B,True
q_018937,9218,7305,B,A,False
q_018938,8518,4852,A,A,True
q_018939,2019,12539,B,B,True
q_018940,1233,8214,B,B,True
q_018941,1992,4516,A,A,True
q_018942,246,11674,B,A,False
q_018943,7330,10044,A,B,False
q_018944,1047,3037,A,A,True
q_018945,11632,11875,A,A,True
q_018946,7629,4636,A,A,True
q_018947,3764,3663,A,A,True
q_018948,1824,12389,B,B,True
q_018949,7052,9153,B,B,True
q_018950,6953,9495,A,A,True
q_018951,11295,10621,A,B,False
q_018952,1620,9590,A,A,True
q_018953,8100,5491,A,B,False
q_018954,12707,4084,B,A,False
q_018955,8397,12530,A,A,True
q_018956,1173,9140,A,A,True
q_018957,11652,12016,B,B,True
q_018958,12277,8708,A,B,False
q_018959,6979,5847,B,B,True
q_018960,4545,9873,B,A,False
q_018961,8239,12036,A,A,True
q_018962,3278,12696,B,B,True
q_018963,1550,10120,B,B,True
q_018964,8112,3238,A,A,True
q_018965,7655,2908,A,B,False
q_018966,7575,9512,A,B,False
q_018967,237,12394,A,A,True
q_018968,8011,3204,A,B,False
q_018969,6995,12398,A,A,True
q_018970,8172,9155,B,B,True
q_018971,2024,1049,A,A,True
q_018972,6493,7374,B,A,False
q_018973,1696,5612,A,A,True
q_018974,2217,12153,A,B,False
q_018975,5742,9698,A,A,True
q_018976,11495,11742,A,A,True
q_018977,7656,10473,B,B,True
q_018978,2117,5040,A,A,True
q_018979,5443,10759,A,A,True
q_018980,7182,12032,B,A,False
q_018981,600,1926,A,A,True
q_018982,11689,11242,B,B,True
q_018983,6682,5362,A,A,True
q_018984,7502,11600,B,B,True
q_018985,1250,8475,B,B,True
q_018986,2133,1044,B,A,False
q_018987,1889,11459,B,B,True
q_018988,2043,3031,A,A,True
q_018989,6980,9894,A,A,True
q_018990,977,7648,A,B,False
q_018991,7763,12050,B,B,True
q_018992,1372,4283,B,B,True
q_018993,9578,9756,B,B,True
q_018994,12414,9287,A,A,True
q_018995,5261,8906,B,B,True
q_018996,2696,6638,B,B,True
q_018997,904,5653,A,A,True
q_018998,3381,8778,A,B,False
q_018999,7127,9242,B,A,False
q_019000,5223,8088,A,B,False
q_019001,7396,2345,A,A,True
q_019002,8020,8782,A,A,True
q_019003,2761,5860,A,A,True
q_019004,2626,9976,A,A,True
q_019005,6966,11827,B,B,True
q_019006,7362,4696,B,A,False
q_019007,1383,10942,B,B,True
q_019008,1334,7949,A,B,False
q_019009,5785,6444,A,A,True
q_019010,7247,4488,A,B,False
q_019011,9126,8789,B,A,False
q_019012,8011,2365,B,B,True
q_019013,3612,5872,A,B,False
q_019014,9188,9655,A,A,True
q_019015,1106,7189,B,A,False
q_019016,931,11177,B,B,True
q_019017,2034,12111,B,B,True
q_019018,7513,12223,A,A,True
q_019019,1612,3029,B,B,True
q_019020,5543,6726,A,A,True
q_019021,365,1700,B,B,True
q_019022,3180,11184,B,B,True
q_019023,225,8928,A,A,True
q_019024,3330,10259,B,B,True
q_019025,7717,5928,A,B,False
q_019026,2235,7111,A,A,True
q_019027,6686,6903,A,B,False
q_019028,6853,11854,A,A,True
q_019029,12505,10480,A,A,True
q_019030,11239,9767,B,A,False
q_019031,5159,5114,A,B,False
q_019032,4582,9823,B,A,False
q_019033,1792,4017,B,B,True
q_019034,3625,3877,A,A,True
q_019035,1491,11685,A,B,False
q_019036,1747,11256,A,A,True
q_019037,302,10818,B,B,True
q_019038,11643,11327,B,B,True
q_019039,10724,10575,B,B,True
q_019040,7974,12049,B,B,True
q_019041,10872,9732,B,B,True
q_019042,403,5815,B,A,False
q_019043,10384,10312,B,A,False
q_019044,12547,6493,B,A,False
q_019045,12178,11340,A,A,True
q_019046,1090,9973,A,A,True
q_019047,11817,9742,A,B,False
q_019048,8300,7290,B,B,True
q_019049,1320,11331,A,A,True
q_019050,5492,6467,B,B,True
q_019051,471,6363,B,A,False
q_019052,1053,10704,A,A,True
q_019053,3334,6756,A,B,False
q_019054,9709,10366,B,B,True
q_019055,1403,1375,A,A,True
q_019056,7441,3333,B,B,True
q_019057,442,4973,B,A,False
q_019058,12670,6880,B,A,False
q_019059,9,10698,B,B,True
q_019060,8120,3169,A,A,True
q_019061,1909,6326,A,B,False
q_019062,8155,12228,B,B,True
q_019063,11456,3828,B,A,False
q_019064,4080,6274,A,A,True
q_019065,1037,12218,A,A,True
q_019066,5817,11655,A,A,True
q_019067,5613,10595,B,A,False
q_019068,4306,4508,A,B,False
q_019069,3439,5851,A,B,False
q_019070,4250,10895,B,B,True
q_019071,2198,3753,B,B,True
q_019072,2996,4788,A,B,False
q_019073,3074,3682,B,A,False
q_019074,721,8990,B,B,True
q_019075,2682,4608,A,A,True
q_019076,1126,506,B,A,False
q_019077,2102,2299,A,A,True
q_019078,12529,9211,A,B,False
q_019079,319,11090,B,B,True
q_019080,12121,3950,A,A,True
q_019081,3523,8694,B,B,True
q_019082,269,5619,B,B,True
q_019083,6236,9369,A,B,False
q_019084,1036,6657,B,B,True
q_019085,340,702,A,A,True
q_019086,2488,7596,B,B,True
q_019087,492,10932,B,B,True
q_019088,613,3494,A,A,True
q_019089,1255,3714,B,B,True
q_019090,8570,12022,A,A,True
q_019091,7752,11391,B,B,True
q_019092,8876,7221,A,B,False
q_019093,513,5533,B,A,False
q_019094,6672,5007,A,B,False
q_019095,6511,7325,A,A,True
q_019096,1877,6769,B,B,True
q_019097,12164,6624,B,B,True
q_019098,1434,11679,B,B,True
q_019099,3050,12565,B,A,False
q_019100,1462,8918,B,B,True
q_019101,2097,3069,A,A,True
q_019102,7995,12320,B,B,True
q_019103,373,3830,A,A,True
q_019104,1660,1310,A,A,True
q_019105,8238,11347,B,A,False
q_019107,874,774,A,B,False
q_019108,260,7988,A,A,True
q_019109,3354,8968,A,B,False
q_019110,1930,4617,B,A,False
q_019111,3614,1301,B,B,True
q_019112,1602,8127,A,B,False
q_019113,2167,12211,B,A,False
q_019114,6627,8520,B,A,False
q_019115,6148,10709,B,A,False
q_019116,7861,8571,A,B,False
q_019117,7928,6904,A,A,True
q_019118,8577,2766,A,A,True
q_019119,2708,12291,A,A,True
q_019120,1781,10459,B,B,True
q_019121,6713,6783,B,B,True
q_019122,729,1338,A,A,True
q_019123,5772,9659,B,A,False
q_019124,4225,7946,A,B,False
q_019125,2657,10432,B,B,True
q_019126,8300,9388,A,A,True
q_019127,12639,10637,A,B,False
q_019128,7073,7801,B,A,False
q_019129,940,5669,B,B,True
q_019130,3122,7625,A,A,True
q_019131,8553,11675,A,A,True
q_019132,8720,10302,B,B,True
q_019133,3373,4078,A,B,False
q_019134,962,8215,B,B,True
q_019135,133,3163,A,B,False
q_019136,8035,11108,A,A,True
q_019137,8425,10747,B,A,False
q_019138,1530,7227,B,A,False
q_019139,287,1719,B,B,True
q_019140,5099,8316,A,A,True
q_019141,1535,5054,A,B,False
q_019142,5308,9734,B,A,False
q_019143,3335,8649,A,B,False
q_019144,3294,9125,B,A,False
q_019145,10880,9462,A,A,True
q_019146,663,9652,B,A,False
q_019147,1133,11897,B,B,True
q_019148,3557,7053,A,B,False
q_019149,7664,2220,A,A,True
q_019150,1841,6104,A,A,True
q_019151,2009,3369,A,A,True
q_019152,8671,9392,A,B,False
q_019153,5778,5406,A,A,True
q_019154,1524,7976,A,A,True
q_019155,2183,7745,B,B,True
q_019156,935,1089,A,A,True
q_019157,2930,11913,A,A,True
q_019158,5674,9061,A,B,False
q_019159,1771,2825,A,A,True
q_019160,808,10316,B,B,True
q_019161,1686,12198,B,B,True
q_019162,12665,2853,A,B,False
q_019163,6542,4906,A,A,True
q_019164,5931,10479,A,A,True
q_019165,3295,12578,B,A,False
q_019166,1092,10288,A,A,True
q_019167,5194,4315,A,A,True
q_019168,4653,10852,B,A,False
q_019169,161,5693,B,B,True
q_019170,4143,6225,B,B,True
q_019171,2534,8013,A,A,True
q_019172,933,6709,B,B,True
q_019173,4607,11329,A,A,True
q_019174,9826,10981,B,B,True
q_019175,12685,12094,A,A,True
q_019176,1741,6846,A,B,False
q_019177,4653,9558,A,B,False
q_019178,5287,9204,B,A,False
q_019179,5800,9939,B,B,True
q_019180,1239,5047,B,A,False
q_019181,1328,12007,A,A,True
q_019182,359,11604,B,A,False
q_019183,3751,7700,B,A,False
q_019184,8098,6593,A,A,True
q_019185,5738,12015,A,A,True
q_019186,6268,6043,A,A,True
q_019187,2019,2667,A,B,False
q_019188,4394,6159,A,A,True
q_019189,4490,2916,A,A,True
q_019190,2304,8370,A,B,False
q_019191,7602,10304,B,A,False
q_019192,4395,5223,B,B,True
q_019193,6573,8702,A,A,True
q_019194,9239,7265,B,A,False
q_019195,600,6981,B,A,False
q_019196,6873,11245,B,B,True
q_019197,2294,11339,A,A,True
q_019198,6725,4624,A,A,True
q_019199,9670,9549,B,B,True
q_019200,5056,2481,A,A,True
q_019201,859,2948,B,A,False
q_019202,11002,8772,A,B,False
q_019203,3401,12475,B,A,False
q_019204,4982,4549,A,A,True
q_019205,7316,10525,B,A,False
q_019206,2322,5583,A,A,True
q_019207,3377,7239,B,A,False
q_019208,10175,11992,A,A,True
q_019209,4523,5611,B,A,False
q_019210,7521,6439,A,A,True
q_019211,1971,8456,B,A,False
q_019212,6709,11866,B,B,True
q_019213,7442,6085,B,B,True
q_019215,2553,11602,A,B,False
q_019216,4656,6087,A,B,False
q_019217,8225,3784,A,B,False
q_019218,546,11983,A,A,True
q_019219,4127,3022,A,A,True
q_019220,2507,8830,A,A,True
q_019221,3873,11173,A,B,False
q_019222,8045,6861,B,A,False
q_019223,5423,6668,A,A,True
q_019224,2377,2978,B,A,False
q_019225,5897,3660,A,A,True
q_019226,658,5763,B,A,False
q_019227,545,1932,A,A,True
q_019228,3599,5563,A,B,False
q_019229,1785,9183,A,A,True
q_019230,129,264,A,A,True
q_019231,3823,8802,A,A,True
q_019232,902,6037,B,B,True
q_019233,1793,2116,A,A,True
q_019234,7565,8212,B,B,True
q_019235,11712,9095,A,A,True
q_019236,4297,9205,A,B,False
q_019237,413,2925,A,B,False
q_019238,2134,9867,A,B,False
q_019239,2732,9407,B,B,True
q_019240,1856,9307,B,B,True
q_019241,419,4969,B,A,False
q_019242,1160,12068,A,A,True
q_019243,11075,11289,B,B,True
q_019244,11878,9443,B,A,False
q_019245,6936,9507,B,B,True
q_019246,11710,9971,B,B,True
q_019247,1886,8982,A,A,True
q_019248,5166,8904,B,B,True
q_019249,9063,11942,A,A,True
q_019250,5336,2855,A,B,False
q_019251,186,12223,A,A,True
q_019252,4586,10813,B,B,True
q_019253,3425,10733,A,B,False
q_019254,6741,12062,B,B,True
q_019255,5666,6585,B,A,False
q_019256,8402,1488,A,A,True
q_019257,8294,12477,A,A,True
q_019258,1460,10025,A,A,True
q_019259,6867,9518,B,B,True
q_019260,1666,12309,A,A,True
q_019261,6048,8753,A,B,False
q_019262,2940,9921,A,A,True
q_019263,3918,9235,B,A,False
q_019264,7648,4087,A,A,True
q_019265,4204,3303,B,B,True
q_019266,8193,3808,A,B,False
q_019267,2323,4008,A,A,True
q_019268,309,2059,A,A,True
q_019269,12702,4728,B,A,False
q_019270,1569,7258,B,B,True
q_019271,8514,11328,A,A,True
q_019272,10275,9420,A,B,False
q_019273,8063,2816,A,A,True
q_019274,7757,11256,A,A,True
q_019275,4642,10061,A,A,True
q_019276,6748,3753,A,A,True
q_019277,10526,8882,A,A,True
q_019278,9201,9818,A,B,False
q_019279,2314,98,A,B,False
q_019280,1856,3597,A,A,True
q_019281,4276,11177,A,A,True
q_019282,7442,11369,B,B,True
q_019283,12625,11085,B,B,True
q_019284,1282,5566,A,B,False
q_019285,5889,11380,A,B,False
q_019286,1114,10971,B,B,True
q_019287,6684,9753,A,B,False
q_019288,6325,6193,B,B,True
q_019289,8090,6461,A,A,True
q_019290,5447,10759,A,A,True
q_019291,371,7206,B,B,True
q_019292,658,6361,B,A,False
q_019293,3013,10384,B,A,False
q_019294,2544,6062,A,A,True
q_019295,711,6182,A,A,True
q_019296,5815,11096,B,A,False
q_019297,609,7495,B,A,False
q_019298,10039,10796,A,A,True
q_019299,11183,11302,A,B,False
q_019300,6270,10177,B,B,True
q_019301,3824,12484,A,A,True
q_019302,2072,2177,A,A,True
q_019303,6412,11070,A,A,True
q_019304,8557,10781,A,A,True
q_019305,1267,261,A,B,False
q_019306,1946,10887,A,B,False
q_019307,469,5573,B,B,True
q_019308,3517,10416,B,B,True
q_019309,991,12598,B,B,True
q_019310,1579,5408,A,A,True
q_019311,428,5823,A,B,False
q_019312,611,5832,A,A,True
q_019313,4491,8989,A,A,True
q_019314,11831,7995,A,B,False
q_019315,6869,7707,A,B,False
q_019316,5030,10509,A,A,True
q_019317,5272,8082,A,B,False
q_019318,4587,5862,A,A,True
q_019319,287,4572,A,A,True
q_019320,12335,9651,A,B,False
q_019321,2709,7509,A,A,True
q_019322,7572,3354,A,B,False
q_019323,5177,11189,B,A,False
q_019324,7680,10606,A,A,True
q_019325,6718,7947,A,B,False
q_019326,967,2227,A,A,True
q_019327,10889,9009,A,A,True
q_019328,2416,9412,A,B,False
q_019329,3391,8790,B,A,False
q_019330,12272,7327,A,B,False
q_019331,6220,12095,A,A,True
q_019332,12653,9160,A,A,True
q_019333,4801,9146,B,A,False
q_019334,2601,11738,A,B,False
q_019335,4772,10246,B,B,True
q_019336,6150,11064,B,A,False
q_019337,1928,6951,A,B,False
q_019338,3543,4525,B,B,True
q_019339,527,2881,A,B,False
q_019340,12283,5575,A,B,False
q_019341,2614,6384,B,A,False
q_019342,2822,11790,A,B,False
q_019343,7048,10398,B,B,True
q_019344,1788,6790,A,B,False
q_019345,1534,931,B,A,False
q_019346,4072,5109,B,A,False
q_019347,298,7066,A,A,True
q_019349,2059,12540,B,B,True
q_019350,7505,10231,A,A,True
q_019351,3153,10156,B,B,True
q_019352,1292,8902,B,A,False
q_019353,7046,5850,B,B,True
q_019354,1116,5133,B,A,False
q_019355,1492,3822,B,A,False
q_019356,5159,6263,A,A,True
q_019357,6889,8660,B,A,False
q_019358,3524,7284,A,A,True
q_019359,3433,3255,A,B,False
q_019360,352,10462,B,B,True
q_019361,2849,11877,A,A,True
q_019362,12171,6177,B,B,True
q_019363,3644,11488,A,B,False
q_019364,3683,10834,A,A,True
q_019365,7657,6796,A,A,True
q_019366,1375,1790,B,A,False
q_019367,1880,11506,B,A,False
q_019368,69,12326,A,A,True
q_019369,5980,11948,A,A,True
q_019370,10888,9747,B,B,True
q_019371,985,9219,B,B,True
q_019372,9300,10968,B,A,False
q_019373,6307,8397,A,B,False
q_019374,1211,11946,A,A,True
q_019375,99,6179,A,A,True
q_019376,1934,5976,A,B,False
q_019377,731,8038,A,A,True
q_019378,1892,5691,A,A,True
q_019379,643,9472,B,A,False
q_019380,2360,6314,B,A,False
q_019381,2387,5329,B,A,False
q_019382,9350,10358,B,B,True
q_019383,8567,3360,A,A,True
q_019384,738,10921,B,B,True
q_019385,3466,11477,A,B,False
q_019386,6207,6984,A,B,False
q_019387,4432,5550,A,B,False
q_019388,4864,9305,B,B,True
q_019389,2366,10780,A,B,False
q_019390,3138,5908,B,B,True
q_019391,2445,3123,A,B,False
q_019392,2929,5397,B,B,True
q_019393,870,5754,B,A,False
q_019394,7450,1946,A,A,True
q_019395,3997,10974,B,A,False
q_019396,5359,2799,A,B,False
q_019397,4438,5209,B,B,True
q_019398,824,2046,A,B,False
q_019399,1257,7752,A,B,False
q_019400,1465,9674,A,A,True
q_019401,8042,2757,A,B,False
q_019403,75,5643,B,B,True
q_019404,3555,6612,A,B,False
q_019405,6355,10745,A,A,True
q_019406,2405,3901,A,B,False
q_019407,4072,6338,B,A,False
q_019408,1615,3064,A,A,True
q_019409,1333,5380,A,A,True
q_019410,9595,8802,A,A,True
q_019411,7471,8957,B,B,True
q_019412,11742,10824,A,A,True
q_019413,272,8891,A,A,True
q_019414,2252,10035,A,A,True
q_019415,5485,7300,A,A,True
q_019416,7785,10322,A,A,True
q_019417,7347,11944,A,A,True
q_019418,10014,10333,B,A,False
q_019419,6367,11498,A,B,False
q_019420,5136,10354,B,B,True
q_019421,890,4011,B,B,True
q_019422,7392,10921,B,A,False
q_019423,8074,5534,A,A,True
q_019424,4470,10146,B,B,True
q_019425,8617,11252,B,A,False
q_019426,21,9797,A,B,False
q_019428,6098,6198,A,A,True
q_019429,3046,10071,B,B,True
q_019430,2819,3362,A,A,True
q_019431,2777,8106,B,A,False
q_019432,1096,5113,A,B,False
q_019433,1620,7704,A,B,False
q_019434,5816,10752,A,B,False
q_019435,5495,1104,B,B,True
q_019436,100,6421,A,A,True
q_019437,770,5865,A,A,True
q_019438,9278,11404,A,B,False
q_019439,3487,10772,A,A,True
q_019440,5225,12557,A,B,False
q_019441,366,9380,A,A,True
q_019442,6125,3618,A,A,True
q_019443,612,8342,B,A,False
q_019444,12228,4717,A,A,True
q_019445,3912,4770,A,B,False
q_019446,3074,7698,B,A,False
q_019447,11549,2416,A,A,True
q_019448,141,10225,A,B,False
q_019449,809,3609,B,B,True
q_019450,3052,10798,B,B,True
q_019451,3493,3237,A,A,True
q_019452,3185,12128,A,A,True
q_019453,12109,4488,A,B,False
q_019454,7715,8668,A,A,True
q_019455,12463,9397,B,B,True
q_019456,5180,11942,B,A,False
q_019457,12151,8932,B,B,True
q_019458,3792,6909,A,A,True
q_019459,2339,1026,A,B,False
q_019460,4787,10571,A,A,True
q_019461,12077,10160,A,B,False
q_019462,12622,11249,A,A,True
q_019463,4985,5296,A,A,True
q_019464,2239,1303,B,B,True
q_019465,62,7440,A,B,False
q_019466,978,11029,B,B,True
q_019467,8093,10682,B,B,True
q_019468,7494,7845,B,A,False
q_019469,8175,9991,A,A,True
q_019470,308,410,B,B,True
q_019471,7922,5552,A,A,True
q_019472,1379,2293,A,A,True
q_019473,4275,9522,A,A,True
q_019474,579,7906,A,B,False
q_019475,7560,3503,A,B,False
q_019476,8380,12053,A,A,True
q_019477,1422,3674,B,B,True
q_019478,5420,6485,A,A,True
q_019479,519,5833,B,B,True
q_019480,4876,9093,A,A,True
q_019481,1602,11757,A,A,True
q_019482,21,7322,A,A,True
q_019483,12581,6937,B,B,True
q_019484,8175,10078,B,B,True
q_019485,322,9476,A,A,True
q_019486,6125,10209,A,A,True
q_019487,485,1639,A,B,False
q_019488,11735,10073,A,B,False
q_019489,3081,6474,B,B,True
q_019490,8447,6618,B,A,False
q_019491,12671,12501,A,B,False
q_019492,11362,10023,B,B,True
q_019493,3988,5266,B,B,True
q_019494,7999,10648,B,A,False
q_019495,3773,7861,B,A,False
q_019496,6614,1693,A,A,True
q_019497,3048,10321,B,A,False
q_019498,12156,12049,B,B,True
q_019499,11628,12091,B,B,True
q_019500,6297,11330,B,A,False
q_019501,4882,11372,B,B,True
q_019502,4077,11339,A,A,True
q_019503,6943,10241,A,A,True
q_019504,458,256,B,A,False
q_019505,1513,11403,A,B,False
q_019506,7675,8354,A,A,True
q_019507,8040,10551,A,B,False
q_019508,5571,11583,B,A,False
q_019509,3090,12444,A,A,True
q_019510,11426,9524,B,A,False
q_019511,684,10502,B,A,False
q_019512,6665,6163,B,A,False
q_019513,4753,10922,A,B,False
q_019514,972,5999,B,A,False
q_019515,8583,9363,A,A,True
q_019516,3109,10298,B,B,True
q_019517,2181,6436,B,A,False
q_019518,4256,11213,B,B,True
q_019519,1526,6256,B,B,True
q_019520,478,11907,B,B,True
q_019521,263,5172,A,A,True
q_019523,2583,11828,A,B,False
q_019524,946,3709,A,A,True
q_019525,11885,5988,A,B,False
q_019526,5751,9808,A,A,True
q_019527,746,4104,A,A,True
q_019528,6747,5143,A,B,False
q_019529,8088,12373,B,B,True
q_019530,4520,3177,A,B,False
q_019531,12206,9392,B,B,True
q_019532,8284,4077,A,A,True
q_019533,5033,5670,A,A,True
q_019534,12458,8811,A,A,True
q_019535,5092,10625,B,B,True
q_019536,1081,7264,B,A,False
q_019537,4980,11064,A,B,False
q_019538,12604,4751,A,A,True
q_019539,5877,7188,B,A,False
q_019540,4365,9458,B,A,False
q_019541,1054,7574,A,B,False
q_019542,5260,9169,B,A,False
q_019543,4641,11301,B,A,False
q_019544,6920,2691,A,B,False
q_019545,637,5808,B,A,False
q_019546,5468,9881,B,B,True
q_019547,2383,12050,B,B,True
q_019548,788,1368,B,B,True
q_019549,5222,10269,B,B,True
q_019550,7,1502,A,A,True
q_019551,7084,3084,A,B,False
q_019552,8355,5757,A,B,False
q_019553,2030,10403,A,A,True
q_019554,9479,8810,B,A,False
q_019555,2228,4037,A,A,True
q_019556,5554,10349,A,A,True
q_019557,7094,5160,A,A,True
q_019558,2300,6582,A,B,False
q_019559,402,9609,A,B,False
q_019560,6566,5662,A,A,True
q_019561,8320,4709,A,B,False
q_019562,8397,6693,A,A,True
q_019563,9209,9277,A,A,True
q_019564,2842,9855,B,A,False
q_019565,2279,1490,A,B,False
q_019566,6568,10213,A,A,True
q_019567,655,11369,A,A,True
q_019568,8113,10648,B,B,True
q_019569,5588,10816,B,A,False
q_019570,2699,2725,A,A,True
q_019571,7606,8285,B,B,True
q_019572,5817,4772,A,B,False
q_019573,4936,12504,A,A,True
q_019574,2749,10559,B,B,True
q_019575,2052,8591,A,A,True
q_019576,11473,11968,B,B,True
q_019577,7862,8858,B,B,True
q_019578,6899,3009,B,A,False
q_019579,5668,10589,B,B,True
q_019580,1535,6264,A,A,True
q_019581,3682,9796,B,A,False
q_019582,446,9715,A,A,True
q_019583,7015,10780,A,A,True
q_019584,572,12601,B,B,True
q_019585,6941,2952,A,A,True
q_019586,2434,5412,B,B,True
q_019587,2696,7608,A,A,True
q_019588,2098,7729,B,A,False
q_019589,6338,10213,B,B,True
q_019590,224,10601,B,A,False
q_019591,2016,8583,B,A,False
q_019592,3643,9027,A,A,True
q_019593,2054,11990,B,B,True
q_019594,739,1843,B,B,True
q_019595,2268,5615,B,B,True
q_019596,5129,4110,B,B,True
q_019597,128,4137,B,B,True
q_019598,618,7029,A,B,False
q_019599,6864,9584,A,A,True
q_019600,7720,9294,B,B,True
q_019601,2249,1311,B,B,True
q_019602,8748,9919,B,A,False
q_019603,721,4838,B,A,False
q_019604,1979,9293,B,B,True
q_019605,3293,5997,A,B,False
q_019606,2754,2850,B,B,True
q_019607,2495,8550,A,A,True
q_019608,9455,11035,B,B,True
q_019609,6380,9221,A,A,True
q_019610,1475,8771,A,A,True
q_019611,2591,4428,B,A,False
q_019612,720,6330,A,B,False
q_019613,485,12513,B,B,True
q_019614,5601,6937,A,B,False
q_019615,4147,8303,A,B,False
q_019616,4311,9755,B,A,False
q_019617,3753,10018,B,B,True
q_019618,3950,10118,B,A,False
q_019619,5509,10603,B,B,True
q_019620,704,4848,B,A,False
q_019621,8578,6845,A,B,False
q_019622,8000,9878,B,A,False
q_019623,2006,8273,A,B,False
q_019624,705,8209,A,A,True
q_019625,4293,6018,B,A,False
q_019626,12286,6445,B,A,False
q_019627,4343,7547,A,A,True
q_019628,2217,11084,B,B,True
q_019629,2536,1104,A,A,True
q_019630,338,2570,B,B,True
q_019631,4383,9921,A,A,True
q_019632,67,10175,A,A,True
q_019633,7526,7575,A,A,True
q_019634,2386,5077,B,A,False
q_019635,300,1203,A,B,False
q_019636,12585,11235,B,B,True
q_019637,1750,9428,A,A,True
q_019638,416,10416,A,B,False
q_019639,5166,11901,A,B,False
q_019640,11588,7029,B,B,True
q_019641,3286,8903,B,B,True
q_019642,6782,2135,A,A,True
q_019643,1100,8856,A,A,True
q_019644,5702,5184,B,B,True
q_019645,2304,12095,A,A,True
q_019646,1880,4903,A,A,True
q_019647,5933,7278,B,B,True
q_019648,590,2463,A,B,False
q_019649,8561,10768,A,A,True
q_019650,775,11556,B,B,True
q_019651,2582,5337,A,B,False
q_019652,101,6304,A,A,True
q_019653,8240,10685,A,A,True
q_019654,5782,9140,B,B,True
q_019655,2180,8744,B,B,True
q_019656,5762,6546,B,B,True
q_019657,3725,3445,A,A,True
q_019658,580,10091,A,A,True
q_019659,473,2449,A,B,False
q_019660,2852,11930,B,A,False
q_019661,8226,8785,B,B,True
q_019662,8458,9020,B,B,True
q_019663,3752,12128,B,A,False
q_019664,3358,9031,A,A,True
q_019665,313,10098,A,A,True
q_019666,5574,10794,B,B,True
q_019667,1297,5259,A,A,True
q_019668,110,6217,A,A,True
q_019669,7358,6627,A,B,False
q_019670,2165,7241,B,A,False
q_019671,6822,5286,A,A,True
q_019672,5985,10895,A,A,True
q_019673,943,3104,A,B,False
q_019674,7496,10807,A,A,True
q_019675,6484,11279,A,B,False
q_019676,12263,12436,A,B,False
q_019677,12262,5907,B,A,False
q_019678,7559,9235,B,A,False
q_019679,1356,10322,B,A,False
q_019680,2695,12561,B,B,True
q_019681,409,11549,B,A,False
q_019682,2345,6998,B,A,False
q_019683,12655,5676,A,A,True
q_019684,8621,8125,A,B,False
q_019685,6591,9946,A,B,False
q_019686,2669,9376,B,B,True
q_019687,2882,7231,B,B,True
q_019688,7027,9590,A,A,True
q_019689,12500,9629,A,B,False
q_019690,310,10607,A,A,True
q_019691,8098,6136,A,A,True
q_019692,1620,4953,A,A,True
q_019693,4919,7141,B,B,True
q_019694,2893,4809,A,A,True
q_019695,172,4553,A,B,False
q_019696,459,3449,A,A,True
q_019697,10954,9548,A,B,False
q_019698,11503,3228,B,B,True
q_019699,5226,10143,A,A,True
q_019700,9182,8872,A,A,True
q_019701,4617,7720,A,B,False
q_019702,1821,4580,B,B,True
q_019703,7220,9561,B,B,True
q_019704,2011,5417,B,A,False
q_019705,3588,6005,A,B,False
q_019706,3089,1344,A,A,True
q_019707,2045,6755,A,A,True
q_019708,1208,10544,A,A,True
q_019709,4083,11964,A,A,True
q_019710,8375,11661,A,A,True
q_019711,3118,8510,A,A,True
q_019712,2087,7785,B,B,True
q_019713,795,4446,B,B,True
q_019714,5293,6588,A,A,True
q_019715,2126,1037,A,B,False
q_019716,12107,6357,A,B,False
q_019717,1357,11527,B,A,False
q_019718,1946,8350,A,B,False
q_019719,7421,3721,B,A,False
q_019720,6361,11030,B,B,True
q_019721,3730,8222,B,A,False
q_019722,762,4544,B,B,True
q_019723,5381,11180,B,A,False
q_019724,2664,11764,B,B,True
q_019725,7214,8997,A,A,True
q_019726,738,8784,B,B,True
q_019727,11535,11916,B,B,True
q_019728,1746,5382,B,B,True
q_019729,3655,7317,B,A,False
q_019730,7,10672,A,A,True
q_019731,6348,3940,A,A,True
q_019732,9989,9591,B,A,False
q_019733,4201,9829,A,A,True
q_019734,2111,3874,B,B,True
q_019735,1152,4211,B,A,False
q_019736,6337,11752,A,A,True
q_019737,354,10328,B,B,True
q_019738,559,10155,B,B,True
q_019739,1467,11756,A,B,False
q_019740,11879,10429,B,A,False
q_019741,4574,9895,A,B,False
q_019742,4474,8344,A,B,False
q_019743,919,3277,A,A,True
q_019744,3173,10038,B,B,True
q_019745,5699,9079,B,B,True
q_019746,2471,2572,A,A,True
q_019747,5458,4512,A,A,True
q_019748,11480,4544,B,B,True
q_019749,1909,8748,A,A,True
q_019750,10526,8720,A,A,True
q_019751,6538,8562,A,B,False
q_019752,1941,10952,A,B,False
q_019753,6657,12066,A,A,True
q_019754,2227,9401,A,A,True
q_019755,3551,6546,B,A,False
q_019756,4490,9200,A,A,True
q_019757,4611,11969,B,B,True
q_019758,3017,9432,B,A,False
q_019759,12299,8807,A,B,False
q_019760,1558,4381,B,A,False
q_019761,106,12147,A,A,True
q_019762,8214,9400,A,B,False
q_019763,5472,10826,B,B,True
q_019764,4394,10502,B,B,True
q_019765,4504,12390,B,B,True
q_019766,2864,4410,A,B,False
q_019767,7622,11665,B,B,True
q_019768,2642,11003,B,B,True
q_019769,7461,3065,A,A,True
q_019770,11281,9508,A,B,False
q_019771,11631,7194,A,A,True
q_019772,7887,9832,A,A,True
q_019773,6938,9781,B,A,False
q_019774,497,5850,A,A,True
q_019775,269,11023,A,A,True
q_019776,11627,11178,B,B,True
q_019777,1975,3044,A,A,True
q_019778,1728,7302,A,B,False
q_019779,10342,9569,A,B,False
q_019780,6401,10299,A,A,True
q_019781,78,1268,A,A,True
q_019782,134,6236,B,B,True
q_019783,6436,8508,A,B,False
q_019784,541,11406,B,B,True
q_019785,4363,8438,A,A,True
q_019786,6911,12359,A,B,False
q_019787,2687,11864,A,A,True
q_019788,10484,9886,A,B,False
q_019789,1029,6868,A,A,True
q_019790,8329,2729,A,B,False
q_019791,12215,7181,B,B,True
q_019792,11736,10123,B,B,True
q_019793,5284,11250,A,A,True
q_019794,11884,8805,B,B,True
q_019795,12548,4179,A,B,False
q_019796,11702,10171,A,A,True
q_019797,1189,4617,A,A,True
q_019798,1616,2865,B,B,True
q_019799,4396,10447,B,B,True
q_019800,2368,2568,A,B,False
q_019801,7562,6615,A,B,False
q_019802,9581,9054,B,B,True
q_019803,439,11314,A,B,False
q_019804,6371,11611,A,B,False
q_019805,7896,3854,B,B,True
q_019806,2732,7614,B,B,True
q_019807,43,4725,B,B,True
q_019808,5855,9003,B,A,False
q_019809,295,5775,A,B,False
q_019810,1967,6955,A,B,False
q_019811,2406,12705,B,B,True
q_019812,6074,10009,A,A,True
q_019813,6435,2877,A,A,True
q_019814,4051,8165,B,B,True
q_019815,10638,11424,B,B,True
q_019816,235,10914,A,B,False
q_019817,458,4676,A,B,False
q_019818,1368,8170,A,B,False
q_019819,363,7399,A,A,True
q_019820,8129,8056,A,B,False
q_019821,6230,11868,B,B,True
q_019822,5781,11310,A,A,True
q_019823,7707,2910,B,B,True
q_019824,3210,11377,B,A,False
q_019825,12668,1620,A,B,False
q_019826,1713,4152,B,B,True
q_019827,5824,8852,B,B,True
q_019828,652,3881,B,B,True
q_019829,5450,4998,B,B,True
q_019830,7169,6300,A,B,False
q_019831,3716,4977,A,A,True
q_019832,6773,5246,B,B,True
q_019833,1442,4480,B,A,False
q_019834,1372,3388,B,B,True
q_019835,64,9996,B,B,True
q_019836,12219,11325,B,B,True
q_019837,10571,6252,B,B,True
q_019840,6786,3432,A,A,True
q_019841,12148,7004,B,A,False
q_019842,7558,10304,A,B,False
q_019843,8374,9122,A,A,True
q_019845,2244,1263,A,A,True
q_019846,1216,6812,A,A,True
q_019847,1965,10087,B,B,True
q_019848,242,12347,A,A,True
q_019849,5528,9276,B,B,True
q_019850,4516,8444,B,A,False
q_019851,2247,8880,B,B,True
q_019852,426,2845,B,A,False
q_019853,2710,12302,B,B,True
q_019854,6493,10091,A,A,True
q_019855,1037,5880,B,B,True
q_019856,6462,8673,B,B,True
q_019857,7512,9533,B,B,True
q_019858,956,4987,A,A,True
q_019859,5045,10148,A,A,True
q_019860,8650,6828,B,A,False
q_019861,5129,11801,B,B,True
q_019862,6345,9655,A,A,True
q_019863,944,5089,B,A,False
q_019864,3127,2604,B,B,True
q_019865,1381,3130,A,B,False
q_019866,2490,11152,A,A,True
q_019867,1432,1746,B,B,True
q_019868,3702,10236,B,A,False
q_019869,1674,7317,B,B,True
q_019870,470,3615,A,A,True
q_019871,134,11768,B,B,True
q_019872,1914,3466,A,B,False
q_019873,9196,8202,B,B,True
q_019874,156,9751,B,A,False
q_019875,7482,4821,B,B,True
q_019876,7057,8972,A,A,True
q_019877,7862,11548,B,A,False
q_019878,7625,11475,B,B,True
q_019879,6216,10224,B,A,False
q_019880,2914,6747,A,A,True
q_019881,7480,8048,A,A,True
q_019882,5264,9992,B,B,True
q_019883,3883,9071,B,A,False
q_019884,6722,7281,B,B,True
q_019885,5086,12315,A,A,True
q_019886,2464,3922,B,B,True
q_019887,2533,9266,B,B,True
q_019888,450,10498,A,B,False
q_019889,9125,9528,A,A,True
q_019890,12462,10406,B,B,True
q_019891,5515,8281,A,A,True
q_019892,6869,3063,A,B,False
q_019893,239,1956,B,B,True
q_019894,4757,8028,B,B,True
q_019895,2029,2540,A,B,False
q_019896,6974,10061,A,A,True
q_019897,12328,9939,A,B,False
q_019898,56,2453,A,B,False
q_019899,10202,7335,B,B,True
q_019900,4075,12635,A,A,True
q_019901,4247,9272,A,A,True
q_019902,11943,10347,A,A,True
q_019903,10522,10539,B,B,True
q_019904,2367,6181,B,A,False
q_019905,2290,3899,A,B,False
q_019906,1425,8645,B,B,True
q_019907,7871,10698,A,A,True
q_019908,6056,6942,B,A,False
q_019909,2449,1980,B,B,True
q_019910,7464,9461,A,B,False
q_019911,2686,6733,B,B,True
q_019912,7588,1707,A,B,False
q_019913,854,8065,B,A,False
q_019914,2090,5671,B,B,True
q_019915,1526,4921,B,B,True
q_019916,4263,9163,B,B,True
q_019917,11551,3072,A,A,True
q_019918,3078,5841,A,A,True
q_019919,7256,9881,B,B,True
q_019920,5724,12047,B,B,True
q_019921,7078,7639,A,B,False
q_019922,1818,2896,B,B,True
q_019923,1437,7419,B,B,True
q_019924,219,12408,B,B,True
q_019925,7878,6215,A,A,True
q_019926,196,7215,A,A,True
q_019927,718,7180,A,A,True
q_019928,127,2577,B,B,True
q_019929,981,12564,A,A,True
q_019930,7987,4745,B,B,True
q_019931,8341,5826,A,A,True
q_019933,1578,10050,A,A,True
q_019934,2283,5439,B,B,True
q_019935,2435,6932,A,A,True
q_019936,2281,6775,B,A,False
q_019937,11038,10176,A,A,True
q_019938,5449,9184,B,B,True
q_019941,10948,11156,B,A,False
q_019942,4294,12509,A,A,True
q_019943,7399,4738,B,B,True
q_019944,2528,4278,A,A,True
q_019945,8419,10264,B,A,False
q_019946,8163,10369,A,A,True
q_019947,3081,11805,A,A,True
q_019948,1407,9267,A,A,True
q_019950,2120,9015,B,B,True
q_019951,4434,10113,B,B,True
q_019952,1054,10679,A,A,True
q_019953,823,11110,A,A,True
q_019954,327,1338,A,A,True
q_019955,4104,10048,A,A,True
q_019957,5318,2989,A,B,False
q_019958,3571,6101,A,B,False
q_019959,9551,8744,A,A,True
q_019960,151,5081,A,B,False
q_019961,6554,4534,A,A,True
q_019962,12529,12344,A,A,True
q_019963,6326,4687,A,A,True
q_019964,7604,10066,B,B,True
q_019965,12555,4890,A,B,False
q_019966,994,7721,B,B,True
q_019967,3251,9593,A,B,False
q_019968,12185,2019,A,A,True
q_019969,7843,11526,A,A,True
q_019970,337,10572,A,A,True
q_019971,6458,10449,B,A,False
q_019972,1756,10346,B,B,True
q_019973,1912,8158,B,A,False
q_019974,4313,6727,A,B,False
q_019975,1030,7093,A,A,True
q_019976,975,4254,A,A,True
q_019977,5046,9856,B,B,True
q_019978,761,3706,B,B,True
q_019979,7589,6240,A,A,True
q_019980,1502,4405,A,B,False
q_019981,1088,7955,B,B,True
q_019982,8506,4695,A,A,True
q_019983,4984,6239,B,B,True
q_019984,245,1779,B,A,False
q_019985,4912,8660,B,B,True
q_019986,4522,12321,B,B,True
q_019987,12212,7128,A,A,True
q_019988,5677,4839,A,B,False
q_019989,273,10722,B,B,True
q_019990,4276,3930,A,A,True
q_019991,7790,9268,B,B,True
q_019992,2101,6033,A,A,True
q_019993,2071,9229,A,A,True
q_019994,6580,4745,A,A,True
q_019995,6122,4533,B,B,True
q_019996,6110,5337,A,A,True
q_019997,433,3759,A,B,False
q_019998,6179,9158,A,B,False
q_019999,772,2718,A,B,False
