max_depth,max_features,min_samples_leaf,min_samples_split,test_acc
1.0,0.0,1.0,2.0,0.529362570117287
1.0,0.0,1.0,3.0,0.529362570117287
1.0,0.0,1.0,5.0,0.529362570117287
1.0,0.0,1.0,8.0,0.529362570117287
1.0,0.0,1.0,12.0,0.529362570117287
1.0,0.0,1.0,20.0,0.529362570117287
1.0,0.0,1.0,32.0,0.529362570117287
1.0,0.0,1.0,50.0,0.529362570117287
1.0,0.0,1.0,80.0,0.529362570117287
1.0,0.0,1.0,128.0,0.529362570117287
1.0,0.0,3.0,2.0,0.529362570117287
1.0,0.0,3.0,3.0,0.529362570117287
1.0,0.0,3.0,5.0,0.529362570117287
1.0,0.0,3.0,8.0,0.529362570117287
1.0,0.0,3.0,12.0,0.529362570117287
1.0,0.0,3.0,20.0,0.529362570117287
1.0,0.0,3.0,32.0,0.529362570117287
1.0,0.0,3.0,50.0,0.529362570117287
1.0,0.0,3.0,80.0,0.529362570117287
1.0,0.0,3.0,128.0,0.529362570117287
1.0,0.0,5.0,2.0,0.529362570117287
1.0,0.0,5.0,3.0,0.529362570117287
1.0,0.0,5.0,5.0,0.529362570117287
1.0,0.0,5.0,8.0,0.529362570117287
1.0,0.0,5.0,12.0,0.529362570117287
1.0,0.0,5.0,20.0,0.529362570117287
1.0,0.0,5.0,32.0,0.529362570117287
1.0,0.0,5.0,50.0,0.529362570117287
1.0,0.0,5.0,80.0,0.529362570117287
1.0,0.0,5.0,128.0,0.529362570117287
1.0,0.0,7.0,2.0,0.529362570117287
1.0,0.0,7.0,3.0,0.529362570117287
1.0,0.0,7.0,5.0,0.529362570117287
1.0,0.0,7.0,8.0,0.529362570117287
1.0,0.0,7.0,12.0,0.529362570117287
1.0,0.0,7.0,20.0,0.529362570117287
1.0,0.0,7.0,32.0,0.529362570117287
1.0,0.0,7.0,50.0,0.529362570117287
1.0,0.0,7.0,80.0,0.529362570117287
1.0,0.0,7.0,128.0,0.529362570117287
1.0,0.0,9.0,2.0,0.529362570117287
1.0,0.0,9.0,3.0,0.529362570117287
1.0,0.0,9.0,5.0,0.529362570117287
1.0,0.0,9.0,8.0,0.529362570117287
1.0,0.0,9.0,12.0,0.529362570117287
1.0,0.0,9.0,20.0,0.529362570117287
1.0,0.0,9.0,32.0,0.529362570117287
1.0,0.0,9.0,50.0,0.529362570117287
1.0,0.0,9.0,80.0,0.529362570117287
1.0,0.0,9.0,128.0,0.529362570117287
1.0,0.0,11.0,2.0,0.529362570117287
1.0,0.0,11.0,3.0,0.529362570117287
1.0,0.0,11.0,5.0,0.529362570117287
1.0,0.0,11.0,8.0,0.529362570117287
1.0,0.0,11.0,12.0,0.529362570117287
1.0,0.0,11.0,20.0,0.529362570117287
1.0,0.0,11.0,32.0,0.529362570117287
1.0,0.0,11.0,50.0,0.529362570117287
1.0,0.0,11.0,80.0,0.529362570117287
1.0,0.0,11.0,128.0,0.529362570117287
1.0,0.0,13.0,2.0,0.529362570117287
1.0,0.0,13.0,3.0,0.529362570117287
1.0,0.0,13.0,5.0,0.529362570117287
1.0,0.0,13.0,8.0,0.529362570117287
1.0,0.0,13.0,12.0,0.529362570117287
1.0,0.0,13.0,20.0,0.529362570117287
1.0,0.0,13.0,32.0,0.529362570117287
1.0,0.0,13.0,50.0,0.529362570117287
1.0,0.0,13.0,80.0,0.529362570117287
1.0,0.0,13.0,128.0,0.529362570117287
1.0,0.0,15.0,2.0,0.529362570117287
1.0,0.0,15.0,3.0,0.529362570117287
1.0,0.0,15.0,5.0,0.529362570117287
1.0,0.0,15.0,8.0,0.529362570117287
1.0,0.0,15.0,12.0,0.529362570117287
1.0,0.0,15.0,20.0,0.529362570117287
1.0,0.0,15.0,32.0,0.529362570117287
1.0,0.0,15.0,50.0,0.529362570117287
1.0,0.0,15.0,80.0,0.529362570117287
1.0,0.0,15.0,128.0,0.529362570117287
1.0,0.0,17.0,2.0,0.529362570117287
1.0,0.0,17.0,3.0,0.529362570117287
1.0,0.0,17.0,5.0,0.529362570117287
1.0,0.0,17.0,8.0,0.529362570117287
1.0,0.0,17.0,12.0,0.529362570117287
1.0,0.0,17.0,20.0,0.529362570117287
1.0,0.0,17.0,32.0,0.529362570117287
1.0,0.0,17.0,50.0,0.529362570117287
1.0,0.0,17.0,80.0,0.529362570117287
1.0,0.0,17.0,128.0,0.529362570117287
1.0,0.0,20.0,2.0,0.529362570117287
1.0,0.0,20.0,3.0,0.529362570117287
1.0,0.0,20.0,5.0,0.529362570117287
1.0,0.0,20.0,8.0,0.529362570117287
1.0,0.0,20.0,12.0,0.529362570117287
1.0,0.0,20.0,20.0,0.529362570117287
1.0,0.0,20.0,32.0,0.529362570117287
1.0,0.0,20.0,50.0,0.529362570117287
1.0,0.0,20.0,80.0,0.529362570117287
1.0,0.0,20.0,128.0,0.529362570117287
1.0,0.11111111,1.0,2.0,0.529362570117287
1.0,0.11111111,1.0,3.0,0.529362570117287
1.0,0.11111111,1.0,5.0,0.529362570117287
1.0,0.11111111,1.0,8.0,0.529362570117287
1.0,0.11111111,1.0,12.0,0.529362570117287
1.0,0.11111111,1.0,20.0,0.529362570117287
1.0,0.11111111,1.0,32.0,0.529362570117287
1.0,0.11111111,1.0,50.0,0.529362570117287
1.0,0.11111111,1.0,80.0,0.529362570117287
1.0,0.11111111,1.0,128.0,0.529362570117287
1.0,0.11111111,3.0,2.0,0.529362570117287
1.0,0.11111111,3.0,3.0,0.529362570117287
1.0,0.11111111,3.0,5.0,0.529362570117287
1.0,0.11111111,3.0,8.0,0.529362570117287
1.0,0.11111111,3.0,12.0,0.529362570117287
1.0,0.11111111,3.0,20.0,0.529362570117287
1.0,0.11111111,3.0,32.0,0.529362570117287
1.0,0.11111111,3.0,50.0,0.529362570117287
1.0,0.11111111,3.0,80.0,0.529362570117287
1.0,0.11111111,3.0,128.0,0.529362570117287
1.0,0.11111111,5.0,2.0,0.529362570117287
1.0,0.11111111,5.0,3.0,0.529362570117287
1.0,0.11111111,5.0,5.0,0.529362570117287
1.0,0.11111111,5.0,8.0,0.529362570117287
1.0,0.11111111,5.0,12.0,0.529362570117287
1.0,0.11111111,5.0,20.0,0.529362570117287
1.0,0.11111111,5.0,32.0,0.529362570117287
1.0,0.11111111,5.0,50.0,0.529362570117287
1.0,0.11111111,5.0,80.0,0.529362570117287
1.0,0.11111111,5.0,128.0,0.529362570117287
1.0,0.11111111,7.0,2.0,0.529362570117287
1.0,0.11111111,7.0,3.0,0.529362570117287
1.0,0.11111111,7.0,5.0,0.529362570117287
1.0,0.11111111,7.0,8.0,0.529362570117287
1.0,0.11111111,7.0,12.0,0.529362570117287
1.0,0.11111111,7.0,20.0,0.529362570117287
1.0,0.11111111,7.0,32.0,0.529362570117287
1.0,0.11111111,7.0,50.0,0.529362570117287
1.0,0.11111111,7.0,80.0,0.529362570117287
1.0,0.11111111,7.0,128.0,0.529362570117287
1.0,0.11111111,9.0,2.0,0.529362570117287
1.0,0.11111111,9.0,3.0,0.529362570117287
1.0,0.11111111,9.0,5.0,0.529362570117287
1.0,0.11111111,9.0,8.0,0.529362570117287
1.0,0.11111111,9.0,12.0,0.529362570117287
1.0,0.11111111,9.0,20.0,0.529362570117287
1.0,0.11111111,9.0,32.0,0.529362570117287
1.0,0.11111111,9.0,50.0,0.529362570117287
1.0,0.11111111,9.0,80.0,0.529362570117287
1.0,0.11111111,9.0,128.0,0.529362570117287
1.0,0.11111111,11.0,2.0,0.529362570117287
1.0,0.11111111,11.0,3.0,0.529362570117287
1.0,0.11111111,11.0,5.0,0.529362570117287
1.0,0.11111111,11.0,8.0,0.529362570117287
1.0,0.11111111,11.0,12.0,0.529362570117287
1.0,0.11111111,11.0,20.0,0.529362570117287
1.0,0.11111111,11.0,32.0,0.529362570117287
1.0,0.11111111,11.0,50.0,0.529362570117287
1.0,0.11111111,11.0,80.0,0.529362570117287
1.0,0.11111111,11.0,128.0,0.529362570117287
1.0,0.11111111,13.0,2.0,0.529362570117287
1.0,0.11111111,13.0,3.0,0.529362570117287
1.0,0.11111111,13.0,5.0,0.529362570117287
1.0,0.11111111,13.0,8.0,0.529362570117287
1.0,0.11111111,13.0,12.0,0.529362570117287
1.0,0.11111111,13.0,20.0,0.529362570117287
1.0,0.11111111,13.0,32.0,0.529362570117287
1.0,0.11111111,13.0,50.0,0.529362570117287
1.0,0.11111111,13.0,80.0,0.529362570117287
1.0,0.11111111,13.0,128.0,0.529362570117287
1.0,0.11111111,15.0,2.0,0.529362570117287
1.0,0.11111111,15.0,3.0,0.529362570117287
1.0,0.11111111,15.0,5.0,0.529362570117287
1.0,0.11111111,15.0,8.0,0.529362570117287
1.0,0.11111111,15.0,12.0,0.529362570117287
1.0,0.11111111,15.0,20.0,0.529362570117287
1.0,0.11111111,15.0,32.0,0.529362570117287
1.0,0.11111111,15.0,50.0,0.529362570117287
1.0,0.11111111,15.0,80.0,0.529362570117287
1.0,0.11111111,15.0,128.0,0.529362570117287
1.0,0.11111111,17.0,2.0,0.529362570117287
1.0,0.11111111,17.0,3.0,0.529362570117287
1.0,0.11111111,17.0,5.0,0.529362570117287
1.0,0.11111111,17.0,8.0,0.529362570117287
1.0,0.11111111,17.0,12.0,0.529362570117287
1.0,0.11111111,17.0,20.0,0.529362570117287
1.0,0.11111111,17.0,32.0,0.529362570117287
1.0,0.11111111,17.0,50.0,0.529362570117287
1.0,0.11111111,17.0,80.0,0.529362570117287
1.0,0.11111111,17.0,128.0,0.529362570117287
1.0,0.11111111,20.0,2.0,0.529362570117287
1.0,0.11111111,20.0,3.0,0.529362570117287
1.0,0.11111111,20.0,5.0,0.529362570117287
1.0,0.11111111,20.0,8.0,0.529362570117287
1.0,0.11111111,20.0,12.0,0.529362570117287
1.0,0.11111111,20.0,20.0,0.529362570117287
1.0,0.11111111,20.0,32.0,0.529362570117287
1.0,0.11111111,20.0,50.0,0.529362570117287
1.0,0.11111111,20.0,80.0,0.529362570117287
1.0,0.11111111,20.0,128.0,0.529362570117287
1.0,0.22222222,1.0,2.0,0.562447730749618
1.0,0.22222222,1.0,3.0,0.562447730749618
1.0,0.22222222,1.0,5.0,0.562447730749618
1.0,0.22222222,1.0,8.0,0.562447730749618
1.0,0.22222222,1.0,12.0,0.562447730749618
1.0,0.22222222,1.0,20.0,0.562447730749618
1.0,0.22222222,1.0,32.0,0.562447730749618
1.0,0.22222222,1.0,50.0,0.562447730749618
1.0,0.22222222,1.0,80.0,0.562447730749618
1.0,0.22222222,1.0,128.0,0.562447730749618
1.0,0.22222222,3.0,2.0,0.562447730749618
1.0,0.22222222,3.0,3.0,0.562447730749618
1.0,0.22222222,3.0,5.0,0.562447730749618
1.0,0.22222222,3.0,8.0,0.562447730749618
1.0,0.22222222,3.0,12.0,0.562447730749618
1.0,0.22222222,3.0,20.0,0.562447730749618
1.0,0.22222222,3.0,32.0,0.562447730749618
1.0,0.22222222,3.0,50.0,0.562447730749618
1.0,0.22222222,3.0,80.0,0.562447730749618
1.0,0.22222222,3.0,128.0,0.562447730749618
1.0,0.22222222,5.0,2.0,0.562468128505864
1.0,0.22222222,5.0,3.0,0.562468128505864
1.0,0.22222222,5.0,5.0,0.562468128505864
1.0,0.22222222,5.0,8.0,0.562468128505864
1.0,0.22222222,5.0,12.0,0.562468128505864
1.0,0.22222222,5.0,20.0,0.562468128505864
1.0,0.22222222,5.0,32.0,0.562468128505864
1.0,0.22222222,5.0,50.0,0.562468128505864
1.0,0.22222222,5.0,80.0,0.562468128505864
1.0,0.22222222,5.0,128.0,0.562468128505864
1.0,0.22222222,7.0,2.0,0.562468128505864
1.0,0.22222222,7.0,3.0,0.562468128505864
1.0,0.22222222,7.0,5.0,0.562468128505864
1.0,0.22222222,7.0,8.0,0.562468128505864
1.0,0.22222222,7.0,12.0,0.562468128505864
1.0,0.22222222,7.0,20.0,0.562468128505864
1.0,0.22222222,7.0,32.0,0.562468128505864
1.0,0.22222222,7.0,50.0,0.562468128505864
1.0,0.22222222,7.0,80.0,0.562468128505864
1.0,0.22222222,7.0,128.0,0.562468128505864
1.0,0.22222222,9.0,2.0,0.562427332993371
1.0,0.22222222,9.0,3.0,0.562427332993371
1.0,0.22222222,9.0,5.0,0.562427332993371
1.0,0.22222222,9.0,8.0,0.562427332993371
1.0,0.22222222,9.0,12.0,0.562427332993371
1.0,0.22222222,9.0,20.0,0.562427332993371
1.0,0.22222222,9.0,32.0,0.562427332993371
1.0,0.22222222,9.0,50.0,0.562427332993371
1.0,0.22222222,9.0,80.0,0.562427332993371
1.0,0.22222222,9.0,128.0,0.562427332993371
1.0,0.22222222,11.0,2.0,0.562447730749618
1.0,0.22222222,11.0,3.0,0.562447730749618
1.0,0.22222222,11.0,5.0,0.562447730749618
1.0,0.22222222,11.0,8.0,0.562447730749618
1.0,0.22222222,11.0,12.0,0.562447730749618
1.0,0.22222222,11.0,20.0,0.562447730749618
1.0,0.22222222,11.0,32.0,0.562447730749618
1.0,0.22222222,11.0,50.0,0.562447730749618
1.0,0.22222222,11.0,80.0,0.562447730749618
1.0,0.22222222,11.0,128.0,0.562447730749618
1.0,0.22222222,13.0,2.0,0.562447730749618
1.0,0.22222222,13.0,3.0,0.562447730749618
1.0,0.22222222,13.0,5.0,0.562447730749618
1.0,0.22222222,13.0,8.0,0.562447730749618
1.0,0.22222222,13.0,12.0,0.562447730749618
1.0,0.22222222,13.0,20.0,0.562447730749618
1.0,0.22222222,13.0,32.0,0.562447730749618
1.0,0.22222222,13.0,50.0,0.562447730749618
1.0,0.22222222,13.0,80.0,0.562447730749618
1.0,0.22222222,13.0,128.0,0.562447730749618
1.0,0.22222222,15.0,2.0,0.562427332993371
1.0,0.22222222,15.0,3.0,0.562427332993371
1.0,0.22222222,15.0,5.0,0.562427332993371
1.0,0.22222222,15.0,8.0,0.562427332993371
1.0,0.22222222,15.0,12.0,0.562427332993371
1.0,0.22222222,15.0,20.0,0.562427332993371
1.0,0.22222222,15.0,32.0,0.562427332993371
1.0,0.22222222,15.0,50.0,0.562427332993371
1.0,0.22222222,15.0,80.0,0.562427332993371
1.0,0.22222222,15.0,128.0,0.562427332993371
1.0,0.22222222,17.0,2.0,0.562468128505864
1.0,0.22222222,17.0,3.0,0.562468128505864
1.0,0.22222222,17.0,5.0,0.562468128505864
1.0,0.22222222,17.0,8.0,0.562468128505864
1.0,0.22222222,17.0,12.0,0.562468128505864
1.0,0.22222222,17.0,20.0,0.562468128505864
1.0,0.22222222,17.0,32.0,0.562468128505864
1.0,0.22222222,17.0,50.0,0.562468128505864
1.0,0.22222222,17.0,80.0,0.562468128505864
1.0,0.22222222,17.0,128.0,0.562468128505864
1.0,0.22222222,20.0,2.0,0.562468128505864
1.0,0.22222222,20.0,3.0,0.562468128505864
1.0,0.22222222,20.0,5.0,0.562468128505864
1.0,0.22222222,20.0,8.0,0.562468128505864
1.0,0.22222222,20.0,12.0,0.562468128505864
1.0,0.22222222,20.0,20.0,0.562468128505864
1.0,0.22222222,20.0,32.0,0.562468128505864
1.0,0.22222222,20.0,50.0,0.562468128505864
1.0,0.22222222,20.0,80.0,0.562468128505864
1.0,0.22222222,20.0,128.0,0.562468128505864
1.0,0.33333334,1.0,2.0,0.586374298827129
1.0,0.33333334,1.0,3.0,0.586374298827129
1.0,0.33333334,1.0,5.0,0.586374298827129
1.0,0.33333334,1.0,8.0,0.586374298827129
1.0,0.33333334,1.0,12.0,0.586374298827129
1.0,0.33333334,1.0,20.0,0.586374298827129
1.0,0.33333334,1.0,32.0,0.586374298827129
1.0,0.33333334,1.0,50.0,0.586374298827129
1.0,0.33333334,1.0,80.0,0.586374298827129
1.0,0.33333334,1.0,128.0,0.586374298827129
1.0,0.33333334,3.0,2.0,0.586374298827129
1.0,0.33333334,3.0,3.0,0.586374298827129
1.0,0.33333334,3.0,5.0,0.586374298827129
1.0,0.33333334,3.0,8.0,0.586374298827129
1.0,0.33333334,3.0,12.0,0.586374298827129
1.0,0.33333334,3.0,20.0,0.586374298827129
1.0,0.33333334,3.0,32.0,0.586374298827129
1.0,0.33333334,3.0,50.0,0.586374298827129
1.0,0.33333334,3.0,80.0,0.586374298827129
1.0,0.33333334,3.0,128.0,0.586374298827129
1.0,0.33333334,5.0,2.0,0.586374298827129
1.0,0.33333334,5.0,3.0,0.586374298827129
1.0,0.33333334,5.0,5.0,0.586374298827129
1.0,0.33333334,5.0,8.0,0.586374298827129
1.0,0.33333334,5.0,12.0,0.586374298827129
1.0,0.33333334,5.0,20.0,0.586374298827129
1.0,0.33333334,5.0,32.0,0.586374298827129
1.0,0.33333334,5.0,50.0,0.586374298827129
1.0,0.33333334,5.0,80.0,0.586374298827129
1.0,0.33333334,5.0,128.0,0.586374298827129
1.0,0.33333334,7.0,2.0,0.586374298827129
1.0,0.33333334,7.0,3.0,0.586374298827129
1.0,0.33333334,7.0,5.0,0.586374298827129
1.0,0.33333334,7.0,8.0,0.586374298827129
1.0,0.33333334,7.0,12.0,0.586374298827129
1.0,0.33333334,7.0,20.0,0.586374298827129
1.0,0.33333334,7.0,32.0,0.586374298827129
1.0,0.33333334,7.0,50.0,0.586374298827129
1.0,0.33333334,7.0,80.0,0.586374298827129
1.0,0.33333334,7.0,128.0,0.586374298827129
1.0,0.33333334,9.0,2.0,0.586374298827129
1.0,0.33333334,9.0,3.0,0.586374298827129
1.0,0.33333334,9.0,5.0,0.586374298827129
1.0,0.33333334,9.0,8.0,0.586374298827129
1.0,0.33333334,9.0,12.0,0.586374298827129
1.0,0.33333334,9.0,20.0,0.586374298827129
1.0,0.33333334,9.0,32.0,0.586374298827129
1.0,0.33333334,9.0,50.0,0.586374298827129
1.0,0.33333334,9.0,80.0,0.586374298827129
1.0,0.33333334,9.0,128.0,0.586374298827129
1.0,0.33333334,11.0,2.0,0.586374298827129
1.0,0.33333334,11.0,3.0,0.586374298827129
1.0,0.33333334,11.0,5.0,0.586374298827129
1.0,0.33333334,11.0,8.0,0.586374298827129
1.0,0.33333334,11.0,12.0,0.586374298827129
1.0,0.33333334,11.0,20.0,0.586374298827129
1.0,0.33333334,11.0,32.0,0.586374298827129
1.0,0.33333334,11.0,50.0,0.586374298827129
1.0,0.33333334,11.0,80.0,0.586374298827129
1.0,0.33333334,11.0,128.0,0.586374298827129
1.0,0.33333334,13.0,2.0,0.586374298827129
1.0,0.33333334,13.0,3.0,0.586374298827129
1.0,0.33333334,13.0,5.0,0.586374298827129
1.0,0.33333334,13.0,8.0,0.586374298827129
1.0,0.33333334,13.0,12.0,0.586374298827129
1.0,0.33333334,13.0,20.0,0.586374298827129
1.0,0.33333334,13.0,32.0,0.586374298827129
1.0,0.33333334,13.0,50.0,0.586374298827129
1.0,0.33333334,13.0,80.0,0.586374298827129
1.0,0.33333334,13.0,128.0,0.586374298827129
1.0,0.33333334,15.0,2.0,0.586374298827129
1.0,0.33333334,15.0,3.0,0.586374298827129
1.0,0.33333334,15.0,5.0,0.586374298827129
1.0,0.33333334,15.0,8.0,0.586374298827129
1.0,0.33333334,15.0,12.0,0.586374298827129
1.0,0.33333334,15.0,20.0,0.586374298827129
1.0,0.33333334,15.0,32.0,0.586374298827129
1.0,0.33333334,15.0,50.0,0.586374298827129
1.0,0.33333334,15.0,80.0,0.586374298827129
1.0,0.33333334,15.0,128.0,0.586374298827129
1.0,0.33333334,17.0,2.0,0.586374298827129
1.0,0.33333334,17.0,3.0,0.586374298827129
1.0,0.33333334,17.0,5.0,0.586374298827129
1.0,0.33333334,17.0,8.0,0.586374298827129
1.0,0.33333334,17.0,12.0,0.586374298827129
1.0,0.33333334,17.0,20.0,0.586374298827129
1.0,0.33333334,17.0,32.0,0.586374298827129
1.0,0.33333334,17.0,50.0,0.586374298827129
1.0,0.33333334,17.0,80.0,0.586374298827129
1.0,0.33333334,17.0,128.0,0.586374298827129
1.0,0.33333334,20.0,2.0,0.586394696583376
1.0,0.33333334,20.0,3.0,0.586394696583376
1.0,0.33333334,20.0,5.0,0.586394696583376
1.0,0.33333334,20.0,8.0,0.586394696583376
1.0,0.33333334,20.0,12.0,0.586394696583376
1.0,0.33333334,20.0,20.0,0.586394696583376
1.0,0.33333334,20.0,32.0,0.586394696583376
1.0,0.33333334,20.0,50.0,0.586394696583376
1.0,0.33333334,20.0,80.0,0.586394696583376
1.0,0.33333334,20.0,128.0,0.586394696583376
1.0,0.44444445,1.0,2.0,0.593513513513513
1.0,0.44444445,1.0,3.0,0.593513513513513
1.0,0.44444445,1.0,5.0,0.593513513513513
1.0,0.44444445,1.0,8.0,0.593513513513513
1.0,0.44444445,1.0,12.0,0.593513513513513
1.0,0.44444445,1.0,20.0,0.593513513513513
1.0,0.44444445,1.0,32.0,0.593513513513513
1.0,0.44444445,1.0,50.0,0.593513513513513
1.0,0.44444445,1.0,80.0,0.593513513513513
1.0,0.44444445,1.0,128.0,0.593513513513513
1.0,0.44444445,3.0,2.0,0.593513513513513
1.0,0.44444445,3.0,3.0,0.593513513513513
1.0,0.44444445,3.0,5.0,0.593513513513513
1.0,0.44444445,3.0,8.0,0.593513513513513
1.0,0.44444445,3.0,12.0,0.593513513513513
1.0,0.44444445,3.0,20.0,0.593513513513513
1.0,0.44444445,3.0,32.0,0.593513513513513
1.0,0.44444445,3.0,50.0,0.593513513513513
1.0,0.44444445,3.0,80.0,0.593513513513513
1.0,0.44444445,3.0,128.0,0.593513513513513
1.0,0.44444445,5.0,2.0,0.593513513513513
1.0,0.44444445,5.0,3.0,0.593513513513513
1.0,0.44444445,5.0,5.0,0.593513513513513
1.0,0.44444445,5.0,8.0,0.593513513513513
1.0,0.44444445,5.0,12.0,0.593513513513513
1.0,0.44444445,5.0,20.0,0.593513513513513
1.0,0.44444445,5.0,32.0,0.593513513513513
1.0,0.44444445,5.0,50.0,0.593513513513513
1.0,0.44444445,5.0,80.0,0.593513513513513
1.0,0.44444445,5.0,128.0,0.593513513513513
1.0,0.44444445,7.0,2.0,0.593513513513513
1.0,0.44444445,7.0,3.0,0.593513513513513
1.0,0.44444445,7.0,5.0,0.593513513513513
1.0,0.44444445,7.0,8.0,0.593513513513513
1.0,0.44444445,7.0,12.0,0.593513513513513
1.0,0.44444445,7.0,20.0,0.593513513513513
1.0,0.44444445,7.0,32.0,0.593513513513513
1.0,0.44444445,7.0,50.0,0.593513513513513
1.0,0.44444445,7.0,80.0,0.593513513513513
1.0,0.44444445,7.0,128.0,0.593513513513513
1.0,0.44444445,9.0,2.0,0.593513513513513
1.0,0.44444445,9.0,3.0,0.593513513513513
1.0,0.44444445,9.0,5.0,0.593513513513513
1.0,0.44444445,9.0,8.0,0.593513513513513
1.0,0.44444445,9.0,12.0,0.593513513513513
1.0,0.44444445,9.0,20.0,0.593513513513513
1.0,0.44444445,9.0,32.0,0.593513513513513
1.0,0.44444445,9.0,50.0,0.593513513513513
1.0,0.44444445,9.0,80.0,0.593513513513513
1.0,0.44444445,9.0,128.0,0.593513513513513
1.0,0.44444445,11.0,2.0,0.593513513513513
1.0,0.44444445,11.0,3.0,0.593513513513513
1.0,0.44444445,11.0,5.0,0.593513513513513
1.0,0.44444445,11.0,8.0,0.593513513513513
1.0,0.44444445,11.0,12.0,0.593513513513513
1.0,0.44444445,11.0,20.0,0.593513513513513
1.0,0.44444445,11.0,32.0,0.593513513513513
1.0,0.44444445,11.0,50.0,0.593513513513513
1.0,0.44444445,11.0,80.0,0.593513513513513
1.0,0.44444445,11.0,128.0,0.593513513513513
1.0,0.44444445,13.0,2.0,0.593513513513513
1.0,0.44444445,13.0,3.0,0.593513513513513
1.0,0.44444445,13.0,5.0,0.593513513513513
1.0,0.44444445,13.0,8.0,0.593513513513513
1.0,0.44444445,13.0,12.0,0.593513513513513
1.0,0.44444445,13.0,20.0,0.593513513513513
1.0,0.44444445,13.0,32.0,0.593513513513513
1.0,0.44444445,13.0,50.0,0.593513513513513
1.0,0.44444445,13.0,80.0,0.593513513513513
1.0,0.44444445,13.0,128.0,0.593513513513513
1.0,0.44444445,15.0,2.0,0.593513513513513
1.0,0.44444445,15.0,3.0,0.593513513513513
1.0,0.44444445,15.0,5.0,0.593513513513513
1.0,0.44444445,15.0,8.0,0.593513513513513
1.0,0.44444445,15.0,12.0,0.593513513513513
1.0,0.44444445,15.0,20.0,0.593513513513513
1.0,0.44444445,15.0,32.0,0.593513513513513
1.0,0.44444445,15.0,50.0,0.593513513513513
1.0,0.44444445,15.0,80.0,0.593513513513513
1.0,0.44444445,15.0,128.0,0.593513513513513
1.0,0.44444445,17.0,2.0,0.593513513513513
1.0,0.44444445,17.0,3.0,0.593513513513513
1.0,0.44444445,17.0,5.0,0.593513513513513
1.0,0.44444445,17.0,8.0,0.593513513513513
1.0,0.44444445,17.0,12.0,0.593513513513513
1.0,0.44444445,17.0,20.0,0.593513513513513
1.0,0.44444445,17.0,32.0,0.593513513513513
1.0,0.44444445,17.0,50.0,0.593513513513513
1.0,0.44444445,17.0,80.0,0.593513513513513
1.0,0.44444445,17.0,128.0,0.593513513513513
1.0,0.44444445,20.0,2.0,0.593513513513513
1.0,0.44444445,20.0,3.0,0.593513513513513
1.0,0.44444445,20.0,5.0,0.593513513513513
1.0,0.44444445,20.0,8.0,0.593513513513513
1.0,0.44444445,20.0,12.0,0.593513513513513
1.0,0.44444445,20.0,20.0,0.593513513513513
1.0,0.44444445,20.0,32.0,0.593513513513513
1.0,0.44444445,20.0,50.0,0.593513513513513
1.0,0.44444445,20.0,80.0,0.593513513513513
1.0,0.44444445,20.0,128.0,0.593513513513513
1.0,0.5555556,1.0,2.0,0.602141764405915
1.0,0.5555556,1.0,3.0,0.602141764405915
1.0,0.5555556,1.0,5.0,0.602141764405915
1.0,0.5555556,1.0,8.0,0.602141764405915
1.0,0.5555556,1.0,12.0,0.602141764405915
1.0,0.5555556,1.0,20.0,0.602141764405915
1.0,0.5555556,1.0,32.0,0.602141764405915
1.0,0.5555556,1.0,50.0,0.602141764405915
1.0,0.5555556,1.0,80.0,0.602141764405915
1.0,0.5555556,1.0,128.0,0.602141764405915
1.0,0.5555556,3.0,2.0,0.602141764405915
1.0,0.5555556,3.0,3.0,0.602141764405915
1.0,0.5555556,3.0,5.0,0.602141764405915
1.0,0.5555556,3.0,8.0,0.602141764405915
1.0,0.5555556,3.0,12.0,0.602141764405915
1.0,0.5555556,3.0,20.0,0.602141764405915
1.0,0.5555556,3.0,32.0,0.602141764405915
1.0,0.5555556,3.0,50.0,0.602141764405915
1.0,0.5555556,3.0,80.0,0.602141764405915
1.0,0.5555556,3.0,128.0,0.602141764405915
1.0,0.5555556,5.0,2.0,0.602141764405915
1.0,0.5555556,5.0,3.0,0.602141764405915
1.0,0.5555556,5.0,5.0,0.602141764405915
1.0,0.5555556,5.0,8.0,0.602141764405915
1.0,0.5555556,5.0,12.0,0.602141764405915
1.0,0.5555556,5.0,20.0,0.602141764405915
1.0,0.5555556,5.0,32.0,0.602141764405915
1.0,0.5555556,5.0,50.0,0.602141764405915
1.0,0.5555556,5.0,80.0,0.602141764405915
1.0,0.5555556,5.0,128.0,0.602141764405915
1.0,0.5555556,7.0,2.0,0.602141764405915
1.0,0.5555556,7.0,3.0,0.602141764405915
1.0,0.5555556,7.0,5.0,0.602141764405915
1.0,0.5555556,7.0,8.0,0.602141764405915
1.0,0.5555556,7.0,12.0,0.602141764405915
1.0,0.5555556,7.0,20.0,0.602141764405915
1.0,0.5555556,7.0,32.0,0.602141764405915
1.0,0.5555556,7.0,50.0,0.602141764405915
1.0,0.5555556,7.0,80.0,0.602141764405915
1.0,0.5555556,7.0,128.0,0.602141764405915
1.0,0.5555556,9.0,2.0,0.602141764405915
1.0,0.5555556,9.0,3.0,0.602141764405915
1.0,0.5555556,9.0,5.0,0.602141764405915
1.0,0.5555556,9.0,8.0,0.602141764405915
1.0,0.5555556,9.0,12.0,0.602141764405915
1.0,0.5555556,9.0,20.0,0.602141764405915
1.0,0.5555556,9.0,32.0,0.602141764405915
1.0,0.5555556,9.0,50.0,0.602141764405915
1.0,0.5555556,9.0,80.0,0.602141764405915
1.0,0.5555556,9.0,128.0,0.602141764405915
1.0,0.5555556,11.0,2.0,0.602141764405915
1.0,0.5555556,11.0,3.0,0.602141764405915
1.0,0.5555556,11.0,5.0,0.602141764405915
1.0,0.5555556,11.0,8.0,0.602141764405915
1.0,0.5555556,11.0,12.0,0.602141764405915
1.0,0.5555556,11.0,20.0,0.602141764405915
1.0,0.5555556,11.0,32.0,0.602141764405915
1.0,0.5555556,11.0,50.0,0.602141764405915
1.0,0.5555556,11.0,80.0,0.602141764405915
1.0,0.5555556,11.0,128.0,0.602141764405915
1.0,0.5555556,13.0,2.0,0.602141764405915
1.0,0.5555556,13.0,3.0,0.602141764405915
1.0,0.5555556,13.0,5.0,0.602141764405915
1.0,0.5555556,13.0,8.0,0.602141764405915
1.0,0.5555556,13.0,12.0,0.602141764405915
1.0,0.5555556,13.0,20.0,0.602141764405915
1.0,0.5555556,13.0,32.0,0.602141764405915
1.0,0.5555556,13.0,50.0,0.602141764405915
1.0,0.5555556,13.0,80.0,0.602141764405915
1.0,0.5555556,13.0,128.0,0.602141764405915
1.0,0.5555556,15.0,2.0,0.602141764405915
1.0,0.5555556,15.0,3.0,0.602141764405915
1.0,0.5555556,15.0,5.0,0.602141764405915
1.0,0.5555556,15.0,8.0,0.602141764405915
1.0,0.5555556,15.0,12.0,0.602141764405915
1.0,0.5555556,15.0,20.0,0.602141764405915
1.0,0.5555556,15.0,32.0,0.602141764405915
1.0,0.5555556,15.0,50.0,0.602141764405915
1.0,0.5555556,15.0,80.0,0.602141764405915
1.0,0.5555556,15.0,128.0,0.602141764405915
1.0,0.5555556,17.0,2.0,0.602141764405915
1.0,0.5555556,17.0,3.0,0.602141764405915
1.0,0.5555556,17.0,5.0,0.602141764405915
1.0,0.5555556,17.0,8.0,0.602141764405915
1.0,0.5555556,17.0,12.0,0.602141764405915
1.0,0.5555556,17.0,20.0,0.602141764405915
1.0,0.5555556,17.0,32.0,0.602141764405915
1.0,0.5555556,17.0,50.0,0.602141764405915
1.0,0.5555556,17.0,80.0,0.602141764405915
1.0,0.5555556,17.0,128.0,0.602141764405915
1.0,0.5555556,20.0,2.0,0.602141764405915
1.0,0.5555556,20.0,3.0,0.602141764405915
1.0,0.5555556,20.0,5.0,0.602141764405915
1.0,0.5555556,20.0,8.0,0.602141764405915
1.0,0.5555556,20.0,12.0,0.602141764405915
1.0,0.5555556,20.0,20.0,0.602141764405915
1.0,0.5555556,20.0,32.0,0.602141764405915
1.0,0.5555556,20.0,50.0,0.602141764405915
1.0,0.5555556,20.0,80.0,0.602141764405915
1.0,0.5555556,20.0,128.0,0.602141764405915
1.0,0.6666667,1.0,2.0,0.607159612442631
1.0,0.6666667,1.0,3.0,0.607159612442631
1.0,0.6666667,1.0,5.0,0.607159612442631
1.0,0.6666667,1.0,8.0,0.607159612442631
1.0,0.6666667,1.0,12.0,0.607159612442631
1.0,0.6666667,1.0,20.0,0.607159612442631
1.0,0.6666667,1.0,32.0,0.607159612442631
1.0,0.6666667,1.0,50.0,0.607159612442631
1.0,0.6666667,1.0,80.0,0.607159612442631
1.0,0.6666667,1.0,128.0,0.607159612442631
1.0,0.6666667,3.0,2.0,0.607159612442631
1.0,0.6666667,3.0,3.0,0.607159612442631
1.0,0.6666667,3.0,5.0,0.607159612442631
1.0,0.6666667,3.0,8.0,0.607159612442631
1.0,0.6666667,3.0,12.0,0.607159612442631
1.0,0.6666667,3.0,20.0,0.607159612442631
1.0,0.6666667,3.0,32.0,0.607159612442631
1.0,0.6666667,3.0,50.0,0.607159612442631
1.0,0.6666667,3.0,80.0,0.607159612442631
1.0,0.6666667,3.0,128.0,0.607159612442631
1.0,0.6666667,5.0,2.0,0.607159612442631
1.0,0.6666667,5.0,3.0,0.607159612442631
1.0,0.6666667,5.0,5.0,0.607159612442631
1.0,0.6666667,5.0,8.0,0.607159612442631
1.0,0.6666667,5.0,12.0,0.607159612442631
1.0,0.6666667,5.0,20.0,0.607159612442631
1.0,0.6666667,5.0,32.0,0.607159612442631
1.0,0.6666667,5.0,50.0,0.607159612442631
1.0,0.6666667,5.0,80.0,0.607159612442631
1.0,0.6666667,5.0,128.0,0.607159612442631
1.0,0.6666667,7.0,2.0,0.607159612442631
1.0,0.6666667,7.0,3.0,0.607159612442631
1.0,0.6666667,7.0,5.0,0.607159612442631
1.0,0.6666667,7.0,8.0,0.607159612442631
1.0,0.6666667,7.0,12.0,0.607159612442631
1.0,0.6666667,7.0,20.0,0.607159612442631
1.0,0.6666667,7.0,32.0,0.607159612442631
1.0,0.6666667,7.0,50.0,0.607159612442631
1.0,0.6666667,7.0,80.0,0.607159612442631
1.0,0.6666667,7.0,128.0,0.607159612442631
1.0,0.6666667,9.0,2.0,0.607159612442631
1.0,0.6666667,9.0,3.0,0.607159612442631
1.0,0.6666667,9.0,5.0,0.607159612442631
1.0,0.6666667,9.0,8.0,0.607159612442631
1.0,0.6666667,9.0,12.0,0.607159612442631
1.0,0.6666667,9.0,20.0,0.607159612442631
1.0,0.6666667,9.0,32.0,0.607159612442631
1.0,0.6666667,9.0,50.0,0.607159612442631
1.0,0.6666667,9.0,80.0,0.607159612442631
1.0,0.6666667,9.0,128.0,0.607159612442631
1.0,0.6666667,11.0,2.0,0.607159612442631
1.0,0.6666667,11.0,3.0,0.607159612442631
1.0,0.6666667,11.0,5.0,0.607159612442631
1.0,0.6666667,11.0,8.0,0.607159612442631
1.0,0.6666667,11.0,12.0,0.607159612442631
1.0,0.6666667,11.0,20.0,0.607159612442631
1.0,0.6666667,11.0,32.0,0.607159612442631
1.0,0.6666667,11.0,50.0,0.607159612442631
1.0,0.6666667,11.0,80.0,0.607159612442631
1.0,0.6666667,11.0,128.0,0.607159612442631
1.0,0.6666667,13.0,2.0,0.607159612442631
1.0,0.6666667,13.0,3.0,0.607159612442631
1.0,0.6666667,13.0,5.0,0.607159612442631
1.0,0.6666667,13.0,8.0,0.607159612442631
1.0,0.6666667,13.0,12.0,0.607159612442631
1.0,0.6666667,13.0,20.0,0.607159612442631
1.0,0.6666667,13.0,32.0,0.607159612442631
1.0,0.6666667,13.0,50.0,0.607159612442631
1.0,0.6666667,13.0,80.0,0.607159612442631
1.0,0.6666667,13.0,128.0,0.607159612442631
1.0,0.6666667,15.0,2.0,0.607159612442631
1.0,0.6666667,15.0,3.0,0.607159612442631
1.0,0.6666667,15.0,5.0,0.607159612442631
1.0,0.6666667,15.0,8.0,0.607159612442631
1.0,0.6666667,15.0,12.0,0.607159612442631
1.0,0.6666667,15.0,20.0,0.607159612442631
1.0,0.6666667,15.0,32.0,0.607159612442631
1.0,0.6666667,15.0,50.0,0.607159612442631
1.0,0.6666667,15.0,80.0,0.607159612442631
1.0,0.6666667,15.0,128.0,0.607159612442631
1.0,0.6666667,17.0,2.0,0.607159612442631
1.0,0.6666667,17.0,3.0,0.607159612442631
1.0,0.6666667,17.0,5.0,0.607159612442631
1.0,0.6666667,17.0,8.0,0.607159612442631
1.0,0.6666667,17.0,12.0,0.607159612442631
1.0,0.6666667,17.0,20.0,0.607159612442631
1.0,0.6666667,17.0,32.0,0.607159612442631
1.0,0.6666667,17.0,50.0,0.607159612442631
1.0,0.6666667,17.0,80.0,0.607159612442631
1.0,0.6666667,17.0,128.0,0.607159612442631
1.0,0.6666667,20.0,2.0,0.607159612442631
1.0,0.6666667,20.0,3.0,0.607159612442631
1.0,0.6666667,20.0,5.0,0.607159612442631
1.0,0.6666667,20.0,8.0,0.607159612442631
1.0,0.6666667,20.0,12.0,0.607159612442631
1.0,0.6666667,20.0,20.0,0.607159612442631
1.0,0.6666667,20.0,32.0,0.607159612442631
1.0,0.6666667,20.0,50.0,0.607159612442631
1.0,0.6666667,20.0,80.0,0.607159612442631
1.0,0.6666667,20.0,128.0,0.607159612442631
1.0,0.7777778,1.0,2.0,0.603549209586945
1.0,0.7777778,1.0,3.0,0.603549209586945
1.0,0.7777778,1.0,5.0,0.603549209586945
1.0,0.7777778,1.0,8.0,0.603549209586945
1.0,0.7777778,1.0,12.0,0.603549209586945
1.0,0.7777778,1.0,20.0,0.603549209586945
1.0,0.7777778,1.0,32.0,0.603549209586945
1.0,0.7777778,1.0,50.0,0.603549209586945
1.0,0.7777778,1.0,80.0,0.603549209586945
1.0,0.7777778,1.0,128.0,0.603549209586945
1.0,0.7777778,3.0,2.0,0.603549209586945
1.0,0.7777778,3.0,3.0,0.603549209586945
1.0,0.7777778,3.0,5.0,0.603549209586945
1.0,0.7777778,3.0,8.0,0.603549209586945
1.0,0.7777778,3.0,12.0,0.603549209586945
1.0,0.7777778,3.0,20.0,0.603549209586945
1.0,0.7777778,3.0,32.0,0.603549209586945
1.0,0.7777778,3.0,50.0,0.603549209586945
1.0,0.7777778,3.0,80.0,0.603549209586945
1.0,0.7777778,3.0,128.0,0.603549209586945
1.0,0.7777778,5.0,2.0,0.603549209586945
1.0,0.7777778,5.0,3.0,0.603549209586945
1.0,0.7777778,5.0,5.0,0.603549209586945
1.0,0.7777778,5.0,8.0,0.603549209586945
1.0,0.7777778,5.0,12.0,0.603549209586945
1.0,0.7777778,5.0,20.0,0.603549209586945
1.0,0.7777778,5.0,32.0,0.603549209586945
1.0,0.7777778,5.0,50.0,0.603549209586945
1.0,0.7777778,5.0,80.0,0.603549209586945
1.0,0.7777778,5.0,128.0,0.603549209586945
1.0,0.7777778,7.0,2.0,0.603549209586945
1.0,0.7777778,7.0,3.0,0.603549209586945
1.0,0.7777778,7.0,5.0,0.603549209586945
1.0,0.7777778,7.0,8.0,0.603549209586945
1.0,0.7777778,7.0,12.0,0.603549209586945
1.0,0.7777778,7.0,20.0,0.603549209586945
1.0,0.7777778,7.0,32.0,0.603549209586945
1.0,0.7777778,7.0,50.0,0.603549209586945
1.0,0.7777778,7.0,80.0,0.603549209586945
1.0,0.7777778,7.0,128.0,0.603549209586945
1.0,0.7777778,9.0,2.0,0.603549209586945
1.0,0.7777778,9.0,3.0,0.603549209586945
1.0,0.7777778,9.0,5.0,0.603549209586945
1.0,0.7777778,9.0,8.0,0.603549209586945
1.0,0.7777778,9.0,12.0,0.603549209586945
1.0,0.7777778,9.0,20.0,0.603549209586945
1.0,0.7777778,9.0,32.0,0.603549209586945
1.0,0.7777778,9.0,50.0,0.603549209586945
1.0,0.7777778,9.0,80.0,0.603549209586945
1.0,0.7777778,9.0,128.0,0.603549209586945
1.0,0.7777778,11.0,2.0,0.603549209586945
1.0,0.7777778,11.0,3.0,0.603549209586945
1.0,0.7777778,11.0,5.0,0.603549209586945
1.0,0.7777778,11.0,8.0,0.603549209586945
1.0,0.7777778,11.0,12.0,0.603549209586945
1.0,0.7777778,11.0,20.0,0.603549209586945
1.0,0.7777778,11.0,32.0,0.603549209586945
1.0,0.7777778,11.0,50.0,0.603549209586945
1.0,0.7777778,11.0,80.0,0.603549209586945
1.0,0.7777778,11.0,128.0,0.603549209586945
1.0,0.7777778,13.0,2.0,0.603549209586945
1.0,0.7777778,13.0,3.0,0.603549209586945
1.0,0.7777778,13.0,5.0,0.603549209586945
1.0,0.7777778,13.0,8.0,0.603549209586945
1.0,0.7777778,13.0,12.0,0.603549209586945
1.0,0.7777778,13.0,20.0,0.603549209586945
1.0,0.7777778,13.0,32.0,0.603549209586945
1.0,0.7777778,13.0,50.0,0.603549209586945
1.0,0.7777778,13.0,80.0,0.603549209586945
1.0,0.7777778,13.0,128.0,0.603549209586945
1.0,0.7777778,15.0,2.0,0.603549209586945
1.0,0.7777778,15.0,3.0,0.603549209586945
1.0,0.7777778,15.0,5.0,0.603549209586945
1.0,0.7777778,15.0,8.0,0.603549209586945
1.0,0.7777778,15.0,12.0,0.603549209586945
1.0,0.7777778,15.0,20.0,0.603549209586945
1.0,0.7777778,15.0,32.0,0.603549209586945
1.0,0.7777778,15.0,50.0,0.603549209586945
1.0,0.7777778,15.0,80.0,0.603549209586945
1.0,0.7777778,15.0,128.0,0.603549209586945
1.0,0.7777778,17.0,2.0,0.603549209586945
1.0,0.7777778,17.0,3.0,0.603549209586945
1.0,0.7777778,17.0,5.0,0.603549209586945
1.0,0.7777778,17.0,8.0,0.603549209586945
1.0,0.7777778,17.0,12.0,0.603549209586945
1.0,0.7777778,17.0,20.0,0.603549209586945
1.0,0.7777778,17.0,32.0,0.603549209586945
1.0,0.7777778,17.0,50.0,0.603549209586945
1.0,0.7777778,17.0,80.0,0.603549209586945
1.0,0.7777778,17.0,128.0,0.603549209586945
1.0,0.7777778,20.0,2.0,0.603549209586945
1.0,0.7777778,20.0,3.0,0.603549209586945
1.0,0.7777778,20.0,5.0,0.603549209586945
1.0,0.7777778,20.0,8.0,0.603549209586945
1.0,0.7777778,20.0,12.0,0.603549209586945
1.0,0.7777778,20.0,20.0,0.603549209586945
1.0,0.7777778,20.0,32.0,0.603549209586945
1.0,0.7777778,20.0,50.0,0.603549209586945
1.0,0.7777778,20.0,80.0,0.603549209586945
1.0,0.7777778,20.0,128.0,0.603549209586945
1.0,0.8888889,1.0,2.0,0.603549209586945
1.0,0.8888889,1.0,3.0,0.603549209586945
1.0,0.8888889,1.0,5.0,0.603549209586945
1.0,0.8888889,1.0,8.0,0.603549209586945
1.0,0.8888889,1.0,12.0,0.603549209586945
1.0,0.8888889,1.0,20.0,0.603549209586945
1.0,0.8888889,1.0,32.0,0.603549209586945
1.0,0.8888889,1.0,50.0,0.603549209586945
1.0,0.8888889,1.0,80.0,0.603549209586945
1.0,0.8888889,1.0,128.0,0.603549209586945
1.0,0.8888889,3.0,2.0,0.603549209586945
1.0,0.8888889,3.0,3.0,0.603549209586945
1.0,0.8888889,3.0,5.0,0.603549209586945
1.0,0.8888889,3.0,8.0,0.603549209586945
1.0,0.8888889,3.0,12.0,0.603549209586945
1.0,0.8888889,3.0,20.0,0.603549209586945
1.0,0.8888889,3.0,32.0,0.603549209586945
1.0,0.8888889,3.0,50.0,0.603549209586945
1.0,0.8888889,3.0,80.0,0.603549209586945
1.0,0.8888889,3.0,128.0,0.603549209586945
1.0,0.8888889,5.0,2.0,0.603549209586945
1.0,0.8888889,5.0,3.0,0.603549209586945
1.0,0.8888889,5.0,5.0,0.603549209586945
1.0,0.8888889,5.0,8.0,0.603549209586945
1.0,0.8888889,5.0,12.0,0.603549209586945
1.0,0.8888889,5.0,20.0,0.603549209586945
1.0,0.8888889,5.0,32.0,0.603549209586945
1.0,0.8888889,5.0,50.0,0.603549209586945
1.0,0.8888889,5.0,80.0,0.603549209586945
1.0,0.8888889,5.0,128.0,0.603549209586945
1.0,0.8888889,7.0,2.0,0.603549209586945
1.0,0.8888889,7.0,3.0,0.603549209586945
1.0,0.8888889,7.0,5.0,0.603549209586945
1.0,0.8888889,7.0,8.0,0.603549209586945
1.0,0.8888889,7.0,12.0,0.603549209586945
1.0,0.8888889,7.0,20.0,0.603549209586945
1.0,0.8888889,7.0,32.0,0.603549209586945
1.0,0.8888889,7.0,50.0,0.603549209586945
1.0,0.8888889,7.0,80.0,0.603549209586945
1.0,0.8888889,7.0,128.0,0.603549209586945
1.0,0.8888889,9.0,2.0,0.603549209586945
1.0,0.8888889,9.0,3.0,0.603549209586945
1.0,0.8888889,9.0,5.0,0.603549209586945
1.0,0.8888889,9.0,8.0,0.603549209586945
1.0,0.8888889,9.0,12.0,0.603549209586945
1.0,0.8888889,9.0,20.0,0.603549209586945
1.0,0.8888889,9.0,32.0,0.603549209586945
1.0,0.8888889,9.0,50.0,0.603549209586945
1.0,0.8888889,9.0,80.0,0.603549209586945
1.0,0.8888889,9.0,128.0,0.603549209586945
1.0,0.8888889,11.0,2.0,0.603549209586945
1.0,0.8888889,11.0,3.0,0.603549209586945
1.0,0.8888889,11.0,5.0,0.603549209586945
1.0,0.8888889,11.0,8.0,0.603549209586945
1.0,0.8888889,11.0,12.0,0.603549209586945
1.0,0.8888889,11.0,20.0,0.603549209586945
1.0,0.8888889,11.0,32.0,0.603549209586945
1.0,0.8888889,11.0,50.0,0.603549209586945
1.0,0.8888889,11.0,80.0,0.603549209586945
1.0,0.8888889,11.0,128.0,0.603549209586945
1.0,0.8888889,13.0,2.0,0.603549209586945
1.0,0.8888889,13.0,3.0,0.603549209586945
1.0,0.8888889,13.0,5.0,0.603549209586945
1.0,0.8888889,13.0,8.0,0.603549209586945
1.0,0.8888889,13.0,12.0,0.603549209586945
1.0,0.8888889,13.0,20.0,0.603549209586945
1.0,0.8888889,13.0,32.0,0.603549209586945
1.0,0.8888889,13.0,50.0,0.603549209586945
1.0,0.8888889,13.0,80.0,0.603549209586945
1.0,0.8888889,13.0,128.0,0.603549209586945
1.0,0.8888889,15.0,2.0,0.603549209586945
1.0,0.8888889,15.0,3.0,0.603549209586945
1.0,0.8888889,15.0,5.0,0.603549209586945
1.0,0.8888889,15.0,8.0,0.603549209586945
1.0,0.8888889,15.0,12.0,0.603549209586945
1.0,0.8888889,15.0,20.0,0.603549209586945
1.0,0.8888889,15.0,32.0,0.603549209586945
1.0,0.8888889,15.0,50.0,0.603549209586945
1.0,0.8888889,15.0,80.0,0.603549209586945
1.0,0.8888889,15.0,128.0,0.603549209586945
1.0,0.8888889,17.0,2.0,0.603549209586945
1.0,0.8888889,17.0,3.0,0.603549209586945
1.0,0.8888889,17.0,5.0,0.603549209586945
1.0,0.8888889,17.0,8.0,0.603549209586945
1.0,0.8888889,17.0,12.0,0.603549209586945
1.0,0.8888889,17.0,20.0,0.603549209586945
1.0,0.8888889,17.0,32.0,0.603549209586945
1.0,0.8888889,17.0,50.0,0.603549209586945
1.0,0.8888889,17.0,80.0,0.603549209586945
1.0,0.8888889,17.0,128.0,0.603549209586945
1.0,0.8888889,20.0,2.0,0.603549209586945
1.0,0.8888889,20.0,3.0,0.603549209586945
1.0,0.8888889,20.0,5.0,0.603549209586945
1.0,0.8888889,20.0,8.0,0.603549209586945
1.0,0.8888889,20.0,12.0,0.603549209586945
1.0,0.8888889,20.0,20.0,0.603549209586945
1.0,0.8888889,20.0,32.0,0.603549209586945
1.0,0.8888889,20.0,50.0,0.603549209586945
1.0,0.8888889,20.0,80.0,0.603549209586945
1.0,0.8888889,20.0,128.0,0.603549209586945
1.0,1.0,1.0,2.0,0.603528811830699
1.0,1.0,1.0,3.0,0.603528811830699
1.0,1.0,1.0,5.0,0.603528811830699
1.0,1.0,1.0,8.0,0.603528811830699
1.0,1.0,1.0,12.0,0.603528811830699
1.0,1.0,1.0,20.0,0.603528811830699
1.0,1.0,1.0,32.0,0.603528811830699
1.0,1.0,1.0,50.0,0.603528811830699
1.0,1.0,1.0,80.0,0.603528811830699
1.0,1.0,1.0,128.0,0.603528811830699
1.0,1.0,3.0,2.0,0.603528811830699
1.0,1.0,3.0,3.0,0.603528811830699
1.0,1.0,3.0,5.0,0.603528811830699
1.0,1.0,3.0,8.0,0.603528811830699
1.0,1.0,3.0,12.0,0.603528811830699
1.0,1.0,3.0,20.0,0.603528811830699
1.0,1.0,3.0,32.0,0.603528811830699
1.0,1.0,3.0,50.0,0.603528811830699
1.0,1.0,3.0,80.0,0.603528811830699
1.0,1.0,3.0,128.0,0.603528811830699
1.0,1.0,5.0,2.0,0.603528811830699
1.0,1.0,5.0,3.0,0.603528811830699
1.0,1.0,5.0,5.0,0.603528811830699
1.0,1.0,5.0,8.0,0.603528811830699
1.0,1.0,5.0,12.0,0.603528811830699
1.0,1.0,5.0,20.0,0.603528811830699
1.0,1.0,5.0,32.0,0.603528811830699
1.0,1.0,5.0,50.0,0.603528811830699
1.0,1.0,5.0,80.0,0.603528811830699
1.0,1.0,5.0,128.0,0.603528811830699
1.0,1.0,7.0,2.0,0.603528811830699
1.0,1.0,7.0,3.0,0.603528811830699
1.0,1.0,7.0,5.0,0.603528811830699
1.0,1.0,7.0,8.0,0.603528811830699
1.0,1.0,7.0,12.0,0.603528811830699
1.0,1.0,7.0,20.0,0.603528811830699
1.0,1.0,7.0,32.0,0.603528811830699
1.0,1.0,7.0,50.0,0.603528811830699
1.0,1.0,7.0,80.0,0.603528811830699
1.0,1.0,7.0,128.0,0.603528811830699
1.0,1.0,9.0,2.0,0.603528811830699
1.0,1.0,9.0,3.0,0.603528811830699
1.0,1.0,9.0,5.0,0.603528811830699
1.0,1.0,9.0,8.0,0.603528811830699
1.0,1.0,9.0,12.0,0.603528811830699
1.0,1.0,9.0,20.0,0.603528811830699
1.0,1.0,9.0,32.0,0.603528811830699
1.0,1.0,9.0,50.0,0.603528811830699
1.0,1.0,9.0,80.0,0.603528811830699
1.0,1.0,9.0,128.0,0.603528811830699
1.0,1.0,11.0,2.0,0.603528811830699
1.0,1.0,11.0,3.0,0.603528811830699
1.0,1.0,11.0,5.0,0.603528811830699
1.0,1.0,11.0,8.0,0.603528811830699
1.0,1.0,11.0,12.0,0.603528811830699
1.0,1.0,11.0,20.0,0.603528811830699
1.0,1.0,11.0,32.0,0.603528811830699
1.0,1.0,11.0,50.0,0.603528811830699
1.0,1.0,11.0,80.0,0.603528811830699
1.0,1.0,11.0,128.0,0.603528811830699
1.0,1.0,13.0,2.0,0.603528811830699
1.0,1.0,13.0,3.0,0.603528811830699
1.0,1.0,13.0,5.0,0.603528811830699
1.0,1.0,13.0,8.0,0.603528811830699
1.0,1.0,13.0,12.0,0.603528811830699
1.0,1.0,13.0,20.0,0.603528811830699
1.0,1.0,13.0,32.0,0.603528811830699
1.0,1.0,13.0,50.0,0.603528811830699
1.0,1.0,13.0,80.0,0.603528811830699
1.0,1.0,13.0,128.0,0.603528811830699
1.0,1.0,15.0,2.0,0.603528811830699
1.0,1.0,15.0,3.0,0.603528811830699
1.0,1.0,15.0,5.0,0.603528811830699
1.0,1.0,15.0,8.0,0.603528811830699
1.0,1.0,15.0,12.0,0.603528811830699
1.0,1.0,15.0,20.0,0.603528811830699
1.0,1.0,15.0,32.0,0.603528811830699
1.0,1.0,15.0,50.0,0.603528811830699
1.0,1.0,15.0,80.0,0.603528811830699
1.0,1.0,15.0,128.0,0.603528811830699
1.0,1.0,17.0,2.0,0.603528811830699
1.0,1.0,17.0,3.0,0.603528811830699
1.0,1.0,17.0,5.0,0.603528811830699
1.0,1.0,17.0,8.0,0.603528811830699
1.0,1.0,17.0,12.0,0.603528811830699
1.0,1.0,17.0,20.0,0.603528811830699
1.0,1.0,17.0,32.0,0.603528811830699
1.0,1.0,17.0,50.0,0.603528811830699
1.0,1.0,17.0,80.0,0.603528811830699
1.0,1.0,17.0,128.0,0.603528811830699
1.0,1.0,20.0,2.0,0.603528811830699
1.0,1.0,20.0,3.0,0.603528811830699
1.0,1.0,20.0,5.0,0.603528811830699
1.0,1.0,20.0,8.0,0.603528811830699
1.0,1.0,20.0,12.0,0.603528811830699
1.0,1.0,20.0,20.0,0.603528811830699
1.0,1.0,20.0,32.0,0.603528811830699
1.0,1.0,20.0,50.0,0.603528811830699
1.0,1.0,20.0,80.0,0.603528811830699
1.0,1.0,20.0,128.0,0.603528811830699
2.0,0.0,1.0,2.0,0.561387047424783
2.0,0.0,1.0,3.0,0.561387047424783
2.0,0.0,1.0,5.0,0.561387047424783
2.0,0.0,1.0,8.0,0.561387047424783
2.0,0.0,1.0,12.0,0.561489036206017
2.0,0.0,1.0,20.0,0.561468638449771
2.0,0.0,1.0,32.0,0.560979092299847
2.0,0.0,1.0,50.0,0.560999490056094
2.0,0.0,1.0,80.0,0.560673125956145
2.0,0.0,1.0,128.0,0.560836308006119
2.0,0.0,3.0,2.0,0.561387047424783
2.0,0.0,3.0,3.0,0.561387047424783
2.0,0.0,3.0,5.0,0.561387047424783
2.0,0.0,3.0,8.0,0.561387047424783
2.0,0.0,3.0,12.0,0.561489036206017
2.0,0.0,3.0,20.0,0.561468638449771
2.0,0.0,3.0,32.0,0.560999490056094
2.0,0.0,3.0,50.0,0.560999490056094
2.0,0.0,3.0,80.0,0.560673125956145
2.0,0.0,3.0,128.0,0.560795512493626
2.0,0.0,5.0,2.0,0.561387047424783
2.0,0.0,5.0,3.0,0.561387047424783
2.0,0.0,5.0,5.0,0.561387047424783
2.0,0.0,5.0,8.0,0.561387047424783
2.0,0.0,5.0,12.0,0.561468638449771
2.0,0.0,5.0,20.0,0.561468638449771
2.0,0.0,5.0,32.0,0.560917899031107
2.0,0.0,5.0,50.0,0.560856705762366
2.0,0.0,5.0,80.0,0.560591534931158
2.0,0.0,5.0,128.0,0.560754716981132
2.0,0.0,7.0,2.0,0.561693013768485
2.0,0.0,7.0,3.0,0.561693013768485
2.0,0.0,7.0,5.0,0.561693013768485
2.0,0.0,7.0,8.0,0.561693013768485
2.0,0.0,7.0,12.0,0.561693013768485
2.0,0.0,7.0,20.0,0.56140744518103
2.0,0.0,7.0,32.0,0.560917899031107
2.0,0.0,7.0,50.0,0.560856705762366
2.0,0.0,7.0,80.0,0.560591534931158
2.0,0.0,7.0,128.0,0.560754716981132
2.0,0.0,9.0,2.0,0.561570627231005
2.0,0.0,9.0,3.0,0.561570627231005
2.0,0.0,9.0,5.0,0.561570627231005
2.0,0.0,9.0,8.0,0.561570627231005
2.0,0.0,9.0,12.0,0.561570627231005
2.0,0.0,9.0,20.0,0.561223865374809
2.0,0.0,9.0,32.0,0.560856705762366
2.0,0.0,9.0,50.0,0.560795512493626
2.0,0.0,9.0,80.0,0.56044875063743
2.0,0.0,9.0,128.0,0.560713921468638
2.0,0.0,11.0,2.0,0.561203467618562
2.0,0.0,11.0,3.0,0.561203467618562
2.0,0.0,11.0,5.0,0.561203467618562
2.0,0.0,11.0,8.0,0.561203467618562
2.0,0.0,11.0,12.0,0.561203467618562
2.0,0.0,11.0,20.0,0.561203467618562
2.0,0.0,11.0,32.0,0.560815910249873
2.0,0.0,11.0,50.0,0.560775114737379
2.0,0.0,11.0,80.0,0.560530341662417
2.0,0.0,11.0,128.0,0.560754716981132
2.0,0.0,13.0,2.0,0.561285058643549
2.0,0.0,13.0,3.0,0.561285058643549
2.0,0.0,13.0,5.0,0.561285058643549
2.0,0.0,13.0,8.0,0.561285058643549
2.0,0.0,13.0,12.0,0.561285058643549
2.0,0.0,13.0,20.0,0.561285058643549
2.0,0.0,13.0,32.0,0.560754716981132
2.0,0.0,13.0,50.0,0.560734319224885
2.0,0.0,13.0,80.0,0.560611932687404
2.0,0.0,13.0,128.0,0.560775114737379
2.0,0.0,15.0,2.0,0.560734319224885
2.0,0.0,15.0,3.0,0.560734319224885
2.0,0.0,15.0,5.0,0.560734319224885
2.0,0.0,15.0,8.0,0.560734319224885
2.0,0.0,15.0,12.0,0.560734319224885
2.0,0.0,15.0,20.0,0.560734319224885
2.0,0.0,15.0,32.0,0.561040285568587
2.0,0.0,15.0,50.0,0.5609586945436
2.0,0.0,15.0,80.0,0.560775114737379
2.0,0.0,15.0,128.0,0.560856705762366
2.0,0.0,17.0,2.0,0.560999490056094
2.0,0.0,17.0,3.0,0.560999490056094
2.0,0.0,17.0,5.0,0.560999490056094
2.0,0.0,17.0,8.0,0.560999490056094
2.0,0.0,17.0,12.0,0.560999490056094
2.0,0.0,17.0,20.0,0.560999490056094
2.0,0.0,17.0,32.0,0.560999490056094
2.0,0.0,17.0,50.0,0.560938296787353
2.0,0.0,17.0,80.0,0.560734319224885
2.0,0.0,17.0,128.0,0.560836308006119
2.0,0.0,20.0,2.0,0.561101478837328
2.0,0.0,20.0,3.0,0.561101478837328
2.0,0.0,20.0,5.0,0.561101478837328
2.0,0.0,20.0,8.0,0.561101478837328
2.0,0.0,20.0,12.0,0.561101478837328
2.0,0.0,20.0,20.0,0.561101478837328
2.0,0.0,20.0,32.0,0.561101478837328
2.0,0.0,20.0,50.0,0.561040285568587
2.0,0.0,20.0,80.0,0.560795512493626
2.0,0.0,20.0,128.0,0.561060683324834
2.0,0.11111111,1.0,2.0,0.561387047424783
2.0,0.11111111,1.0,3.0,0.561387047424783
2.0,0.11111111,1.0,5.0,0.561387047424783
2.0,0.11111111,1.0,8.0,0.561387047424783
2.0,0.11111111,1.0,12.0,0.561489036206017
2.0,0.11111111,1.0,20.0,0.561468638449771
2.0,0.11111111,1.0,32.0,0.560979092299847
2.0,0.11111111,1.0,50.0,0.560999490056094
2.0,0.11111111,1.0,80.0,0.560673125956145
2.0,0.11111111,1.0,128.0,0.560836308006119
2.0,0.11111111,3.0,2.0,0.561387047424783
2.0,0.11111111,3.0,3.0,0.561387047424783
2.0,0.11111111,3.0,5.0,0.561387047424783
2.0,0.11111111,3.0,8.0,0.561387047424783
2.0,0.11111111,3.0,12.0,0.561489036206017
2.0,0.11111111,3.0,20.0,0.561468638449771
2.0,0.11111111,3.0,32.0,0.560999490056094
2.0,0.11111111,3.0,50.0,0.560999490056094
2.0,0.11111111,3.0,80.0,0.560673125956145
2.0,0.11111111,3.0,128.0,0.560795512493626
2.0,0.11111111,5.0,2.0,0.561387047424783
2.0,0.11111111,5.0,3.0,0.561387047424783
2.0,0.11111111,5.0,5.0,0.561387047424783
2.0,0.11111111,5.0,8.0,0.561387047424783
2.0,0.11111111,5.0,12.0,0.561468638449771
2.0,0.11111111,5.0,20.0,0.561468638449771
2.0,0.11111111,5.0,32.0,0.560917899031107
2.0,0.11111111,5.0,50.0,0.560856705762366
2.0,0.11111111,5.0,80.0,0.560591534931158
2.0,0.11111111,5.0,128.0,0.560754716981132
2.0,0.11111111,7.0,2.0,0.561693013768485
2.0,0.11111111,7.0,3.0,0.561693013768485
2.0,0.11111111,7.0,5.0,0.561693013768485
2.0,0.11111111,7.0,8.0,0.561693013768485
2.0,0.11111111,7.0,12.0,0.561693013768485
2.0,0.11111111,7.0,20.0,0.56140744518103
2.0,0.11111111,7.0,32.0,0.560917899031107
2.0,0.11111111,7.0,50.0,0.560856705762366
2.0,0.11111111,7.0,80.0,0.560591534931158
2.0,0.11111111,7.0,128.0,0.560754716981132
2.0,0.11111111,9.0,2.0,0.561570627231005
2.0,0.11111111,9.0,3.0,0.561570627231005
2.0,0.11111111,9.0,5.0,0.561570627231005
2.0,0.11111111,9.0,8.0,0.561570627231005
2.0,0.11111111,9.0,12.0,0.561570627231005
2.0,0.11111111,9.0,20.0,0.561223865374809
2.0,0.11111111,9.0,32.0,0.560856705762366
2.0,0.11111111,9.0,50.0,0.560795512493626
2.0,0.11111111,9.0,80.0,0.56044875063743
2.0,0.11111111,9.0,128.0,0.560713921468638
2.0,0.11111111,11.0,2.0,0.561203467618562
2.0,0.11111111,11.0,3.0,0.561203467618562
2.0,0.11111111,11.0,5.0,0.561203467618562
2.0,0.11111111,11.0,8.0,0.561203467618562
2.0,0.11111111,11.0,12.0,0.561203467618562
2.0,0.11111111,11.0,20.0,0.561203467618562
2.0,0.11111111,11.0,32.0,0.560815910249873
2.0,0.11111111,11.0,50.0,0.560775114737379
2.0,0.11111111,11.0,80.0,0.560530341662417
2.0,0.11111111,11.0,128.0,0.560754716981132
2.0,0.11111111,13.0,2.0,0.561285058643549
2.0,0.11111111,13.0,3.0,0.561285058643549
2.0,0.11111111,13.0,5.0,0.561285058643549
2.0,0.11111111,13.0,8.0,0.561285058643549
2.0,0.11111111,13.0,12.0,0.561285058643549
2.0,0.11111111,13.0,20.0,0.561285058643549
2.0,0.11111111,13.0,32.0,0.560754716981132
2.0,0.11111111,13.0,50.0,0.560734319224885
2.0,0.11111111,13.0,80.0,0.560611932687404
2.0,0.11111111,13.0,128.0,0.560775114737379
2.0,0.11111111,15.0,2.0,0.560734319224885
2.0,0.11111111,15.0,3.0,0.560734319224885
2.0,0.11111111,15.0,5.0,0.560734319224885
2.0,0.11111111,15.0,8.0,0.560734319224885
2.0,0.11111111,15.0,12.0,0.560734319224885
2.0,0.11111111,15.0,20.0,0.560734319224885
2.0,0.11111111,15.0,32.0,0.561040285568587
2.0,0.11111111,15.0,50.0,0.5609586945436
2.0,0.11111111,15.0,80.0,0.560775114737379
2.0,0.11111111,15.0,128.0,0.560856705762366
2.0,0.11111111,17.0,2.0,0.560999490056094
2.0,0.11111111,17.0,3.0,0.560999490056094
2.0,0.11111111,17.0,5.0,0.560999490056094
2.0,0.11111111,17.0,8.0,0.560999490056094
2.0,0.11111111,17.0,12.0,0.560999490056094
2.0,0.11111111,17.0,20.0,0.560999490056094
2.0,0.11111111,17.0,32.0,0.560999490056094
2.0,0.11111111,17.0,50.0,0.560938296787353
2.0,0.11111111,17.0,80.0,0.560734319224885
2.0,0.11111111,17.0,128.0,0.560836308006119
2.0,0.11111111,20.0,2.0,0.561101478837328
2.0,0.11111111,20.0,3.0,0.561101478837328
2.0,0.11111111,20.0,5.0,0.561101478837328
2.0,0.11111111,20.0,8.0,0.561101478837328
2.0,0.11111111,20.0,12.0,0.561101478837328
2.0,0.11111111,20.0,20.0,0.561101478837328
2.0,0.11111111,20.0,32.0,0.561101478837328
2.0,0.11111111,20.0,50.0,0.561040285568587
2.0,0.11111111,20.0,80.0,0.560795512493626
2.0,0.11111111,20.0,128.0,0.561060683324834
2.0,0.22222222,1.0,2.0,0.601162672106068
2.0,0.22222222,1.0,3.0,0.601162672106068
2.0,0.22222222,1.0,5.0,0.601162672106068
2.0,0.22222222,1.0,8.0,0.601162672106068
2.0,0.22222222,1.0,12.0,0.601060683324834
2.0,0.22222222,1.0,20.0,0.601121876593575
2.0,0.22222222,1.0,32.0,0.601081081081081
2.0,0.22222222,1.0,50.0,0.601081081081081
2.0,0.22222222,1.0,80.0,0.601162672106068
2.0,0.22222222,1.0,128.0,0.601142274349822
2.0,0.22222222,3.0,2.0,0.601162672106068
2.0,0.22222222,3.0,3.0,0.601162672106068
2.0,0.22222222,3.0,5.0,0.601162672106068
2.0,0.22222222,3.0,8.0,0.601162672106068
2.0,0.22222222,3.0,12.0,0.601060683324834
2.0,0.22222222,3.0,20.0,0.601121876593575
2.0,0.22222222,3.0,32.0,0.601081081081081
2.0,0.22222222,3.0,50.0,0.601081081081081
2.0,0.22222222,3.0,80.0,0.601162672106068
2.0,0.22222222,3.0,128.0,0.601142274349822
2.0,0.22222222,5.0,2.0,0.601162672106068
2.0,0.22222222,5.0,3.0,0.601162672106068
2.0,0.22222222,5.0,5.0,0.601162672106068
2.0,0.22222222,5.0,8.0,0.601162672106068
2.0,0.22222222,5.0,12.0,0.601081081081081
2.0,0.22222222,5.0,20.0,0.601142274349822
2.0,0.22222222,5.0,32.0,0.601101478837328
2.0,0.22222222,5.0,50.0,0.601101478837328
2.0,0.22222222,5.0,80.0,0.601162672106068
2.0,0.22222222,5.0,128.0,0.601121876593575
2.0,0.22222222,7.0,2.0,0.601121876593575
2.0,0.22222222,7.0,3.0,0.601121876593575
2.0,0.22222222,7.0,5.0,0.601121876593575
2.0,0.22222222,7.0,8.0,0.601121876593575
2.0,0.22222222,7.0,12.0,0.601121876593575
2.0,0.22222222,7.0,20.0,0.601142274349822
2.0,0.22222222,7.0,32.0,0.601081081081081
2.0,0.22222222,7.0,50.0,0.601081081081081
2.0,0.22222222,7.0,80.0,0.601162672106068
2.0,0.22222222,7.0,128.0,0.601121876593575
2.0,0.22222222,9.0,2.0,0.601162672106068
2.0,0.22222222,9.0,3.0,0.601162672106068
2.0,0.22222222,9.0,5.0,0.601162672106068
2.0,0.22222222,9.0,8.0,0.601162672106068
2.0,0.22222222,9.0,12.0,0.601162672106068
2.0,0.22222222,9.0,20.0,0.601162672106068
2.0,0.22222222,9.0,32.0,0.601121876593575
2.0,0.22222222,9.0,50.0,0.601121876593575
2.0,0.22222222,9.0,80.0,0.601203467618562
2.0,0.22222222,9.0,128.0,0.601183069862315
2.0,0.22222222,11.0,2.0,0.601203467618562
2.0,0.22222222,11.0,3.0,0.601203467618562
2.0,0.22222222,11.0,5.0,0.601203467618562
2.0,0.22222222,11.0,8.0,0.601203467618562
2.0,0.22222222,11.0,12.0,0.601203467618562
2.0,0.22222222,11.0,20.0,0.601203467618562
2.0,0.22222222,11.0,32.0,0.601162672106068
2.0,0.22222222,11.0,50.0,0.601142274349821
2.0,0.22222222,11.0,80.0,0.601223865374809
2.0,0.22222222,11.0,128.0,0.601183069862315
2.0,0.22222222,13.0,2.0,0.601162672106068
2.0,0.22222222,13.0,3.0,0.601162672106068
2.0,0.22222222,13.0,5.0,0.601162672106068
2.0,0.22222222,13.0,8.0,0.601162672106068
2.0,0.22222222,13.0,12.0,0.601162672106068
2.0,0.22222222,13.0,20.0,0.601162672106068
2.0,0.22222222,13.0,32.0,0.601121876593575
2.0,0.22222222,13.0,50.0,0.601121876593575
2.0,0.22222222,13.0,80.0,0.601203467618562
2.0,0.22222222,13.0,128.0,0.601162672106068
2.0,0.22222222,15.0,2.0,0.601121876593575
2.0,0.22222222,15.0,3.0,0.601121876593575
2.0,0.22222222,15.0,5.0,0.601121876593575
2.0,0.22222222,15.0,8.0,0.601121876593575
2.0,0.22222222,15.0,12.0,0.601121876593575
2.0,0.22222222,15.0,20.0,0.601121876593575
2.0,0.22222222,15.0,32.0,0.601081081081081
2.0,0.22222222,15.0,50.0,0.601081081081081
2.0,0.22222222,15.0,80.0,0.601142274349821
2.0,0.22222222,15.0,128.0,0.601081081081081
2.0,0.22222222,17.0,2.0,0.601101478837328
2.0,0.22222222,17.0,3.0,0.601101478837328
2.0,0.22222222,17.0,5.0,0.601101478837328
2.0,0.22222222,17.0,8.0,0.601101478837328
2.0,0.22222222,17.0,12.0,0.601101478837328
2.0,0.22222222,17.0,20.0,0.601101478837328
2.0,0.22222222,17.0,32.0,0.601101478837328
2.0,0.22222222,17.0,50.0,0.601101478837328
2.0,0.22222222,17.0,80.0,0.601121876593575
2.0,0.22222222,17.0,128.0,0.601101478837328
2.0,0.22222222,20.0,2.0,0.601101478837328
2.0,0.22222222,20.0,3.0,0.601101478837328
2.0,0.22222222,20.0,5.0,0.601101478837328
2.0,0.22222222,20.0,8.0,0.601101478837328
2.0,0.22222222,20.0,12.0,0.601101478837328
2.0,0.22222222,20.0,20.0,0.601101478837328
2.0,0.22222222,20.0,32.0,0.601101478837328
2.0,0.22222222,20.0,50.0,0.601101478837328
2.0,0.22222222,20.0,80.0,0.601101478837328
2.0,0.22222222,20.0,128.0,0.601081081081081
2.0,0.33333334,1.0,2.0,0.611463539010709
2.0,0.33333334,1.0,3.0,0.611463539010709
2.0,0.33333334,1.0,5.0,0.611463539010709
2.0,0.33333334,1.0,8.0,0.611463539010709
2.0,0.33333334,1.0,12.0,0.611463539010709
2.0,0.33333334,1.0,20.0,0.611463539010709
2.0,0.33333334,1.0,32.0,0.611463539010709
2.0,0.33333334,1.0,50.0,0.611463539010709
2.0,0.33333334,1.0,80.0,0.611504334523202
2.0,0.33333334,1.0,128.0,0.61158592554819
2.0,0.33333334,3.0,2.0,0.611463539010709
2.0,0.33333334,3.0,3.0,0.611463539010709
2.0,0.33333334,3.0,5.0,0.611463539010709
2.0,0.33333334,3.0,8.0,0.611463539010709
2.0,0.33333334,3.0,12.0,0.611463539010709
2.0,0.33333334,3.0,20.0,0.611463539010709
2.0,0.33333334,3.0,32.0,0.611463539010709
2.0,0.33333334,3.0,50.0,0.611463539010709
2.0,0.33333334,3.0,80.0,0.611504334523202
2.0,0.33333334,3.0,128.0,0.61158592554819
2.0,0.33333334,5.0,2.0,0.611463539010709
2.0,0.33333334,5.0,3.0,0.611463539010709
2.0,0.33333334,5.0,5.0,0.611463539010709
2.0,0.33333334,5.0,8.0,0.611463539010709
2.0,0.33333334,5.0,12.0,0.611463539010709
2.0,0.33333334,5.0,20.0,0.611463539010709
2.0,0.33333334,5.0,32.0,0.611463539010709
2.0,0.33333334,5.0,50.0,0.611463539010709
2.0,0.33333334,5.0,80.0,0.611504334523202
2.0,0.33333334,5.0,128.0,0.611606323304436
2.0,0.33333334,7.0,2.0,0.611483936766956
2.0,0.33333334,7.0,3.0,0.611483936766956
2.0,0.33333334,7.0,5.0,0.611483936766956
2.0,0.33333334,7.0,8.0,0.611483936766956
2.0,0.33333334,7.0,12.0,0.611483936766956
2.0,0.33333334,7.0,20.0,0.611483936766956
2.0,0.33333334,7.0,32.0,0.611483936766956
2.0,0.33333334,7.0,50.0,0.611483936766956
2.0,0.33333334,7.0,80.0,0.611504334523202
2.0,0.33333334,7.0,128.0,0.611626721060683
2.0,0.33333334,9.0,2.0,0.611422743498215
2.0,0.33333334,9.0,3.0,0.611422743498215
2.0,0.33333334,9.0,5.0,0.611422743498215
2.0,0.33333334,9.0,8.0,0.611422743498215
2.0,0.33333334,9.0,12.0,0.611422743498215
2.0,0.33333334,9.0,20.0,0.611422743498215
2.0,0.33333334,9.0,32.0,0.611422743498215
2.0,0.33333334,9.0,50.0,0.611422743498215
2.0,0.33333334,9.0,80.0,0.611483936766956
2.0,0.33333334,9.0,128.0,0.61158592554819
2.0,0.33333334,11.0,2.0,0.611443141254462
2.0,0.33333334,11.0,3.0,0.611443141254462
2.0,0.33333334,11.0,5.0,0.611443141254462
2.0,0.33333334,11.0,8.0,0.611443141254462
2.0,0.33333334,11.0,12.0,0.611443141254462
2.0,0.33333334,11.0,20.0,0.611443141254462
2.0,0.33333334,11.0,32.0,0.611443141254462
2.0,0.33333334,11.0,50.0,0.611443141254462
2.0,0.33333334,11.0,80.0,0.611463539010709
2.0,0.33333334,11.0,128.0,0.61158592554819
2.0,0.33333334,13.0,2.0,0.611463539010709
2.0,0.33333334,13.0,3.0,0.611463539010709
2.0,0.33333334,13.0,5.0,0.611463539010709
2.0,0.33333334,13.0,8.0,0.611463539010709
2.0,0.33333334,13.0,12.0,0.611463539010709
2.0,0.33333334,13.0,20.0,0.611463539010709
2.0,0.33333334,13.0,32.0,0.611463539010709
2.0,0.33333334,13.0,50.0,0.611463539010709
2.0,0.33333334,13.0,80.0,0.611483936766956
2.0,0.33333334,13.0,128.0,0.611606323304436
2.0,0.33333334,15.0,2.0,0.611483936766956
2.0,0.33333334,15.0,3.0,0.611483936766956
2.0,0.33333334,15.0,5.0,0.611483936766956
2.0,0.33333334,15.0,8.0,0.611483936766956
2.0,0.33333334,15.0,12.0,0.611483936766956
2.0,0.33333334,15.0,20.0,0.611483936766956
2.0,0.33333334,15.0,32.0,0.611483936766956
2.0,0.33333334,15.0,50.0,0.611483936766956
2.0,0.33333334,15.0,80.0,0.611504334523202
2.0,0.33333334,15.0,128.0,0.611626721060683
2.0,0.33333334,17.0,2.0,0.611483936766956
2.0,0.33333334,17.0,3.0,0.611483936766956
2.0,0.33333334,17.0,5.0,0.611483936766956
2.0,0.33333334,17.0,8.0,0.611483936766956
2.0,0.33333334,17.0,12.0,0.611483936766956
2.0,0.33333334,17.0,20.0,0.611483936766956
2.0,0.33333334,17.0,32.0,0.611483936766956
2.0,0.33333334,17.0,50.0,0.611483936766956
2.0,0.33333334,17.0,80.0,0.611504334523202
2.0,0.33333334,17.0,128.0,0.61164711881693
2.0,0.33333334,20.0,2.0,0.611483936766956
2.0,0.33333334,20.0,3.0,0.611483936766956
2.0,0.33333334,20.0,5.0,0.611483936766956
2.0,0.33333334,20.0,8.0,0.611483936766956
2.0,0.33333334,20.0,12.0,0.611483936766956
2.0,0.33333334,20.0,20.0,0.611483936766956
2.0,0.33333334,20.0,32.0,0.611483936766956
2.0,0.33333334,20.0,50.0,0.611483936766956
2.0,0.33333334,20.0,80.0,0.611504334523202
2.0,0.33333334,20.0,128.0,0.611626721060683
2.0,0.44444445,1.0,2.0,0.618154003059664
2.0,0.44444445,1.0,3.0,0.618154003059664
2.0,0.44444445,1.0,5.0,0.618154003059664
2.0,0.44444445,1.0,8.0,0.618154003059664
2.0,0.44444445,1.0,12.0,0.618154003059664
2.0,0.44444445,1.0,20.0,0.618154003059664
2.0,0.44444445,1.0,32.0,0.618154003059664
2.0,0.44444445,1.0,50.0,0.618154003059664
2.0,0.44444445,1.0,80.0,0.618154003059664
2.0,0.44444445,1.0,128.0,0.618255991840898
2.0,0.44444445,3.0,2.0,0.618154003059664
2.0,0.44444445,3.0,3.0,0.618154003059664
2.0,0.44444445,3.0,5.0,0.618154003059664
2.0,0.44444445,3.0,8.0,0.618154003059664
2.0,0.44444445,3.0,12.0,0.618154003059664
2.0,0.44444445,3.0,20.0,0.618154003059664
2.0,0.44444445,3.0,32.0,0.618154003059664
2.0,0.44444445,3.0,50.0,0.618154003059664
2.0,0.44444445,3.0,80.0,0.618154003059664
2.0,0.44444445,3.0,128.0,0.618255991840898
2.0,0.44444445,5.0,2.0,0.618133605303417
2.0,0.44444445,5.0,3.0,0.618133605303417
2.0,0.44444445,5.0,5.0,0.618133605303417
2.0,0.44444445,5.0,8.0,0.618133605303417
2.0,0.44444445,5.0,12.0,0.618133605303417
2.0,0.44444445,5.0,20.0,0.618133605303417
2.0,0.44444445,5.0,32.0,0.618133605303417
2.0,0.44444445,5.0,50.0,0.618133605303417
2.0,0.44444445,5.0,80.0,0.618133605303417
2.0,0.44444445,5.0,128.0,0.618235594084651
2.0,0.44444445,7.0,2.0,0.61811320754717
2.0,0.44444445,7.0,3.0,0.61811320754717
2.0,0.44444445,7.0,5.0,0.61811320754717
2.0,0.44444445,7.0,8.0,0.61811320754717
2.0,0.44444445,7.0,12.0,0.61811320754717
2.0,0.44444445,7.0,20.0,0.61811320754717
2.0,0.44444445,7.0,32.0,0.61811320754717
2.0,0.44444445,7.0,50.0,0.61811320754717
2.0,0.44444445,7.0,80.0,0.61811320754717
2.0,0.44444445,7.0,128.0,0.618194798572157
2.0,0.44444445,9.0,2.0,0.61811320754717
2.0,0.44444445,9.0,3.0,0.61811320754717
2.0,0.44444445,9.0,5.0,0.61811320754717
2.0,0.44444445,9.0,8.0,0.61811320754717
2.0,0.44444445,9.0,12.0,0.61811320754717
2.0,0.44444445,9.0,20.0,0.61811320754717
2.0,0.44444445,9.0,32.0,0.61811320754717
2.0,0.44444445,9.0,50.0,0.61811320754717
2.0,0.44444445,9.0,80.0,0.61811320754717
2.0,0.44444445,9.0,128.0,0.618194798572157
2.0,0.44444445,11.0,2.0,0.618133605303417
2.0,0.44444445,11.0,3.0,0.618133605303417
2.0,0.44444445,11.0,5.0,0.618133605303417
2.0,0.44444445,11.0,8.0,0.618133605303417
2.0,0.44444445,11.0,12.0,0.618133605303417
2.0,0.44444445,11.0,20.0,0.618133605303417
2.0,0.44444445,11.0,32.0,0.618133605303417
2.0,0.44444445,11.0,50.0,0.618133605303417
2.0,0.44444445,11.0,80.0,0.618133605303417
2.0,0.44444445,11.0,128.0,0.618194798572157
2.0,0.44444445,13.0,2.0,0.61811320754717
2.0,0.44444445,13.0,3.0,0.61811320754717
2.0,0.44444445,13.0,5.0,0.61811320754717
2.0,0.44444445,13.0,8.0,0.61811320754717
2.0,0.44444445,13.0,12.0,0.61811320754717
2.0,0.44444445,13.0,20.0,0.61811320754717
2.0,0.44444445,13.0,32.0,0.61811320754717
2.0,0.44444445,13.0,50.0,0.61811320754717
2.0,0.44444445,13.0,80.0,0.61811320754717
2.0,0.44444445,13.0,128.0,0.618194798572157
2.0,0.44444445,15.0,2.0,0.618092809790923
2.0,0.44444445,15.0,3.0,0.618092809790923
2.0,0.44444445,15.0,5.0,0.618092809790923
2.0,0.44444445,15.0,8.0,0.618092809790923
2.0,0.44444445,15.0,12.0,0.618092809790923
2.0,0.44444445,15.0,20.0,0.618092809790923
2.0,0.44444445,15.0,32.0,0.618092809790923
2.0,0.44444445,15.0,50.0,0.618092809790923
2.0,0.44444445,15.0,80.0,0.618092809790923
2.0,0.44444445,15.0,128.0,0.61817440081591
2.0,0.44444445,17.0,2.0,0.618092809790923
2.0,0.44444445,17.0,3.0,0.618092809790923
2.0,0.44444445,17.0,5.0,0.618092809790923
2.0,0.44444445,17.0,8.0,0.618092809790923
2.0,0.44444445,17.0,12.0,0.618092809790923
2.0,0.44444445,17.0,20.0,0.618092809790923
2.0,0.44444445,17.0,32.0,0.618092809790923
2.0,0.44444445,17.0,50.0,0.618092809790923
2.0,0.44444445,17.0,80.0,0.618092809790923
2.0,0.44444445,17.0,128.0,0.61817440081591
2.0,0.44444445,20.0,2.0,0.618092809790923
2.0,0.44444445,20.0,3.0,0.618092809790923
2.0,0.44444445,20.0,5.0,0.618092809790923
2.0,0.44444445,20.0,8.0,0.618092809790923
2.0,0.44444445,20.0,12.0,0.618092809790923
2.0,0.44444445,20.0,20.0,0.618092809790923
2.0,0.44444445,20.0,32.0,0.618092809790923
2.0,0.44444445,20.0,50.0,0.618092809790923
2.0,0.44444445,20.0,80.0,0.618092809790923
2.0,0.44444445,20.0,128.0,0.61817440081591
2.0,0.5555556,1.0,2.0,0.622233554309026
2.0,0.5555556,1.0,3.0,0.622233554309026
2.0,0.5555556,1.0,5.0,0.622233554309026
2.0,0.5555556,1.0,8.0,0.622233554309026
2.0,0.5555556,1.0,12.0,0.622233554309026
2.0,0.5555556,1.0,20.0,0.622233554309026
2.0,0.5555556,1.0,32.0,0.622233554309026
2.0,0.5555556,1.0,50.0,0.622233554309026
2.0,0.5555556,1.0,80.0,0.622233554309026
2.0,0.5555556,1.0,128.0,0.622233554309026
2.0,0.5555556,3.0,2.0,0.622233554309026
2.0,0.5555556,3.0,3.0,0.622233554309026
2.0,0.5555556,3.0,5.0,0.622233554309026
2.0,0.5555556,3.0,8.0,0.622233554309026
2.0,0.5555556,3.0,12.0,0.622233554309026
2.0,0.5555556,3.0,20.0,0.622233554309026
2.0,0.5555556,3.0,32.0,0.622233554309026
2.0,0.5555556,3.0,50.0,0.622233554309026
2.0,0.5555556,3.0,80.0,0.622233554309026
2.0,0.5555556,3.0,128.0,0.622233554309026
2.0,0.5555556,5.0,2.0,0.622233554309026
2.0,0.5555556,5.0,3.0,0.622233554309026
2.0,0.5555556,5.0,5.0,0.622233554309026
2.0,0.5555556,5.0,8.0,0.622233554309026
2.0,0.5555556,5.0,12.0,0.622233554309026
2.0,0.5555556,5.0,20.0,0.622233554309026
2.0,0.5555556,5.0,32.0,0.622233554309026
2.0,0.5555556,5.0,50.0,0.622233554309026
2.0,0.5555556,5.0,80.0,0.622233554309026
2.0,0.5555556,5.0,128.0,0.622233554309026
2.0,0.5555556,7.0,2.0,0.622233554309026
2.0,0.5555556,7.0,3.0,0.622233554309026
2.0,0.5555556,7.0,5.0,0.622233554309026
2.0,0.5555556,7.0,8.0,0.622233554309026
2.0,0.5555556,7.0,12.0,0.622233554309026
2.0,0.5555556,7.0,20.0,0.622233554309026
2.0,0.5555556,7.0,32.0,0.622233554309026
2.0,0.5555556,7.0,50.0,0.622233554309026
2.0,0.5555556,7.0,80.0,0.622233554309026
2.0,0.5555556,7.0,128.0,0.622233554309026
2.0,0.5555556,9.0,2.0,0.622233554309026
2.0,0.5555556,9.0,3.0,0.622233554309026
2.0,0.5555556,9.0,5.0,0.622233554309026
2.0,0.5555556,9.0,8.0,0.622233554309026
2.0,0.5555556,9.0,12.0,0.622233554309026
2.0,0.5555556,9.0,20.0,0.622233554309026
2.0,0.5555556,9.0,32.0,0.622233554309026
2.0,0.5555556,9.0,50.0,0.622233554309026
2.0,0.5555556,9.0,80.0,0.622233554309026
2.0,0.5555556,9.0,128.0,0.622233554309026
2.0,0.5555556,11.0,2.0,0.622233554309026
2.0,0.5555556,11.0,3.0,0.622233554309026
2.0,0.5555556,11.0,5.0,0.622233554309026
2.0,0.5555556,11.0,8.0,0.622233554309026
2.0,0.5555556,11.0,12.0,0.622233554309026
2.0,0.5555556,11.0,20.0,0.622233554309026
2.0,0.5555556,11.0,32.0,0.622233554309026
2.0,0.5555556,11.0,50.0,0.622233554309026
2.0,0.5555556,11.0,80.0,0.622233554309026
2.0,0.5555556,11.0,128.0,0.622233554309026
2.0,0.5555556,13.0,2.0,0.622233554309026
2.0,0.5555556,13.0,3.0,0.622233554309026
2.0,0.5555556,13.0,5.0,0.622233554309026
2.0,0.5555556,13.0,8.0,0.622233554309026
2.0,0.5555556,13.0,12.0,0.622233554309026
2.0,0.5555556,13.0,20.0,0.622233554309026
2.0,0.5555556,13.0,32.0,0.622233554309026
2.0,0.5555556,13.0,50.0,0.622233554309026
2.0,0.5555556,13.0,80.0,0.622233554309026
2.0,0.5555556,13.0,128.0,0.622233554309026
2.0,0.5555556,15.0,2.0,0.622233554309026
2.0,0.5555556,15.0,3.0,0.622233554309026
2.0,0.5555556,15.0,5.0,0.622233554309026
2.0,0.5555556,15.0,8.0,0.622233554309026
2.0,0.5555556,15.0,12.0,0.622233554309026
2.0,0.5555556,15.0,20.0,0.622233554309026
2.0,0.5555556,15.0,32.0,0.622233554309026
2.0,0.5555556,15.0,50.0,0.622233554309026
2.0,0.5555556,15.0,80.0,0.622233554309026
2.0,0.5555556,15.0,128.0,0.622233554309026
2.0,0.5555556,17.0,2.0,0.622233554309026
2.0,0.5555556,17.0,3.0,0.622233554309026
2.0,0.5555556,17.0,5.0,0.622233554309026
2.0,0.5555556,17.0,8.0,0.622233554309026
2.0,0.5555556,17.0,12.0,0.622233554309026
2.0,0.5555556,17.0,20.0,0.622233554309026
2.0,0.5555556,17.0,32.0,0.622233554309026
2.0,0.5555556,17.0,50.0,0.622233554309026
2.0,0.5555556,17.0,80.0,0.622233554309026
2.0,0.5555556,17.0,128.0,0.622233554309026
2.0,0.5555556,20.0,2.0,0.622213156552779
2.0,0.5555556,20.0,3.0,0.622213156552779
2.0,0.5555556,20.0,5.0,0.622213156552779
2.0,0.5555556,20.0,8.0,0.622213156552779
2.0,0.5555556,20.0,12.0,0.622213156552779
2.0,0.5555556,20.0,20.0,0.622213156552779
2.0,0.5555556,20.0,32.0,0.622213156552779
2.0,0.5555556,20.0,50.0,0.622213156552779
2.0,0.5555556,20.0,80.0,0.622213156552779
2.0,0.5555556,20.0,128.0,0.622213156552779
2.0,0.6666667,1.0,2.0,0.61676695563488
2.0,0.6666667,1.0,3.0,0.61676695563488
2.0,0.6666667,1.0,5.0,0.61676695563488
2.0,0.6666667,1.0,8.0,0.61676695563488
2.0,0.6666667,1.0,12.0,0.61676695563488
2.0,0.6666667,1.0,20.0,0.61676695563488
2.0,0.6666667,1.0,32.0,0.61676695563488
2.0,0.6666667,1.0,50.0,0.61676695563488
2.0,0.6666667,1.0,80.0,0.61676695563488
2.0,0.6666667,1.0,128.0,0.61676695563488
2.0,0.6666667,3.0,2.0,0.61676695563488
2.0,0.6666667,3.0,3.0,0.61676695563488
2.0,0.6666667,3.0,5.0,0.61676695563488
2.0,0.6666667,3.0,8.0,0.61676695563488
2.0,0.6666667,3.0,12.0,0.61676695563488
2.0,0.6666667,3.0,20.0,0.61676695563488
2.0,0.6666667,3.0,32.0,0.61676695563488
2.0,0.6666667,3.0,50.0,0.61676695563488
2.0,0.6666667,3.0,80.0,0.61676695563488
2.0,0.6666667,3.0,128.0,0.61676695563488
2.0,0.6666667,5.0,2.0,0.61676695563488
2.0,0.6666667,5.0,3.0,0.61676695563488
2.0,0.6666667,5.0,5.0,0.61676695563488
2.0,0.6666667,5.0,8.0,0.61676695563488
2.0,0.6666667,5.0,12.0,0.61676695563488
2.0,0.6666667,5.0,20.0,0.61676695563488
2.0,0.6666667,5.0,32.0,0.61676695563488
2.0,0.6666667,5.0,50.0,0.61676695563488
2.0,0.6666667,5.0,80.0,0.61676695563488
2.0,0.6666667,5.0,128.0,0.61676695563488
2.0,0.6666667,7.0,2.0,0.61676695563488
2.0,0.6666667,7.0,3.0,0.61676695563488
2.0,0.6666667,7.0,5.0,0.61676695563488
2.0,0.6666667,7.0,8.0,0.61676695563488
2.0,0.6666667,7.0,12.0,0.61676695563488
2.0,0.6666667,7.0,20.0,0.61676695563488
2.0,0.6666667,7.0,32.0,0.61676695563488
2.0,0.6666667,7.0,50.0,0.61676695563488
2.0,0.6666667,7.0,80.0,0.61676695563488
2.0,0.6666667,7.0,128.0,0.61676695563488
2.0,0.6666667,9.0,2.0,0.61676695563488
2.0,0.6666667,9.0,3.0,0.61676695563488
2.0,0.6666667,9.0,5.0,0.61676695563488
2.0,0.6666667,9.0,8.0,0.61676695563488
2.0,0.6666667,9.0,12.0,0.61676695563488
2.0,0.6666667,9.0,20.0,0.61676695563488
2.0,0.6666667,9.0,32.0,0.61676695563488
2.0,0.6666667,9.0,50.0,0.61676695563488
2.0,0.6666667,9.0,80.0,0.61676695563488
2.0,0.6666667,9.0,128.0,0.61676695563488
2.0,0.6666667,11.0,2.0,0.61676695563488
2.0,0.6666667,11.0,3.0,0.61676695563488
2.0,0.6666667,11.0,5.0,0.61676695563488
2.0,0.6666667,11.0,8.0,0.61676695563488
2.0,0.6666667,11.0,12.0,0.61676695563488
2.0,0.6666667,11.0,20.0,0.61676695563488
2.0,0.6666667,11.0,32.0,0.61676695563488
2.0,0.6666667,11.0,50.0,0.61676695563488
2.0,0.6666667,11.0,80.0,0.61676695563488
2.0,0.6666667,11.0,128.0,0.61676695563488
2.0,0.6666667,13.0,2.0,0.61676695563488
2.0,0.6666667,13.0,3.0,0.61676695563488
2.0,0.6666667,13.0,5.0,0.61676695563488
2.0,0.6666667,13.0,8.0,0.61676695563488
2.0,0.6666667,13.0,12.0,0.61676695563488
2.0,0.6666667,13.0,20.0,0.61676695563488
2.0,0.6666667,13.0,32.0,0.61676695563488
2.0,0.6666667,13.0,50.0,0.61676695563488
2.0,0.6666667,13.0,80.0,0.61676695563488
2.0,0.6666667,13.0,128.0,0.61676695563488
2.0,0.6666667,15.0,2.0,0.61676695563488
2.0,0.6666667,15.0,3.0,0.61676695563488
2.0,0.6666667,15.0,5.0,0.61676695563488
2.0,0.6666667,15.0,8.0,0.61676695563488
2.0,0.6666667,15.0,12.0,0.61676695563488
2.0,0.6666667,15.0,20.0,0.61676695563488
2.0,0.6666667,15.0,32.0,0.61676695563488
2.0,0.6666667,15.0,50.0,0.61676695563488
2.0,0.6666667,15.0,80.0,0.61676695563488
2.0,0.6666667,15.0,128.0,0.61676695563488
2.0,0.6666667,17.0,2.0,0.61676695563488
2.0,0.6666667,17.0,3.0,0.61676695563488
2.0,0.6666667,17.0,5.0,0.61676695563488
2.0,0.6666667,17.0,8.0,0.61676695563488
2.0,0.6666667,17.0,12.0,0.61676695563488
2.0,0.6666667,17.0,20.0,0.61676695563488
2.0,0.6666667,17.0,32.0,0.61676695563488
2.0,0.6666667,17.0,50.0,0.61676695563488
2.0,0.6666667,17.0,80.0,0.61676695563488
2.0,0.6666667,17.0,128.0,0.61676695563488
2.0,0.6666667,20.0,2.0,0.61676695563488
2.0,0.6666667,20.0,3.0,0.61676695563488
2.0,0.6666667,20.0,5.0,0.61676695563488
2.0,0.6666667,20.0,8.0,0.61676695563488
2.0,0.6666667,20.0,12.0,0.61676695563488
2.0,0.6666667,20.0,20.0,0.61676695563488
2.0,0.6666667,20.0,32.0,0.61676695563488
2.0,0.6666667,20.0,50.0,0.61676695563488
2.0,0.6666667,20.0,80.0,0.61676695563488
2.0,0.6666667,20.0,128.0,0.61676695563488
2.0,0.7777778,1.0,2.0,0.62182559918409
2.0,0.7777778,1.0,3.0,0.62182559918409
2.0,0.7777778,1.0,5.0,0.62182559918409
2.0,0.7777778,1.0,8.0,0.62182559918409
2.0,0.7777778,1.0,12.0,0.62182559918409
2.0,0.7777778,1.0,20.0,0.62182559918409
2.0,0.7777778,1.0,32.0,0.62182559918409
2.0,0.7777778,1.0,50.0,0.62182559918409
2.0,0.7777778,1.0,80.0,0.62182559918409
2.0,0.7777778,1.0,128.0,0.62182559918409
2.0,0.7777778,3.0,2.0,0.62182559918409
2.0,0.7777778,3.0,3.0,0.62182559918409
2.0,0.7777778,3.0,5.0,0.62182559918409
2.0,0.7777778,3.0,8.0,0.62182559918409
2.0,0.7777778,3.0,12.0,0.62182559918409
2.0,0.7777778,3.0,20.0,0.62182559918409
2.0,0.7777778,3.0,32.0,0.62182559918409
2.0,0.7777778,3.0,50.0,0.62182559918409
2.0,0.7777778,3.0,80.0,0.62182559918409
2.0,0.7777778,3.0,128.0,0.62182559918409
2.0,0.7777778,5.0,2.0,0.62182559918409
2.0,0.7777778,5.0,3.0,0.62182559918409
2.0,0.7777778,5.0,5.0,0.62182559918409
2.0,0.7777778,5.0,8.0,0.62182559918409
2.0,0.7777778,5.0,12.0,0.62182559918409
2.0,0.7777778,5.0,20.0,0.62182559918409
2.0,0.7777778,5.0,32.0,0.62182559918409
2.0,0.7777778,5.0,50.0,0.62182559918409
2.0,0.7777778,5.0,80.0,0.62182559918409
2.0,0.7777778,5.0,128.0,0.62182559918409
2.0,0.7777778,7.0,2.0,0.62182559918409
2.0,0.7777778,7.0,3.0,0.62182559918409
2.0,0.7777778,7.0,5.0,0.62182559918409
2.0,0.7777778,7.0,8.0,0.62182559918409
2.0,0.7777778,7.0,12.0,0.62182559918409
2.0,0.7777778,7.0,20.0,0.62182559918409
2.0,0.7777778,7.0,32.0,0.62182559918409
2.0,0.7777778,7.0,50.0,0.62182559918409
2.0,0.7777778,7.0,80.0,0.62182559918409
2.0,0.7777778,7.0,128.0,0.62182559918409
2.0,0.7777778,9.0,2.0,0.62182559918409
2.0,0.7777778,9.0,3.0,0.62182559918409
2.0,0.7777778,9.0,5.0,0.62182559918409
2.0,0.7777778,9.0,8.0,0.62182559918409
2.0,0.7777778,9.0,12.0,0.62182559918409
2.0,0.7777778,9.0,20.0,0.62182559918409
2.0,0.7777778,9.0,32.0,0.62182559918409
2.0,0.7777778,9.0,50.0,0.62182559918409
2.0,0.7777778,9.0,80.0,0.62182559918409
2.0,0.7777778,9.0,128.0,0.62182559918409
2.0,0.7777778,11.0,2.0,0.62182559918409
2.0,0.7777778,11.0,3.0,0.62182559918409
2.0,0.7777778,11.0,5.0,0.62182559918409
2.0,0.7777778,11.0,8.0,0.62182559918409
2.0,0.7777778,11.0,12.0,0.62182559918409
2.0,0.7777778,11.0,20.0,0.62182559918409
2.0,0.7777778,11.0,32.0,0.62182559918409
2.0,0.7777778,11.0,50.0,0.62182559918409
2.0,0.7777778,11.0,80.0,0.62182559918409
2.0,0.7777778,11.0,128.0,0.62182559918409
2.0,0.7777778,13.0,2.0,0.62182559918409
2.0,0.7777778,13.0,3.0,0.62182559918409
2.0,0.7777778,13.0,5.0,0.62182559918409
2.0,0.7777778,13.0,8.0,0.62182559918409
2.0,0.7777778,13.0,12.0,0.62182559918409
2.0,0.7777778,13.0,20.0,0.62182559918409
2.0,0.7777778,13.0,32.0,0.62182559918409
2.0,0.7777778,13.0,50.0,0.62182559918409
2.0,0.7777778,13.0,80.0,0.62182559918409
2.0,0.7777778,13.0,128.0,0.62182559918409
2.0,0.7777778,15.0,2.0,0.62182559918409
2.0,0.7777778,15.0,3.0,0.62182559918409
2.0,0.7777778,15.0,5.0,0.62182559918409
2.0,0.7777778,15.0,8.0,0.62182559918409
2.0,0.7777778,15.0,12.0,0.62182559918409
2.0,0.7777778,15.0,20.0,0.62182559918409
2.0,0.7777778,15.0,32.0,0.62182559918409
2.0,0.7777778,15.0,50.0,0.62182559918409
2.0,0.7777778,15.0,80.0,0.62182559918409
2.0,0.7777778,15.0,128.0,0.62182559918409
2.0,0.7777778,17.0,2.0,0.62182559918409
2.0,0.7777778,17.0,3.0,0.62182559918409
2.0,0.7777778,17.0,5.0,0.62182559918409
2.0,0.7777778,17.0,8.0,0.62182559918409
2.0,0.7777778,17.0,12.0,0.62182559918409
2.0,0.7777778,17.0,20.0,0.62182559918409
2.0,0.7777778,17.0,32.0,0.62182559918409
2.0,0.7777778,17.0,50.0,0.62182559918409
2.0,0.7777778,17.0,80.0,0.62182559918409
2.0,0.7777778,17.0,128.0,0.62182559918409
2.0,0.7777778,20.0,2.0,0.62182559918409
2.0,0.7777778,20.0,3.0,0.62182559918409
2.0,0.7777778,20.0,5.0,0.62182559918409
2.0,0.7777778,20.0,8.0,0.62182559918409
2.0,0.7777778,20.0,12.0,0.62182559918409
2.0,0.7777778,20.0,20.0,0.62182559918409
2.0,0.7777778,20.0,32.0,0.62182559918409
2.0,0.7777778,20.0,50.0,0.62182559918409
2.0,0.7777778,20.0,80.0,0.62182559918409
2.0,0.7777778,20.0,128.0,0.62182559918409
2.0,0.8888889,1.0,2.0,0.631636919938807
2.0,0.8888889,1.0,3.0,0.631636919938807
2.0,0.8888889,1.0,5.0,0.631636919938807
2.0,0.8888889,1.0,8.0,0.631636919938807
2.0,0.8888889,1.0,12.0,0.631636919938807
2.0,0.8888889,1.0,20.0,0.631636919938807
2.0,0.8888889,1.0,32.0,0.631636919938807
2.0,0.8888889,1.0,50.0,0.631636919938807
2.0,0.8888889,1.0,80.0,0.631636919938807
2.0,0.8888889,1.0,128.0,0.631636919938807
2.0,0.8888889,3.0,2.0,0.631636919938807
2.0,0.8888889,3.0,3.0,0.631636919938807
2.0,0.8888889,3.0,5.0,0.631636919938807
2.0,0.8888889,3.0,8.0,0.631636919938807
2.0,0.8888889,3.0,12.0,0.631636919938807
2.0,0.8888889,3.0,20.0,0.631636919938807
2.0,0.8888889,3.0,32.0,0.631636919938807
2.0,0.8888889,3.0,50.0,0.631636919938807
2.0,0.8888889,3.0,80.0,0.631636919938807
2.0,0.8888889,3.0,128.0,0.631636919938807
2.0,0.8888889,5.0,2.0,0.631636919938807
2.0,0.8888889,5.0,3.0,0.631636919938807
2.0,0.8888889,5.0,5.0,0.631636919938807
2.0,0.8888889,5.0,8.0,0.631636919938807
2.0,0.8888889,5.0,12.0,0.631636919938807
2.0,0.8888889,5.0,20.0,0.631636919938807
2.0,0.8888889,5.0,32.0,0.631636919938807
2.0,0.8888889,5.0,50.0,0.631636919938807
2.0,0.8888889,5.0,80.0,0.631636919938807
2.0,0.8888889,5.0,128.0,0.631636919938807
2.0,0.8888889,7.0,2.0,0.631636919938807
2.0,0.8888889,7.0,3.0,0.631636919938807
2.0,0.8888889,7.0,5.0,0.631636919938807
2.0,0.8888889,7.0,8.0,0.631636919938807
2.0,0.8888889,7.0,12.0,0.631636919938807
2.0,0.8888889,7.0,20.0,0.631636919938807
2.0,0.8888889,7.0,32.0,0.631636919938807
2.0,0.8888889,7.0,50.0,0.631636919938807
2.0,0.8888889,7.0,80.0,0.631636919938807
2.0,0.8888889,7.0,128.0,0.631636919938807
2.0,0.8888889,9.0,2.0,0.631636919938807
2.0,0.8888889,9.0,3.0,0.631636919938807
2.0,0.8888889,9.0,5.0,0.631636919938807
2.0,0.8888889,9.0,8.0,0.631636919938807
2.0,0.8888889,9.0,12.0,0.631636919938807
2.0,0.8888889,9.0,20.0,0.631636919938807
2.0,0.8888889,9.0,32.0,0.631636919938807
2.0,0.8888889,9.0,50.0,0.631636919938807
2.0,0.8888889,9.0,80.0,0.631636919938807
2.0,0.8888889,9.0,128.0,0.631636919938807
2.0,0.8888889,11.0,2.0,0.631636919938807
2.0,0.8888889,11.0,3.0,0.631636919938807
2.0,0.8888889,11.0,5.0,0.631636919938807
2.0,0.8888889,11.0,8.0,0.631636919938807
2.0,0.8888889,11.0,12.0,0.631636919938807
2.0,0.8888889,11.0,20.0,0.631636919938807
2.0,0.8888889,11.0,32.0,0.631636919938807
2.0,0.8888889,11.0,50.0,0.631636919938807
2.0,0.8888889,11.0,80.0,0.631636919938807
2.0,0.8888889,11.0,128.0,0.631636919938807
2.0,0.8888889,13.0,2.0,0.631636919938807
2.0,0.8888889,13.0,3.0,0.631636919938807
2.0,0.8888889,13.0,5.0,0.631636919938807
2.0,0.8888889,13.0,8.0,0.631636919938807
2.0,0.8888889,13.0,12.0,0.631636919938807
2.0,0.8888889,13.0,20.0,0.631636919938807
2.0,0.8888889,13.0,32.0,0.631636919938807
2.0,0.8888889,13.0,50.0,0.631636919938807
2.0,0.8888889,13.0,80.0,0.631636919938807
2.0,0.8888889,13.0,128.0,0.631636919938807
2.0,0.8888889,15.0,2.0,0.631636919938807
2.0,0.8888889,15.0,3.0,0.631636919938807
2.0,0.8888889,15.0,5.0,0.631636919938807
2.0,0.8888889,15.0,8.0,0.631636919938807
2.0,0.8888889,15.0,12.0,0.631636919938807
2.0,0.8888889,15.0,20.0,0.631636919938807
2.0,0.8888889,15.0,32.0,0.631636919938807
2.0,0.8888889,15.0,50.0,0.631636919938807
2.0,0.8888889,15.0,80.0,0.631636919938807
2.0,0.8888889,15.0,128.0,0.631636919938807
2.0,0.8888889,17.0,2.0,0.631636919938807
2.0,0.8888889,17.0,3.0,0.631636919938807
2.0,0.8888889,17.0,5.0,0.631636919938807
2.0,0.8888889,17.0,8.0,0.631636919938807
2.0,0.8888889,17.0,12.0,0.631636919938807
2.0,0.8888889,17.0,20.0,0.631636919938807
2.0,0.8888889,17.0,32.0,0.631636919938807
2.0,0.8888889,17.0,50.0,0.631636919938807
2.0,0.8888889,17.0,80.0,0.631636919938807
2.0,0.8888889,17.0,128.0,0.631636919938807
2.0,0.8888889,20.0,2.0,0.631636919938807
2.0,0.8888889,20.0,3.0,0.631636919938807
2.0,0.8888889,20.0,5.0,0.631636919938807
2.0,0.8888889,20.0,8.0,0.631636919938807
2.0,0.8888889,20.0,12.0,0.631636919938807
2.0,0.8888889,20.0,20.0,0.631636919938807
2.0,0.8888889,20.0,32.0,0.631636919938807
2.0,0.8888889,20.0,50.0,0.631636919938807
2.0,0.8888889,20.0,80.0,0.631636919938807
2.0,0.8888889,20.0,128.0,0.631636919938807
2.0,1.0,1.0,2.0,0.631045385007649
2.0,1.0,1.0,3.0,0.631045385007649
2.0,1.0,1.0,5.0,0.631045385007649
2.0,1.0,1.0,8.0,0.631045385007649
2.0,1.0,1.0,12.0,0.631045385007649
2.0,1.0,1.0,20.0,0.631045385007649
2.0,1.0,1.0,32.0,0.631045385007649
2.0,1.0,1.0,50.0,0.631045385007649
2.0,1.0,1.0,80.0,0.631045385007649
2.0,1.0,1.0,128.0,0.631045385007649
2.0,1.0,3.0,2.0,0.631045385007649
2.0,1.0,3.0,3.0,0.631045385007649
2.0,1.0,3.0,5.0,0.631045385007649
2.0,1.0,3.0,8.0,0.631045385007649
2.0,1.0,3.0,12.0,0.631045385007649
2.0,1.0,3.0,20.0,0.631045385007649
2.0,1.0,3.0,32.0,0.631045385007649
2.0,1.0,3.0,50.0,0.631045385007649
2.0,1.0,3.0,80.0,0.631045385007649
2.0,1.0,3.0,128.0,0.631045385007649
2.0,1.0,5.0,2.0,0.631045385007649
2.0,1.0,5.0,3.0,0.631045385007649
2.0,1.0,5.0,5.0,0.631045385007649
2.0,1.0,5.0,8.0,0.631045385007649
2.0,1.0,5.0,12.0,0.631045385007649
2.0,1.0,5.0,20.0,0.631045385007649
2.0,1.0,5.0,32.0,0.631045385007649
2.0,1.0,5.0,50.0,0.631045385007649
2.0,1.0,5.0,80.0,0.631045385007649
2.0,1.0,5.0,128.0,0.631045385007649
2.0,1.0,7.0,2.0,0.631045385007649
2.0,1.0,7.0,3.0,0.631045385007649
2.0,1.0,7.0,5.0,0.631045385007649
2.0,1.0,7.0,8.0,0.631045385007649
2.0,1.0,7.0,12.0,0.631045385007649
2.0,1.0,7.0,20.0,0.631045385007649
2.0,1.0,7.0,32.0,0.631045385007649
2.0,1.0,7.0,50.0,0.631045385007649
2.0,1.0,7.0,80.0,0.631045385007649
2.0,1.0,7.0,128.0,0.631045385007649
2.0,1.0,9.0,2.0,0.631045385007649
2.0,1.0,9.0,3.0,0.631045385007649
2.0,1.0,9.0,5.0,0.631045385007649
2.0,1.0,9.0,8.0,0.631045385007649
2.0,1.0,9.0,12.0,0.631045385007649
2.0,1.0,9.0,20.0,0.631045385007649
2.0,1.0,9.0,32.0,0.631045385007649
2.0,1.0,9.0,50.0,0.631045385007649
2.0,1.0,9.0,80.0,0.631045385007649
2.0,1.0,9.0,128.0,0.631045385007649
2.0,1.0,11.0,2.0,0.631045385007649
2.0,1.0,11.0,3.0,0.631045385007649
2.0,1.0,11.0,5.0,0.631045385007649
2.0,1.0,11.0,8.0,0.631045385007649
2.0,1.0,11.0,12.0,0.631045385007649
2.0,1.0,11.0,20.0,0.631045385007649
2.0,1.0,11.0,32.0,0.631045385007649
2.0,1.0,11.0,50.0,0.631045385007649
2.0,1.0,11.0,80.0,0.631045385007649
2.0,1.0,11.0,128.0,0.631045385007649
2.0,1.0,13.0,2.0,0.631045385007649
2.0,1.0,13.0,3.0,0.631045385007649
2.0,1.0,13.0,5.0,0.631045385007649
2.0,1.0,13.0,8.0,0.631045385007649
2.0,1.0,13.0,12.0,0.631045385007649
2.0,1.0,13.0,20.0,0.631045385007649
2.0,1.0,13.0,32.0,0.631045385007649
2.0,1.0,13.0,50.0,0.631045385007649
2.0,1.0,13.0,80.0,0.631045385007649
2.0,1.0,13.0,128.0,0.631045385007649
2.0,1.0,15.0,2.0,0.631045385007649
2.0,1.0,15.0,3.0,0.631045385007649
2.0,1.0,15.0,5.0,0.631045385007649
2.0,1.0,15.0,8.0,0.631045385007649
2.0,1.0,15.0,12.0,0.631045385007649
2.0,1.0,15.0,20.0,0.631045385007649
2.0,1.0,15.0,32.0,0.631045385007649
2.0,1.0,15.0,50.0,0.631045385007649
2.0,1.0,15.0,80.0,0.631045385007649
2.0,1.0,15.0,128.0,0.631045385007649
2.0,1.0,17.0,2.0,0.631045385007649
2.0,1.0,17.0,3.0,0.631045385007649
2.0,1.0,17.0,5.0,0.631045385007649
2.0,1.0,17.0,8.0,0.631045385007649
2.0,1.0,17.0,12.0,0.631045385007649
2.0,1.0,17.0,20.0,0.631045385007649
2.0,1.0,17.0,32.0,0.631045385007649
2.0,1.0,17.0,50.0,0.631045385007649
2.0,1.0,17.0,80.0,0.631045385007649
2.0,1.0,17.0,128.0,0.631045385007649
2.0,1.0,20.0,2.0,0.631045385007649
2.0,1.0,20.0,3.0,0.631045385007649
2.0,1.0,20.0,5.0,0.631045385007649
2.0,1.0,20.0,8.0,0.631045385007649
2.0,1.0,20.0,12.0,0.631045385007649
2.0,1.0,20.0,20.0,0.631045385007649
2.0,1.0,20.0,32.0,0.631045385007649
2.0,1.0,20.0,50.0,0.631045385007649
2.0,1.0,20.0,80.0,0.631045385007649
2.0,1.0,20.0,128.0,0.631045385007649
3.0,0.0,1.0,2.0,0.592697603263641
3.0,0.0,1.0,3.0,0.592779194288628
3.0,0.0,1.0,5.0,0.592799592044875
3.0,0.0,1.0,8.0,0.592881183069862
3.0,0.0,1.0,12.0,0.592738398776135
3.0,0.0,1.0,20.0,0.593166751657318
3.0,0.0,1.0,32.0,0.593248342682305
3.0,0.0,1.0,50.0,0.594043855175931
3.0,0.0,1.0,80.0,0.593819479857216
3.0,0.0,1.0,128.0,0.593737888832228
3.0,0.0,3.0,2.0,0.592840387557369
3.0,0.0,3.0,3.0,0.592840387557369
3.0,0.0,3.0,5.0,0.592840387557369
3.0,0.0,3.0,8.0,0.592921978582356
3.0,0.0,3.0,12.0,0.592616012238654
3.0,0.0,3.0,20.0,0.59302396736359
3.0,0.0,3.0,32.0,0.593268740438552
3.0,0.0,3.0,50.0,0.594003059663437
3.0,0.0,3.0,80.0,0.593819479857216
3.0,0.0,3.0,128.0,0.593676695563488
3.0,0.0,5.0,2.0,0.592819989801122
3.0,0.0,5.0,3.0,0.592819989801122
3.0,0.0,5.0,5.0,0.592819989801122
3.0,0.0,5.0,8.0,0.592819989801122
3.0,0.0,5.0,12.0,0.592636409994901
3.0,0.0,5.0,20.0,0.593248342682305
3.0,0.0,5.0,32.0,0.593309535951045
3.0,0.0,5.0,50.0,0.593901070882203
3.0,0.0,5.0,80.0,0.593860275369709
3.0,0.0,5.0,128.0,0.593676695563488
3.0,0.0,7.0,2.0,0.593085160632331
3.0,0.0,7.0,3.0,0.593085160632331
3.0,0.0,7.0,5.0,0.593085160632331
3.0,0.0,7.0,8.0,0.593085160632331
3.0,0.0,7.0,12.0,0.593085160632331
3.0,0.0,7.0,20.0,0.593411524732279
3.0,0.0,7.0,32.0,0.593309535951045
3.0,0.0,7.0,50.0,0.594003059663437
3.0,0.0,7.0,80.0,0.593676695563488
3.0,0.0,7.0,128.0,0.593676695563488
3.0,0.0,9.0,2.0,0.59302396736359
3.0,0.0,9.0,3.0,0.59302396736359
3.0,0.0,9.0,5.0,0.59302396736359
3.0,0.0,9.0,8.0,0.59302396736359
3.0,0.0,9.0,12.0,0.59302396736359
3.0,0.0,9.0,20.0,0.593309535951045
3.0,0.0,9.0,32.0,0.593309535951045
3.0,0.0,9.0,50.0,0.593839877613463
3.0,0.0,9.0,80.0,0.593717491075982
3.0,0.0,9.0,128.0,0.593839877613462
3.0,0.0,11.0,2.0,0.593248342682305
3.0,0.0,11.0,3.0,0.593248342682305
3.0,0.0,11.0,5.0,0.593248342682305
3.0,0.0,11.0,8.0,0.593248342682305
3.0,0.0,11.0,12.0,0.593248342682305
3.0,0.0,11.0,20.0,0.593248342682305
3.0,0.0,11.0,32.0,0.593513513513513
3.0,0.0,11.0,50.0,0.594064252932177
3.0,0.0,11.0,80.0,0.593717491075982
3.0,0.0,11.0,128.0,0.593493115757267
3.0,0.0,13.0,2.0,0.593268740438552
3.0,0.0,13.0,3.0,0.593268740438552
3.0,0.0,13.0,5.0,0.593268740438552
3.0,0.0,13.0,8.0,0.593268740438552
3.0,0.0,13.0,12.0,0.593268740438552
3.0,0.0,13.0,20.0,0.593268740438552
3.0,0.0,13.0,32.0,0.593452320244773
3.0,0.0,13.0,50.0,0.59398266190719
3.0,0.0,13.0,80.0,0.593880673125956
3.0,0.0,13.0,128.0,0.593574706782254
3.0,0.0,15.0,2.0,0.593554309026007
3.0,0.0,15.0,3.0,0.593554309026007
3.0,0.0,15.0,5.0,0.593554309026007
3.0,0.0,15.0,8.0,0.593554309026007
3.0,0.0,15.0,12.0,0.593554309026007
3.0,0.0,15.0,20.0,0.593554309026007
3.0,0.0,15.0,32.0,0.593431922488526
3.0,0.0,15.0,50.0,0.594105048444671
3.0,0.0,15.0,80.0,0.593860275369709
3.0,0.0,15.0,128.0,0.593554309026007
3.0,0.0,17.0,2.0,0.593411524732279
3.0,0.0,17.0,3.0,0.593411524732279
3.0,0.0,17.0,5.0,0.593411524732279
3.0,0.0,17.0,8.0,0.593411524732279
3.0,0.0,17.0,12.0,0.593411524732279
3.0,0.0,17.0,20.0,0.593411524732279
3.0,0.0,17.0,32.0,0.593411524732279
3.0,0.0,17.0,50.0,0.593962264150943
3.0,0.0,17.0,80.0,0.593799082100969
3.0,0.0,17.0,128.0,0.593350331463539
3.0,0.0,20.0,2.0,0.593656297807241
3.0,0.0,20.0,3.0,0.593656297807241
3.0,0.0,20.0,5.0,0.593656297807241
3.0,0.0,20.0,8.0,0.593656297807241
3.0,0.0,20.0,12.0,0.593656297807241
3.0,0.0,20.0,20.0,0.593656297807241
3.0,0.0,20.0,32.0,0.593656297807241
3.0,0.0,20.0,50.0,0.593941866394697
3.0,0.0,20.0,80.0,0.593799082100969
3.0,0.0,20.0,128.0,0.593697093319735
3.0,0.11111111,1.0,2.0,0.592697603263641
3.0,0.11111111,1.0,3.0,0.592779194288628
3.0,0.11111111,1.0,5.0,0.592799592044875
3.0,0.11111111,1.0,8.0,0.592881183069862
3.0,0.11111111,1.0,12.0,0.592738398776135
3.0,0.11111111,1.0,20.0,0.593166751657318
3.0,0.11111111,1.0,32.0,0.593248342682305
3.0,0.11111111,1.0,50.0,0.594043855175931
3.0,0.11111111,1.0,80.0,0.593819479857216
3.0,0.11111111,1.0,128.0,0.593737888832228
3.0,0.11111111,3.0,2.0,0.592840387557369
3.0,0.11111111,3.0,3.0,0.592840387557369
3.0,0.11111111,3.0,5.0,0.592840387557369
3.0,0.11111111,3.0,8.0,0.592921978582356
3.0,0.11111111,3.0,12.0,0.592616012238654
3.0,0.11111111,3.0,20.0,0.59302396736359
3.0,0.11111111,3.0,32.0,0.593268740438552
3.0,0.11111111,3.0,50.0,0.594003059663437
3.0,0.11111111,3.0,80.0,0.593819479857216
3.0,0.11111111,3.0,128.0,0.593676695563488
3.0,0.11111111,5.0,2.0,0.592819989801122
3.0,0.11111111,5.0,3.0,0.592819989801122
3.0,0.11111111,5.0,5.0,0.592819989801122
3.0,0.11111111,5.0,8.0,0.592819989801122
3.0,0.11111111,5.0,12.0,0.592636409994901
3.0,0.11111111,5.0,20.0,0.593248342682305
3.0,0.11111111,5.0,32.0,0.593309535951045
3.0,0.11111111,5.0,50.0,0.593901070882203
3.0,0.11111111,5.0,80.0,0.593860275369709
3.0,0.11111111,5.0,128.0,0.593676695563488
3.0,0.11111111,7.0,2.0,0.593085160632331
3.0,0.11111111,7.0,3.0,0.593085160632331
3.0,0.11111111,7.0,5.0,0.593085160632331
3.0,0.11111111,7.0,8.0,0.593085160632331
3.0,0.11111111,7.0,12.0,0.593085160632331
3.0,0.11111111,7.0,20.0,0.593411524732279
3.0,0.11111111,7.0,32.0,0.593309535951045
3.0,0.11111111,7.0,50.0,0.594003059663437
3.0,0.11111111,7.0,80.0,0.593676695563488
3.0,0.11111111,7.0,128.0,0.593676695563488
3.0,0.11111111,9.0,2.0,0.59302396736359
3.0,0.11111111,9.0,3.0,0.59302396736359
3.0,0.11111111,9.0,5.0,0.59302396736359
3.0,0.11111111,9.0,8.0,0.59302396736359
3.0,0.11111111,9.0,12.0,0.59302396736359
3.0,0.11111111,9.0,20.0,0.593309535951045
3.0,0.11111111,9.0,32.0,0.593309535951045
3.0,0.11111111,9.0,50.0,0.593839877613463
3.0,0.11111111,9.0,80.0,0.593717491075982
3.0,0.11111111,9.0,128.0,0.593839877613462
3.0,0.11111111,11.0,2.0,0.593248342682305
3.0,0.11111111,11.0,3.0,0.593248342682305
3.0,0.11111111,11.0,5.0,0.593248342682305
3.0,0.11111111,11.0,8.0,0.593248342682305
3.0,0.11111111,11.0,12.0,0.593248342682305
3.0,0.11111111,11.0,20.0,0.593248342682305
3.0,0.11111111,11.0,32.0,0.593513513513513
3.0,0.11111111,11.0,50.0,0.594064252932177
3.0,0.11111111,11.0,80.0,0.593717491075982
3.0,0.11111111,11.0,128.0,0.593493115757267
3.0,0.11111111,13.0,2.0,0.593268740438552
3.0,0.11111111,13.0,3.0,0.593268740438552
3.0,0.11111111,13.0,5.0,0.593268740438552
3.0,0.11111111,13.0,8.0,0.593268740438552
3.0,0.11111111,13.0,12.0,0.593268740438552
3.0,0.11111111,13.0,20.0,0.593268740438552
3.0,0.11111111,13.0,32.0,0.593452320244773
3.0,0.11111111,13.0,50.0,0.59398266190719
3.0,0.11111111,13.0,80.0,0.593880673125956
3.0,0.11111111,13.0,128.0,0.593574706782254
3.0,0.11111111,15.0,2.0,0.593554309026007
3.0,0.11111111,15.0,3.0,0.593554309026007
3.0,0.11111111,15.0,5.0,0.593554309026007
3.0,0.11111111,15.0,8.0,0.593554309026007
3.0,0.11111111,15.0,12.0,0.593554309026007
3.0,0.11111111,15.0,20.0,0.593554309026007
3.0,0.11111111,15.0,32.0,0.593431922488526
3.0,0.11111111,15.0,50.0,0.594105048444671
3.0,0.11111111,15.0,80.0,0.593860275369709
3.0,0.11111111,15.0,128.0,0.593554309026007
3.0,0.11111111,17.0,2.0,0.593411524732279
3.0,0.11111111,17.0,3.0,0.593411524732279
3.0,0.11111111,17.0,5.0,0.593411524732279
3.0,0.11111111,17.0,8.0,0.593411524732279
3.0,0.11111111,17.0,12.0,0.593411524732279
3.0,0.11111111,17.0,20.0,0.593411524732279
3.0,0.11111111,17.0,32.0,0.593411524732279
3.0,0.11111111,17.0,50.0,0.593962264150943
3.0,0.11111111,17.0,80.0,0.593799082100969
3.0,0.11111111,17.0,128.0,0.593350331463539
3.0,0.11111111,20.0,2.0,0.593656297807241
3.0,0.11111111,20.0,3.0,0.593656297807241
3.0,0.11111111,20.0,5.0,0.593656297807241
3.0,0.11111111,20.0,8.0,0.593656297807241
3.0,0.11111111,20.0,12.0,0.593656297807241
3.0,0.11111111,20.0,20.0,0.593656297807241
3.0,0.11111111,20.0,32.0,0.593656297807241
3.0,0.11111111,20.0,50.0,0.593941866394697
3.0,0.11111111,20.0,80.0,0.593799082100969
3.0,0.11111111,20.0,128.0,0.593697093319735
3.0,0.22222222,1.0,2.0,0.616930137684855
3.0,0.22222222,1.0,3.0,0.616950535441102
3.0,0.22222222,1.0,5.0,0.616970933197348
3.0,0.22222222,1.0,8.0,0.616807751147374
3.0,0.22222222,1.0,12.0,0.616828148903621
3.0,0.22222222,1.0,20.0,0.617072921978582
3.0,0.22222222,1.0,32.0,0.61715451300357
3.0,0.22222222,1.0,50.0,0.617256501784804
3.0,0.22222222,1.0,80.0,0.616930137684855
3.0,0.22222222,1.0,128.0,0.616991330953595
3.0,0.22222222,3.0,2.0,0.616889342172361
3.0,0.22222222,3.0,3.0,0.616889342172361
3.0,0.22222222,3.0,5.0,0.616889342172361
3.0,0.22222222,3.0,8.0,0.616828148903621
3.0,0.22222222,3.0,12.0,0.616848546659867
3.0,0.22222222,3.0,20.0,0.617093319734829
3.0,0.22222222,3.0,32.0,0.61715451300357
3.0,0.22222222,3.0,50.0,0.617236104028557
3.0,0.22222222,3.0,80.0,0.616868944416114
3.0,0.22222222,3.0,128.0,0.616828148903621
3.0,0.22222222,5.0,2.0,0.616807751147374
3.0,0.22222222,5.0,3.0,0.616807751147374
3.0,0.22222222,5.0,5.0,0.616807751147374
3.0,0.22222222,5.0,8.0,0.616807751147374
3.0,0.22222222,5.0,12.0,0.616807751147374
3.0,0.22222222,5.0,20.0,0.61715451300357
3.0,0.22222222,5.0,32.0,0.617174910759816
3.0,0.22222222,5.0,50.0,0.617236104028557
3.0,0.22222222,5.0,80.0,0.616868944416114
3.0,0.22222222,5.0,128.0,0.616889342172361
3.0,0.22222222,7.0,2.0,0.616726160122387
3.0,0.22222222,7.0,3.0,0.616726160122387
3.0,0.22222222,7.0,5.0,0.616726160122387
3.0,0.22222222,7.0,8.0,0.616726160122387
3.0,0.22222222,7.0,12.0,0.616726160122387
3.0,0.22222222,7.0,20.0,0.616991330953595
3.0,0.22222222,7.0,32.0,0.617195308516063
3.0,0.22222222,7.0,50.0,0.617256501784804
3.0,0.22222222,7.0,80.0,0.616848546659867
3.0,0.22222222,7.0,128.0,0.616930137684855
3.0,0.22222222,9.0,2.0,0.617113717491076
3.0,0.22222222,9.0,3.0,0.617113717491076
3.0,0.22222222,9.0,5.0,0.617113717491076
3.0,0.22222222,9.0,8.0,0.617113717491076
3.0,0.22222222,9.0,12.0,0.617113717491076
3.0,0.22222222,9.0,20.0,0.617052524222336
3.0,0.22222222,9.0,32.0,0.617174910759816
3.0,0.22222222,9.0,50.0,0.617297297297297
3.0,0.22222222,9.0,80.0,0.616787353391127
3.0,0.22222222,9.0,128.0,0.616807751147374
3.0,0.22222222,11.0,2.0,0.617032126466089
3.0,0.22222222,11.0,3.0,0.617032126466089
3.0,0.22222222,11.0,5.0,0.617032126466089
3.0,0.22222222,11.0,8.0,0.617032126466089
3.0,0.22222222,11.0,12.0,0.617032126466089
3.0,0.22222222,11.0,20.0,0.617032126466089
3.0,0.22222222,11.0,32.0,0.617052524222336
3.0,0.22222222,11.0,50.0,0.617174910759816
3.0,0.22222222,11.0,80.0,0.616685364609893
3.0,0.22222222,11.0,128.0,0.616807751147374
3.0,0.22222222,13.0,2.0,0.616909739928608
3.0,0.22222222,13.0,3.0,0.616909739928608
3.0,0.22222222,13.0,5.0,0.616909739928608
3.0,0.22222222,13.0,8.0,0.616909739928608
3.0,0.22222222,13.0,12.0,0.616909739928608
3.0,0.22222222,13.0,20.0,0.616909739928608
3.0,0.22222222,13.0,32.0,0.616889342172361
3.0,0.22222222,13.0,50.0,0.61715451300357
3.0,0.22222222,13.0,80.0,0.616726160122387
3.0,0.22222222,13.0,128.0,0.616848546659867
3.0,0.22222222,15.0,2.0,0.616970933197348
3.0,0.22222222,15.0,3.0,0.616970933197348
3.0,0.22222222,15.0,5.0,0.616970933197348
3.0,0.22222222,15.0,8.0,0.616970933197348
3.0,0.22222222,15.0,12.0,0.616970933197348
3.0,0.22222222,15.0,20.0,0.616970933197348
3.0,0.22222222,15.0,32.0,0.616970933197348
3.0,0.22222222,15.0,50.0,0.617174910759816
3.0,0.22222222,15.0,80.0,0.61676695563488
3.0,0.22222222,15.0,128.0,0.616868944416114
3.0,0.22222222,17.0,2.0,0.616807751147374
3.0,0.22222222,17.0,3.0,0.616807751147374
3.0,0.22222222,17.0,5.0,0.616807751147374
3.0,0.22222222,17.0,8.0,0.616807751147374
3.0,0.22222222,17.0,12.0,0.616807751147374
3.0,0.22222222,17.0,20.0,0.616807751147374
3.0,0.22222222,17.0,32.0,0.616807751147374
3.0,0.22222222,17.0,50.0,0.617011728709842
3.0,0.22222222,17.0,80.0,0.616726160122387
3.0,0.22222222,17.0,128.0,0.616848546659867
3.0,0.22222222,20.0,2.0,0.616807751147374
3.0,0.22222222,20.0,3.0,0.616807751147374
3.0,0.22222222,20.0,5.0,0.616807751147374
3.0,0.22222222,20.0,8.0,0.616807751147374
3.0,0.22222222,20.0,12.0,0.616807751147374
3.0,0.22222222,20.0,20.0,0.616807751147374
3.0,0.22222222,20.0,32.0,0.616807751147374
3.0,0.22222222,20.0,50.0,0.617174910759816
3.0,0.22222222,20.0,80.0,0.616848546659867
3.0,0.22222222,20.0,128.0,0.616970933197348
3.0,0.33333334,1.0,2.0,0.627761346251912
3.0,0.33333334,1.0,3.0,0.627761346251912
3.0,0.33333334,1.0,5.0,0.627761346251912
3.0,0.33333334,1.0,8.0,0.627761346251912
3.0,0.33333334,1.0,12.0,0.627700152983172
3.0,0.33333334,1.0,20.0,0.6278429372769
3.0,0.33333334,1.0,32.0,0.62790413054564
3.0,0.33333334,1.0,50.0,0.628128505864355
3.0,0.33333334,1.0,80.0,0.628230494645589
3.0,0.33333334,1.0,128.0,0.628210096889342
3.0,0.33333334,3.0,2.0,0.627761346251912
3.0,0.33333334,3.0,3.0,0.627761346251912
3.0,0.33333334,3.0,5.0,0.627761346251912
3.0,0.33333334,3.0,8.0,0.627761346251912
3.0,0.33333334,3.0,12.0,0.627700152983172
3.0,0.33333334,3.0,20.0,0.627822539520653
3.0,0.33333334,3.0,32.0,0.627883732789393
3.0,0.33333334,3.0,50.0,0.628128505864355
3.0,0.33333334,3.0,80.0,0.628250892401836
3.0,0.33333334,3.0,128.0,0.628210096889342
3.0,0.33333334,5.0,2.0,0.627700152983172
3.0,0.33333334,5.0,3.0,0.627700152983172
3.0,0.33333334,5.0,5.0,0.627700152983172
3.0,0.33333334,5.0,8.0,0.627700152983172
3.0,0.33333334,5.0,12.0,0.627720550739419
3.0,0.33333334,5.0,20.0,0.627781744008159
3.0,0.33333334,5.0,32.0,0.627924528301887
3.0,0.33333334,5.0,50.0,0.628087710351861
3.0,0.33333334,5.0,80.0,0.628189699133096
3.0,0.33333334,5.0,128.0,0.628210096889342
3.0,0.33333334,7.0,2.0,0.6278429372769
3.0,0.33333334,7.0,3.0,0.6278429372769
3.0,0.33333334,7.0,5.0,0.6278429372769
3.0,0.33333334,7.0,8.0,0.6278429372769
3.0,0.33333334,7.0,12.0,0.6278429372769
3.0,0.33333334,7.0,20.0,0.627802141764406
3.0,0.33333334,7.0,32.0,0.627924528301887
3.0,0.33333334,7.0,50.0,0.628108108108108
3.0,0.33333334,7.0,80.0,0.628210096889342
3.0,0.33333334,7.0,128.0,0.628189699133095
3.0,0.33333334,9.0,2.0,0.627822539520653
3.0,0.33333334,9.0,3.0,0.627822539520653
3.0,0.33333334,9.0,5.0,0.627822539520653
3.0,0.33333334,9.0,8.0,0.627822539520653
3.0,0.33333334,9.0,12.0,0.627822539520653
3.0,0.33333334,9.0,20.0,0.627802141764406
3.0,0.33333334,9.0,32.0,0.62796532381438
3.0,0.33333334,9.0,50.0,0.628026517083121
3.0,0.33333334,9.0,80.0,0.628230494645589
3.0,0.33333334,9.0,128.0,0.628312085670576
3.0,0.33333334,11.0,2.0,0.627781744008159
3.0,0.33333334,11.0,3.0,0.627781744008159
3.0,0.33333334,11.0,5.0,0.627781744008159
3.0,0.33333334,11.0,8.0,0.627781744008159
3.0,0.33333334,11.0,12.0,0.627781744008159
3.0,0.33333334,11.0,20.0,0.627781744008159
3.0,0.33333334,11.0,32.0,0.62796532381438
3.0,0.33333334,11.0,50.0,0.628087710351861
3.0,0.33333334,11.0,80.0,0.628210096889342
3.0,0.33333334,11.0,128.0,0.628250892401836
3.0,0.33333334,13.0,2.0,0.6278429372769
3.0,0.33333334,13.0,3.0,0.6278429372769
3.0,0.33333334,13.0,5.0,0.6278429372769
3.0,0.33333334,13.0,8.0,0.6278429372769
3.0,0.33333334,13.0,12.0,0.6278429372769
3.0,0.33333334,13.0,20.0,0.6278429372769
3.0,0.33333334,13.0,32.0,0.628046914839368
3.0,0.33333334,13.0,50.0,0.628087710351861
3.0,0.33333334,13.0,80.0,0.628250892401836
3.0,0.33333334,13.0,128.0,0.628250892401836
3.0,0.33333334,15.0,2.0,0.628148903620602
3.0,0.33333334,15.0,3.0,0.628148903620602
3.0,0.33333334,15.0,5.0,0.628148903620602
3.0,0.33333334,15.0,8.0,0.628148903620602
3.0,0.33333334,15.0,12.0,0.628148903620602
3.0,0.33333334,15.0,20.0,0.628148903620602
3.0,0.33333334,15.0,32.0,0.628169301376849
3.0,0.33333334,15.0,50.0,0.628006119326874
3.0,0.33333334,15.0,80.0,0.628250892401836
3.0,0.33333334,15.0,128.0,0.628210096889342
3.0,0.33333334,17.0,2.0,0.627965323814381
3.0,0.33333334,17.0,3.0,0.627965323814381
3.0,0.33333334,17.0,5.0,0.627965323814381
3.0,0.33333334,17.0,8.0,0.627965323814381
3.0,0.33333334,17.0,12.0,0.627965323814381
3.0,0.33333334,17.0,20.0,0.627965323814381
3.0,0.33333334,17.0,32.0,0.627965323814381
3.0,0.33333334,17.0,50.0,0.628026517083121
3.0,0.33333334,17.0,80.0,0.628210096889342
3.0,0.33333334,17.0,128.0,0.628128505864355
3.0,0.33333334,20.0,2.0,0.62835288118307
3.0,0.33333334,20.0,3.0,0.62835288118307
3.0,0.33333334,20.0,5.0,0.62835288118307
3.0,0.33333334,20.0,8.0,0.62835288118307
3.0,0.33333334,20.0,12.0,0.62835288118307
3.0,0.33333334,20.0,20.0,0.62835288118307
3.0,0.33333334,20.0,32.0,0.62835288118307
3.0,0.33333334,20.0,50.0,0.628067312595615
3.0,0.33333334,20.0,80.0,0.628230494645589
3.0,0.33333334,20.0,128.0,0.628148903620602
3.0,0.44444445,1.0,2.0,0.633737888832228
3.0,0.44444445,1.0,3.0,0.633737888832228
3.0,0.44444445,1.0,5.0,0.633737888832228
3.0,0.44444445,1.0,8.0,0.633778684344722
3.0,0.44444445,1.0,12.0,0.633778684344722
3.0,0.44444445,1.0,20.0,0.633737888832228
3.0,0.44444445,1.0,32.0,0.633697093319735
3.0,0.44444445,1.0,50.0,0.633717491075982
3.0,0.44444445,1.0,80.0,0.63392146863845
3.0,0.44444445,1.0,128.0,0.633799082100969
3.0,0.44444445,3.0,2.0,0.633697093319735
3.0,0.44444445,3.0,3.0,0.633697093319735
3.0,0.44444445,3.0,5.0,0.633697093319735
3.0,0.44444445,3.0,8.0,0.633697093319735
3.0,0.44444445,3.0,12.0,0.633717491075982
3.0,0.44444445,3.0,20.0,0.633656297807241
3.0,0.44444445,3.0,32.0,0.633615502294748
3.0,0.44444445,3.0,50.0,0.633676695563488
3.0,0.44444445,3.0,80.0,0.63398266190719
3.0,0.44444445,3.0,128.0,0.633758286588475
3.0,0.44444445,5.0,2.0,0.633656297807241
3.0,0.44444445,5.0,3.0,0.633656297807241
3.0,0.44444445,5.0,5.0,0.633656297807241
3.0,0.44444445,5.0,8.0,0.633656297807241
3.0,0.44444445,5.0,12.0,0.633697093319735
3.0,0.44444445,5.0,20.0,0.633635900050994
3.0,0.44444445,5.0,32.0,0.633574706782254
3.0,0.44444445,5.0,50.0,0.633656297807241
3.0,0.44444445,5.0,80.0,0.63398266190719
3.0,0.44444445,5.0,128.0,0.633737888832228
3.0,0.44444445,7.0,2.0,0.633595104538501
3.0,0.44444445,7.0,3.0,0.633595104538501
3.0,0.44444445,7.0,5.0,0.633595104538501
3.0,0.44444445,7.0,8.0,0.633595104538501
3.0,0.44444445,7.0,12.0,0.633595104538501
3.0,0.44444445,7.0,20.0,0.633574706782254
3.0,0.44444445,7.0,32.0,0.633595104538501
3.0,0.44444445,7.0,50.0,0.633676695563488
3.0,0.44444445,7.0,80.0,0.633962264150943
3.0,0.44444445,7.0,128.0,0.633697093319735
3.0,0.44444445,9.0,2.0,0.633574706782254
3.0,0.44444445,9.0,3.0,0.633574706782254
3.0,0.44444445,9.0,5.0,0.633574706782254
3.0,0.44444445,9.0,8.0,0.633574706782254
3.0,0.44444445,9.0,12.0,0.633574706782254
3.0,0.44444445,9.0,20.0,0.633574706782254
3.0,0.44444445,9.0,32.0,0.633574706782254
3.0,0.44444445,9.0,50.0,0.633656297807241
3.0,0.44444445,9.0,80.0,0.633941866394697
3.0,0.44444445,9.0,128.0,0.633717491075982
3.0,0.44444445,11.0,2.0,0.63347271800102
3.0,0.44444445,11.0,3.0,0.63347271800102
3.0,0.44444445,11.0,5.0,0.63347271800102
3.0,0.44444445,11.0,8.0,0.63347271800102
3.0,0.44444445,11.0,12.0,0.63347271800102
3.0,0.44444445,11.0,20.0,0.63347271800102
3.0,0.44444445,11.0,32.0,0.633513513513513
3.0,0.44444445,11.0,50.0,0.633554309026007
3.0,0.44444445,11.0,80.0,0.633839877613463
3.0,0.44444445,11.0,128.0,0.633758286588475
3.0,0.44444445,13.0,2.0,0.63347271800102
3.0,0.44444445,13.0,3.0,0.63347271800102
3.0,0.44444445,13.0,5.0,0.63347271800102
3.0,0.44444445,13.0,8.0,0.63347271800102
3.0,0.44444445,13.0,12.0,0.63347271800102
3.0,0.44444445,13.0,20.0,0.63347271800102
3.0,0.44444445,13.0,32.0,0.633493115757267
3.0,0.44444445,13.0,50.0,0.633574706782254
3.0,0.44444445,13.0,80.0,0.633819479857216
3.0,0.44444445,13.0,128.0,0.633676695563488
3.0,0.44444445,15.0,2.0,0.633452320244773
3.0,0.44444445,15.0,3.0,0.633452320244773
3.0,0.44444445,15.0,5.0,0.633452320244773
3.0,0.44444445,15.0,8.0,0.633452320244773
3.0,0.44444445,15.0,12.0,0.633452320244773
3.0,0.44444445,15.0,20.0,0.633452320244773
3.0,0.44444445,15.0,32.0,0.63347271800102
3.0,0.44444445,15.0,50.0,0.633635900050994
3.0,0.44444445,15.0,80.0,0.633901070882203
3.0,0.44444445,15.0,128.0,0.633656297807241
3.0,0.44444445,17.0,2.0,0.63353391126976
3.0,0.44444445,17.0,3.0,0.63353391126976
3.0,0.44444445,17.0,5.0,0.63353391126976
3.0,0.44444445,17.0,8.0,0.63353391126976
3.0,0.44444445,17.0,12.0,0.63353391126976
3.0,0.44444445,17.0,20.0,0.63353391126976
3.0,0.44444445,17.0,32.0,0.63353391126976
3.0,0.44444445,17.0,50.0,0.633697093319735
3.0,0.44444445,17.0,80.0,0.633880673125956
3.0,0.44444445,17.0,128.0,0.633656297807241
3.0,0.44444445,20.0,2.0,0.633635900050994
3.0,0.44444445,20.0,3.0,0.633635900050994
3.0,0.44444445,20.0,5.0,0.633635900050994
3.0,0.44444445,20.0,8.0,0.633635900050994
3.0,0.44444445,20.0,12.0,0.633635900050994
3.0,0.44444445,20.0,20.0,0.633635900050994
3.0,0.44444445,20.0,32.0,0.633635900050994
3.0,0.44444445,20.0,50.0,0.633676695563488
3.0,0.44444445,20.0,80.0,0.633819479857216
3.0,0.44444445,20.0,128.0,0.633635900050994
3.0,0.5555556,1.0,2.0,0.647180010198878
3.0,0.5555556,1.0,3.0,0.647180010198878
3.0,0.5555556,1.0,5.0,0.647180010198878
3.0,0.5555556,1.0,8.0,0.647180010198878
3.0,0.5555556,1.0,12.0,0.647180010198878
3.0,0.5555556,1.0,20.0,0.647159612442631
3.0,0.5555556,1.0,32.0,0.647200407955125
3.0,0.5555556,1.0,50.0,0.647139214686384
3.0,0.5555556,1.0,80.0,0.647098419173891
3.0,0.5555556,1.0,128.0,0.64742478327384
3.0,0.5555556,3.0,2.0,0.647180010198878
3.0,0.5555556,3.0,3.0,0.647180010198878
3.0,0.5555556,3.0,5.0,0.647180010198878
3.0,0.5555556,3.0,8.0,0.647180010198878
3.0,0.5555556,3.0,12.0,0.647180010198878
3.0,0.5555556,3.0,20.0,0.647159612442631
3.0,0.5555556,3.0,32.0,0.647220805711372
3.0,0.5555556,3.0,50.0,0.647159612442631
3.0,0.5555556,3.0,80.0,0.647098419173891
3.0,0.5555556,3.0,128.0,0.64742478327384
3.0,0.5555556,5.0,2.0,0.647159612442631
3.0,0.5555556,5.0,3.0,0.647159612442631
3.0,0.5555556,5.0,5.0,0.647159612442631
3.0,0.5555556,5.0,8.0,0.647159612442631
3.0,0.5555556,5.0,12.0,0.647159612442631
3.0,0.5555556,5.0,20.0,0.647139214686385
3.0,0.5555556,5.0,32.0,0.647200407955125
3.0,0.5555556,5.0,50.0,0.647118816930138
3.0,0.5555556,5.0,80.0,0.647057623661397
3.0,0.5555556,5.0,128.0,0.647383987761346
3.0,0.5555556,7.0,2.0,0.647159612442631
3.0,0.5555556,7.0,3.0,0.647159612442631
3.0,0.5555556,7.0,5.0,0.647159612442631
3.0,0.5555556,7.0,8.0,0.647159612442631
3.0,0.5555556,7.0,12.0,0.647159612442631
3.0,0.5555556,7.0,20.0,0.647139214686385
3.0,0.5555556,7.0,32.0,0.647200407955125
3.0,0.5555556,7.0,50.0,0.647118816930138
3.0,0.5555556,7.0,80.0,0.647057623661397
3.0,0.5555556,7.0,128.0,0.6473635900051
3.0,0.5555556,9.0,2.0,0.647159612442631
3.0,0.5555556,9.0,3.0,0.647159612442631
3.0,0.5555556,9.0,5.0,0.647159612442631
3.0,0.5555556,9.0,8.0,0.647159612442631
3.0,0.5555556,9.0,12.0,0.647159612442631
3.0,0.5555556,9.0,20.0,0.647159612442631
3.0,0.5555556,9.0,32.0,0.647220805711372
3.0,0.5555556,9.0,50.0,0.647118816930138
3.0,0.5555556,9.0,80.0,0.647057623661397
3.0,0.5555556,9.0,128.0,0.6473635900051
3.0,0.5555556,11.0,2.0,0.647139214686385
3.0,0.5555556,11.0,3.0,0.647139214686385
3.0,0.5555556,11.0,5.0,0.647139214686385
3.0,0.5555556,11.0,8.0,0.647139214686385
3.0,0.5555556,11.0,12.0,0.647139214686385
3.0,0.5555556,11.0,20.0,0.647139214686385
3.0,0.5555556,11.0,32.0,0.647200407955125
3.0,0.5555556,11.0,50.0,0.647098419173891
3.0,0.5555556,11.0,80.0,0.647078021417644
3.0,0.5555556,11.0,128.0,0.647383987761346
3.0,0.5555556,13.0,2.0,0.647139214686385
3.0,0.5555556,13.0,3.0,0.647139214686385
3.0,0.5555556,13.0,5.0,0.647139214686385
3.0,0.5555556,13.0,8.0,0.647139214686385
3.0,0.5555556,13.0,12.0,0.647139214686385
3.0,0.5555556,13.0,20.0,0.647139214686385
3.0,0.5555556,13.0,32.0,0.647200407955125
3.0,0.5555556,13.0,50.0,0.647118816930138
3.0,0.5555556,13.0,80.0,0.647098419173891
3.0,0.5555556,13.0,128.0,0.647404385517593
3.0,0.5555556,15.0,2.0,0.647261601223865
3.0,0.5555556,15.0,3.0,0.647261601223865
3.0,0.5555556,15.0,5.0,0.647261601223865
3.0,0.5555556,15.0,8.0,0.647261601223865
3.0,0.5555556,15.0,12.0,0.647261601223865
3.0,0.5555556,15.0,20.0,0.647261601223865
3.0,0.5555556,15.0,32.0,0.647261601223865
3.0,0.5555556,15.0,50.0,0.647159612442631
3.0,0.5555556,15.0,80.0,0.647098419173891
3.0,0.5555556,15.0,128.0,0.647404385517593
3.0,0.5555556,17.0,2.0,0.647200407955125
3.0,0.5555556,17.0,3.0,0.647200407955125
3.0,0.5555556,17.0,5.0,0.647200407955125
3.0,0.5555556,17.0,8.0,0.647200407955125
3.0,0.5555556,17.0,12.0,0.647200407955125
3.0,0.5555556,17.0,20.0,0.647200407955125
3.0,0.5555556,17.0,32.0,0.647200407955125
3.0,0.5555556,17.0,50.0,0.647118816930138
3.0,0.5555556,17.0,80.0,0.64703722590515
3.0,0.5555556,17.0,128.0,0.647383987761346
3.0,0.5555556,20.0,2.0,0.647159612442631
3.0,0.5555556,20.0,3.0,0.647159612442631
3.0,0.5555556,20.0,5.0,0.647159612442631
3.0,0.5555556,20.0,8.0,0.647159612442631
3.0,0.5555556,20.0,12.0,0.647159612442631
3.0,0.5555556,20.0,20.0,0.647159612442631
3.0,0.5555556,20.0,32.0,0.647159612442631
3.0,0.5555556,20.0,50.0,0.647057623661397
3.0,0.5555556,20.0,80.0,0.64703722590515
3.0,0.5555556,20.0,128.0,0.647383987761346
3.0,0.6666667,1.0,2.0,0.649301376848547
3.0,0.6666667,1.0,3.0,0.649301376848547
3.0,0.6666667,1.0,5.0,0.649301376848547
3.0,0.6666667,1.0,8.0,0.649301376848547
3.0,0.6666667,1.0,12.0,0.649301376848547
3.0,0.6666667,1.0,20.0,0.649321774604793
3.0,0.6666667,1.0,32.0,0.649321774604793
3.0,0.6666667,1.0,50.0,0.649240183579806
3.0,0.6666667,1.0,80.0,0.649260581336053
3.0,0.6666667,1.0,128.0,0.649240183579806
3.0,0.6666667,3.0,2.0,0.649301376848547
3.0,0.6666667,3.0,3.0,0.649301376848547
3.0,0.6666667,3.0,5.0,0.649301376848547
3.0,0.6666667,3.0,8.0,0.649301376848547
3.0,0.6666667,3.0,12.0,0.649301376848547
3.0,0.6666667,3.0,20.0,0.649321774604793
3.0,0.6666667,3.0,32.0,0.649321774604793
3.0,0.6666667,3.0,50.0,0.649240183579806
3.0,0.6666667,3.0,80.0,0.649260581336053
3.0,0.6666667,3.0,128.0,0.649240183579806
3.0,0.6666667,5.0,2.0,0.649301376848547
3.0,0.6666667,5.0,3.0,0.649301376848547
3.0,0.6666667,5.0,5.0,0.649301376848547
3.0,0.6666667,5.0,8.0,0.649301376848547
3.0,0.6666667,5.0,12.0,0.649301376848547
3.0,0.6666667,5.0,20.0,0.649321774604793
3.0,0.6666667,5.0,32.0,0.649321774604793
3.0,0.6666667,5.0,50.0,0.649240183579806
3.0,0.6666667,5.0,80.0,0.649260581336053
3.0,0.6666667,5.0,128.0,0.649240183579806
3.0,0.6666667,7.0,2.0,0.649321774604793
3.0,0.6666667,7.0,3.0,0.649321774604793
3.0,0.6666667,7.0,5.0,0.649321774604793
3.0,0.6666667,7.0,8.0,0.649321774604793
3.0,0.6666667,7.0,12.0,0.649321774604793
3.0,0.6666667,7.0,20.0,0.649321774604793
3.0,0.6666667,7.0,32.0,0.649321774604793
3.0,0.6666667,7.0,50.0,0.649240183579806
3.0,0.6666667,7.0,80.0,0.649260581336053
3.0,0.6666667,7.0,128.0,0.649240183579806
3.0,0.6666667,9.0,2.0,0.649321774604793
3.0,0.6666667,9.0,3.0,0.649321774604793
3.0,0.6666667,9.0,5.0,0.649321774604793
3.0,0.6666667,9.0,8.0,0.649321774604793
3.0,0.6666667,9.0,12.0,0.649321774604793
3.0,0.6666667,9.0,20.0,0.649321774604793
3.0,0.6666667,9.0,32.0,0.649321774604793
3.0,0.6666667,9.0,50.0,0.649240183579806
3.0,0.6666667,9.0,80.0,0.649260581336053
3.0,0.6666667,9.0,128.0,0.649240183579806
3.0,0.6666667,11.0,2.0,0.649321774604793
3.0,0.6666667,11.0,3.0,0.649321774604793
3.0,0.6666667,11.0,5.0,0.649321774604793
3.0,0.6666667,11.0,8.0,0.649321774604793
3.0,0.6666667,11.0,12.0,0.649321774604793
3.0,0.6666667,11.0,20.0,0.649321774604793
3.0,0.6666667,11.0,32.0,0.649321774604793
3.0,0.6666667,11.0,50.0,0.649240183579806
3.0,0.6666667,11.0,80.0,0.649260581336053
3.0,0.6666667,11.0,128.0,0.649240183579806
3.0,0.6666667,13.0,2.0,0.649321774604793
3.0,0.6666667,13.0,3.0,0.649321774604793
3.0,0.6666667,13.0,5.0,0.649321774604793
3.0,0.6666667,13.0,8.0,0.649321774604793
3.0,0.6666667,13.0,12.0,0.649321774604793
3.0,0.6666667,13.0,20.0,0.649321774604793
3.0,0.6666667,13.0,32.0,0.649321774604793
3.0,0.6666667,13.0,50.0,0.649240183579806
3.0,0.6666667,13.0,80.0,0.649260581336053
3.0,0.6666667,13.0,128.0,0.649240183579806
3.0,0.6666667,15.0,2.0,0.649301376848547
3.0,0.6666667,15.0,3.0,0.649301376848547
3.0,0.6666667,15.0,5.0,0.649301376848547
3.0,0.6666667,15.0,8.0,0.649301376848547
3.0,0.6666667,15.0,12.0,0.649301376848547
3.0,0.6666667,15.0,20.0,0.649301376848547
3.0,0.6666667,15.0,32.0,0.649301376848547
3.0,0.6666667,15.0,50.0,0.649219785823559
3.0,0.6666667,15.0,80.0,0.649240183579806
3.0,0.6666667,15.0,128.0,0.649240183579806
3.0,0.6666667,17.0,2.0,0.649301376848547
3.0,0.6666667,17.0,3.0,0.649301376848547
3.0,0.6666667,17.0,5.0,0.649301376848547
3.0,0.6666667,17.0,8.0,0.649301376848547
3.0,0.6666667,17.0,12.0,0.649301376848547
3.0,0.6666667,17.0,20.0,0.649301376848547
3.0,0.6666667,17.0,32.0,0.649301376848547
3.0,0.6666667,17.0,50.0,0.649219785823559
3.0,0.6666667,17.0,80.0,0.649240183579806
3.0,0.6666667,17.0,128.0,0.649240183579806
3.0,0.6666667,20.0,2.0,0.649219785823559
3.0,0.6666667,20.0,3.0,0.649219785823559
3.0,0.6666667,20.0,5.0,0.649219785823559
3.0,0.6666667,20.0,8.0,0.649219785823559
3.0,0.6666667,20.0,12.0,0.649219785823559
3.0,0.6666667,20.0,20.0,0.649219785823559
3.0,0.6666667,20.0,32.0,0.649219785823559
3.0,0.6666667,20.0,50.0,0.649219785823559
3.0,0.6666667,20.0,80.0,0.649240183579806
3.0,0.6666667,20.0,128.0,0.649240183579806
3.0,0.7777778,1.0,2.0,0.656807751147374
3.0,0.7777778,1.0,3.0,0.656807751147374
3.0,0.7777778,1.0,5.0,0.656807751147374
3.0,0.7777778,1.0,8.0,0.656807751147374
3.0,0.7777778,1.0,12.0,0.656807751147374
3.0,0.7777778,1.0,20.0,0.656807751147374
3.0,0.7777778,1.0,32.0,0.656807751147374
3.0,0.7777778,1.0,50.0,0.656807751147374
3.0,0.7777778,1.0,80.0,0.656807751147374
3.0,0.7777778,1.0,128.0,0.656807751147374
3.0,0.7777778,3.0,2.0,0.656807751147374
3.0,0.7777778,3.0,3.0,0.656807751147374
3.0,0.7777778,3.0,5.0,0.656807751147374
3.0,0.7777778,3.0,8.0,0.656807751147374
3.0,0.7777778,3.0,12.0,0.656807751147374
3.0,0.7777778,3.0,20.0,0.656807751147374
3.0,0.7777778,3.0,32.0,0.656807751147374
3.0,0.7777778,3.0,50.0,0.656807751147374
3.0,0.7777778,3.0,80.0,0.656807751147374
3.0,0.7777778,3.0,128.0,0.656807751147374
3.0,0.7777778,5.0,2.0,0.656807751147374
3.0,0.7777778,5.0,3.0,0.656807751147374
3.0,0.7777778,5.0,5.0,0.656807751147374
3.0,0.7777778,5.0,8.0,0.656807751147374
3.0,0.7777778,5.0,12.0,0.656807751147374
3.0,0.7777778,5.0,20.0,0.656807751147374
3.0,0.7777778,5.0,32.0,0.656807751147374
3.0,0.7777778,5.0,50.0,0.656807751147374
3.0,0.7777778,5.0,80.0,0.656807751147374
3.0,0.7777778,5.0,128.0,0.656807751147374
3.0,0.7777778,7.0,2.0,0.656807751147374
3.0,0.7777778,7.0,3.0,0.656807751147374
3.0,0.7777778,7.0,5.0,0.656807751147374
3.0,0.7777778,7.0,8.0,0.656807751147374
3.0,0.7777778,7.0,12.0,0.656807751147374
3.0,0.7777778,7.0,20.0,0.656807751147374
3.0,0.7777778,7.0,32.0,0.656807751147374
3.0,0.7777778,7.0,50.0,0.656807751147374
3.0,0.7777778,7.0,80.0,0.656807751147374
3.0,0.7777778,7.0,128.0,0.656807751147374
3.0,0.7777778,9.0,2.0,0.656807751147374
3.0,0.7777778,9.0,3.0,0.656807751147374
3.0,0.7777778,9.0,5.0,0.656807751147374
3.0,0.7777778,9.0,8.0,0.656807751147374
3.0,0.7777778,9.0,12.0,0.656807751147374
3.0,0.7777778,9.0,20.0,0.656807751147374
3.0,0.7777778,9.0,32.0,0.656807751147374
3.0,0.7777778,9.0,50.0,0.656807751147374
3.0,0.7777778,9.0,80.0,0.656807751147374
3.0,0.7777778,9.0,128.0,0.656807751147374
3.0,0.7777778,11.0,2.0,0.656807751147374
3.0,0.7777778,11.0,3.0,0.656807751147374
3.0,0.7777778,11.0,5.0,0.656807751147374
3.0,0.7777778,11.0,8.0,0.656807751147374
3.0,0.7777778,11.0,12.0,0.656807751147374
3.0,0.7777778,11.0,20.0,0.656807751147374
3.0,0.7777778,11.0,32.0,0.656807751147374
3.0,0.7777778,11.0,50.0,0.656807751147374
3.0,0.7777778,11.0,80.0,0.656807751147374
3.0,0.7777778,11.0,128.0,0.656807751147374
3.0,0.7777778,13.0,2.0,0.656807751147374
3.0,0.7777778,13.0,3.0,0.656807751147374
3.0,0.7777778,13.0,5.0,0.656807751147374
3.0,0.7777778,13.0,8.0,0.656807751147374
3.0,0.7777778,13.0,12.0,0.656807751147374
3.0,0.7777778,13.0,20.0,0.656807751147374
3.0,0.7777778,13.0,32.0,0.656807751147374
3.0,0.7777778,13.0,50.0,0.656807751147374
3.0,0.7777778,13.0,80.0,0.656807751147374
3.0,0.7777778,13.0,128.0,0.656807751147374
3.0,0.7777778,15.0,2.0,0.656807751147374
3.0,0.7777778,15.0,3.0,0.656807751147374
3.0,0.7777778,15.0,5.0,0.656807751147374
3.0,0.7777778,15.0,8.0,0.656807751147374
3.0,0.7777778,15.0,12.0,0.656807751147374
3.0,0.7777778,15.0,20.0,0.656807751147374
3.0,0.7777778,15.0,32.0,0.656807751147374
3.0,0.7777778,15.0,50.0,0.656807751147374
3.0,0.7777778,15.0,80.0,0.656807751147374
3.0,0.7777778,15.0,128.0,0.656807751147374
3.0,0.7777778,17.0,2.0,0.656807751147374
3.0,0.7777778,17.0,3.0,0.656807751147374
3.0,0.7777778,17.0,5.0,0.656807751147374
3.0,0.7777778,17.0,8.0,0.656807751147374
3.0,0.7777778,17.0,12.0,0.656807751147374
3.0,0.7777778,17.0,20.0,0.656807751147374
3.0,0.7777778,17.0,32.0,0.656807751147374
3.0,0.7777778,17.0,50.0,0.656807751147374
3.0,0.7777778,17.0,80.0,0.656807751147374
3.0,0.7777778,17.0,128.0,0.656807751147374
3.0,0.7777778,20.0,2.0,0.656807751147374
3.0,0.7777778,20.0,3.0,0.656807751147374
3.0,0.7777778,20.0,5.0,0.656807751147374
3.0,0.7777778,20.0,8.0,0.656807751147374
3.0,0.7777778,20.0,12.0,0.656807751147374
3.0,0.7777778,20.0,20.0,0.656807751147374
3.0,0.7777778,20.0,32.0,0.656807751147374
3.0,0.7777778,20.0,50.0,0.656807751147374
3.0,0.7777778,20.0,80.0,0.656807751147374
3.0,0.7777778,20.0,128.0,0.656807751147374
3.0,0.8888889,1.0,2.0,0.660438551759306
3.0,0.8888889,1.0,3.0,0.660438551759306
3.0,0.8888889,1.0,5.0,0.660438551759306
3.0,0.8888889,1.0,8.0,0.660438551759306
3.0,0.8888889,1.0,12.0,0.660438551759306
3.0,0.8888889,1.0,20.0,0.660438551759306
3.0,0.8888889,1.0,32.0,0.660438551759306
3.0,0.8888889,1.0,50.0,0.660438551759306
3.0,0.8888889,1.0,80.0,0.660438551759306
3.0,0.8888889,1.0,128.0,0.660438551759306
3.0,0.8888889,3.0,2.0,0.660438551759306
3.0,0.8888889,3.0,3.0,0.660438551759306
3.0,0.8888889,3.0,5.0,0.660438551759306
3.0,0.8888889,3.0,8.0,0.660438551759306
3.0,0.8888889,3.0,12.0,0.660438551759306
3.0,0.8888889,3.0,20.0,0.660438551759306
3.0,0.8888889,3.0,32.0,0.660438551759306
3.0,0.8888889,3.0,50.0,0.660438551759306
3.0,0.8888889,3.0,80.0,0.660438551759306
3.0,0.8888889,3.0,128.0,0.660438551759306
3.0,0.8888889,5.0,2.0,0.660438551759306
3.0,0.8888889,5.0,3.0,0.660438551759306
3.0,0.8888889,5.0,5.0,0.660438551759306
3.0,0.8888889,5.0,8.0,0.660438551759306
3.0,0.8888889,5.0,12.0,0.660438551759306
3.0,0.8888889,5.0,20.0,0.660438551759306
3.0,0.8888889,5.0,32.0,0.660438551759306
3.0,0.8888889,5.0,50.0,0.660438551759306
3.0,0.8888889,5.0,80.0,0.660438551759306
3.0,0.8888889,5.0,128.0,0.660438551759306
3.0,0.8888889,7.0,2.0,0.660438551759306
3.0,0.8888889,7.0,3.0,0.660438551759306
3.0,0.8888889,7.0,5.0,0.660438551759306
3.0,0.8888889,7.0,8.0,0.660438551759306
3.0,0.8888889,7.0,12.0,0.660438551759306
3.0,0.8888889,7.0,20.0,0.660438551759306
3.0,0.8888889,7.0,32.0,0.660438551759306
3.0,0.8888889,7.0,50.0,0.660438551759306
3.0,0.8888889,7.0,80.0,0.660438551759306
3.0,0.8888889,7.0,128.0,0.660438551759306
3.0,0.8888889,9.0,2.0,0.660438551759306
3.0,0.8888889,9.0,3.0,0.660438551759306
3.0,0.8888889,9.0,5.0,0.660438551759306
3.0,0.8888889,9.0,8.0,0.660438551759306
3.0,0.8888889,9.0,12.0,0.660438551759306
3.0,0.8888889,9.0,20.0,0.660438551759306
3.0,0.8888889,9.0,32.0,0.660438551759306
3.0,0.8888889,9.0,50.0,0.660438551759306
3.0,0.8888889,9.0,80.0,0.660438551759306
3.0,0.8888889,9.0,128.0,0.660438551759306
3.0,0.8888889,11.0,2.0,0.660438551759306
3.0,0.8888889,11.0,3.0,0.660438551759306
3.0,0.8888889,11.0,5.0,0.660438551759306
3.0,0.8888889,11.0,8.0,0.660438551759306
3.0,0.8888889,11.0,12.0,0.660438551759306
3.0,0.8888889,11.0,20.0,0.660438551759306
3.0,0.8888889,11.0,32.0,0.660438551759306
3.0,0.8888889,11.0,50.0,0.660438551759306
3.0,0.8888889,11.0,80.0,0.660438551759306
3.0,0.8888889,11.0,128.0,0.660438551759306
3.0,0.8888889,13.0,2.0,0.660438551759306
3.0,0.8888889,13.0,3.0,0.660438551759306
3.0,0.8888889,13.0,5.0,0.660438551759306
3.0,0.8888889,13.0,8.0,0.660438551759306
3.0,0.8888889,13.0,12.0,0.660438551759306
3.0,0.8888889,13.0,20.0,0.660438551759306
3.0,0.8888889,13.0,32.0,0.660438551759306
3.0,0.8888889,13.0,50.0,0.660438551759306
3.0,0.8888889,13.0,80.0,0.660438551759306
3.0,0.8888889,13.0,128.0,0.660438551759306
3.0,0.8888889,15.0,2.0,0.660438551759306
3.0,0.8888889,15.0,3.0,0.660438551759306
3.0,0.8888889,15.0,5.0,0.660438551759306
3.0,0.8888889,15.0,8.0,0.660438551759306
3.0,0.8888889,15.0,12.0,0.660438551759306
3.0,0.8888889,15.0,20.0,0.660438551759306
3.0,0.8888889,15.0,32.0,0.660438551759306
3.0,0.8888889,15.0,50.0,0.660438551759306
3.0,0.8888889,15.0,80.0,0.660438551759306
3.0,0.8888889,15.0,128.0,0.660438551759306
3.0,0.8888889,17.0,2.0,0.660438551759306
3.0,0.8888889,17.0,3.0,0.660438551759306
3.0,0.8888889,17.0,5.0,0.660438551759306
3.0,0.8888889,17.0,8.0,0.660438551759306
3.0,0.8888889,17.0,12.0,0.660438551759306
3.0,0.8888889,17.0,20.0,0.660438551759306
3.0,0.8888889,17.0,32.0,0.660438551759306
3.0,0.8888889,17.0,50.0,0.660438551759306
3.0,0.8888889,17.0,80.0,0.660438551759306
3.0,0.8888889,17.0,128.0,0.660438551759306
3.0,0.8888889,20.0,2.0,0.660438551759306
3.0,0.8888889,20.0,3.0,0.660438551759306
3.0,0.8888889,20.0,5.0,0.660438551759306
3.0,0.8888889,20.0,8.0,0.660438551759306
3.0,0.8888889,20.0,12.0,0.660438551759306
3.0,0.8888889,20.0,20.0,0.660438551759306
3.0,0.8888889,20.0,32.0,0.660438551759306
3.0,0.8888889,20.0,50.0,0.660438551759306
3.0,0.8888889,20.0,80.0,0.660438551759306
3.0,0.8888889,20.0,128.0,0.660438551759306
3.0,1.0,1.0,2.0,0.644569097399286
3.0,1.0,1.0,3.0,0.644569097399286
3.0,1.0,1.0,5.0,0.644569097399286
3.0,1.0,1.0,8.0,0.644569097399286
3.0,1.0,1.0,12.0,0.644569097399286
3.0,1.0,1.0,20.0,0.644569097399286
3.0,1.0,1.0,32.0,0.644569097399286
3.0,1.0,1.0,50.0,0.644569097399286
3.0,1.0,1.0,80.0,0.644569097399286
3.0,1.0,1.0,128.0,0.644569097399286
3.0,1.0,3.0,2.0,0.644569097399286
3.0,1.0,3.0,3.0,0.644569097399286
3.0,1.0,3.0,5.0,0.644569097399286
3.0,1.0,3.0,8.0,0.644569097399286
3.0,1.0,3.0,12.0,0.644569097399286
3.0,1.0,3.0,20.0,0.644569097399286
3.0,1.0,3.0,32.0,0.644569097399286
3.0,1.0,3.0,50.0,0.644569097399286
3.0,1.0,3.0,80.0,0.644569097399286
3.0,1.0,3.0,128.0,0.644569097399286
3.0,1.0,5.0,2.0,0.644569097399286
3.0,1.0,5.0,3.0,0.644569097399286
3.0,1.0,5.0,5.0,0.644569097399286
3.0,1.0,5.0,8.0,0.644569097399286
3.0,1.0,5.0,12.0,0.644569097399286
3.0,1.0,5.0,20.0,0.644569097399286
3.0,1.0,5.0,32.0,0.644569097399286
3.0,1.0,5.0,50.0,0.644569097399286
3.0,1.0,5.0,80.0,0.644569097399286
3.0,1.0,5.0,128.0,0.644569097399286
3.0,1.0,7.0,2.0,0.644569097399286
3.0,1.0,7.0,3.0,0.644569097399286
3.0,1.0,7.0,5.0,0.644569097399286
3.0,1.0,7.0,8.0,0.644569097399286
3.0,1.0,7.0,12.0,0.644569097399286
3.0,1.0,7.0,20.0,0.644569097399286
3.0,1.0,7.0,32.0,0.644569097399286
3.0,1.0,7.0,50.0,0.644569097399286
3.0,1.0,7.0,80.0,0.644569097399286
3.0,1.0,7.0,128.0,0.644569097399286
3.0,1.0,9.0,2.0,0.644569097399286
3.0,1.0,9.0,3.0,0.644569097399286
3.0,1.0,9.0,5.0,0.644569097399286
3.0,1.0,9.0,8.0,0.644569097399286
3.0,1.0,9.0,12.0,0.644569097399286
3.0,1.0,9.0,20.0,0.644569097399286
3.0,1.0,9.0,32.0,0.644569097399286
3.0,1.0,9.0,50.0,0.644569097399286
3.0,1.0,9.0,80.0,0.644569097399286
3.0,1.0,9.0,128.0,0.644569097399286
3.0,1.0,11.0,2.0,0.644569097399286
3.0,1.0,11.0,3.0,0.644569097399286
3.0,1.0,11.0,5.0,0.644569097399286
3.0,1.0,11.0,8.0,0.644569097399286
3.0,1.0,11.0,12.0,0.644569097399286
3.0,1.0,11.0,20.0,0.644569097399286
3.0,1.0,11.0,32.0,0.644569097399286
3.0,1.0,11.0,50.0,0.644569097399286
3.0,1.0,11.0,80.0,0.644569097399286
3.0,1.0,11.0,128.0,0.644569097399286
3.0,1.0,13.0,2.0,0.644569097399286
3.0,1.0,13.0,3.0,0.644569097399286
3.0,1.0,13.0,5.0,0.644569097399286
3.0,1.0,13.0,8.0,0.644569097399286
3.0,1.0,13.0,12.0,0.644569097399286
3.0,1.0,13.0,20.0,0.644569097399286
3.0,1.0,13.0,32.0,0.644569097399286
3.0,1.0,13.0,50.0,0.644569097399286
3.0,1.0,13.0,80.0,0.644569097399286
3.0,1.0,13.0,128.0,0.644569097399286
3.0,1.0,15.0,2.0,0.644569097399286
3.0,1.0,15.0,3.0,0.644569097399286
3.0,1.0,15.0,5.0,0.644569097399286
3.0,1.0,15.0,8.0,0.644569097399286
3.0,1.0,15.0,12.0,0.644569097399286
3.0,1.0,15.0,20.0,0.644569097399286
3.0,1.0,15.0,32.0,0.644569097399286
3.0,1.0,15.0,50.0,0.644569097399286
3.0,1.0,15.0,80.0,0.644569097399286
3.0,1.0,15.0,128.0,0.644569097399286
3.0,1.0,17.0,2.0,0.644569097399286
3.0,1.0,17.0,3.0,0.644569097399286
3.0,1.0,17.0,5.0,0.644569097399286
3.0,1.0,17.0,8.0,0.644569097399286
3.0,1.0,17.0,12.0,0.644569097399286
3.0,1.0,17.0,20.0,0.644569097399286
3.0,1.0,17.0,32.0,0.644569097399286
3.0,1.0,17.0,50.0,0.644569097399286
3.0,1.0,17.0,80.0,0.644569097399286
3.0,1.0,17.0,128.0,0.644569097399286
3.0,1.0,20.0,2.0,0.644569097399286
3.0,1.0,20.0,3.0,0.644569097399286
3.0,1.0,20.0,5.0,0.644569097399286
3.0,1.0,20.0,8.0,0.644569097399286
3.0,1.0,20.0,12.0,0.644569097399286
3.0,1.0,20.0,20.0,0.644569097399286
3.0,1.0,20.0,32.0,0.644569097399286
3.0,1.0,20.0,50.0,0.644569097399286
3.0,1.0,20.0,80.0,0.644569097399286
3.0,1.0,20.0,128.0,0.644569097399286
5.0,0.0,1.0,2.0,0.619479857215706
5.0,0.0,1.0,3.0,0.619275879653238
5.0,0.0,1.0,5.0,0.620336562978072
5.0,0.0,1.0,8.0,0.619867414584396
5.0,0.0,1.0,12.0,0.619908210096889
5.0,0.0,1.0,20.0,0.619908210096889
5.0,0.0,1.0,32.0,0.6204793472718
5.0,0.0,1.0,50.0,0.620846506884243
5.0,0.0,1.0,80.0,0.619949005609383
5.0,0.0,1.0,128.0,0.620112187659357
5.0,0.0,3.0,2.0,0.619949005609383
5.0,0.0,3.0,3.0,0.619949005609383
5.0,0.0,3.0,5.0,0.619949005609383
5.0,0.0,3.0,8.0,0.61996940336563
5.0,0.0,3.0,12.0,0.619745028046915
5.0,0.0,3.0,20.0,0.620458949515553
5.0,0.0,3.0,32.0,0.620193778684345
5.0,0.0,3.0,50.0,0.620907700152983
5.0,0.0,3.0,80.0,0.619847016828149
5.0,0.0,3.0,128.0,0.620152983171851
5.0,0.0,5.0,2.0,0.620601733809281
5.0,0.0,5.0,3.0,0.620601733809281
5.0,0.0,5.0,5.0,0.620601733809281
5.0,0.0,5.0,8.0,0.620601733809281
5.0,0.0,5.0,12.0,0.620356960734319
5.0,0.0,5.0,20.0,0.620112187659357
5.0,0.0,5.0,32.0,0.62003059663437
5.0,0.0,5.0,50.0,0.620581336053034
5.0,0.0,5.0,80.0,0.620010198878123
5.0,0.0,5.0,128.0,0.620010198878123
5.0,0.0,7.0,2.0,0.620560938296787
5.0,0.0,7.0,3.0,0.620560938296787
5.0,0.0,7.0,5.0,0.620560938296787
5.0,0.0,7.0,8.0,0.620560938296787
5.0,0.0,7.0,12.0,0.620560938296787
5.0,0.0,7.0,20.0,0.620132585415604
5.0,0.0,7.0,32.0,0.619949005609383
5.0,0.0,7.0,50.0,0.620948495665477
5.0,0.0,7.0,80.0,0.620071392146864
5.0,0.0,7.0,128.0,0.620091789903111
5.0,0.0,9.0,2.0,0.619949005609383
5.0,0.0,9.0,3.0,0.619949005609383
5.0,0.0,9.0,5.0,0.619949005609383
5.0,0.0,9.0,8.0,0.619949005609383
5.0,0.0,9.0,12.0,0.619949005609383
5.0,0.0,9.0,20.0,0.619765425803162
5.0,0.0,9.0,32.0,0.619867414584396
5.0,0.0,9.0,50.0,0.620683324834268
5.0,0.0,9.0,80.0,0.620560938296787
5.0,0.0,9.0,128.0,0.619745028046915
5.0,0.0,11.0,2.0,0.620214176440592
5.0,0.0,11.0,3.0,0.620214176440592
5.0,0.0,11.0,5.0,0.620214176440592
5.0,0.0,11.0,8.0,0.620214176440592
5.0,0.0,11.0,12.0,0.620214176440592
5.0,0.0,11.0,20.0,0.620214176440592
5.0,0.0,11.0,32.0,0.620234574196838
5.0,0.0,11.0,50.0,0.620826109127996
5.0,0.0,11.0,80.0,0.621152473227945
5.0,0.0,11.0,128.0,0.619561448240694
5.0,0.0,13.0,2.0,0.61913309535951
5.0,0.0,13.0,3.0,0.61913309535951
5.0,0.0,13.0,5.0,0.61913309535951
5.0,0.0,13.0,8.0,0.61913309535951
5.0,0.0,13.0,12.0,0.61913309535951
5.0,0.0,13.0,20.0,0.61913309535951
5.0,0.0,13.0,32.0,0.620316165221826
5.0,0.0,13.0,50.0,0.620173380928098
5.0,0.0,13.0,80.0,0.620764915859256
5.0,0.0,13.0,128.0,0.619561448240693
5.0,0.0,15.0,2.0,0.619663437021928
5.0,0.0,15.0,3.0,0.619663437021928
5.0,0.0,15.0,5.0,0.619663437021928
5.0,0.0,15.0,8.0,0.619663437021928
5.0,0.0,15.0,12.0,0.619663437021928
5.0,0.0,15.0,20.0,0.619663437021928
5.0,0.0,15.0,32.0,0.620397756246813
5.0,0.0,15.0,50.0,0.62086690464049
5.0,0.0,15.0,80.0,0.620744518103009
5.0,0.0,15.0,128.0,0.619500254971953
5.0,0.0,17.0,2.0,0.620438551759307
5.0,0.0,17.0,3.0,0.620438551759307
5.0,0.0,17.0,5.0,0.620438551759307
5.0,0.0,17.0,8.0,0.620438551759307
5.0,0.0,17.0,12.0,0.620438551759307
5.0,0.0,17.0,20.0,0.620438551759307
5.0,0.0,17.0,32.0,0.620438551759307
5.0,0.0,17.0,50.0,0.620805711371749
5.0,0.0,17.0,80.0,0.620520142784294
5.0,0.0,17.0,128.0,0.619806221315655
5.0,0.0,20.0,2.0,0.619928607853136
5.0,0.0,20.0,3.0,0.619928607853136
5.0,0.0,20.0,5.0,0.619928607853136
5.0,0.0,20.0,8.0,0.619928607853136
5.0,0.0,20.0,12.0,0.619928607853136
5.0,0.0,20.0,20.0,0.619928607853136
5.0,0.0,20.0,32.0,0.619928607853136
5.0,0.0,20.0,50.0,0.62092809790923
5.0,0.0,20.0,80.0,0.620173380928098
5.0,0.0,20.0,128.0,0.619908210096889
5.0,0.11111111,1.0,2.0,0.619479857215706
5.0,0.11111111,1.0,3.0,0.619275879653238
5.0,0.11111111,1.0,5.0,0.620336562978072
5.0,0.11111111,1.0,8.0,0.619867414584396
5.0,0.11111111,1.0,12.0,0.619908210096889
5.0,0.11111111,1.0,20.0,0.619908210096889
5.0,0.11111111,1.0,32.0,0.6204793472718
5.0,0.11111111,1.0,50.0,0.620846506884243
5.0,0.11111111,1.0,80.0,0.619949005609383
5.0,0.11111111,1.0,128.0,0.620112187659357
5.0,0.11111111,3.0,2.0,0.619949005609383
5.0,0.11111111,3.0,3.0,0.619949005609383
5.0,0.11111111,3.0,5.0,0.619949005609383
5.0,0.11111111,3.0,8.0,0.61996940336563
5.0,0.11111111,3.0,12.0,0.619745028046915
5.0,0.11111111,3.0,20.0,0.620458949515553
5.0,0.11111111,3.0,32.0,0.620193778684345
5.0,0.11111111,3.0,50.0,0.620907700152983
5.0,0.11111111,3.0,80.0,0.619847016828149
5.0,0.11111111,3.0,128.0,0.620152983171851
5.0,0.11111111,5.0,2.0,0.620601733809281
5.0,0.11111111,5.0,3.0,0.620601733809281
5.0,0.11111111,5.0,5.0,0.620601733809281
5.0,0.11111111,5.0,8.0,0.620601733809281
5.0,0.11111111,5.0,12.0,0.620356960734319
5.0,0.11111111,5.0,20.0,0.620112187659357
5.0,0.11111111,5.0,32.0,0.62003059663437
5.0,0.11111111,5.0,50.0,0.620581336053034
5.0,0.11111111,5.0,80.0,0.620010198878123
5.0,0.11111111,5.0,128.0,0.620010198878123
5.0,0.11111111,7.0,2.0,0.620560938296787
5.0,0.11111111,7.0,3.0,0.620560938296787
5.0,0.11111111,7.0,5.0,0.620560938296787
5.0,0.11111111,7.0,8.0,0.620560938296787
5.0,0.11111111,7.0,12.0,0.620560938296787
5.0,0.11111111,7.0,20.0,0.620132585415604
5.0,0.11111111,7.0,32.0,0.619949005609383
5.0,0.11111111,7.0,50.0,0.620948495665477
5.0,0.11111111,7.0,80.0,0.620071392146864
5.0,0.11111111,7.0,128.0,0.620091789903111
5.0,0.11111111,9.0,2.0,0.619949005609383
5.0,0.11111111,9.0,3.0,0.619949005609383
5.0,0.11111111,9.0,5.0,0.619949005609383
5.0,0.11111111,9.0,8.0,0.619949005609383
5.0,0.11111111,9.0,12.0,0.619949005609383
5.0,0.11111111,9.0,20.0,0.619765425803162
5.0,0.11111111,9.0,32.0,0.619867414584396
5.0,0.11111111,9.0,50.0,0.620683324834268
5.0,0.11111111,9.0,80.0,0.620560938296787
5.0,0.11111111,9.0,128.0,0.619745028046915
5.0,0.11111111,11.0,2.0,0.620214176440592
5.0,0.11111111,11.0,3.0,0.620214176440592
5.0,0.11111111,11.0,5.0,0.620214176440592
5.0,0.11111111,11.0,8.0,0.620214176440592
5.0,0.11111111,11.0,12.0,0.620214176440592
5.0,0.11111111,11.0,20.0,0.620214176440592
5.0,0.11111111,11.0,32.0,0.620234574196838
5.0,0.11111111,11.0,50.0,0.620826109127996
5.0,0.11111111,11.0,80.0,0.621152473227945
5.0,0.11111111,11.0,128.0,0.619561448240694
5.0,0.11111111,13.0,2.0,0.61913309535951
5.0,0.11111111,13.0,3.0,0.61913309535951
5.0,0.11111111,13.0,5.0,0.61913309535951
5.0,0.11111111,13.0,8.0,0.61913309535951
5.0,0.11111111,13.0,12.0,0.61913309535951
5.0,0.11111111,13.0,20.0,0.61913309535951
5.0,0.11111111,13.0,32.0,0.620316165221826
5.0,0.11111111,13.0,50.0,0.620173380928098
5.0,0.11111111,13.0,80.0,0.620764915859256
5.0,0.11111111,13.0,128.0,0.619561448240693
5.0,0.11111111,15.0,2.0,0.619663437021928
5.0,0.11111111,15.0,3.0,0.619663437021928
5.0,0.11111111,15.0,5.0,0.619663437021928
5.0,0.11111111,15.0,8.0,0.619663437021928
5.0,0.11111111,15.0,12.0,0.619663437021928
5.0,0.11111111,15.0,20.0,0.619663437021928
5.0,0.11111111,15.0,32.0,0.620397756246813
5.0,0.11111111,15.0,50.0,0.62086690464049
5.0,0.11111111,15.0,80.0,0.620744518103009
5.0,0.11111111,15.0,128.0,0.619500254971953
5.0,0.11111111,17.0,2.0,0.620438551759307
5.0,0.11111111,17.0,3.0,0.620438551759307
5.0,0.11111111,17.0,5.0,0.620438551759307
5.0,0.11111111,17.0,8.0,0.620438551759307
5.0,0.11111111,17.0,12.0,0.620438551759307
5.0,0.11111111,17.0,20.0,0.620438551759307
5.0,0.11111111,17.0,32.0,0.620438551759307
5.0,0.11111111,17.0,50.0,0.620805711371749
5.0,0.11111111,17.0,80.0,0.620520142784294
5.0,0.11111111,17.0,128.0,0.619806221315655
5.0,0.11111111,20.0,2.0,0.619928607853136
5.0,0.11111111,20.0,3.0,0.619928607853136
5.0,0.11111111,20.0,5.0,0.619928607853136
5.0,0.11111111,20.0,8.0,0.619928607853136
5.0,0.11111111,20.0,12.0,0.619928607853136
5.0,0.11111111,20.0,20.0,0.619928607853136
5.0,0.11111111,20.0,32.0,0.619928607853136
5.0,0.11111111,20.0,50.0,0.62092809790923
5.0,0.11111111,20.0,80.0,0.620173380928098
5.0,0.11111111,20.0,128.0,0.619908210096889
5.0,0.22222222,1.0,2.0,0.650770015298317
5.0,0.22222222,1.0,3.0,0.65074961754207
5.0,0.22222222,1.0,5.0,0.650402855685875
5.0,0.22222222,1.0,8.0,0.650545639979602
5.0,0.22222222,1.0,12.0,0.650953595104539
5.0,0.22222222,1.0,20.0,0.650545639979602
5.0,0.22222222,1.0,32.0,0.650586435492096
5.0,0.22222222,1.0,50.0,0.651259561448241
5.0,0.22222222,1.0,80.0,0.65158592554819
5.0,0.22222222,1.0,128.0,0.651789903110658
5.0,0.22222222,3.0,2.0,0.650790413054564
5.0,0.22222222,3.0,3.0,0.650790413054564
5.0,0.22222222,3.0,5.0,0.650790413054564
5.0,0.22222222,3.0,8.0,0.650504844467109
5.0,0.22222222,3.0,12.0,0.650198878123406
5.0,0.22222222,3.0,20.0,0.650198878123406
5.0,0.22222222,3.0,32.0,0.65068842427333
5.0,0.22222222,3.0,50.0,0.651259561448241
5.0,0.22222222,3.0,80.0,0.651565527791943
5.0,0.22222222,3.0,128.0,0.651810300866905
5.0,0.22222222,5.0,2.0,0.650892401835798
5.0,0.22222222,5.0,3.0,0.650892401835798
5.0,0.22222222,5.0,5.0,0.650892401835798
5.0,0.22222222,5.0,8.0,0.650892401835798
5.0,0.22222222,5.0,12.0,0.650362060173381
5.0,0.22222222,5.0,20.0,0.650566037735849
5.0,0.22222222,5.0,32.0,0.650851606323305
5.0,0.22222222,5.0,50.0,0.651381947985722
5.0,0.22222222,5.0,80.0,0.651320754716981
5.0,0.22222222,5.0,128.0,0.651524732279449
5.0,0.22222222,7.0,2.0,0.651055583885772
5.0,0.22222222,7.0,3.0,0.651055583885772
5.0,0.22222222,7.0,5.0,0.651055583885772
5.0,0.22222222,7.0,8.0,0.651055583885772
5.0,0.22222222,7.0,12.0,0.651055583885772
5.0,0.22222222,7.0,20.0,0.650464048954615
5.0,0.22222222,7.0,32.0,0.65113717491076
5.0,0.22222222,7.0,50.0,0.651708312085671
5.0,0.22222222,7.0,80.0,0.651300356960734
5.0,0.22222222,7.0,128.0,0.65164711881693
5.0,0.22222222,9.0,2.0,0.650647628760836
5.0,0.22222222,9.0,3.0,0.650647628760836
5.0,0.22222222,9.0,5.0,0.650647628760836
5.0,0.22222222,9.0,8.0,0.650647628760836
5.0,0.22222222,9.0,12.0,0.650647628760836
5.0,0.22222222,9.0,20.0,0.650545639979602
5.0,0.22222222,9.0,32.0,0.6511983681795
5.0,0.22222222,9.0,50.0,0.651443141254462
5.0,0.22222222,9.0,80.0,0.651606323304436
5.0,0.22222222,9.0,128.0,0.651728709841917
5.0,0.22222222,11.0,2.0,0.650566037735849
5.0,0.22222222,11.0,3.0,0.650566037735849
5.0,0.22222222,11.0,5.0,0.650566037735849
5.0,0.22222222,11.0,8.0,0.650566037735849
5.0,0.22222222,11.0,12.0,0.650566037735849
5.0,0.22222222,11.0,20.0,0.650566037735849
5.0,0.22222222,11.0,32.0,0.651565527791943
5.0,0.22222222,11.0,50.0,0.651239163691994
5.0,0.22222222,11.0,80.0,0.65113717491076
5.0,0.22222222,11.0,128.0,0.651728709841917
5.0,0.22222222,13.0,2.0,0.651014788373279
5.0,0.22222222,13.0,3.0,0.651014788373279
5.0,0.22222222,13.0,5.0,0.651014788373279
5.0,0.22222222,13.0,8.0,0.651014788373279
5.0,0.22222222,13.0,12.0,0.651014788373279
5.0,0.22222222,13.0,20.0,0.651014788373279
5.0,0.22222222,13.0,32.0,0.651871494135645
5.0,0.22222222,13.0,50.0,0.651075981642019
5.0,0.22222222,13.0,80.0,0.650566037735849
5.0,0.22222222,13.0,128.0,0.651871494135645
5.0,0.22222222,15.0,2.0,0.651973482916879
5.0,0.22222222,15.0,3.0,0.651973482916879
5.0,0.22222222,15.0,5.0,0.651973482916879
5.0,0.22222222,15.0,8.0,0.651973482916879
5.0,0.22222222,15.0,12.0,0.651973482916879
5.0,0.22222222,15.0,20.0,0.651973482916879
5.0,0.22222222,15.0,32.0,0.651606323304436
5.0,0.22222222,15.0,50.0,0.65107598164202
5.0,0.22222222,15.0,80.0,0.650464048954615
5.0,0.22222222,15.0,128.0,0.651728709841917
5.0,0.22222222,17.0,2.0,0.651810300866905
5.0,0.22222222,17.0,3.0,0.651810300866905
5.0,0.22222222,17.0,5.0,0.651810300866905
5.0,0.22222222,17.0,8.0,0.651810300866905
5.0,0.22222222,17.0,12.0,0.651810300866905
5.0,0.22222222,17.0,20.0,0.651810300866905
5.0,0.22222222,17.0,32.0,0.651810300866905
5.0,0.22222222,17.0,50.0,0.651218765935747
5.0,0.22222222,17.0,80.0,0.650668026517083
5.0,0.22222222,17.0,128.0,0.651749107598164
5.0,0.22222222,20.0,2.0,0.651667516573177
5.0,0.22222222,20.0,3.0,0.651667516573177
5.0,0.22222222,20.0,5.0,0.651667516573177
5.0,0.22222222,20.0,8.0,0.651667516573177
5.0,0.22222222,20.0,12.0,0.651667516573177
5.0,0.22222222,20.0,20.0,0.651667516573177
5.0,0.22222222,20.0,32.0,0.651667516573177
5.0,0.22222222,20.0,50.0,0.650994390617032
5.0,0.22222222,20.0,80.0,0.65074961754207
5.0,0.22222222,20.0,128.0,0.651871494135645
5.0,0.33333334,1.0,2.0,0.67065782763896
5.0,0.33333334,1.0,3.0,0.670922998470168
5.0,0.33333334,1.0,5.0,0.670392656807751
5.0,0.33333334,1.0,8.0,0.669739928607853
5.0,0.33333334,1.0,12.0,0.669739928607853
5.0,0.33333334,1.0,20.0,0.670188679245283
5.0,0.33333334,1.0,32.0,0.669943906170321
5.0,0.33333334,1.0,50.0,0.670413054563998
5.0,0.33333334,1.0,80.0,0.669678735339113
5.0,0.33333334,1.0,128.0,0.6697603263641
5.0,0.33333334,3.0,2.0,0.670351861295258
5.0,0.33333334,3.0,3.0,0.670351861295258
5.0,0.33333334,3.0,5.0,0.670351861295258
5.0,0.33333334,3.0,8.0,0.670168281489036
5.0,0.33333334,3.0,12.0,0.669984701682815
5.0,0.33333334,3.0,20.0,0.670107088220296
5.0,0.33333334,3.0,32.0,0.670372259051504
5.0,0.33333334,3.0,50.0,0.670413054563998
5.0,0.33333334,3.0,80.0,0.669576746557879
5.0,0.33333334,3.0,128.0,0.669801121876594
5.0,0.33333334,5.0,2.0,0.670005099439062
5.0,0.33333334,5.0,3.0,0.670005099439062
5.0,0.33333334,5.0,5.0,0.670005099439062
5.0,0.33333334,5.0,8.0,0.670005099439062
5.0,0.33333334,5.0,12.0,0.670168281489036
5.0,0.33333334,5.0,20.0,0.670351861295258
5.0,0.33333334,5.0,32.0,0.670433452320245
5.0,0.33333334,5.0,50.0,0.670351861295258
5.0,0.33333334,5.0,80.0,0.669454360020398
5.0,0.33333334,5.0,128.0,0.669780724120347
5.0,0.33333334,7.0,2.0,0.670188679245283
5.0,0.33333334,7.0,3.0,0.670188679245283
5.0,0.33333334,7.0,5.0,0.670188679245283
5.0,0.33333334,7.0,8.0,0.670188679245283
5.0,0.33333334,7.0,12.0,0.670188679245283
5.0,0.33333334,7.0,20.0,0.670127485976543
5.0,0.33333334,7.0,32.0,0.670617032126466
5.0,0.33333334,7.0,50.0,0.67027027027027
5.0,0.33333334,7.0,80.0,0.669597144314125
5.0,0.33333334,7.0,128.0,0.669658337582866
5.0,0.33333334,9.0,2.0,0.670045894951555
5.0,0.33333334,9.0,3.0,0.670045894951555
5.0,0.33333334,9.0,5.0,0.670045894951555
5.0,0.33333334,9.0,8.0,0.670045894951555
5.0,0.33333334,9.0,12.0,0.670045894951555
5.0,0.33333334,9.0,20.0,0.670005099439062
5.0,0.33333334,9.0,32.0,0.670515043345232
5.0,0.33333334,9.0,50.0,0.669943906170321
5.0,0.33333334,9.0,80.0,0.669719530851606
5.0,0.33333334,9.0,128.0,0.669515553289138
5.0,0.33333334,11.0,2.0,0.670229474757776
5.0,0.33333334,11.0,3.0,0.670229474757776
5.0,0.33333334,11.0,5.0,0.670229474757776
5.0,0.33333334,11.0,8.0,0.670229474757776
5.0,0.33333334,11.0,12.0,0.670229474757776
5.0,0.33333334,11.0,20.0,0.670229474757776
5.0,0.33333334,11.0,32.0,0.670433452320245
5.0,0.33333334,11.0,50.0,0.670249872514023
5.0,0.33333334,11.0,80.0,0.669597144314125
5.0,0.33333334,11.0,128.0,0.669454360020398
5.0,0.33333334,13.0,2.0,0.670433452320245
5.0,0.33333334,13.0,3.0,0.670433452320245
5.0,0.33333334,13.0,5.0,0.670433452320245
5.0,0.33333334,13.0,8.0,0.670433452320245
5.0,0.33333334,13.0,12.0,0.670433452320245
5.0,0.33333334,13.0,20.0,0.670433452320245
5.0,0.33333334,13.0,32.0,0.670698623151453
5.0,0.33333334,13.0,50.0,0.670351861295257
5.0,0.33333334,13.0,80.0,0.6697603263641
5.0,0.33333334,13.0,128.0,0.669413564507904
5.0,0.33333334,15.0,2.0,0.67020907700153
5.0,0.33333334,15.0,3.0,0.67020907700153
5.0,0.33333334,15.0,5.0,0.67020907700153
5.0,0.33333334,15.0,8.0,0.67020907700153
5.0,0.33333334,15.0,12.0,0.67020907700153
5.0,0.33333334,15.0,20.0,0.67020907700153
5.0,0.33333334,15.0,32.0,0.670535441101479
5.0,0.33333334,15.0,50.0,0.670963793982662
5.0,0.33333334,15.0,80.0,0.66969913309536
5.0,0.33333334,15.0,128.0,0.66931157572667
5.0,0.33333334,17.0,2.0,0.670943396226415
5.0,0.33333334,17.0,3.0,0.670943396226415
5.0,0.33333334,17.0,5.0,0.670943396226415
5.0,0.33333334,17.0,8.0,0.670943396226415
5.0,0.33333334,17.0,12.0,0.670943396226415
5.0,0.33333334,17.0,20.0,0.670943396226415
5.0,0.33333334,17.0,32.0,0.670943396226415
5.0,0.33333334,17.0,50.0,0.670922998470168
5.0,0.33333334,17.0,80.0,0.669882712901581
5.0,0.33333334,17.0,128.0,0.669637939826619
5.0,0.33333334,20.0,2.0,0.670922998470168
5.0,0.33333334,20.0,3.0,0.670922998470168
5.0,0.33333334,20.0,5.0,0.670922998470168
5.0,0.33333334,20.0,8.0,0.670922998470168
5.0,0.33333334,20.0,12.0,0.670922998470168
5.0,0.33333334,20.0,20.0,0.670922998470168
5.0,0.33333334,20.0,32.0,0.670922998470168
5.0,0.33333334,20.0,50.0,0.670555838857726
5.0,0.33333334,20.0,80.0,0.670025497195309
5.0,0.33333334,20.0,128.0,0.669658337582866
5.0,0.44444445,1.0,2.0,0.678735339112698
5.0,0.44444445,1.0,3.0,0.678674145843957
5.0,0.44444445,1.0,5.0,0.678449770525242
5.0,0.44444445,1.0,8.0,0.67859255481897
5.0,0.44444445,1.0,12.0,0.67853136155023
5.0,0.44444445,1.0,20.0,0.678368179500255
5.0,0.44444445,1.0,32.0,0.677899031106578
5.0,0.44444445,1.0,50.0,0.678062213156553
5.0,0.44444445,1.0,80.0,0.677837837837838
5.0,0.44444445,1.0,128.0,0.67775624681285
5.0,0.44444445,3.0,2.0,0.678225395206527
5.0,0.44444445,3.0,3.0,0.678225395206527
5.0,0.44444445,3.0,5.0,0.678225395206527
5.0,0.44444445,3.0,8.0,0.678327383987761
5.0,0.44444445,3.0,12.0,0.678266190719021
5.0,0.44444445,3.0,20.0,0.67814380418154
5.0,0.44444445,3.0,32.0,0.678021417644059
5.0,0.44444445,3.0,50.0,0.677837837837838
5.0,0.44444445,3.0,80.0,0.677552269250382
5.0,0.44444445,3.0,128.0,0.677735849056604
5.0,0.44444445,5.0,2.0,0.678470168281489
5.0,0.44444445,5.0,3.0,0.678470168281489
5.0,0.44444445,5.0,5.0,0.678470168281489
5.0,0.44444445,5.0,8.0,0.678470168281489
5.0,0.44444445,5.0,12.0,0.678368179500255
5.0,0.44444445,5.0,20.0,0.677919428862825
5.0,0.44444445,5.0,32.0,0.677980622131566
5.0,0.44444445,5.0,50.0,0.678001019887812
5.0,0.44444445,5.0,80.0,0.677552269250382
5.0,0.44444445,5.0,128.0,0.677654258031616
5.0,0.44444445,7.0,2.0,0.678164201937787
5.0,0.44444445,7.0,3.0,0.678164201937787
5.0,0.44444445,7.0,5.0,0.678164201937787
5.0,0.44444445,7.0,8.0,0.678164201937787
5.0,0.44444445,7.0,12.0,0.678164201937787
5.0,0.44444445,7.0,20.0,0.677919428862825
5.0,0.44444445,7.0,32.0,0.677939826619072
5.0,0.44444445,7.0,50.0,0.677939826619072
5.0,0.44444445,7.0,80.0,0.677776644569097
5.0,0.44444445,7.0,128.0,0.677552269250383
5.0,0.44444445,9.0,2.0,0.677613462519123
5.0,0.44444445,9.0,3.0,0.677613462519123
5.0,0.44444445,9.0,5.0,0.677613462519123
5.0,0.44444445,9.0,8.0,0.677613462519123
5.0,0.44444445,9.0,12.0,0.677613462519123
5.0,0.44444445,9.0,20.0,0.677593064762876
5.0,0.44444445,9.0,32.0,0.677756246812851
5.0,0.44444445,9.0,50.0,0.677756246812851
5.0,0.44444445,9.0,80.0,0.677491075981642
5.0,0.44444445,9.0,128.0,0.677450280469148
5.0,0.44444445,11.0,2.0,0.677593064762876
5.0,0.44444445,11.0,3.0,0.677593064762876
5.0,0.44444445,11.0,5.0,0.677593064762876
5.0,0.44444445,11.0,8.0,0.677593064762876
5.0,0.44444445,11.0,12.0,0.677593064762876
5.0,0.44444445,11.0,20.0,0.677593064762876
5.0,0.44444445,11.0,32.0,0.677756246812851
5.0,0.44444445,11.0,50.0,0.677878633350331
5.0,0.44444445,11.0,80.0,0.677776644569097
5.0,0.44444445,11.0,128.0,0.67769505354411
5.0,0.44444445,13.0,2.0,0.677674655787863
5.0,0.44444445,13.0,3.0,0.677674655787863
5.0,0.44444445,13.0,5.0,0.677674655787863
5.0,0.44444445,13.0,8.0,0.677674655787863
5.0,0.44444445,13.0,12.0,0.677674655787863
5.0,0.44444445,13.0,20.0,0.677674655787863
5.0,0.44444445,13.0,32.0,0.677572667006629
5.0,0.44444445,13.0,50.0,0.677939826619072
5.0,0.44444445,13.0,80.0,0.677552269250382
5.0,0.44444445,13.0,128.0,0.677572667006629
5.0,0.44444445,15.0,2.0,0.678021417644059
5.0,0.44444445,15.0,3.0,0.678021417644059
5.0,0.44444445,15.0,5.0,0.678021417644059
5.0,0.44444445,15.0,8.0,0.678021417644059
5.0,0.44444445,15.0,12.0,0.678021417644059
5.0,0.44444445,15.0,20.0,0.678021417644059
5.0,0.44444445,15.0,32.0,0.677899031106578
5.0,0.44444445,15.0,50.0,0.677797042325344
5.0,0.44444445,15.0,80.0,0.677511473737889
5.0,0.44444445,15.0,128.0,0.677858235594085
5.0,0.44444445,17.0,2.0,0.677878633350331
5.0,0.44444445,17.0,3.0,0.677878633350331
5.0,0.44444445,17.0,5.0,0.677878633350331
5.0,0.44444445,17.0,8.0,0.677878633350331
5.0,0.44444445,17.0,12.0,0.677878633350331
5.0,0.44444445,17.0,20.0,0.677878633350331
5.0,0.44444445,17.0,32.0,0.677878633350331
5.0,0.44444445,17.0,50.0,0.677715451300357
5.0,0.44444445,17.0,80.0,0.677389087200408
5.0,0.44444445,17.0,128.0,0.677593064762876
5.0,0.44444445,20.0,2.0,0.678041815400306
5.0,0.44444445,20.0,3.0,0.678041815400306
5.0,0.44444445,20.0,5.0,0.678041815400306
5.0,0.44444445,20.0,8.0,0.678041815400306
5.0,0.44444445,20.0,12.0,0.678041815400306
5.0,0.44444445,20.0,20.0,0.678041815400306
5.0,0.44444445,20.0,32.0,0.678041815400306
5.0,0.44444445,20.0,50.0,0.677817440081591
5.0,0.44444445,20.0,80.0,0.677531871494136
5.0,0.44444445,20.0,128.0,0.677776644569097
5.0,0.5555556,1.0,2.0,0.684834268230495
5.0,0.5555556,1.0,3.0,0.684773074961754
5.0,0.5555556,1.0,5.0,0.684813870474248
5.0,0.5555556,1.0,8.0,0.684834268230495
5.0,0.5555556,1.0,12.0,0.684650688424273
5.0,0.5555556,1.0,20.0,0.684548699643039
5.0,0.5555556,1.0,32.0,0.684793472718001
5.0,0.5555556,1.0,50.0,0.684589495155533
5.0,0.5555556,1.0,80.0,0.684732279449261
5.0,0.5555556,1.0,128.0,0.684834268230495
5.0,0.5555556,3.0,2.0,0.684834268230495
5.0,0.5555556,3.0,3.0,0.684834268230495
5.0,0.5555556,3.0,5.0,0.684834268230495
5.0,0.5555556,3.0,8.0,0.684793472718001
5.0,0.5555556,3.0,12.0,0.684752677205507
5.0,0.5555556,3.0,20.0,0.684548699643039
5.0,0.5555556,3.0,32.0,0.684915859255482
5.0,0.5555556,3.0,50.0,0.68460989291178
5.0,0.5555556,3.0,80.0,0.684813870474248
5.0,0.5555556,3.0,128.0,0.684854665986741
5.0,0.5555556,5.0,2.0,0.684793472718001
5.0,0.5555556,5.0,3.0,0.684793472718001
5.0,0.5555556,5.0,5.0,0.684793472718001
5.0,0.5555556,5.0,8.0,0.684793472718001
5.0,0.5555556,5.0,12.0,0.684956654767976
5.0,0.5555556,5.0,20.0,0.684589495155533
5.0,0.5555556,5.0,32.0,0.684650688424273
5.0,0.5555556,5.0,50.0,0.684569097399286
5.0,0.5555556,5.0,80.0,0.684711881693014
5.0,0.5555556,5.0,128.0,0.684875063742988
5.0,0.5555556,7.0,2.0,0.684875063742988
5.0,0.5555556,7.0,3.0,0.684875063742988
5.0,0.5555556,7.0,5.0,0.684875063742988
5.0,0.5555556,7.0,8.0,0.684875063742988
5.0,0.5555556,7.0,12.0,0.684875063742988
5.0,0.5555556,7.0,20.0,0.684405915349311
5.0,0.5555556,7.0,32.0,0.684548699643039
5.0,0.5555556,7.0,50.0,0.684589495155533
5.0,0.5555556,7.0,80.0,0.684834268230495
5.0,0.5555556,7.0,128.0,0.684915859255482
5.0,0.5555556,9.0,2.0,0.684589495155533
5.0,0.5555556,9.0,3.0,0.684589495155533
5.0,0.5555556,9.0,5.0,0.684589495155533
5.0,0.5555556,9.0,8.0,0.684589495155533
5.0,0.5555556,9.0,12.0,0.684589495155533
5.0,0.5555556,9.0,20.0,0.684426313105558
5.0,0.5555556,9.0,32.0,0.684487506374299
5.0,0.5555556,9.0,50.0,0.684548699643039
5.0,0.5555556,9.0,80.0,0.684813870474248
5.0,0.5555556,9.0,128.0,0.684834268230495
5.0,0.5555556,11.0,2.0,0.684691483936767
5.0,0.5555556,11.0,3.0,0.684691483936767
5.0,0.5555556,11.0,5.0,0.684691483936767
5.0,0.5555556,11.0,8.0,0.684691483936767
5.0,0.5555556,11.0,12.0,0.684691483936767
5.0,0.5555556,11.0,20.0,0.684691483936767
5.0,0.5555556,11.0,32.0,0.684467108618052
5.0,0.5555556,11.0,50.0,0.684426313105558
5.0,0.5555556,11.0,80.0,0.684691483936767
5.0,0.5555556,11.0,128.0,0.684936257011729
5.0,0.5555556,13.0,2.0,0.68467108618052
5.0,0.5555556,13.0,3.0,0.68467108618052
5.0,0.5555556,13.0,5.0,0.68467108618052
5.0,0.5555556,13.0,8.0,0.68467108618052
5.0,0.5555556,13.0,12.0,0.68467108618052
5.0,0.5555556,13.0,20.0,0.68467108618052
5.0,0.5555556,13.0,32.0,0.684426313105558
5.0,0.5555556,13.0,50.0,0.684467108618052
5.0,0.5555556,13.0,80.0,0.684834268230495
5.0,0.5555556,13.0,128.0,0.685017848036716
5.0,0.5555556,15.0,2.0,0.68460989291178
5.0,0.5555556,15.0,3.0,0.68460989291178
5.0,0.5555556,15.0,5.0,0.68460989291178
5.0,0.5555556,15.0,8.0,0.68460989291178
5.0,0.5555556,15.0,12.0,0.68460989291178
5.0,0.5555556,15.0,20.0,0.68460989291178
5.0,0.5555556,15.0,32.0,0.684528301886792
5.0,0.5555556,15.0,50.0,0.684650688424273
5.0,0.5555556,15.0,80.0,0.68467108618052
5.0,0.5555556,15.0,128.0,0.684997450280469
5.0,0.5555556,17.0,2.0,0.684630290668026
5.0,0.5555556,17.0,3.0,0.684630290668026
5.0,0.5555556,17.0,5.0,0.684630290668026
5.0,0.5555556,17.0,8.0,0.684630290668026
5.0,0.5555556,17.0,12.0,0.684630290668026
5.0,0.5555556,17.0,20.0,0.684630290668026
5.0,0.5555556,17.0,32.0,0.684630290668026
5.0,0.5555556,17.0,50.0,0.684507904130546
5.0,0.5555556,17.0,80.0,0.68467108618052
5.0,0.5555556,17.0,128.0,0.685079041305456
5.0,0.5555556,20.0,2.0,0.68511983681795
5.0,0.5555556,20.0,3.0,0.68511983681795
5.0,0.5555556,20.0,5.0,0.68511983681795
5.0,0.5555556,20.0,8.0,0.68511983681795
5.0,0.5555556,20.0,12.0,0.68511983681795
5.0,0.5555556,20.0,20.0,0.68511983681795
5.0,0.5555556,20.0,32.0,0.68511983681795
5.0,0.5555556,20.0,50.0,0.684365119836818
5.0,0.5555556,20.0,80.0,0.684630290668027
5.0,0.5555556,20.0,128.0,0.685160632330444
5.0,0.6666667,1.0,2.0,0.68556858745538
5.0,0.6666667,1.0,3.0,0.68556858745538
5.0,0.6666667,1.0,5.0,0.685670576236614
5.0,0.6666667,1.0,8.0,0.68562978072412
5.0,0.6666667,1.0,12.0,0.685772565017848
5.0,0.6666667,1.0,20.0,0.685854156042835
5.0,0.6666667,1.0,32.0,0.685711371749108
5.0,0.6666667,1.0,50.0,0.685670576236614
5.0,0.6666667,1.0,80.0,0.685609382967874
5.0,0.6666667,1.0,128.0,0.685507394186639
5.0,0.6666667,3.0,2.0,0.685690973992861
5.0,0.6666667,3.0,3.0,0.685690973992861
5.0,0.6666667,3.0,5.0,0.685690973992861
5.0,0.6666667,3.0,8.0,0.685731769505354
5.0,0.6666667,3.0,12.0,0.685956144824069
5.0,0.6666667,3.0,20.0,0.685854156042835
5.0,0.6666667,3.0,32.0,0.685690973992861
5.0,0.6666667,3.0,50.0,0.685527791942886
5.0,0.6666667,3.0,80.0,0.68562978072412
5.0,0.6666667,3.0,128.0,0.685507394186639
5.0,0.6666667,5.0,2.0,0.685854156042835
5.0,0.6666667,5.0,3.0,0.685854156042835
5.0,0.6666667,5.0,5.0,0.685854156042835
5.0,0.6666667,5.0,8.0,0.685854156042835
5.0,0.6666667,5.0,12.0,0.686098929117797
5.0,0.6666667,5.0,20.0,0.685874553799082
5.0,0.6666667,5.0,32.0,0.685650178480367
5.0,0.6666667,5.0,50.0,0.685548189699133
5.0,0.6666667,5.0,80.0,0.68562978072412
5.0,0.6666667,5.0,128.0,0.685486996430393
5.0,0.6666667,7.0,2.0,0.685813360530342
5.0,0.6666667,7.0,3.0,0.685813360530342
5.0,0.6666667,7.0,5.0,0.685813360530342
5.0,0.6666667,7.0,8.0,0.685813360530342
5.0,0.6666667,7.0,12.0,0.685813360530342
5.0,0.6666667,7.0,20.0,0.685956144824069
5.0,0.6666667,7.0,32.0,0.68562978072412
5.0,0.6666667,7.0,50.0,0.685507394186639
5.0,0.6666667,7.0,80.0,0.685609382967874
5.0,0.6666667,7.0,128.0,0.68556858745538
5.0,0.6666667,9.0,2.0,0.685874553799082
5.0,0.6666667,9.0,3.0,0.685874553799082
5.0,0.6666667,9.0,5.0,0.685874553799082
5.0,0.6666667,9.0,8.0,0.685874553799082
5.0,0.6666667,9.0,12.0,0.685874553799082
5.0,0.6666667,9.0,20.0,0.685915349311576
5.0,0.6666667,9.0,32.0,0.685772565017848
5.0,0.6666667,9.0,50.0,0.685609382967874
5.0,0.6666667,9.0,80.0,0.685731769505354
5.0,0.6666667,9.0,128.0,0.685670576236614
5.0,0.6666667,11.0,2.0,0.685915349311576
5.0,0.6666667,11.0,3.0,0.685915349311576
5.0,0.6666667,11.0,5.0,0.685915349311576
5.0,0.6666667,11.0,8.0,0.685915349311576
5.0,0.6666667,11.0,12.0,0.685915349311576
5.0,0.6666667,11.0,20.0,0.685915349311576
5.0,0.6666667,11.0,32.0,0.685894951555329
5.0,0.6666667,11.0,50.0,0.685650178480367
5.0,0.6666667,11.0,80.0,0.685711371749108
5.0,0.6666667,11.0,128.0,0.685548189699133
5.0,0.6666667,13.0,2.0,0.685792962774095
5.0,0.6666667,13.0,3.0,0.685792962774095
5.0,0.6666667,13.0,5.0,0.685792962774095
5.0,0.6666667,13.0,8.0,0.685792962774095
5.0,0.6666667,13.0,12.0,0.685792962774095
5.0,0.6666667,13.0,20.0,0.685792962774095
5.0,0.6666667,13.0,32.0,0.685874553799082
5.0,0.6666667,13.0,50.0,0.68562978072412
5.0,0.6666667,13.0,80.0,0.685670576236614
5.0,0.6666667,13.0,128.0,0.685548189699133
5.0,0.6666667,15.0,2.0,0.685854156042835
5.0,0.6666667,15.0,3.0,0.685854156042835
5.0,0.6666667,15.0,5.0,0.685854156042835
5.0,0.6666667,15.0,8.0,0.685854156042835
5.0,0.6666667,15.0,12.0,0.685854156042835
5.0,0.6666667,15.0,20.0,0.685854156042835
5.0,0.6666667,15.0,32.0,0.685833758286588
5.0,0.6666667,15.0,50.0,0.685425803161652
5.0,0.6666667,15.0,80.0,0.685650178480367
5.0,0.6666667,15.0,128.0,0.685466598674146
5.0,0.6666667,17.0,2.0,0.685813360530342
5.0,0.6666667,17.0,3.0,0.685813360530342
5.0,0.6666667,17.0,5.0,0.685813360530342
5.0,0.6666667,17.0,8.0,0.685813360530342
5.0,0.6666667,17.0,12.0,0.685813360530342
5.0,0.6666667,17.0,20.0,0.685813360530342
5.0,0.6666667,17.0,32.0,0.685813360530342
5.0,0.6666667,17.0,50.0,0.685466598674146
5.0,0.6666667,17.0,80.0,0.685711371749108
5.0,0.6666667,17.0,128.0,0.68556858745538
5.0,0.6666667,20.0,2.0,0.685854156042835
5.0,0.6666667,20.0,3.0,0.685854156042835
5.0,0.6666667,20.0,5.0,0.685854156042835
5.0,0.6666667,20.0,8.0,0.685854156042835
5.0,0.6666667,20.0,12.0,0.685854156042835
5.0,0.6666667,20.0,20.0,0.685854156042835
5.0,0.6666667,20.0,32.0,0.685854156042835
5.0,0.6666667,20.0,50.0,0.685425803161652
5.0,0.6666667,20.0,80.0,0.685609382967874
5.0,0.6666667,20.0,128.0,0.685527791942886
5.0,0.7777778,1.0,2.0,0.684977052524222
5.0,0.7777778,1.0,3.0,0.684977052524222
5.0,0.7777778,1.0,5.0,0.684977052524222
5.0,0.7777778,1.0,8.0,0.684936257011729
5.0,0.7777778,1.0,12.0,0.684936257011729
5.0,0.7777778,1.0,20.0,0.684977052524222
5.0,0.7777778,1.0,32.0,0.684997450280469
5.0,0.7777778,1.0,50.0,0.684956654767976
5.0,0.7777778,1.0,80.0,0.684854665986741
5.0,0.7777778,1.0,128.0,0.685160632330444
5.0,0.7777778,3.0,2.0,0.68505864354921
5.0,0.7777778,3.0,3.0,0.68505864354921
5.0,0.7777778,3.0,5.0,0.68505864354921
5.0,0.7777778,3.0,8.0,0.684997450280469
5.0,0.7777778,3.0,12.0,0.684936257011729
5.0,0.7777778,3.0,20.0,0.684936257011729
5.0,0.7777778,3.0,32.0,0.685017848036716
5.0,0.7777778,3.0,50.0,0.685038245792963
5.0,0.7777778,3.0,80.0,0.684834268230495
5.0,0.7777778,3.0,128.0,0.685140234574197
5.0,0.7777778,5.0,2.0,0.684895461499235
5.0,0.7777778,5.0,3.0,0.684895461499235
5.0,0.7777778,5.0,5.0,0.684895461499235
5.0,0.7777778,5.0,8.0,0.684895461499235
5.0,0.7777778,5.0,12.0,0.684895461499235
5.0,0.7777778,5.0,20.0,0.684956654767976
5.0,0.7777778,5.0,32.0,0.684977052524222
5.0,0.7777778,5.0,50.0,0.684895461499235
5.0,0.7777778,5.0,80.0,0.684875063742988
5.0,0.7777778,5.0,128.0,0.685221825599184
5.0,0.7777778,7.0,2.0,0.684895461499235
5.0,0.7777778,7.0,3.0,0.684895461499235
5.0,0.7777778,7.0,5.0,0.684895461499235
5.0,0.7777778,7.0,8.0,0.684895461499235
5.0,0.7777778,7.0,12.0,0.684895461499235
5.0,0.7777778,7.0,20.0,0.684956654767976
5.0,0.7777778,7.0,32.0,0.685038245792963
5.0,0.7777778,7.0,50.0,0.684977052524222
5.0,0.7777778,7.0,80.0,0.684875063742988
5.0,0.7777778,7.0,128.0,0.685181030086691
5.0,0.7777778,9.0,2.0,0.684936257011729
5.0,0.7777778,9.0,3.0,0.684936257011729
5.0,0.7777778,9.0,5.0,0.684936257011729
5.0,0.7777778,9.0,8.0,0.684936257011729
5.0,0.7777778,9.0,12.0,0.684936257011729
5.0,0.7777778,9.0,20.0,0.68505864354921
5.0,0.7777778,9.0,32.0,0.684977052524222
5.0,0.7777778,9.0,50.0,0.684997450280469
5.0,0.7777778,9.0,80.0,0.684875063742988
5.0,0.7777778,9.0,128.0,0.685181030086691
5.0,0.7777778,11.0,2.0,0.685079041305456
5.0,0.7777778,11.0,3.0,0.685079041305456
5.0,0.7777778,11.0,5.0,0.685079041305456
5.0,0.7777778,11.0,8.0,0.685079041305456
5.0,0.7777778,11.0,12.0,0.685079041305456
5.0,0.7777778,11.0,20.0,0.685079041305456
5.0,0.7777778,11.0,32.0,0.684997450280469
5.0,0.7777778,11.0,50.0,0.684956654767976
5.0,0.7777778,11.0,80.0,0.684875063742988
5.0,0.7777778,11.0,128.0,0.685181030086691
5.0,0.7777778,13.0,2.0,0.68505864354921
5.0,0.7777778,13.0,3.0,0.68505864354921
5.0,0.7777778,13.0,5.0,0.68505864354921
5.0,0.7777778,13.0,8.0,0.68505864354921
5.0,0.7777778,13.0,12.0,0.68505864354921
5.0,0.7777778,13.0,20.0,0.68505864354921
5.0,0.7777778,13.0,32.0,0.684997450280469
5.0,0.7777778,13.0,50.0,0.684936257011729
5.0,0.7777778,13.0,80.0,0.684895461499235
5.0,0.7777778,13.0,128.0,0.685140234574197
5.0,0.7777778,15.0,2.0,0.685099439061703
5.0,0.7777778,15.0,3.0,0.685099439061703
5.0,0.7777778,15.0,5.0,0.685099439061703
5.0,0.7777778,15.0,8.0,0.685099439061703
5.0,0.7777778,15.0,12.0,0.685099439061703
5.0,0.7777778,15.0,20.0,0.685099439061703
5.0,0.7777778,15.0,32.0,0.68505864354921
5.0,0.7777778,15.0,50.0,0.684977052524222
5.0,0.7777778,15.0,80.0,0.68505864354921
5.0,0.7777778,15.0,128.0,0.68511983681795
5.0,0.7777778,17.0,2.0,0.684956654767976
5.0,0.7777778,17.0,3.0,0.684956654767976
5.0,0.7777778,17.0,5.0,0.684956654767976
5.0,0.7777778,17.0,8.0,0.684956654767976
5.0,0.7777778,17.0,12.0,0.684956654767976
5.0,0.7777778,17.0,20.0,0.684956654767976
5.0,0.7777778,17.0,32.0,0.684956654767976
5.0,0.7777778,17.0,50.0,0.685017848036716
5.0,0.7777778,17.0,80.0,0.684997450280469
5.0,0.7777778,17.0,128.0,0.685201427842937
5.0,0.7777778,20.0,2.0,0.684997450280469
5.0,0.7777778,20.0,3.0,0.684997450280469
5.0,0.7777778,20.0,5.0,0.684997450280469
5.0,0.7777778,20.0,8.0,0.684997450280469
5.0,0.7777778,20.0,12.0,0.684997450280469
5.0,0.7777778,20.0,20.0,0.684997450280469
5.0,0.7777778,20.0,32.0,0.684997450280469
5.0,0.7777778,20.0,50.0,0.684936257011729
5.0,0.7777778,20.0,80.0,0.684875063742988
5.0,0.7777778,20.0,128.0,0.685221825599184
5.0,0.8888889,1.0,2.0,0.681529831718511
5.0,0.8888889,1.0,3.0,0.681529831718511
5.0,0.8888889,1.0,5.0,0.681529831718511
5.0,0.8888889,1.0,8.0,0.681529831718511
5.0,0.8888889,1.0,12.0,0.68140744518103
5.0,0.8888889,1.0,20.0,0.681611422743498
5.0,0.8888889,1.0,32.0,0.681489036206017
5.0,0.8888889,1.0,50.0,0.68146863844977
5.0,0.8888889,1.0,80.0,0.681387047424783
5.0,0.8888889,1.0,128.0,0.68179500254972
5.0,0.8888889,3.0,2.0,0.681509433962264
5.0,0.8888889,3.0,3.0,0.681509433962264
5.0,0.8888889,3.0,5.0,0.681509433962264
5.0,0.8888889,3.0,8.0,0.681509433962264
5.0,0.8888889,3.0,12.0,0.681387047424783
5.0,0.8888889,3.0,20.0,0.681631820499745
5.0,0.8888889,3.0,32.0,0.681489036206017
5.0,0.8888889,3.0,50.0,0.681427842937277
5.0,0.8888889,3.0,80.0,0.68134625191229
5.0,0.8888889,3.0,128.0,0.68179500254972
5.0,0.8888889,5.0,2.0,0.681427842937277
5.0,0.8888889,5.0,3.0,0.681427842937277
5.0,0.8888889,5.0,5.0,0.681427842937277
5.0,0.8888889,5.0,8.0,0.681427842937277
5.0,0.8888889,5.0,12.0,0.681387047424783
5.0,0.8888889,5.0,20.0,0.681570627231004
5.0,0.8888889,5.0,32.0,0.681427842937277
5.0,0.8888889,5.0,50.0,0.681448240693524
5.0,0.8888889,5.0,80.0,0.681305456399796
5.0,0.8888889,5.0,128.0,0.681815400305966
5.0,0.8888889,7.0,2.0,0.68140744518103
5.0,0.8888889,7.0,3.0,0.68140744518103
5.0,0.8888889,7.0,5.0,0.68140744518103
5.0,0.8888889,7.0,8.0,0.68140744518103
5.0,0.8888889,7.0,12.0,0.68140744518103
5.0,0.8888889,7.0,20.0,0.681509433962264
5.0,0.8888889,7.0,32.0,0.68146863844977
5.0,0.8888889,7.0,50.0,0.68134625191229
5.0,0.8888889,7.0,80.0,0.681285058643549
5.0,0.8888889,7.0,128.0,0.68179500254972
5.0,0.8888889,9.0,2.0,0.681285058643549
5.0,0.8888889,9.0,3.0,0.681285058643549
5.0,0.8888889,9.0,5.0,0.681285058643549
5.0,0.8888889,9.0,8.0,0.681285058643549
5.0,0.8888889,9.0,12.0,0.681285058643549
5.0,0.8888889,9.0,20.0,0.681427842937277
5.0,0.8888889,9.0,32.0,0.681264660887302
5.0,0.8888889,9.0,50.0,0.681285058643549
5.0,0.8888889,9.0,80.0,0.681244263131056
5.0,0.8888889,9.0,128.0,0.681774604793473
5.0,0.8888889,11.0,2.0,0.681366649668537
5.0,0.8888889,11.0,3.0,0.681366649668537
5.0,0.8888889,11.0,5.0,0.681366649668537
5.0,0.8888889,11.0,8.0,0.681366649668537
5.0,0.8888889,11.0,12.0,0.681366649668537
5.0,0.8888889,11.0,20.0,0.681366649668537
5.0,0.8888889,11.0,32.0,0.681264660887302
5.0,0.8888889,11.0,50.0,0.681346251912289
5.0,0.8888889,11.0,80.0,0.681223865374809
5.0,0.8888889,11.0,128.0,0.681713411524732
5.0,0.8888889,13.0,2.0,0.681325854156043
5.0,0.8888889,13.0,3.0,0.681325854156043
5.0,0.8888889,13.0,5.0,0.681325854156043
5.0,0.8888889,13.0,8.0,0.681325854156043
5.0,0.8888889,13.0,12.0,0.681325854156043
5.0,0.8888889,13.0,20.0,0.681325854156043
5.0,0.8888889,13.0,32.0,0.681325854156043
5.0,0.8888889,13.0,50.0,0.681285058643549
5.0,0.8888889,13.0,80.0,0.681203467618562
5.0,0.8888889,13.0,128.0,0.681652218255992
5.0,0.8888889,15.0,2.0,0.681448240693524
5.0,0.8888889,15.0,3.0,0.681448240693524
5.0,0.8888889,15.0,5.0,0.681448240693524
5.0,0.8888889,15.0,8.0,0.681448240693524
5.0,0.8888889,15.0,12.0,0.681448240693524
5.0,0.8888889,15.0,20.0,0.681448240693524
5.0,0.8888889,15.0,32.0,0.68140744518103
5.0,0.8888889,15.0,50.0,0.681325854156043
5.0,0.8888889,15.0,80.0,0.681305456399796
5.0,0.8888889,15.0,128.0,0.681652218255992
5.0,0.8888889,17.0,2.0,0.681509433962264
5.0,0.8888889,17.0,3.0,0.681509433962264
5.0,0.8888889,17.0,5.0,0.681509433962264
5.0,0.8888889,17.0,8.0,0.681509433962264
5.0,0.8888889,17.0,12.0,0.681509433962264
5.0,0.8888889,17.0,20.0,0.681509433962264
5.0,0.8888889,17.0,32.0,0.681509433962264
5.0,0.8888889,17.0,50.0,0.681387047424783
5.0,0.8888889,17.0,80.0,0.681366649668536
5.0,0.8888889,17.0,128.0,0.681652218255992
5.0,0.8888889,20.0,2.0,0.681366649668536
5.0,0.8888889,20.0,3.0,0.681366649668536
5.0,0.8888889,20.0,5.0,0.681366649668536
5.0,0.8888889,20.0,8.0,0.681366649668536
5.0,0.8888889,20.0,12.0,0.681366649668536
5.0,0.8888889,20.0,20.0,0.681366649668536
5.0,0.8888889,20.0,32.0,0.681366649668536
5.0,0.8888889,20.0,50.0,0.681387047424783
5.0,0.8888889,20.0,80.0,0.681387047424783
5.0,0.8888889,20.0,128.0,0.681631820499745
5.0,1.0,1.0,2.0,0.672106068332483
5.0,1.0,1.0,3.0,0.672106068332483
5.0,1.0,1.0,5.0,0.672106068332483
5.0,1.0,1.0,8.0,0.672106068332483
5.0,1.0,1.0,12.0,0.672106068332483
5.0,1.0,1.0,20.0,0.672106068332483
5.0,1.0,1.0,32.0,0.672106068332483
5.0,1.0,1.0,50.0,0.672106068332483
5.0,1.0,1.0,80.0,0.672106068332483
5.0,1.0,1.0,128.0,0.672085670576237
5.0,1.0,3.0,2.0,0.672106068332483
5.0,1.0,3.0,3.0,0.672106068332483
5.0,1.0,3.0,5.0,0.672106068332483
5.0,1.0,3.0,8.0,0.672106068332483
5.0,1.0,3.0,12.0,0.672106068332483
5.0,1.0,3.0,20.0,0.672106068332483
5.0,1.0,3.0,32.0,0.672106068332483
5.0,1.0,3.0,50.0,0.672106068332483
5.0,1.0,3.0,80.0,0.672106068332483
5.0,1.0,3.0,128.0,0.672106068332483
5.0,1.0,5.0,2.0,0.672106068332483
5.0,1.0,5.0,3.0,0.672106068332483
5.0,1.0,5.0,5.0,0.672106068332483
5.0,1.0,5.0,8.0,0.672106068332483
5.0,1.0,5.0,12.0,0.672106068332483
5.0,1.0,5.0,20.0,0.672106068332483
5.0,1.0,5.0,32.0,0.672106068332483
5.0,1.0,5.0,50.0,0.672106068332483
5.0,1.0,5.0,80.0,0.672085670576237
5.0,1.0,5.0,128.0,0.672085670576237
5.0,1.0,7.0,2.0,0.672085670576237
5.0,1.0,7.0,3.0,0.672085670576237
5.0,1.0,7.0,5.0,0.672085670576237
5.0,1.0,7.0,8.0,0.672085670576237
5.0,1.0,7.0,12.0,0.672085670576237
5.0,1.0,7.0,20.0,0.672085670576237
5.0,1.0,7.0,32.0,0.672085670576237
5.0,1.0,7.0,50.0,0.672085670576237
5.0,1.0,7.0,80.0,0.67206527281999
5.0,1.0,7.0,128.0,0.672085670576237
5.0,1.0,9.0,2.0,0.672085670576237
5.0,1.0,9.0,3.0,0.672085670576237
5.0,1.0,9.0,5.0,0.672085670576237
5.0,1.0,9.0,8.0,0.672085670576237
5.0,1.0,9.0,12.0,0.672085670576237
5.0,1.0,9.0,20.0,0.672085670576237
5.0,1.0,9.0,32.0,0.672085670576237
5.0,1.0,9.0,50.0,0.672085670576237
5.0,1.0,9.0,80.0,0.672106068332484
5.0,1.0,9.0,128.0,0.67212646608873
5.0,1.0,11.0,2.0,0.672106068332484
5.0,1.0,11.0,3.0,0.672106068332484
5.0,1.0,11.0,5.0,0.672106068332484
5.0,1.0,11.0,8.0,0.672106068332484
5.0,1.0,11.0,12.0,0.672106068332484
5.0,1.0,11.0,20.0,0.672106068332484
5.0,1.0,11.0,32.0,0.672106068332484
5.0,1.0,11.0,50.0,0.672106068332484
5.0,1.0,11.0,80.0,0.672106068332484
5.0,1.0,11.0,128.0,0.67212646608873
5.0,1.0,13.0,2.0,0.67212646608873
5.0,1.0,13.0,3.0,0.67212646608873
5.0,1.0,13.0,5.0,0.67212646608873
5.0,1.0,13.0,8.0,0.67212646608873
5.0,1.0,13.0,12.0,0.67212646608873
5.0,1.0,13.0,20.0,0.67212646608873
5.0,1.0,13.0,32.0,0.67212646608873
5.0,1.0,13.0,50.0,0.67212646608873
5.0,1.0,13.0,80.0,0.672146863844977
5.0,1.0,13.0,128.0,0.672146863844977
5.0,1.0,15.0,2.0,0.672146863844977
5.0,1.0,15.0,3.0,0.672146863844977
5.0,1.0,15.0,5.0,0.672146863844977
5.0,1.0,15.0,8.0,0.672146863844977
5.0,1.0,15.0,12.0,0.672146863844977
5.0,1.0,15.0,20.0,0.672146863844977
5.0,1.0,15.0,32.0,0.672146863844977
5.0,1.0,15.0,50.0,0.672146863844977
5.0,1.0,15.0,80.0,0.672146863844977
5.0,1.0,15.0,128.0,0.672146863844977
5.0,1.0,17.0,2.0,0.672146863844977
5.0,1.0,17.0,3.0,0.672146863844977
5.0,1.0,17.0,5.0,0.672146863844977
5.0,1.0,17.0,8.0,0.672146863844977
5.0,1.0,17.0,12.0,0.672146863844977
5.0,1.0,17.0,20.0,0.672146863844977
5.0,1.0,17.0,32.0,0.672146863844977
5.0,1.0,17.0,50.0,0.672146863844977
5.0,1.0,17.0,80.0,0.672146863844977
5.0,1.0,17.0,128.0,0.672167261601224
5.0,1.0,20.0,2.0,0.672146863844977
5.0,1.0,20.0,3.0,0.672146863844977
5.0,1.0,20.0,5.0,0.672146863844977
5.0,1.0,20.0,8.0,0.672146863844977
5.0,1.0,20.0,12.0,0.672146863844977
5.0,1.0,20.0,20.0,0.672146863844977
5.0,1.0,20.0,32.0,0.672146863844977
5.0,1.0,20.0,50.0,0.672146863844977
5.0,1.0,20.0,80.0,0.672146863844977
5.0,1.0,20.0,128.0,0.672146863844977
8.0,0.0,1.0,2.0,0.657950025497195
8.0,0.0,1.0,3.0,0.657093319734829
8.0,0.0,1.0,5.0,0.656338602753697
8.0,0.0,1.0,8.0,0.658806731259561
8.0,0.0,1.0,12.0,0.657093319734829
8.0,0.0,1.0,20.0,0.657134115247323
8.0,0.0,1.0,32.0,0.657848036715961
8.0,0.0,1.0,50.0,0.657582865884753
8.0,0.0,1.0,80.0,0.656930137684855
8.0,0.0,1.0,128.0,0.656848546659867
8.0,0.0,3.0,2.0,0.658378378378378
8.0,0.0,3.0,3.0,0.658378378378378
8.0,0.0,3.0,5.0,0.658378378378378
8.0,0.0,3.0,8.0,0.657521672616012
8.0,0.0,3.0,12.0,0.657807241203468
8.0,0.0,3.0,20.0,0.657440081591025
8.0,0.0,3.0,32.0,0.656379398266191
8.0,0.0,3.0,50.0,0.657582865884753
8.0,0.0,3.0,80.0,0.656848546659867
8.0,0.0,3.0,128.0,0.655951045385008
8.0,0.0,5.0,2.0,0.658296787353391
8.0,0.0,5.0,3.0,0.658296787353391
8.0,0.0,5.0,5.0,0.658296787353391
8.0,0.0,5.0,8.0,0.658296787353391
8.0,0.0,5.0,12.0,0.657623661397246
8.0,0.0,5.0,20.0,0.657317695053544
8.0,0.0,5.0,32.0,0.656583375828659
8.0,0.0,5.0,50.0,0.657174910759816
8.0,0.0,5.0,80.0,0.65676695563488
8.0,0.0,5.0,128.0,0.656562978072412
8.0,0.0,7.0,2.0,0.657174910759816
8.0,0.0,7.0,3.0,0.657174910759816
8.0,0.0,7.0,5.0,0.657174910759816
8.0,0.0,7.0,8.0,0.657174910759816
8.0,0.0,7.0,12.0,0.657174910759816
8.0,0.0,7.0,20.0,0.657786843447221
8.0,0.0,7.0,32.0,0.655991840897501
8.0,0.0,7.0,50.0,0.657052524222336
8.0,0.0,7.0,80.0,0.657093319734829
8.0,0.0,7.0,128.0,0.657174910759816
8.0,0.0,9.0,2.0,0.658949515553289
8.0,0.0,9.0,3.0,0.658949515553289
8.0,0.0,9.0,5.0,0.658949515553289
8.0,0.0,9.0,8.0,0.658949515553289
8.0,0.0,9.0,12.0,0.658949515553289
8.0,0.0,9.0,20.0,0.658154003059664
8.0,0.0,9.0,32.0,0.656848546659867
8.0,0.0,9.0,50.0,0.656930137684855
8.0,0.0,9.0,80.0,0.656420193778684
8.0,0.0,9.0,128.0,0.657276899541051
8.0,0.0,11.0,2.0,0.658582355940846
8.0,0.0,11.0,3.0,0.658582355940846
8.0,0.0,11.0,5.0,0.658582355940846
8.0,0.0,11.0,8.0,0.658582355940846
8.0,0.0,11.0,12.0,0.658582355940846
8.0,0.0,11.0,20.0,0.658582355940846
8.0,0.0,11.0,32.0,0.655685874553799
8.0,0.0,11.0,50.0,0.657195308516063
8.0,0.0,11.0,80.0,0.65670576236614
8.0,0.0,11.0,128.0,0.656155022947476
8.0,0.0,13.0,2.0,0.659031106578276
8.0,0.0,13.0,3.0,0.659031106578276
8.0,0.0,13.0,5.0,0.659031106578276
8.0,0.0,13.0,8.0,0.659031106578276
8.0,0.0,13.0,12.0,0.659031106578276
8.0,0.0,13.0,20.0,0.659031106578276
8.0,0.0,13.0,32.0,0.65574706782254
8.0,0.0,13.0,50.0,0.657032126466089
8.0,0.0,13.0,80.0,0.657297297297297
8.0,0.0,13.0,128.0,0.656868944416114
8.0,0.0,15.0,2.0,0.656685364609893
8.0,0.0,15.0,3.0,0.656685364609893
8.0,0.0,15.0,5.0,0.656685364609893
8.0,0.0,15.0,8.0,0.656685364609893
8.0,0.0,15.0,12.0,0.656685364609893
8.0,0.0,15.0,20.0,0.656685364609893
8.0,0.0,15.0,32.0,0.656195818459969
8.0,0.0,15.0,50.0,0.656501784803672
8.0,0.0,15.0,80.0,0.658011218765936
8.0,0.0,15.0,128.0,0.656726160122387
8.0,0.0,17.0,2.0,0.657317695053544
8.0,0.0,17.0,3.0,0.657317695053544
8.0,0.0,17.0,5.0,0.657317695053544
8.0,0.0,17.0,8.0,0.657317695053544
8.0,0.0,17.0,12.0,0.657317695053544
8.0,0.0,17.0,20.0,0.657317695053544
8.0,0.0,17.0,32.0,0.657317695053544
8.0,0.0,17.0,50.0,0.657072921978582
8.0,0.0,17.0,80.0,0.657358490566038
8.0,0.0,17.0,128.0,0.656848546659867
8.0,0.0,20.0,2.0,0.658215196328404
8.0,0.0,20.0,3.0,0.658215196328404
8.0,0.0,20.0,5.0,0.658215196328404
8.0,0.0,20.0,8.0,0.658215196328404
8.0,0.0,20.0,12.0,0.658215196328404
8.0,0.0,20.0,20.0,0.658215196328404
8.0,0.0,20.0,32.0,0.658215196328404
8.0,0.0,20.0,50.0,0.656889342172361
8.0,0.0,20.0,80.0,0.657623661397246
8.0,0.0,20.0,128.0,0.656970933197348
8.0,0.11111111,1.0,2.0,0.657950025497195
8.0,0.11111111,1.0,3.0,0.657093319734829
8.0,0.11111111,1.0,5.0,0.656338602753697
8.0,0.11111111,1.0,8.0,0.658806731259561
8.0,0.11111111,1.0,12.0,0.657093319734829
8.0,0.11111111,1.0,20.0,0.657134115247323
8.0,0.11111111,1.0,32.0,0.657848036715961
8.0,0.11111111,1.0,50.0,0.657582865884753
8.0,0.11111111,1.0,80.0,0.656930137684855
8.0,0.11111111,1.0,128.0,0.656848546659867
8.0,0.11111111,3.0,2.0,0.658378378378378
8.0,0.11111111,3.0,3.0,0.658378378378378
8.0,0.11111111,3.0,5.0,0.658378378378378
8.0,0.11111111,3.0,8.0,0.657521672616012
8.0,0.11111111,3.0,12.0,0.657807241203468
8.0,0.11111111,3.0,20.0,0.657440081591025
8.0,0.11111111,3.0,32.0,0.656379398266191
8.0,0.11111111,3.0,50.0,0.657582865884753
8.0,0.11111111,3.0,80.0,0.656848546659867
8.0,0.11111111,3.0,128.0,0.655951045385008
8.0,0.11111111,5.0,2.0,0.658296787353391
8.0,0.11111111,5.0,3.0,0.658296787353391
8.0,0.11111111,5.0,5.0,0.658296787353391
8.0,0.11111111,5.0,8.0,0.658296787353391
8.0,0.11111111,5.0,12.0,0.657623661397246
8.0,0.11111111,5.0,20.0,0.657317695053544
8.0,0.11111111,5.0,32.0,0.656583375828659
8.0,0.11111111,5.0,50.0,0.657174910759816
8.0,0.11111111,5.0,80.0,0.65676695563488
8.0,0.11111111,5.0,128.0,0.656562978072412
8.0,0.11111111,7.0,2.0,0.657174910759816
8.0,0.11111111,7.0,3.0,0.657174910759816
8.0,0.11111111,7.0,5.0,0.657174910759816
8.0,0.11111111,7.0,8.0,0.657174910759816
8.0,0.11111111,7.0,12.0,0.657174910759816
8.0,0.11111111,7.0,20.0,0.657786843447221
8.0,0.11111111,7.0,32.0,0.655991840897501
8.0,0.11111111,7.0,50.0,0.657052524222336
8.0,0.11111111,7.0,80.0,0.657093319734829
8.0,0.11111111,7.0,128.0,0.657174910759816
8.0,0.11111111,9.0,2.0,0.658949515553289
8.0,0.11111111,9.0,3.0,0.658949515553289
8.0,0.11111111,9.0,5.0,0.658949515553289
8.0,0.11111111,9.0,8.0,0.658949515553289
8.0,0.11111111,9.0,12.0,0.658949515553289
8.0,0.11111111,9.0,20.0,0.658154003059664
8.0,0.11111111,9.0,32.0,0.656848546659867
8.0,0.11111111,9.0,50.0,0.656930137684855
8.0,0.11111111,9.0,80.0,0.656420193778684
8.0,0.11111111,9.0,128.0,0.657276899541051
8.0,0.11111111,11.0,2.0,0.658582355940846
8.0,0.11111111,11.0,3.0,0.658582355940846
8.0,0.11111111,11.0,5.0,0.658582355940846
8.0,0.11111111,11.0,8.0,0.658582355940846
8.0,0.11111111,11.0,12.0,0.658582355940846
8.0,0.11111111,11.0,20.0,0.658582355940846
8.0,0.11111111,11.0,32.0,0.655685874553799
8.0,0.11111111,11.0,50.0,0.657195308516063
8.0,0.11111111,11.0,80.0,0.65670576236614
8.0,0.11111111,11.0,128.0,0.656155022947476
8.0,0.11111111,13.0,2.0,0.659031106578276
8.0,0.11111111,13.0,3.0,0.659031106578276
8.0,0.11111111,13.0,5.0,0.659031106578276
8.0,0.11111111,13.0,8.0,0.659031106578276
8.0,0.11111111,13.0,12.0,0.659031106578276
8.0,0.11111111,13.0,20.0,0.659031106578276
8.0,0.11111111,13.0,32.0,0.65574706782254
8.0,0.11111111,13.0,50.0,0.657032126466089
8.0,0.11111111,13.0,80.0,0.657297297297297
8.0,0.11111111,13.0,128.0,0.656868944416114
8.0,0.11111111,15.0,2.0,0.656685364609893
8.0,0.11111111,15.0,3.0,0.656685364609893
8.0,0.11111111,15.0,5.0,0.656685364609893
8.0,0.11111111,15.0,8.0,0.656685364609893
8.0,0.11111111,15.0,12.0,0.656685364609893
8.0,0.11111111,15.0,20.0,0.656685364609893
8.0,0.11111111,15.0,32.0,0.656195818459969
8.0,0.11111111,15.0,50.0,0.656501784803672
8.0,0.11111111,15.0,80.0,0.658011218765936
8.0,0.11111111,15.0,128.0,0.656726160122387
8.0,0.11111111,17.0,2.0,0.657317695053544
8.0,0.11111111,17.0,3.0,0.657317695053544
8.0,0.11111111,17.0,5.0,0.657317695053544
8.0,0.11111111,17.0,8.0,0.657317695053544
8.0,0.11111111,17.0,12.0,0.657317695053544
8.0,0.11111111,17.0,20.0,0.657317695053544
8.0,0.11111111,17.0,32.0,0.657317695053544
8.0,0.11111111,17.0,50.0,0.657072921978582
8.0,0.11111111,17.0,80.0,0.657358490566038
8.0,0.11111111,17.0,128.0,0.656848546659867
8.0,0.11111111,20.0,2.0,0.658215196328404
8.0,0.11111111,20.0,3.0,0.658215196328404
8.0,0.11111111,20.0,5.0,0.658215196328404
8.0,0.11111111,20.0,8.0,0.658215196328404
8.0,0.11111111,20.0,12.0,0.658215196328404
8.0,0.11111111,20.0,20.0,0.658215196328404
8.0,0.11111111,20.0,32.0,0.658215196328404
8.0,0.11111111,20.0,50.0,0.656889342172361
8.0,0.11111111,20.0,80.0,0.657623661397246
8.0,0.11111111,20.0,128.0,0.656970933197348
8.0,0.22222222,1.0,2.0,0.684854665986741
8.0,0.22222222,1.0,3.0,0.685588985211627
8.0,0.22222222,1.0,5.0,0.684589495155533
8.0,0.22222222,1.0,8.0,0.685283018867925
8.0,0.22222222,1.0,12.0,0.685385007649159
8.0,0.22222222,1.0,20.0,0.685140234574197
8.0,0.22222222,1.0,32.0,0.684507904130546
8.0,0.22222222,1.0,50.0,0.684936257011729
8.0,0.22222222,1.0,80.0,0.684793472718001
8.0,0.22222222,1.0,128.0,0.68422233554309
8.0,0.22222222,3.0,2.0,0.685588985211627
8.0,0.22222222,3.0,3.0,0.685588985211627
8.0,0.22222222,3.0,5.0,0.685588985211627
8.0,0.22222222,3.0,8.0,0.685201427842937
8.0,0.22222222,3.0,12.0,0.683875573686895
8.0,0.22222222,3.0,20.0,0.684813870474248
8.0,0.22222222,3.0,32.0,0.685221825599184
8.0,0.22222222,3.0,50.0,0.684732279449261
8.0,0.22222222,3.0,80.0,0.684303926568077
8.0,0.22222222,3.0,128.0,0.68467108618052
8.0,0.22222222,5.0,2.0,0.684711881693014
8.0,0.22222222,5.0,3.0,0.684711881693014
8.0,0.22222222,5.0,5.0,0.684711881693014
8.0,0.22222222,5.0,8.0,0.684711881693014
8.0,0.22222222,5.0,12.0,0.684732279449261
8.0,0.22222222,5.0,20.0,0.685303416624171
8.0,0.22222222,5.0,32.0,0.684467108618052
8.0,0.22222222,5.0,50.0,0.685486996430393
8.0,0.22222222,5.0,80.0,0.684365119836818
8.0,0.22222222,5.0,128.0,0.684344722080571
8.0,0.22222222,7.0,2.0,0.685486996430393
8.0,0.22222222,7.0,3.0,0.685486996430393
8.0,0.22222222,7.0,5.0,0.685486996430393
8.0,0.22222222,7.0,8.0,0.685486996430393
8.0,0.22222222,7.0,12.0,0.685486996430393
8.0,0.22222222,7.0,20.0,0.685405405405405
8.0,0.22222222,7.0,32.0,0.684242733299337
8.0,0.22222222,7.0,50.0,0.684691483936767
8.0,0.22222222,7.0,80.0,0.684038755736869
8.0,0.22222222,7.0,128.0,0.684630290668027
8.0,0.22222222,9.0,2.0,0.686384497705252
8.0,0.22222222,9.0,3.0,0.686384497705252
8.0,0.22222222,9.0,5.0,0.686384497705252
8.0,0.22222222,9.0,8.0,0.686384497705252
8.0,0.22222222,9.0,12.0,0.686384497705252
8.0,0.22222222,9.0,20.0,0.686262111167771
8.0,0.22222222,9.0,32.0,0.68511983681795
8.0,0.22222222,9.0,50.0,0.685201427842937
8.0,0.22222222,9.0,80.0,0.684140744518103
8.0,0.22222222,9.0,128.0,0.684711881693014
8.0,0.22222222,11.0,2.0,0.685609382967874
8.0,0.22222222,11.0,3.0,0.685609382967874
8.0,0.22222222,11.0,5.0,0.685609382967874
8.0,0.22222222,11.0,8.0,0.685609382967874
8.0,0.22222222,11.0,12.0,0.685609382967874
8.0,0.22222222,11.0,20.0,0.685609382967874
8.0,0.22222222,11.0,32.0,0.685201427842937
8.0,0.22222222,11.0,50.0,0.684303926568077
8.0,0.22222222,11.0,80.0,0.684915859255482
8.0,0.22222222,11.0,128.0,0.684426313105558
8.0,0.22222222,13.0,2.0,0.685038245792963
8.0,0.22222222,13.0,3.0,0.685038245792963
8.0,0.22222222,13.0,5.0,0.685038245792963
8.0,0.22222222,13.0,8.0,0.685038245792963
8.0,0.22222222,13.0,12.0,0.685038245792963
8.0,0.22222222,13.0,20.0,0.685038245792963
8.0,0.22222222,13.0,32.0,0.68511983681795
8.0,0.22222222,13.0,50.0,0.684324324324324
8.0,0.22222222,13.0,80.0,0.685242223355431
8.0,0.22222222,13.0,128.0,0.68511983681795
8.0,0.22222222,15.0,2.0,0.685690973992861
8.0,0.22222222,15.0,3.0,0.685690973992861
8.0,0.22222222,15.0,5.0,0.685690973992861
8.0,0.22222222,15.0,8.0,0.685690973992861
8.0,0.22222222,15.0,12.0,0.685690973992861
8.0,0.22222222,15.0,20.0,0.685690973992861
8.0,0.22222222,15.0,32.0,0.684773074961754
8.0,0.22222222,15.0,50.0,0.684834268230495
8.0,0.22222222,15.0,80.0,0.684365119836818
8.0,0.22222222,15.0,128.0,0.685323814380418
8.0,0.22222222,17.0,2.0,0.685099439061703
8.0,0.22222222,17.0,3.0,0.685099439061703
8.0,0.22222222,17.0,5.0,0.685099439061703
8.0,0.22222222,17.0,8.0,0.685099439061703
8.0,0.22222222,17.0,12.0,0.685099439061703
8.0,0.22222222,17.0,20.0,0.685099439061703
8.0,0.22222222,17.0,32.0,0.685099439061703
8.0,0.22222222,17.0,50.0,0.68505864354921
8.0,0.22222222,17.0,80.0,0.684487506374299
8.0,0.22222222,17.0,128.0,0.685283018867924
8.0,0.22222222,20.0,2.0,0.685385007649159
8.0,0.22222222,20.0,3.0,0.685385007649159
8.0,0.22222222,20.0,5.0,0.685385007649159
8.0,0.22222222,20.0,8.0,0.685385007649159
8.0,0.22222222,20.0,12.0,0.685385007649159
8.0,0.22222222,20.0,20.0,0.685385007649159
8.0,0.22222222,20.0,32.0,0.685385007649159
8.0,0.22222222,20.0,50.0,0.685466598674146
8.0,0.22222222,20.0,80.0,0.684834268230495
8.0,0.22222222,20.0,128.0,0.684548699643039
8.0,0.33333334,1.0,2.0,0.69395206527282
8.0,0.33333334,1.0,3.0,0.695135135135135
8.0,0.33333334,1.0,5.0,0.69440081591025
8.0,0.33333334,1.0,8.0,0.694951555328914
8.0,0.33333334,1.0,12.0,0.694584395716471
8.0,0.33333334,1.0,20.0,0.693911269760326
8.0,0.33333334,1.0,32.0,0.694584395716471
8.0,0.33333334,1.0,50.0,0.694951555328914
8.0,0.33333334,1.0,80.0,0.693870474247833
8.0,0.33333334,1.0,128.0,0.693809280979092
8.0,0.33333334,3.0,2.0,0.694094849566548
8.0,0.33333334,3.0,3.0,0.694094849566548
8.0,0.33333334,3.0,5.0,0.694094849566548
8.0,0.33333334,3.0,8.0,0.694258031616522
8.0,0.33333334,3.0,12.0,0.694441611422744
8.0,0.33333334,3.0,20.0,0.694176440591535
8.0,0.33333334,3.0,32.0,0.694135645079041
8.0,0.33333334,3.0,50.0,0.694502804691484
8.0,0.33333334,3.0,80.0,0.694217236104029
8.0,0.33333334,3.0,128.0,0.694625191228965
8.0,0.33333334,5.0,2.0,0.694421213666497
8.0,0.33333334,5.0,3.0,0.694421213666497
8.0,0.33333334,5.0,5.0,0.694421213666497
8.0,0.33333334,5.0,8.0,0.694421213666497
8.0,0.33333334,5.0,12.0,0.694727180010199
8.0,0.33333334,5.0,20.0,0.693625701172871
8.0,0.33333334,5.0,32.0,0.694686384497705
8.0,0.33333334,5.0,50.0,0.694033656297807
8.0,0.33333334,5.0,80.0,0.69395206527282
8.0,0.33333334,5.0,128.0,0.693727689954105
8.0,0.33333334,7.0,2.0,0.694584395716471
8.0,0.33333334,7.0,3.0,0.694584395716471
8.0,0.33333334,7.0,5.0,0.694584395716471
8.0,0.33333334,7.0,8.0,0.694584395716471
8.0,0.33333334,7.0,12.0,0.694584395716471
8.0,0.33333334,7.0,20.0,0.694217236104029
8.0,0.33333334,7.0,32.0,0.695481896991331
8.0,0.33333334,7.0,50.0,0.693870474247833
8.0,0.33333334,7.0,80.0,0.69401325854156
8.0,0.33333334,7.0,128.0,0.693625701172871
8.0,0.33333334,9.0,2.0,0.695012748597654
8.0,0.33333334,9.0,3.0,0.695012748597654
8.0,0.33333334,9.0,5.0,0.695012748597654
8.0,0.33333334,9.0,8.0,0.695012748597654
8.0,0.33333334,9.0,12.0,0.695012748597654
8.0,0.33333334,9.0,20.0,0.694727180010199
8.0,0.33333334,9.0,32.0,0.695175930647629
8.0,0.33333334,9.0,50.0,0.694869964303927
8.0,0.33333334,9.0,80.0,0.69395206527282
8.0,0.33333334,9.0,128.0,0.693768485466599
8.0,0.33333334,11.0,2.0,0.694543600203978
8.0,0.33333334,11.0,3.0,0.694543600203978
8.0,0.33333334,11.0,5.0,0.694543600203978
8.0,0.33333334,11.0,8.0,0.694543600203978
8.0,0.33333334,11.0,12.0,0.694543600203978
8.0,0.33333334,11.0,20.0,0.694543600203978
8.0,0.33333334,11.0,32.0,0.694931157572667
8.0,0.33333334,11.0,50.0,0.694482406935237
8.0,0.33333334,11.0,80.0,0.694074451810301
8.0,0.33333334,11.0,128.0,0.69395206527282
8.0,0.33333334,13.0,2.0,0.694706782253952
8.0,0.33333334,13.0,3.0,0.694706782253952
8.0,0.33333334,13.0,5.0,0.694706782253952
8.0,0.33333334,13.0,8.0,0.694706782253952
8.0,0.33333334,13.0,12.0,0.694706782253952
8.0,0.33333334,13.0,20.0,0.694706782253952
8.0,0.33333334,13.0,32.0,0.694196838347782
8.0,0.33333334,13.0,50.0,0.693972463029067
8.0,0.33333334,13.0,80.0,0.693482916879143
8.0,0.33333334,13.0,128.0,0.693972463029067
8.0,0.33333334,15.0,2.0,0.694665986741458
8.0,0.33333334,15.0,3.0,0.694665986741458
8.0,0.33333334,15.0,5.0,0.694665986741458
8.0,0.33333334,15.0,8.0,0.694665986741458
8.0,0.33333334,15.0,12.0,0.694665986741458
8.0,0.33333334,15.0,20.0,0.694665986741458
8.0,0.33333334,15.0,32.0,0.694258031616522
8.0,0.33333334,15.0,50.0,0.694217236104029
8.0,0.33333334,15.0,80.0,0.69305456399796
8.0,0.33333334,15.0,128.0,0.693829678735339
8.0,0.33333334,17.0,2.0,0.693646098929118
8.0,0.33333334,17.0,3.0,0.693646098929118
8.0,0.33333334,17.0,5.0,0.693646098929118
8.0,0.33333334,17.0,8.0,0.693646098929118
8.0,0.33333334,17.0,12.0,0.693646098929118
8.0,0.33333334,17.0,20.0,0.693646098929118
8.0,0.33333334,17.0,32.0,0.693646098929118
8.0,0.33333334,17.0,50.0,0.694543600203978
8.0,0.33333334,17.0,80.0,0.693707292197858
8.0,0.33333334,17.0,128.0,0.694298827129016
8.0,0.33333334,20.0,2.0,0.693625701172871
8.0,0.33333334,20.0,3.0,0.693625701172871
8.0,0.33333334,20.0,5.0,0.693625701172871
8.0,0.33333334,20.0,8.0,0.693625701172871
8.0,0.33333334,20.0,12.0,0.693625701172871
8.0,0.33333334,20.0,20.0,0.693625701172871
8.0,0.33333334,20.0,32.0,0.693625701172871
8.0,0.33333334,20.0,50.0,0.694298827129016
8.0,0.33333334,20.0,80.0,0.694441611422743
8.0,0.33333334,20.0,128.0,0.69395206527282
8.0,0.44444445,1.0,2.0,0.699194288628251
8.0,0.44444445,1.0,3.0,0.699337072921979
8.0,0.44444445,1.0,5.0,0.698827129015808
8.0,0.44444445,1.0,8.0,0.698663946965834
8.0,0.44444445,1.0,12.0,0.698969913309536
8.0,0.44444445,1.0,20.0,0.698684344722081
8.0,0.44444445,1.0,32.0,0.698317185109638
8.0,0.44444445,1.0,50.0,0.698745537990821
8.0,0.44444445,1.0,80.0,0.6985619581846
8.0,0.44444445,1.0,128.0,0.698521162672106
8.0,0.44444445,3.0,2.0,0.698888322284549
8.0,0.44444445,3.0,3.0,0.698888322284549
8.0,0.44444445,3.0,5.0,0.698888322284549
8.0,0.44444445,3.0,8.0,0.6995206527282
8.0,0.44444445,3.0,12.0,0.698582355940846
8.0,0.44444445,3.0,20.0,0.698704742478327
8.0,0.44444445,3.0,32.0,0.698786333503315
8.0,0.44444445,3.0,50.0,0.698541560428353
8.0,0.44444445,3.0,80.0,0.699439061703213
8.0,0.44444445,3.0,128.0,0.698827129015808
8.0,0.44444445,5.0,2.0,0.698663946965834
8.0,0.44444445,5.0,3.0,0.698663946965834
8.0,0.44444445,5.0,5.0,0.698663946965834
8.0,0.44444445,5.0,8.0,0.698663946965834
8.0,0.44444445,5.0,12.0,0.698072412034676
8.0,0.44444445,5.0,20.0,0.698663946965834
8.0,0.44444445,5.0,32.0,0.698684344722081
8.0,0.44444445,5.0,50.0,0.699194288628251
8.0,0.44444445,5.0,80.0,0.69958184599694
8.0,0.44444445,5.0,128.0,0.698459969403366
8.0,0.44444445,7.0,2.0,0.698786333503315
8.0,0.44444445,7.0,3.0,0.698786333503315
8.0,0.44444445,7.0,5.0,0.698786333503315
8.0,0.44444445,7.0,8.0,0.698786333503315
8.0,0.44444445,7.0,12.0,0.698786333503315
8.0,0.44444445,7.0,20.0,0.698867924528302
8.0,0.44444445,7.0,32.0,0.69907190209077
8.0,0.44444445,7.0,50.0,0.698969913309536
8.0,0.44444445,7.0,80.0,0.699235084140745
8.0,0.44444445,7.0,128.0,0.698990311065783
8.0,0.44444445,9.0,2.0,0.698317185109638
8.0,0.44444445,9.0,3.0,0.698317185109638
8.0,0.44444445,9.0,5.0,0.698317185109638
8.0,0.44444445,9.0,8.0,0.698317185109638
8.0,0.44444445,9.0,12.0,0.698317185109638
8.0,0.44444445,9.0,20.0,0.698745537990821
8.0,0.44444445,9.0,32.0,0.699704232534421
8.0,0.44444445,9.0,50.0,0.698888322284549
8.0,0.44444445,9.0,80.0,0.698827129015808
8.0,0.44444445,9.0,128.0,0.699133095359511
8.0,0.44444445,11.0,2.0,0.699153493115757
8.0,0.44444445,11.0,3.0,0.699153493115757
8.0,0.44444445,11.0,5.0,0.699153493115757
8.0,0.44444445,11.0,8.0,0.699153493115757
8.0,0.44444445,11.0,12.0,0.699153493115757
8.0,0.44444445,11.0,20.0,0.699153493115757
8.0,0.44444445,11.0,32.0,0.699255481896991
8.0,0.44444445,11.0,50.0,0.699031106578276
8.0,0.44444445,11.0,80.0,0.698459969403366
8.0,0.44444445,11.0,128.0,0.698459969403366
8.0,0.44444445,13.0,2.0,0.698806731259561
8.0,0.44444445,13.0,3.0,0.698806731259561
8.0,0.44444445,13.0,5.0,0.698806731259561
8.0,0.44444445,13.0,8.0,0.698806731259561
8.0,0.44444445,13.0,12.0,0.698806731259561
8.0,0.44444445,13.0,20.0,0.698806731259561
8.0,0.44444445,13.0,32.0,0.698500764915859
8.0,0.44444445,13.0,50.0,0.699500254971953
8.0,0.44444445,13.0,80.0,0.699316675165732
8.0,0.44444445,13.0,128.0,0.698602753697093
8.0,0.44444445,15.0,2.0,0.699377868434472
8.0,0.44444445,15.0,3.0,0.699377868434472
8.0,0.44444445,15.0,5.0,0.699377868434472
8.0,0.44444445,15.0,8.0,0.699377868434472
8.0,0.44444445,15.0,12.0,0.699377868434472
8.0,0.44444445,15.0,20.0,0.699377868434472
8.0,0.44444445,15.0,32.0,0.699235084140745
8.0,0.44444445,15.0,50.0,0.699235084140745
8.0,0.44444445,15.0,80.0,0.698969913309536
8.0,0.44444445,15.0,128.0,0.698847526772055
8.0,0.44444445,17.0,2.0,0.699214686384498
8.0,0.44444445,17.0,3.0,0.699214686384498
8.0,0.44444445,17.0,5.0,0.699214686384498
8.0,0.44444445,17.0,8.0,0.699214686384498
8.0,0.44444445,17.0,12.0,0.699214686384498
8.0,0.44444445,17.0,20.0,0.699214686384498
8.0,0.44444445,17.0,32.0,0.699214686384498
8.0,0.44444445,17.0,50.0,0.699704232534421
8.0,0.44444445,17.0,80.0,0.699316675165732
8.0,0.44444445,17.0,128.0,0.698459969403366
8.0,0.44444445,20.0,2.0,0.69907190209077
8.0,0.44444445,20.0,3.0,0.69907190209077
8.0,0.44444445,20.0,5.0,0.69907190209077
8.0,0.44444445,20.0,8.0,0.69907190209077
8.0,0.44444445,20.0,12.0,0.69907190209077
8.0,0.44444445,20.0,20.0,0.69907190209077
8.0,0.44444445,20.0,32.0,0.69907190209077
8.0,0.44444445,20.0,50.0,0.698725140234574
8.0,0.44444445,20.0,80.0,0.698459969403366
8.0,0.44444445,20.0,128.0,0.69907190209077
8.0,0.5555556,1.0,2.0,0.702437531871494
8.0,0.5555556,1.0,3.0,0.70233554309026
8.0,0.5555556,1.0,5.0,0.702151963284039
8.0,0.5555556,1.0,8.0,0.702743498215196
8.0,0.5555556,1.0,12.0,0.701907190209077
8.0,0.5555556,1.0,20.0,0.702865884752677
8.0,0.5555556,1.0,32.0,0.70284548699643
8.0,0.5555556,1.0,50.0,0.702172361040286
8.0,0.5555556,1.0,80.0,0.701927587965324
8.0,0.5555556,1.0,128.0,0.701234064252932
8.0,0.5555556,3.0,2.0,0.701764405915349
8.0,0.5555556,3.0,3.0,0.701764405915349
8.0,0.5555556,3.0,5.0,0.701764405915349
8.0,0.5555556,3.0,8.0,0.703131055583886
8.0,0.5555556,3.0,12.0,0.701988781234064
8.0,0.5555556,3.0,20.0,0.702253952065273
8.0,0.5555556,3.0,32.0,0.702559918408975
8.0,0.5555556,3.0,50.0,0.70227434982152
8.0,0.5555556,3.0,80.0,0.701947985721571
8.0,0.5555556,3.0,128.0,0.701662417134115
8.0,0.5555556,5.0,2.0,0.701927587965324
8.0,0.5555556,5.0,3.0,0.701927587965324
8.0,0.5555556,5.0,5.0,0.701927587965324
8.0,0.5555556,5.0,8.0,0.701927587965324
8.0,0.5555556,5.0,12.0,0.70272310045895
8.0,0.5555556,5.0,20.0,0.702131565527792
8.0,0.5555556,5.0,32.0,0.702661907190209
8.0,0.5555556,5.0,50.0,0.702539520652728
8.0,0.5555556,5.0,80.0,0.702315145334013
8.0,0.5555556,5.0,128.0,0.701499235084141
8.0,0.5555556,7.0,2.0,0.702233554309026
8.0,0.5555556,7.0,3.0,0.702233554309026
8.0,0.5555556,7.0,5.0,0.702233554309026
8.0,0.5555556,7.0,8.0,0.702233554309026
8.0,0.5555556,7.0,12.0,0.702233554309026
8.0,0.5555556,7.0,20.0,0.702355940846507
8.0,0.5555556,7.0,32.0,0.702886282508924
8.0,0.5555556,7.0,50.0,0.701764405915349
8.0,0.5555556,7.0,80.0,0.702213156552779
8.0,0.5555556,7.0,128.0,0.701234064252932
8.0,0.5555556,9.0,2.0,0.702519122896481
8.0,0.5555556,9.0,3.0,0.702519122896481
8.0,0.5555556,9.0,5.0,0.702519122896481
8.0,0.5555556,9.0,8.0,0.702519122896481
8.0,0.5555556,9.0,12.0,0.702519122896481
8.0,0.5555556,9.0,20.0,0.703029066802652
8.0,0.5555556,9.0,32.0,0.702498725140235
8.0,0.5555556,9.0,50.0,0.701662417134115
8.0,0.5555556,9.0,80.0,0.702233554309026
8.0,0.5555556,9.0,128.0,0.701091279959205
8.0,0.5555556,11.0,2.0,0.70227434982152
8.0,0.5555556,11.0,3.0,0.70227434982152
8.0,0.5555556,11.0,5.0,0.70227434982152
8.0,0.5555556,11.0,8.0,0.70227434982152
8.0,0.5555556,11.0,12.0,0.70227434982152
8.0,0.5555556,11.0,20.0,0.70227434982152
8.0,0.5555556,11.0,32.0,0.701968383477817
8.0,0.5555556,11.0,50.0,0.701805201427843
8.0,0.5555556,11.0,80.0,0.702070372259052
8.0,0.5555556,11.0,128.0,0.701213666496685
8.0,0.5555556,13.0,2.0,0.70278429372769
8.0,0.5555556,13.0,3.0,0.70278429372769
8.0,0.5555556,13.0,5.0,0.70278429372769
8.0,0.5555556,13.0,8.0,0.70278429372769
8.0,0.5555556,13.0,12.0,0.70278429372769
8.0,0.5555556,13.0,20.0,0.70278429372769
8.0,0.5555556,13.0,32.0,0.702253952065273
8.0,0.5555556,13.0,50.0,0.702192758796532
8.0,0.5555556,13.0,80.0,0.701703212646609
8.0,0.5555556,13.0,128.0,0.701927587965324
8.0,0.5555556,15.0,2.0,0.702539520652728
8.0,0.5555556,15.0,3.0,0.702539520652728
8.0,0.5555556,15.0,5.0,0.702539520652728
8.0,0.5555556,15.0,8.0,0.702539520652728
8.0,0.5555556,15.0,12.0,0.702539520652728
8.0,0.5555556,15.0,20.0,0.702539520652728
8.0,0.5555556,15.0,32.0,0.702049974502805
8.0,0.5555556,15.0,50.0,0.701580826109128
8.0,0.5555556,15.0,80.0,0.701805201427843
8.0,0.5555556,15.0,128.0,0.702029576746558
8.0,0.5555556,17.0,2.0,0.701968383477817
8.0,0.5555556,17.0,3.0,0.701968383477817
8.0,0.5555556,17.0,5.0,0.701968383477817
8.0,0.5555556,17.0,8.0,0.701968383477817
8.0,0.5555556,17.0,12.0,0.701968383477817
8.0,0.5555556,17.0,20.0,0.701968383477817
8.0,0.5555556,17.0,32.0,0.701968383477817
8.0,0.5555556,17.0,50.0,0.701968383477817
8.0,0.5555556,17.0,80.0,0.701805201427843
8.0,0.5555556,17.0,128.0,0.701907190209077
8.0,0.5555556,20.0,2.0,0.702661907190209
8.0,0.5555556,20.0,3.0,0.702661907190209
8.0,0.5555556,20.0,5.0,0.702661907190209
8.0,0.5555556,20.0,8.0,0.702661907190209
8.0,0.5555556,20.0,12.0,0.702661907190209
8.0,0.5555556,20.0,20.0,0.702661907190209
8.0,0.5555556,20.0,32.0,0.702661907190209
8.0,0.5555556,20.0,50.0,0.702478327383988
8.0,0.5555556,20.0,80.0,0.702131565527792
8.0,0.5555556,20.0,128.0,0.701927587965324
8.0,0.6666667,1.0,2.0,0.705517593064763
8.0,0.6666667,1.0,3.0,0.705191228964814
8.0,0.6666667,1.0,5.0,0.705293217746048
8.0,0.6666667,1.0,8.0,0.705130035696073
8.0,0.6666667,1.0,12.0,0.70559918408975
8.0,0.6666667,1.0,20.0,0.705517593064763
8.0,0.6666667,1.0,32.0,0.705456399796022
8.0,0.6666667,1.0,50.0,0.70553799082101
8.0,0.6666667,1.0,80.0,0.704864864864865
8.0,0.6666667,1.0,128.0,0.704783273839878
8.0,0.6666667,3.0,2.0,0.705374808771035
8.0,0.6666667,3.0,3.0,0.705374808771035
8.0,0.6666667,3.0,5.0,0.705374808771035
8.0,0.6666667,3.0,8.0,0.704987251402346
8.0,0.6666667,3.0,12.0,0.705884752677206
8.0,0.6666667,3.0,20.0,0.705721570627231
8.0,0.6666667,3.0,32.0,0.705762366139725
8.0,0.6666667,3.0,50.0,0.704966853646099
8.0,0.6666667,3.0,80.0,0.704620091789903
8.0,0.6666667,3.0,128.0,0.704518103008669
8.0,0.6666667,5.0,2.0,0.705252422233554
8.0,0.6666667,5.0,3.0,0.705252422233554
8.0,0.6666667,5.0,5.0,0.705252422233554
8.0,0.6666667,5.0,8.0,0.705252422233554
8.0,0.6666667,5.0,12.0,0.705823559408465
8.0,0.6666667,5.0,20.0,0.705619581845997
8.0,0.6666667,5.0,32.0,0.706211116777155
8.0,0.6666667,5.0,50.0,0.705578786333503
8.0,0.6666667,5.0,80.0,0.704926058133605
8.0,0.6666667,5.0,128.0,0.704538500764916
8.0,0.6666667,7.0,2.0,0.705415604283529
8.0,0.6666667,7.0,3.0,0.705415604283529
8.0,0.6666667,7.0,5.0,0.705415604283529
8.0,0.6666667,7.0,8.0,0.705415604283529
8.0,0.6666667,7.0,12.0,0.705415604283529
8.0,0.6666667,7.0,20.0,0.705456399796022
8.0,0.6666667,7.0,32.0,0.706578276389597
8.0,0.6666667,7.0,50.0,0.705374808771035
8.0,0.6666667,7.0,80.0,0.705028046914839
8.0,0.6666667,7.0,128.0,0.704375318714941
8.0,0.6666667,9.0,2.0,0.706027536970933
8.0,0.6666667,9.0,3.0,0.706027536970933
8.0,0.6666667,9.0,5.0,0.706027536970933
8.0,0.6666667,9.0,8.0,0.706027536970933
8.0,0.6666667,9.0,12.0,0.706027536970933
8.0,0.6666667,9.0,20.0,0.705721570627231
8.0,0.6666667,9.0,32.0,0.705660377358491
8.0,0.6666667,9.0,50.0,0.705395206527282
8.0,0.6666667,9.0,80.0,0.704762876083631
8.0,0.6666667,9.0,128.0,0.70413054563998
8.0,0.6666667,11.0,2.0,0.705680775114737
8.0,0.6666667,11.0,3.0,0.705680775114737
8.0,0.6666667,11.0,5.0,0.705680775114737
8.0,0.6666667,11.0,8.0,0.705680775114737
8.0,0.6666667,11.0,12.0,0.705680775114737
8.0,0.6666667,11.0,20.0,0.705680775114737
8.0,0.6666667,11.0,32.0,0.705660377358491
8.0,0.6666667,11.0,50.0,0.705436002039776
8.0,0.6666667,11.0,80.0,0.705068842427333
8.0,0.6666667,11.0,128.0,0.704518103008669
8.0,0.6666667,13.0,2.0,0.705354411014788
8.0,0.6666667,13.0,3.0,0.705354411014788
8.0,0.6666667,13.0,5.0,0.705354411014788
8.0,0.6666667,13.0,8.0,0.705354411014788
8.0,0.6666667,13.0,12.0,0.705354411014788
8.0,0.6666667,13.0,20.0,0.705354411014788
8.0,0.6666667,13.0,32.0,0.705415604283529
8.0,0.6666667,13.0,50.0,0.705395206527282
8.0,0.6666667,13.0,80.0,0.705252422233554
8.0,0.6666667,13.0,128.0,0.704456909739929
8.0,0.6666667,15.0,2.0,0.70553799082101
8.0,0.6666667,15.0,3.0,0.70553799082101
8.0,0.6666667,15.0,5.0,0.70553799082101
8.0,0.6666667,15.0,8.0,0.70553799082101
8.0,0.6666667,15.0,12.0,0.70553799082101
8.0,0.6666667,15.0,20.0,0.70553799082101
8.0,0.6666667,15.0,32.0,0.705680775114737
8.0,0.6666667,15.0,50.0,0.705272819989801
8.0,0.6666667,15.0,80.0,0.704987251402346
8.0,0.6666667,15.0,128.0,0.704497705252422
8.0,0.6666667,17.0,2.0,0.70515043345232
8.0,0.6666667,17.0,3.0,0.70515043345232
8.0,0.6666667,17.0,5.0,0.70515043345232
8.0,0.6666667,17.0,8.0,0.70515043345232
8.0,0.6666667,17.0,12.0,0.70515043345232
8.0,0.6666667,17.0,20.0,0.70515043345232
8.0,0.6666667,17.0,32.0,0.70515043345232
8.0,0.6666667,17.0,50.0,0.705048444671086
8.0,0.6666667,17.0,80.0,0.704762876083631
8.0,0.6666667,17.0,128.0,0.704048954614992
8.0,0.6666667,20.0,2.0,0.705313615502295
8.0,0.6666667,20.0,3.0,0.705313615502295
8.0,0.6666667,20.0,5.0,0.705313615502295
8.0,0.6666667,20.0,8.0,0.705313615502295
8.0,0.6666667,20.0,12.0,0.705313615502295
8.0,0.6666667,20.0,20.0,0.705313615502295
8.0,0.6666667,20.0,32.0,0.705313615502295
8.0,0.6666667,20.0,50.0,0.705456399796022
8.0,0.6666667,20.0,80.0,0.704803671596124
8.0,0.6666667,20.0,128.0,0.704660887302397
8.0,0.7777778,1.0,2.0,0.706190719020908
8.0,0.7777778,1.0,3.0,0.706129525752167
8.0,0.7777778,1.0,5.0,0.706598674145844
8.0,0.7777778,1.0,8.0,0.706925038245793
8.0,0.7777778,1.0,12.0,0.706313105558389
8.0,0.7777778,1.0,20.0,0.706068332483427
8.0,0.7777778,1.0,32.0,0.706190719020908
8.0,0.7777778,1.0,50.0,0.70643549209587
8.0,0.7777778,1.0,80.0,0.705680775114737
8.0,0.7777778,1.0,128.0,0.705252422233554
8.0,0.7777778,3.0,2.0,0.70649668536461
8.0,0.7777778,3.0,3.0,0.70649668536461
8.0,0.7777778,3.0,5.0,0.70649668536461
8.0,0.7777778,3.0,8.0,0.706251912289648
8.0,0.7777778,3.0,12.0,0.706353901070882
8.0,0.7777778,3.0,20.0,0.70610912799592
8.0,0.7777778,3.0,32.0,0.705823559408465
8.0,0.7777778,3.0,50.0,0.706149923508414
8.0,0.7777778,3.0,80.0,0.705680775114737
8.0,0.7777778,3.0,128.0,0.705313615502295
8.0,0.7777778,5.0,2.0,0.705803161652218
8.0,0.7777778,5.0,3.0,0.705803161652218
8.0,0.7777778,5.0,5.0,0.705803161652218
8.0,0.7777778,5.0,8.0,0.705803161652218
8.0,0.7777778,5.0,12.0,0.706802651708312
8.0,0.7777778,5.0,20.0,0.706272310045895
8.0,0.7777778,5.0,32.0,0.705578786333503
8.0,0.7777778,5.0,50.0,0.706231514533401
8.0,0.7777778,5.0,80.0,0.70559918408975
8.0,0.7777778,5.0,128.0,0.705476797552269
8.0,0.7777778,7.0,2.0,0.706190719020908
8.0,0.7777778,7.0,3.0,0.706190719020908
8.0,0.7777778,7.0,5.0,0.706190719020908
8.0,0.7777778,7.0,8.0,0.706190719020908
8.0,0.7777778,7.0,12.0,0.706190719020908
8.0,0.7777778,7.0,20.0,0.706517083120857
8.0,0.7777778,7.0,32.0,0.705966343702193
8.0,0.7777778,7.0,50.0,0.706251912289648
8.0,0.7777778,7.0,80.0,0.705823559408465
8.0,0.7777778,7.0,128.0,0.705232024477307
8.0,0.7777778,9.0,2.0,0.705619581845997
8.0,0.7777778,9.0,3.0,0.705619581845997
8.0,0.7777778,9.0,5.0,0.705619581845997
8.0,0.7777778,9.0,8.0,0.705619581845997
8.0,0.7777778,9.0,12.0,0.705619581845997
8.0,0.7777778,9.0,20.0,0.706578276389597
8.0,0.7777778,9.0,32.0,0.70694543600204
8.0,0.7777778,9.0,50.0,0.706292707802142
8.0,0.7777778,9.0,80.0,0.705803161652218
8.0,0.7777778,9.0,128.0,0.705191228964814
8.0,0.7777778,11.0,2.0,0.705905150433452
8.0,0.7777778,11.0,3.0,0.705905150433452
8.0,0.7777778,11.0,5.0,0.705905150433452
8.0,0.7777778,11.0,8.0,0.705905150433452
8.0,0.7777778,11.0,12.0,0.705905150433452
8.0,0.7777778,11.0,20.0,0.705905150433452
8.0,0.7777778,11.0,32.0,0.705823559408465
8.0,0.7777778,11.0,50.0,0.705762366139725
8.0,0.7777778,11.0,80.0,0.705415604283529
8.0,0.7777778,11.0,128.0,0.705578786333503
8.0,0.7777778,13.0,2.0,0.706455889852116
8.0,0.7777778,13.0,3.0,0.706455889852116
8.0,0.7777778,13.0,5.0,0.706455889852116
8.0,0.7777778,13.0,8.0,0.706455889852116
8.0,0.7777778,13.0,12.0,0.706455889852116
8.0,0.7777778,13.0,20.0,0.706455889852116
8.0,0.7777778,13.0,32.0,0.706517083120857
8.0,0.7777778,13.0,50.0,0.705191228964814
8.0,0.7777778,13.0,80.0,0.705843957164712
8.0,0.7777778,13.0,128.0,0.705660377358491
8.0,0.7777778,15.0,2.0,0.706313105558389
8.0,0.7777778,15.0,3.0,0.706313105558389
8.0,0.7777778,15.0,5.0,0.706313105558389
8.0,0.7777778,15.0,8.0,0.706313105558389
8.0,0.7777778,15.0,12.0,0.706313105558389
8.0,0.7777778,15.0,20.0,0.706313105558389
8.0,0.7777778,15.0,32.0,0.706211116777155
8.0,0.7777778,15.0,50.0,0.705680775114737
8.0,0.7777778,15.0,80.0,0.705905150433452
8.0,0.7777778,15.0,128.0,0.705232024477307
8.0,0.7777778,17.0,2.0,0.706353901070882
8.0,0.7777778,17.0,3.0,0.706353901070882
8.0,0.7777778,17.0,5.0,0.706353901070882
8.0,0.7777778,17.0,8.0,0.706353901070882
8.0,0.7777778,17.0,12.0,0.706353901070882
8.0,0.7777778,17.0,20.0,0.706353901070882
8.0,0.7777778,17.0,32.0,0.706353901070882
8.0,0.7777778,17.0,50.0,0.705068842427333
8.0,0.7777778,17.0,80.0,0.705660377358491
8.0,0.7777778,17.0,128.0,0.705741968383478
8.0,0.7777778,20.0,2.0,0.706231514533401
8.0,0.7777778,20.0,3.0,0.706231514533401
8.0,0.7777778,20.0,5.0,0.706231514533401
8.0,0.7777778,20.0,8.0,0.706231514533401
8.0,0.7777778,20.0,12.0,0.706231514533401
8.0,0.7777778,20.0,20.0,0.706231514533401
8.0,0.7777778,20.0,32.0,0.706231514533401
8.0,0.7777778,20.0,50.0,0.705823559408465
8.0,0.7777778,20.0,80.0,0.705252422233554
8.0,0.7777778,20.0,128.0,0.705803161652218
8.0,0.8888889,1.0,2.0,0.70559918408975
8.0,0.8888889,1.0,3.0,0.705415604283529
8.0,0.8888889,1.0,5.0,0.704905660377358
8.0,0.8888889,1.0,8.0,0.705232024477307
8.0,0.8888889,1.0,12.0,0.705211626721061
8.0,0.8888889,1.0,20.0,0.704946455889852
8.0,0.8888889,1.0,32.0,0.704864864864865
8.0,0.8888889,1.0,50.0,0.704783273839878
8.0,0.8888889,1.0,80.0,0.705211626721061
8.0,0.8888889,1.0,128.0,0.704824069352371
8.0,0.8888889,3.0,2.0,0.705558388577257
8.0,0.8888889,3.0,3.0,0.705558388577257
8.0,0.8888889,3.0,5.0,0.705558388577257
8.0,0.8888889,3.0,8.0,0.704844467108618
8.0,0.8888889,3.0,12.0,0.70515043345232
8.0,0.8888889,3.0,20.0,0.705272819989801
8.0,0.8888889,3.0,32.0,0.704620091789903
8.0,0.8888889,3.0,50.0,0.705130035696073
8.0,0.8888889,3.0,80.0,0.705211626721061
8.0,0.8888889,3.0,128.0,0.704864864864865
8.0,0.8888889,5.0,2.0,0.704803671596124
8.0,0.8888889,5.0,3.0,0.704803671596124
8.0,0.8888889,5.0,5.0,0.704803671596124
8.0,0.8888889,5.0,8.0,0.704803671596124
8.0,0.8888889,5.0,12.0,0.704803671596124
8.0,0.8888889,5.0,20.0,0.705007649158593
8.0,0.8888889,5.0,32.0,0.705334013258542
8.0,0.8888889,5.0,50.0,0.705028046914839
8.0,0.8888889,5.0,80.0,0.705252422233554
8.0,0.8888889,5.0,128.0,0.704416114227435
8.0,0.8888889,7.0,2.0,0.705578786333503
8.0,0.8888889,7.0,3.0,0.705578786333503
8.0,0.8888889,7.0,5.0,0.705578786333503
8.0,0.8888889,7.0,8.0,0.705578786333503
8.0,0.8888889,7.0,12.0,0.705578786333503
8.0,0.8888889,7.0,20.0,0.70508924018358
8.0,0.8888889,7.0,32.0,0.704803671596124
8.0,0.8888889,7.0,50.0,0.705211626721061
8.0,0.8888889,7.0,80.0,0.705191228964814
8.0,0.8888889,7.0,128.0,0.704824069352371
8.0,0.8888889,9.0,2.0,0.705374808771035
8.0,0.8888889,9.0,3.0,0.705374808771035
8.0,0.8888889,9.0,5.0,0.705374808771035
8.0,0.8888889,9.0,8.0,0.705374808771035
8.0,0.8888889,9.0,12.0,0.705374808771035
8.0,0.8888889,9.0,20.0,0.705456399796023
8.0,0.8888889,9.0,32.0,0.704742478327384
8.0,0.8888889,9.0,50.0,0.705313615502295
8.0,0.8888889,9.0,80.0,0.705680775114737
8.0,0.8888889,9.0,128.0,0.704926058133605
8.0,0.8888889,11.0,2.0,0.704722080571137
8.0,0.8888889,11.0,3.0,0.704722080571137
8.0,0.8888889,11.0,5.0,0.704722080571137
8.0,0.8888889,11.0,8.0,0.704722080571137
8.0,0.8888889,11.0,12.0,0.704722080571137
8.0,0.8888889,11.0,20.0,0.704722080571137
8.0,0.8888889,11.0,32.0,0.705313615502295
8.0,0.8888889,11.0,50.0,0.705313615502295
8.0,0.8888889,11.0,80.0,0.705701172870984
8.0,0.8888889,11.0,128.0,0.704660887302397
8.0,0.8888889,13.0,2.0,0.705374808771035
8.0,0.8888889,13.0,3.0,0.705374808771035
8.0,0.8888889,13.0,5.0,0.705374808771035
8.0,0.8888889,13.0,8.0,0.705374808771035
8.0,0.8888889,13.0,12.0,0.705374808771035
8.0,0.8888889,13.0,20.0,0.705374808771035
8.0,0.8888889,13.0,32.0,0.705436002039776
8.0,0.8888889,13.0,50.0,0.705456399796022
8.0,0.8888889,13.0,80.0,0.705293217746048
8.0,0.8888889,13.0,128.0,0.704722080571137
8.0,0.8888889,15.0,2.0,0.705232024477307
8.0,0.8888889,15.0,3.0,0.705232024477307
8.0,0.8888889,15.0,5.0,0.705232024477307
8.0,0.8888889,15.0,8.0,0.705232024477307
8.0,0.8888889,15.0,12.0,0.705232024477307
8.0,0.8888889,15.0,20.0,0.705232024477307
8.0,0.8888889,15.0,32.0,0.705905150433452
8.0,0.8888889,15.0,50.0,0.705517593064763
8.0,0.8888889,15.0,80.0,0.705395206527282
8.0,0.8888889,15.0,128.0,0.704048954614992
8.0,0.8888889,17.0,2.0,0.705476797552269
8.0,0.8888889,17.0,3.0,0.705476797552269
8.0,0.8888889,17.0,5.0,0.705476797552269
8.0,0.8888889,17.0,8.0,0.705476797552269
8.0,0.8888889,17.0,12.0,0.705476797552269
8.0,0.8888889,17.0,20.0,0.705476797552269
8.0,0.8888889,17.0,32.0,0.705476797552269
8.0,0.8888889,17.0,50.0,0.705272819989801
8.0,0.8888889,17.0,80.0,0.705232024477307
8.0,0.8888889,17.0,128.0,0.704314125446201
8.0,0.8888889,20.0,2.0,0.705354411014788
8.0,0.8888889,20.0,3.0,0.705354411014788
8.0,0.8888889,20.0,5.0,0.705354411014788
8.0,0.8888889,20.0,8.0,0.705354411014788
8.0,0.8888889,20.0,12.0,0.705354411014788
8.0,0.8888889,20.0,20.0,0.705354411014788
8.0,0.8888889,20.0,32.0,0.705354411014788
8.0,0.8888889,20.0,50.0,0.705476797552269
8.0,0.8888889,20.0,80.0,0.706007139214686
8.0,0.8888889,20.0,128.0,0.704212136664967
8.0,1.0,1.0,2.0,0.701560428352881
8.0,1.0,1.0,3.0,0.701560428352881
8.0,1.0,1.0,5.0,0.70137684854666
8.0,1.0,1.0,8.0,0.701540030596634
8.0,1.0,1.0,12.0,0.70137684854666
8.0,1.0,1.0,20.0,0.70137684854666
8.0,1.0,1.0,32.0,0.70131565527792
8.0,1.0,1.0,50.0,0.70137684854666
8.0,1.0,1.0,80.0,0.701478837327894
8.0,1.0,1.0,128.0,0.701132075471698
8.0,1.0,3.0,2.0,0.701540030596634
8.0,1.0,3.0,3.0,0.701540030596634
8.0,1.0,3.0,5.0,0.701540030596634
8.0,1.0,3.0,8.0,0.701499235084141
8.0,1.0,3.0,12.0,0.701560428352881
8.0,1.0,3.0,20.0,0.701499235084141
8.0,1.0,3.0,32.0,0.701417644059154
8.0,1.0,3.0,50.0,0.701315655277919
8.0,1.0,3.0,80.0,0.701560428352881
8.0,1.0,3.0,128.0,0.701132075471698
8.0,1.0,5.0,2.0,0.701662417134115
8.0,1.0,5.0,3.0,0.701662417134115
8.0,1.0,5.0,5.0,0.701662417134115
8.0,1.0,5.0,8.0,0.701662417134115
8.0,1.0,5.0,12.0,0.701601223865375
8.0,1.0,5.0,20.0,0.701642019377868
8.0,1.0,5.0,32.0,0.701642019377868
8.0,1.0,5.0,50.0,0.701764405915349
8.0,1.0,5.0,80.0,0.701621621621622
8.0,1.0,5.0,128.0,0.701111677715451
8.0,1.0,7.0,2.0,0.701988781234064
8.0,1.0,7.0,3.0,0.701988781234064
8.0,1.0,7.0,5.0,0.701988781234064
8.0,1.0,7.0,8.0,0.701988781234064
8.0,1.0,7.0,12.0,0.701988781234064
8.0,1.0,7.0,20.0,0.701968383477817
8.0,1.0,7.0,32.0,0.701723610402856
8.0,1.0,7.0,50.0,0.701784803671596
8.0,1.0,7.0,80.0,0.701845996940337
8.0,1.0,7.0,128.0,0.701274859765426
8.0,1.0,9.0,2.0,0.701988781234064
8.0,1.0,9.0,3.0,0.701988781234064
8.0,1.0,9.0,5.0,0.701988781234064
8.0,1.0,9.0,8.0,0.701988781234064
8.0,1.0,9.0,12.0,0.701988781234064
8.0,1.0,9.0,20.0,0.701947985721571
8.0,1.0,9.0,32.0,0.70182559918409
8.0,1.0,9.0,50.0,0.701927587965324
8.0,1.0,9.0,80.0,0.701845996940336
8.0,1.0,9.0,128.0,0.701478837327894
8.0,1.0,11.0,2.0,0.702049974502805
8.0,1.0,11.0,3.0,0.702049974502805
8.0,1.0,11.0,5.0,0.702049974502805
8.0,1.0,11.0,8.0,0.702049974502805
8.0,1.0,11.0,12.0,0.702049974502805
8.0,1.0,11.0,20.0,0.702049974502805
8.0,1.0,11.0,32.0,0.702172361040286
8.0,1.0,11.0,50.0,0.702029576746558
8.0,1.0,11.0,80.0,0.701845996940337
8.0,1.0,11.0,128.0,0.701458439571647
8.0,1.0,13.0,2.0,0.702049974502805
8.0,1.0,13.0,3.0,0.702049974502805
8.0,1.0,13.0,5.0,0.702049974502805
8.0,1.0,13.0,8.0,0.702049974502805
8.0,1.0,13.0,12.0,0.702049974502805
8.0,1.0,13.0,20.0,0.702049974502805
8.0,1.0,13.0,32.0,0.702070372259052
8.0,1.0,13.0,50.0,0.701988781234064
8.0,1.0,13.0,80.0,0.702111167771545
8.0,1.0,13.0,128.0,0.701703212646609
8.0,1.0,15.0,2.0,0.702151963284039
8.0,1.0,15.0,3.0,0.702151963284039
8.0,1.0,15.0,5.0,0.702151963284039
8.0,1.0,15.0,8.0,0.702151963284039
8.0,1.0,15.0,12.0,0.702151963284039
8.0,1.0,15.0,20.0,0.702151963284039
8.0,1.0,15.0,32.0,0.701968383477818
8.0,1.0,15.0,50.0,0.702070372259051
8.0,1.0,15.0,80.0,0.70188679245283
8.0,1.0,15.0,128.0,0.701499235084141
8.0,1.0,17.0,2.0,0.70188679245283
8.0,1.0,17.0,3.0,0.70188679245283
8.0,1.0,17.0,5.0,0.70188679245283
8.0,1.0,17.0,8.0,0.70188679245283
8.0,1.0,17.0,12.0,0.70188679245283
8.0,1.0,17.0,20.0,0.70188679245283
8.0,1.0,17.0,32.0,0.70188679245283
8.0,1.0,17.0,50.0,0.702131565527792
8.0,1.0,17.0,80.0,0.701968383477818
8.0,1.0,17.0,128.0,0.701417644059154
8.0,1.0,20.0,2.0,0.701642019377868
8.0,1.0,20.0,3.0,0.701642019377868
8.0,1.0,20.0,5.0,0.701642019377868
8.0,1.0,20.0,8.0,0.701642019377868
8.0,1.0,20.0,12.0,0.701642019377868
8.0,1.0,20.0,20.0,0.701642019377868
8.0,1.0,20.0,32.0,0.701642019377868
8.0,1.0,20.0,50.0,0.701784803671596
8.0,1.0,20.0,80.0,0.701927587965324
8.0,1.0,20.0,128.0,0.701315655277919
13.0,0.0,1.0,2.0,0.687791942886283
13.0,0.0,1.0,3.0,0.688424273329934
13.0,0.0,1.0,5.0,0.687649158592555
13.0,0.0,1.0,8.0,0.688363080061193
13.0,0.0,1.0,12.0,0.68793472718001
13.0,0.0,1.0,20.0,0.687669556348802
13.0,0.0,1.0,32.0,0.68793472718001
13.0,0.0,1.0,50.0,0.687220805711372
13.0,0.0,1.0,80.0,0.686486486486486
13.0,0.0,1.0,128.0,0.684793472718001
13.0,0.0,3.0,2.0,0.686649668536461
13.0,0.0,3.0,3.0,0.686649668536461
13.0,0.0,3.0,5.0,0.686649668536461
13.0,0.0,3.0,8.0,0.686506884242733
13.0,0.0,3.0,12.0,0.688546659867415
13.0,0.0,3.0,20.0,0.688669046404895
13.0,0.0,3.0,32.0,0.687587965323814
13.0,0.0,3.0,50.0,0.686262111167772
13.0,0.0,3.0,80.0,0.68601733809281
13.0,0.0,3.0,128.0,0.685181030086691
13.0,0.0,5.0,2.0,0.688403875573687
13.0,0.0,5.0,3.0,0.688403875573687
13.0,0.0,5.0,5.0,0.688403875573687
13.0,0.0,5.0,8.0,0.688403875573687
13.0,0.0,5.0,12.0,0.687261601223865
13.0,0.0,5.0,20.0,0.689097399286078
13.0,0.0,5.0,32.0,0.688424273329934
13.0,0.0,5.0,50.0,0.687343192248853
13.0,0.0,5.0,80.0,0.686792452830189
13.0,0.0,5.0,128.0,0.685833758286588
13.0,0.0,7.0,2.0,0.688669046404895
13.0,0.0,7.0,3.0,0.688669046404895
13.0,0.0,7.0,5.0,0.688669046404895
13.0,0.0,7.0,8.0,0.688669046404895
13.0,0.0,7.0,12.0,0.688669046404895
13.0,0.0,7.0,20.0,0.687751147373789
13.0,0.0,7.0,32.0,0.689036206017338
13.0,0.0,7.0,50.0,0.686792452830189
13.0,0.0,7.0,80.0,0.687302396736359
13.0,0.0,7.0,128.0,0.685242223355431
13.0,0.0,9.0,2.0,0.688036715961244
13.0,0.0,9.0,3.0,0.688036715961244
13.0,0.0,9.0,5.0,0.688036715961244
13.0,0.0,9.0,8.0,0.688036715961244
13.0,0.0,9.0,12.0,0.688036715961244
13.0,0.0,9.0,20.0,0.687669556348802
13.0,0.0,9.0,32.0,0.687383987761346
13.0,0.0,9.0,50.0,0.686996430392657
13.0,0.0,9.0,80.0,0.687180010198878
13.0,0.0,9.0,128.0,0.684834268230495
13.0,0.0,11.0,2.0,0.687098419173891
13.0,0.0,11.0,3.0,0.687098419173891
13.0,0.0,11.0,5.0,0.687098419173891
13.0,0.0,11.0,8.0,0.687098419173891
13.0,0.0,11.0,12.0,0.687098419173891
13.0,0.0,11.0,20.0,0.687098419173891
13.0,0.0,11.0,32.0,0.687669556348802
13.0,0.0,11.0,50.0,0.686547679755227
13.0,0.0,11.0,80.0,0.686629270780214
13.0,0.0,11.0,128.0,0.684936257011729
13.0,0.0,13.0,2.0,0.688628250892402
13.0,0.0,13.0,3.0,0.688628250892402
13.0,0.0,13.0,5.0,0.688628250892402
13.0,0.0,13.0,8.0,0.688628250892402
13.0,0.0,13.0,12.0,0.688628250892402
13.0,0.0,13.0,20.0,0.688628250892402
13.0,0.0,13.0,32.0,0.686853646098929
13.0,0.0,13.0,50.0,0.686506884242733
13.0,0.0,13.0,80.0,0.686486486486487
13.0,0.0,13.0,128.0,0.684528301886792
13.0,0.0,15.0,2.0,0.687547169811321
13.0,0.0,15.0,3.0,0.687547169811321
13.0,0.0,15.0,5.0,0.687547169811321
13.0,0.0,15.0,8.0,0.687547169811321
13.0,0.0,15.0,12.0,0.687547169811321
13.0,0.0,15.0,20.0,0.687547169811321
13.0,0.0,15.0,32.0,0.688138704742478
13.0,0.0,15.0,50.0,0.686731259561448
13.0,0.0,15.0,80.0,0.686282508924018
13.0,0.0,15.0,128.0,0.685323814380418
13.0,0.0,17.0,2.0,0.687812340642529
13.0,0.0,17.0,3.0,0.687812340642529
13.0,0.0,17.0,5.0,0.687812340642529
13.0,0.0,17.0,8.0,0.687812340642529
13.0,0.0,17.0,12.0,0.687812340642529
13.0,0.0,17.0,20.0,0.687812340642529
13.0,0.0,17.0,32.0,0.687812340642529
13.0,0.0,17.0,50.0,0.685752167261601
13.0,0.0,17.0,80.0,0.686955634880163
13.0,0.0,17.0,128.0,0.68562978072412
13.0,0.0,20.0,2.0,0.68652728199898
13.0,0.0,20.0,3.0,0.68652728199898
13.0,0.0,20.0,5.0,0.68652728199898
13.0,0.0,20.0,8.0,0.68652728199898
13.0,0.0,20.0,12.0,0.68652728199898
13.0,0.0,20.0,20.0,0.68652728199898
13.0,0.0,20.0,32.0,0.68652728199898
13.0,0.0,20.0,50.0,0.686323304436512
13.0,0.0,20.0,80.0,0.687302396736359
13.0,0.0,20.0,128.0,0.684936257011729
13.0,0.11111111,1.0,2.0,0.687791942886283
13.0,0.11111111,1.0,3.0,0.688424273329934
13.0,0.11111111,1.0,5.0,0.687649158592555
13.0,0.11111111,1.0,8.0,0.688363080061193
13.0,0.11111111,1.0,12.0,0.68793472718001
13.0,0.11111111,1.0,20.0,0.687669556348802
13.0,0.11111111,1.0,32.0,0.68793472718001
13.0,0.11111111,1.0,50.0,0.687220805711372
13.0,0.11111111,1.0,80.0,0.686486486486486
13.0,0.11111111,1.0,128.0,0.684793472718001
13.0,0.11111111,3.0,2.0,0.686649668536461
13.0,0.11111111,3.0,3.0,0.686649668536461
13.0,0.11111111,3.0,5.0,0.686649668536461
13.0,0.11111111,3.0,8.0,0.686506884242733
13.0,0.11111111,3.0,12.0,0.688546659867415
13.0,0.11111111,3.0,20.0,0.688669046404895
13.0,0.11111111,3.0,32.0,0.687587965323814
13.0,0.11111111,3.0,50.0,0.686262111167772
13.0,0.11111111,3.0,80.0,0.68601733809281
13.0,0.11111111,3.0,128.0,0.685181030086691
13.0,0.11111111,5.0,2.0,0.688403875573687
13.0,0.11111111,5.0,3.0,0.688403875573687
13.0,0.11111111,5.0,5.0,0.688403875573687
13.0,0.11111111,5.0,8.0,0.688403875573687
13.0,0.11111111,5.0,12.0,0.687261601223865
13.0,0.11111111,5.0,20.0,0.689097399286078
13.0,0.11111111,5.0,32.0,0.688424273329934
13.0,0.11111111,5.0,50.0,0.687343192248853
13.0,0.11111111,5.0,80.0,0.686792452830189
13.0,0.11111111,5.0,128.0,0.685833758286588
13.0,0.11111111,7.0,2.0,0.688669046404895
13.0,0.11111111,7.0,3.0,0.688669046404895
13.0,0.11111111,7.0,5.0,0.688669046404895
13.0,0.11111111,7.0,8.0,0.688669046404895
13.0,0.11111111,7.0,12.0,0.688669046404895
13.0,0.11111111,7.0,20.0,0.687751147373789
13.0,0.11111111,7.0,32.0,0.689036206017338
13.0,0.11111111,7.0,50.0,0.686792452830189
13.0,0.11111111,7.0,80.0,0.687302396736359
13.0,0.11111111,7.0,128.0,0.685242223355431
13.0,0.11111111,9.0,2.0,0.688036715961244
13.0,0.11111111,9.0,3.0,0.688036715961244
13.0,0.11111111,9.0,5.0,0.688036715961244
13.0,0.11111111,9.0,8.0,0.688036715961244
13.0,0.11111111,9.0,12.0,0.688036715961244
13.0,0.11111111,9.0,20.0,0.687669556348802
13.0,0.11111111,9.0,32.0,0.687383987761346
13.0,0.11111111,9.0,50.0,0.686996430392657
13.0,0.11111111,9.0,80.0,0.687180010198878
13.0,0.11111111,9.0,128.0,0.684834268230495
13.0,0.11111111,11.0,2.0,0.687098419173891
13.0,0.11111111,11.0,3.0,0.687098419173891
13.0,0.11111111,11.0,5.0,0.687098419173891
13.0,0.11111111,11.0,8.0,0.687098419173891
13.0,0.11111111,11.0,12.0,0.687098419173891
13.0,0.11111111,11.0,20.0,0.687098419173891
13.0,0.11111111,11.0,32.0,0.687669556348802
13.0,0.11111111,11.0,50.0,0.686547679755227
13.0,0.11111111,11.0,80.0,0.686629270780214
13.0,0.11111111,11.0,128.0,0.684936257011729
13.0,0.11111111,13.0,2.0,0.688628250892402
13.0,0.11111111,13.0,3.0,0.688628250892402
13.0,0.11111111,13.0,5.0,0.688628250892402
13.0,0.11111111,13.0,8.0,0.688628250892402
13.0,0.11111111,13.0,12.0,0.688628250892402
13.0,0.11111111,13.0,20.0,0.688628250892402
13.0,0.11111111,13.0,32.0,0.686853646098929
13.0,0.11111111,13.0,50.0,0.686506884242733
13.0,0.11111111,13.0,80.0,0.686486486486487
13.0,0.11111111,13.0,128.0,0.684528301886792
13.0,0.11111111,15.0,2.0,0.687547169811321
13.0,0.11111111,15.0,3.0,0.687547169811321
13.0,0.11111111,15.0,5.0,0.687547169811321
13.0,0.11111111,15.0,8.0,0.687547169811321
13.0,0.11111111,15.0,12.0,0.687547169811321
13.0,0.11111111,15.0,20.0,0.687547169811321
13.0,0.11111111,15.0,32.0,0.688138704742478
13.0,0.11111111,15.0,50.0,0.686731259561448
13.0,0.11111111,15.0,80.0,0.686282508924018
13.0,0.11111111,15.0,128.0,0.685323814380418
13.0,0.11111111,17.0,2.0,0.687812340642529
13.0,0.11111111,17.0,3.0,0.687812340642529
13.0,0.11111111,17.0,5.0,0.687812340642529
13.0,0.11111111,17.0,8.0,0.687812340642529
13.0,0.11111111,17.0,12.0,0.687812340642529
13.0,0.11111111,17.0,20.0,0.687812340642529
13.0,0.11111111,17.0,32.0,0.687812340642529
13.0,0.11111111,17.0,50.0,0.685752167261601
13.0,0.11111111,17.0,80.0,0.686955634880163
13.0,0.11111111,17.0,128.0,0.68562978072412
13.0,0.11111111,20.0,2.0,0.68652728199898
13.0,0.11111111,20.0,3.0,0.68652728199898
13.0,0.11111111,20.0,5.0,0.68652728199898
13.0,0.11111111,20.0,8.0,0.68652728199898
13.0,0.11111111,20.0,12.0,0.68652728199898
13.0,0.11111111,20.0,20.0,0.68652728199898
13.0,0.11111111,20.0,32.0,0.68652728199898
13.0,0.11111111,20.0,50.0,0.686323304436512
13.0,0.11111111,20.0,80.0,0.687302396736359
13.0,0.11111111,20.0,128.0,0.684936257011729
13.0,0.22222222,1.0,2.0,0.704089750127486
13.0,0.22222222,1.0,3.0,0.70508924018358
13.0,0.22222222,1.0,5.0,0.704783273839878
13.0,0.22222222,1.0,8.0,0.704314125446201
13.0,0.22222222,1.0,12.0,0.704762876083631
13.0,0.22222222,1.0,20.0,0.704089750127486
13.0,0.22222222,1.0,32.0,0.704497705252422
13.0,0.22222222,1.0,50.0,0.704048954614992
13.0,0.22222222,1.0,80.0,0.702396736359
13.0,0.22222222,1.0,128.0,0.702131565527792
13.0,0.22222222,3.0,2.0,0.704069352371239
13.0,0.22222222,3.0,3.0,0.704069352371239
13.0,0.22222222,3.0,5.0,0.704069352371239
13.0,0.22222222,3.0,8.0,0.70413054563998
13.0,0.22222222,3.0,12.0,0.702967873533911
13.0,0.22222222,3.0,20.0,0.703783783783784
13.0,0.22222222,3.0,32.0,0.703069862315145
13.0,0.22222222,3.0,50.0,0.704008159102499
13.0,0.22222222,3.0,80.0,0.703151453340133
13.0,0.22222222,3.0,128.0,0.701744008159103
13.0,0.22222222,5.0,2.0,0.704293727689954
13.0,0.22222222,5.0,3.0,0.704293727689954
13.0,0.22222222,5.0,5.0,0.704293727689954
13.0,0.22222222,5.0,8.0,0.704293727689954
13.0,0.22222222,5.0,12.0,0.702947475777665
13.0,0.22222222,5.0,20.0,0.703783783783784
13.0,0.22222222,5.0,32.0,0.703783783783784
13.0,0.22222222,5.0,50.0,0.704028556858746
13.0,0.22222222,5.0,80.0,0.703416624171341
13.0,0.22222222,5.0,128.0,0.702111167771545
13.0,0.22222222,7.0,2.0,0.704314125446201
13.0,0.22222222,7.0,3.0,0.704314125446201
13.0,0.22222222,7.0,5.0,0.704314125446201
13.0,0.22222222,7.0,8.0,0.704314125446201
13.0,0.22222222,7.0,12.0,0.704314125446201
13.0,0.22222222,7.0,20.0,0.704762876083631
13.0,0.22222222,7.0,32.0,0.703110657827639
13.0,0.22222222,7.0,50.0,0.702580316165222
13.0,0.22222222,7.0,80.0,0.703498215196328
13.0,0.22222222,7.0,128.0,0.70086690464049
13.0,0.22222222,9.0,2.0,0.703967363590005
13.0,0.22222222,9.0,3.0,0.703967363590005
13.0,0.22222222,9.0,5.0,0.703967363590005
13.0,0.22222222,9.0,8.0,0.703967363590005
13.0,0.22222222,9.0,12.0,0.703967363590005
13.0,0.22222222,9.0,20.0,0.703539010708822
13.0,0.22222222,9.0,32.0,0.703783783783784
13.0,0.22222222,9.0,50.0,0.702478327383988
13.0,0.22222222,9.0,80.0,0.703498215196328
13.0,0.22222222,9.0,128.0,0.702396736359
13.0,0.22222222,11.0,2.0,0.703212646608873
13.0,0.22222222,11.0,3.0,0.703212646608873
13.0,0.22222222,11.0,5.0,0.703212646608873
13.0,0.22222222,11.0,8.0,0.703212646608873
13.0,0.22222222,11.0,12.0,0.703212646608873
13.0,0.22222222,11.0,20.0,0.703212646608873
13.0,0.22222222,11.0,32.0,0.704171341152473
13.0,0.22222222,11.0,50.0,0.703661397246303
13.0,0.22222222,11.0,80.0,0.70323304436512
13.0,0.22222222,11.0,128.0,0.702600713921469
13.0,0.22222222,13.0,2.0,0.703375828658848
13.0,0.22222222,13.0,3.0,0.703375828658848
13.0,0.22222222,13.0,5.0,0.703375828658848
13.0,0.22222222,13.0,8.0,0.703375828658848
13.0,0.22222222,13.0,12.0,0.703375828658848
13.0,0.22222222,13.0,20.0,0.703375828658848
13.0,0.22222222,13.0,32.0,0.70419173890872
13.0,0.22222222,13.0,50.0,0.703967363590005
13.0,0.22222222,13.0,80.0,0.702865884752677
13.0,0.22222222,13.0,128.0,0.702539520652728
13.0,0.22222222,15.0,2.0,0.703416624171341
13.0,0.22222222,15.0,3.0,0.703416624171341
13.0,0.22222222,15.0,5.0,0.703416624171341
13.0,0.22222222,15.0,8.0,0.703416624171341
13.0,0.22222222,15.0,12.0,0.703416624171341
13.0,0.22222222,15.0,20.0,0.703416624171341
13.0,0.22222222,15.0,32.0,0.703640999490056
13.0,0.22222222,15.0,50.0,0.703498215196328
13.0,0.22222222,15.0,80.0,0.702498725140235
13.0,0.22222222,15.0,128.0,0.701968383477817
13.0,0.22222222,17.0,2.0,0.70368179500255
13.0,0.22222222,17.0,3.0,0.70368179500255
13.0,0.22222222,17.0,5.0,0.70368179500255
13.0,0.22222222,17.0,8.0,0.70368179500255
13.0,0.22222222,17.0,12.0,0.70368179500255
13.0,0.22222222,17.0,20.0,0.70368179500255
13.0,0.22222222,17.0,32.0,0.70368179500255
13.0,0.22222222,17.0,50.0,0.702621111677715
13.0,0.22222222,17.0,80.0,0.702233554309026
13.0,0.22222222,17.0,128.0,0.702396736359
13.0,0.22222222,20.0,2.0,0.70272310045895
13.0,0.22222222,20.0,3.0,0.70272310045895
13.0,0.22222222,20.0,5.0,0.70272310045895
13.0,0.22222222,20.0,8.0,0.70272310045895
13.0,0.22222222,20.0,12.0,0.70272310045895
13.0,0.22222222,20.0,20.0,0.70272310045895
13.0,0.22222222,20.0,32.0,0.70272310045895
13.0,0.22222222,20.0,50.0,0.704252932177461
13.0,0.22222222,20.0,80.0,0.702131565527792
13.0,0.22222222,20.0,128.0,0.701988781234064
13.0,0.33333334,1.0,2.0,0.711065782763896
13.0,0.33333334,1.0,3.0,0.710331463539011
13.0,0.33333334,1.0,5.0,0.710739418663947
13.0,0.33333334,1.0,8.0,0.71027027027027
13.0,0.33333334,1.0,12.0,0.709658337582866
13.0,0.33333334,1.0,20.0,0.710576236613973
13.0,0.33333334,1.0,32.0,0.711330953595105
13.0,0.33333334,1.0,50.0,0.709943906170321
13.0,0.33333334,1.0,80.0,0.709801121876594
13.0,0.33333334,1.0,128.0,0.708740438551759
13.0,0.33333334,3.0,2.0,0.711494135645079
13.0,0.33333334,3.0,3.0,0.711494135645079
13.0,0.33333334,3.0,5.0,0.711494135645079
13.0,0.33333334,3.0,8.0,0.7107190209077
13.0,0.33333334,3.0,12.0,0.71027027027027
13.0,0.33333334,3.0,20.0,0.711024987251402
13.0,0.33333334,3.0,32.0,0.710392656807751
13.0,0.33333334,3.0,50.0,0.710413054563998
13.0,0.33333334,3.0,80.0,0.709739928607853
13.0,0.33333334,3.0,128.0,0.708944416114227
13.0,0.33333334,5.0,2.0,0.710800611932687
13.0,0.33333334,5.0,3.0,0.710800611932687
13.0,0.33333334,5.0,5.0,0.710800611932687
13.0,0.33333334,5.0,8.0,0.710800611932687
13.0,0.33333334,5.0,12.0,0.709637939826619
13.0,0.33333334,5.0,20.0,0.710882202957675
13.0,0.33333334,5.0,32.0,0.710474247832738
13.0,0.33333334,5.0,50.0,0.710882202957675
13.0,0.33333334,5.0,80.0,0.709699133095359
13.0,0.33333334,5.0,128.0,0.708250892401836
13.0,0.33333334,7.0,2.0,0.711330953595105
13.0,0.33333334,7.0,3.0,0.711330953595105
13.0,0.33333334,7.0,5.0,0.711330953595105
13.0,0.33333334,7.0,8.0,0.711330953595105
13.0,0.33333334,7.0,12.0,0.711330953595105
13.0,0.33333334,7.0,20.0,0.710922998470168
13.0,0.33333334,7.0,32.0,0.711269760326364
13.0,0.33333334,7.0,50.0,0.709719530851606
13.0,0.33333334,7.0,80.0,0.70982151963284
13.0,0.33333334,7.0,128.0,0.707924528301887
13.0,0.33333334,9.0,2.0,0.710331463539011
13.0,0.33333334,9.0,3.0,0.710331463539011
13.0,0.33333334,9.0,5.0,0.710331463539011
13.0,0.33333334,9.0,8.0,0.710331463539011
13.0,0.33333334,9.0,12.0,0.710331463539011
13.0,0.33333334,9.0,20.0,0.710290668026517
13.0,0.33333334,9.0,32.0,0.710127485976543
13.0,0.33333334,9.0,50.0,0.710413054563998
13.0,0.33333334,9.0,80.0,0.710188679245283
13.0,0.33333334,9.0,128.0,0.708210096889342
13.0,0.33333334,11.0,2.0,0.71020907700153
13.0,0.33333334,11.0,3.0,0.71020907700153
13.0,0.33333334,11.0,5.0,0.71020907700153
13.0,0.33333334,11.0,8.0,0.71020907700153
13.0,0.33333334,11.0,12.0,0.71020907700153
13.0,0.33333334,11.0,20.0,0.71020907700153
13.0,0.33333334,11.0,32.0,0.711045385007649
13.0,0.33333334,11.0,50.0,0.7097603263641
13.0,0.33333334,11.0,80.0,0.710392656807751
13.0,0.33333334,11.0,128.0,0.708291687914329
13.0,0.33333334,13.0,2.0,0.710474247832738
13.0,0.33333334,13.0,3.0,0.710474247832738
13.0,0.33333334,13.0,5.0,0.710474247832738
13.0,0.33333334,13.0,8.0,0.710474247832738
13.0,0.33333334,13.0,12.0,0.710474247832738
13.0,0.33333334,13.0,20.0,0.710474247832738
13.0,0.33333334,13.0,32.0,0.710351861295258
13.0,0.33333334,13.0,50.0,0.709862315145334
13.0,0.33333334,13.0,80.0,0.709964303926568
13.0,0.33333334,13.0,128.0,0.708597654258032
13.0,0.33333334,15.0,2.0,0.710515043345232
13.0,0.33333334,15.0,3.0,0.710515043345232
13.0,0.33333334,15.0,5.0,0.710515043345232
13.0,0.33333334,15.0,8.0,0.710515043345232
13.0,0.33333334,15.0,12.0,0.710515043345232
13.0,0.33333334,15.0,20.0,0.710515043345232
13.0,0.33333334,15.0,32.0,0.709801121876594
13.0,0.33333334,15.0,50.0,0.710331463539011
13.0,0.33333334,15.0,80.0,0.708312085670576
13.0,0.33333334,15.0,128.0,0.707822539520653
13.0,0.33333334,17.0,2.0,0.710351861295258
13.0,0.33333334,17.0,3.0,0.710351861295258
13.0,0.33333334,17.0,5.0,0.710351861295258
13.0,0.33333334,17.0,8.0,0.710351861295258
13.0,0.33333334,17.0,12.0,0.710351861295258
13.0,0.33333334,17.0,20.0,0.710351861295258
13.0,0.33333334,17.0,32.0,0.710351861295258
13.0,0.33333334,17.0,50.0,0.709903110657828
13.0,0.33333334,17.0,80.0,0.709393166751657
13.0,0.33333334,17.0,128.0,0.708312085670576
13.0,0.33333334,20.0,2.0,0.708556858745538
13.0,0.33333334,20.0,3.0,0.708556858745538
13.0,0.33333334,20.0,5.0,0.708556858745538
13.0,0.33333334,20.0,8.0,0.708556858745538
13.0,0.33333334,20.0,12.0,0.708556858745538
13.0,0.33333334,20.0,20.0,0.708556858745538
13.0,0.33333334,20.0,32.0,0.708556858745538
13.0,0.33333334,20.0,50.0,0.708393676695563
13.0,0.33333334,20.0,80.0,0.709148393676696
13.0,0.33333334,20.0,128.0,0.708760836308006
13.0,0.44444445,1.0,2.0,0.713207547169811
13.0,0.44444445,1.0,3.0,0.713574706782254
13.0,0.44444445,1.0,5.0,0.714288628250892
13.0,0.44444445,1.0,8.0,0.713309535951045
13.0,0.44444445,1.0,12.0,0.713309535951045
13.0,0.44444445,1.0,20.0,0.713615502294748
13.0,0.44444445,1.0,32.0,0.712391636919939
13.0,0.44444445,1.0,50.0,0.712004079551249
13.0,0.44444445,1.0,80.0,0.712085670576237
13.0,0.44444445,1.0,128.0,0.711759306476288
13.0,0.44444445,3.0,2.0,0.713289138194799
13.0,0.44444445,3.0,3.0,0.713289138194799
13.0,0.44444445,3.0,5.0,0.713289138194799
13.0,0.44444445,3.0,8.0,0.713513513513514
13.0,0.44444445,3.0,12.0,0.713799082100969
13.0,0.44444445,3.0,20.0,0.713411524732279
13.0,0.44444445,3.0,32.0,0.713452320244773
13.0,0.44444445,3.0,50.0,0.712779194288628
13.0,0.44444445,3.0,80.0,0.712779194288628
13.0,0.44444445,3.0,128.0,0.710882202957675
13.0,0.44444445,5.0,2.0,0.712921978582356
13.0,0.44444445,5.0,3.0,0.712921978582356
13.0,0.44444445,5.0,5.0,0.712921978582356
13.0,0.44444445,5.0,8.0,0.712921978582356
13.0,0.44444445,5.0,12.0,0.71302396736359
13.0,0.44444445,5.0,20.0,0.712901580826109
13.0,0.44444445,5.0,32.0,0.713431922488526
13.0,0.44444445,5.0,50.0,0.713064762876084
13.0,0.44444445,5.0,80.0,0.712248852626211
13.0,0.44444445,5.0,128.0,0.71122896481387
13.0,0.44444445,7.0,2.0,0.71392146863845
13.0,0.44444445,7.0,3.0,0.71392146863845
13.0,0.44444445,7.0,5.0,0.71392146863845
13.0,0.44444445,7.0,8.0,0.71392146863845
13.0,0.44444445,7.0,12.0,0.71392146863845
13.0,0.44444445,7.0,20.0,0.713493115757267
13.0,0.44444445,7.0,32.0,0.714064252932177
13.0,0.44444445,7.0,50.0,0.712718001019888
13.0,0.44444445,7.0,80.0,0.712004079551249
13.0,0.44444445,7.0,128.0,0.711147373788883
13.0,0.44444445,9.0,2.0,0.713309535951045
13.0,0.44444445,9.0,3.0,0.713309535951045
13.0,0.44444445,9.0,5.0,0.713309535951045
13.0,0.44444445,9.0,8.0,0.713309535951045
13.0,0.44444445,9.0,12.0,0.713309535951045
13.0,0.44444445,9.0,20.0,0.712330443651198
13.0,0.44444445,9.0,32.0,0.712595614482407
13.0,0.44444445,9.0,50.0,0.713207547169811
13.0,0.44444445,9.0,80.0,0.712371239163692
13.0,0.44444445,9.0,128.0,0.711310555838858
13.0,0.44444445,11.0,2.0,0.714533401325854
13.0,0.44444445,11.0,3.0,0.714533401325854
13.0,0.44444445,11.0,5.0,0.714533401325854
13.0,0.44444445,11.0,8.0,0.714533401325854
13.0,0.44444445,11.0,12.0,0.714533401325854
13.0,0.44444445,11.0,20.0,0.714533401325854
13.0,0.44444445,11.0,32.0,0.712901580826109
13.0,0.44444445,11.0,50.0,0.712656807751147
13.0,0.44444445,11.0,80.0,0.712350841407445
13.0,0.44444445,11.0,128.0,0.711371749107598
13.0,0.44444445,13.0,2.0,0.713819479857216
13.0,0.44444445,13.0,3.0,0.713819479857216
13.0,0.44444445,13.0,5.0,0.713819479857216
13.0,0.44444445,13.0,8.0,0.713819479857216
13.0,0.44444445,13.0,12.0,0.713819479857216
13.0,0.44444445,13.0,20.0,0.713819479857216
13.0,0.44444445,13.0,32.0,0.711514533401326
13.0,0.44444445,13.0,50.0,0.71398266190719
13.0,0.44444445,13.0,80.0,0.713615502294748
13.0,0.44444445,13.0,128.0,0.710576236613973
13.0,0.44444445,15.0,2.0,0.711922488526262
13.0,0.44444445,15.0,3.0,0.711922488526262
13.0,0.44444445,15.0,5.0,0.711922488526262
13.0,0.44444445,15.0,8.0,0.711922488526262
13.0,0.44444445,15.0,12.0,0.711922488526262
13.0,0.44444445,15.0,20.0,0.711922488526262
13.0,0.44444445,15.0,32.0,0.713880673125956
13.0,0.44444445,15.0,50.0,0.713268740438552
13.0,0.44444445,15.0,80.0,0.71308516063233
13.0,0.44444445,15.0,128.0,0.711534931157572
13.0,0.44444445,17.0,2.0,0.712187659357471
13.0,0.44444445,17.0,3.0,0.712187659357471
13.0,0.44444445,17.0,5.0,0.712187659357471
13.0,0.44444445,17.0,8.0,0.712187659357471
13.0,0.44444445,17.0,12.0,0.712187659357471
13.0,0.44444445,17.0,20.0,0.712187659357471
13.0,0.44444445,17.0,32.0,0.712187659357471
13.0,0.44444445,17.0,50.0,0.713268740438552
13.0,0.44444445,17.0,80.0,0.710943396226415
13.0,0.44444445,17.0,128.0,0.711820499745028
13.0,0.44444445,20.0,2.0,0.712391636919939
13.0,0.44444445,20.0,3.0,0.712391636919939
13.0,0.44444445,20.0,5.0,0.712391636919939
13.0,0.44444445,20.0,8.0,0.712391636919939
13.0,0.44444445,20.0,12.0,0.712391636919939
13.0,0.44444445,20.0,20.0,0.712391636919939
13.0,0.44444445,20.0,32.0,0.712391636919939
13.0,0.44444445,20.0,50.0,0.712248852626211
13.0,0.44444445,20.0,80.0,0.710922998470168
13.0,0.44444445,20.0,128.0,0.711045385007649
13.0,0.5555556,1.0,2.0,0.716450790413055
13.0,0.5555556,1.0,3.0,0.717144314125446
13.0,0.5555556,1.0,5.0,0.716063233044365
13.0,0.5555556,1.0,8.0,0.716267210606833
13.0,0.5555556,1.0,12.0,0.71634880163182
13.0,0.5555556,1.0,20.0,0.714614992350841
13.0,0.5555556,1.0,32.0,0.716715961244263
13.0,0.5555556,1.0,50.0,0.71583885772565
13.0,0.5555556,1.0,80.0,0.714757776644569
13.0,0.5555556,1.0,128.0,0.71347271800102
13.0,0.5555556,3.0,2.0,0.716185619581846
13.0,0.5555556,3.0,3.0,0.716185619581846
13.0,0.5555556,3.0,5.0,0.716185619581846
13.0,0.5555556,3.0,8.0,0.716165221825599
13.0,0.5555556,3.0,12.0,0.716430392656808
13.0,0.5555556,3.0,20.0,0.71634880163182
13.0,0.5555556,3.0,32.0,0.71539010708822
13.0,0.5555556,3.0,50.0,0.715226925038246
13.0,0.5555556,3.0,80.0,0.715492095869454
13.0,0.5555556,3.0,128.0,0.714268230494646
13.0,0.5555556,5.0,2.0,0.716267210606833
13.0,0.5555556,5.0,3.0,0.716267210606833
13.0,0.5555556,5.0,5.0,0.716267210606833
13.0,0.5555556,5.0,8.0,0.716267210606833
13.0,0.5555556,5.0,12.0,0.716593574706782
13.0,0.5555556,5.0,20.0,0.714900560938297
13.0,0.5555556,5.0,32.0,0.717021927587965
13.0,0.5555556,5.0,50.0,0.715614482406935
13.0,0.5555556,5.0,80.0,0.715369709331973
13.0,0.5555556,5.0,128.0,0.713574706782254
13.0,0.5555556,7.0,2.0,0.716532381438042
13.0,0.5555556,7.0,3.0,0.716532381438042
13.0,0.5555556,7.0,5.0,0.716532381438042
13.0,0.5555556,7.0,8.0,0.716532381438042
13.0,0.5555556,7.0,12.0,0.716532381438042
13.0,0.5555556,7.0,20.0,0.715206527281999
13.0,0.5555556,7.0,32.0,0.716328403875574
13.0,0.5555556,7.0,50.0,0.715288118306986
13.0,0.5555556,7.0,80.0,0.715430902600714
13.0,0.5555556,7.0,128.0,0.713778684344722
13.0,0.5555556,9.0,2.0,0.71539010708822
13.0,0.5555556,9.0,3.0,0.71539010708822
13.0,0.5555556,9.0,5.0,0.71539010708822
13.0,0.5555556,9.0,8.0,0.71539010708822
13.0,0.5555556,9.0,12.0,0.71539010708822
13.0,0.5555556,9.0,20.0,0.715920448750637
13.0,0.5555556,9.0,32.0,0.715165731769505
13.0,0.5555556,9.0,50.0,0.715614482406935
13.0,0.5555556,9.0,80.0,0.714920958694544
13.0,0.5555556,9.0,128.0,0.713574706782254
13.0,0.5555556,11.0,2.0,0.716042835288118
13.0,0.5555556,11.0,3.0,0.716042835288118
13.0,0.5555556,11.0,5.0,0.716042835288118
13.0,0.5555556,11.0,8.0,0.716042835288118
13.0,0.5555556,11.0,12.0,0.716042835288118
13.0,0.5555556,11.0,20.0,0.716042835288118
13.0,0.5555556,11.0,32.0,0.716185619581846
13.0,0.5555556,11.0,50.0,0.715798062213157
13.0,0.5555556,11.0,80.0,0.714594594594595
13.0,0.5555556,11.0,128.0,0.713146353901071
13.0,0.5555556,13.0,2.0,0.715920448750637
13.0,0.5555556,13.0,3.0,0.715920448750637
13.0,0.5555556,13.0,5.0,0.715920448750637
13.0,0.5555556,13.0,8.0,0.715920448750637
13.0,0.5555556,13.0,12.0,0.715920448750637
13.0,0.5555556,13.0,20.0,0.715920448750637
13.0,0.5555556,13.0,32.0,0.715349311575727
13.0,0.5555556,13.0,50.0,0.714349821519633
13.0,0.5555556,13.0,80.0,0.71443141254462
13.0,0.5555556,13.0,128.0,0.713227944926058
13.0,0.5555556,15.0,2.0,0.716083630800612
13.0,0.5555556,15.0,3.0,0.716083630800612
13.0,0.5555556,15.0,5.0,0.716083630800612
13.0,0.5555556,15.0,8.0,0.716083630800612
13.0,0.5555556,15.0,12.0,0.716083630800612
13.0,0.5555556,15.0,20.0,0.716083630800612
13.0,0.5555556,15.0,32.0,0.715900050994391
13.0,0.5555556,15.0,50.0,0.715206527281999
13.0,0.5555556,15.0,80.0,0.713227944926058
13.0,0.5555556,15.0,128.0,0.712860785313615
13.0,0.5555556,17.0,2.0,0.714920958694544
13.0,0.5555556,17.0,3.0,0.714920958694544
13.0,0.5555556,17.0,5.0,0.714920958694544
13.0,0.5555556,17.0,8.0,0.714920958694544
13.0,0.5555556,17.0,12.0,0.714920958694544
13.0,0.5555556,17.0,20.0,0.714920958694544
13.0,0.5555556,17.0,32.0,0.714920958694544
13.0,0.5555556,17.0,50.0,0.715655277919429
13.0,0.5555556,17.0,80.0,0.714513003569607
13.0,0.5555556,17.0,128.0,0.714614992350841
13.0,0.5555556,20.0,2.0,0.714655787863335
13.0,0.5555556,20.0,3.0,0.714655787863335
13.0,0.5555556,20.0,5.0,0.714655787863335
13.0,0.5555556,20.0,8.0,0.714655787863335
13.0,0.5555556,20.0,12.0,0.714655787863335
13.0,0.5555556,20.0,20.0,0.714655787863335
13.0,0.5555556,20.0,32.0,0.714655787863335
13.0,0.5555556,20.0,50.0,0.715145334013259
13.0,0.5555556,20.0,80.0,0.713880673125956
13.0,0.5555556,20.0,128.0,0.713289138194799
13.0,0.6666667,1.0,2.0,0.716817950025497
13.0,0.6666667,1.0,3.0,0.717429882712902
13.0,0.6666667,1.0,5.0,0.717552269250383
13.0,0.6666667,1.0,8.0,0.718266190719021
13.0,0.6666667,1.0,12.0,0.718184599694034
13.0,0.6666667,1.0,20.0,0.717287098419174
13.0,0.6666667,1.0,32.0,0.718368179500255
13.0,0.6666667,1.0,50.0,0.717878633350331
13.0,0.6666667,1.0,80.0,0.716532381438042
13.0,0.6666667,1.0,128.0,0.71532891381948
13.0,0.6666667,3.0,2.0,0.717470678225395
13.0,0.6666667,3.0,3.0,0.717470678225395
13.0,0.6666667,3.0,5.0,0.717470678225395
13.0,0.6666667,3.0,8.0,0.717654258031617
13.0,0.6666667,3.0,12.0,0.718103008669046
13.0,0.6666667,3.0,20.0,0.718062213156553
13.0,0.6666667,3.0,32.0,0.717858235594085
13.0,0.6666667,3.0,50.0,0.717552269250383
13.0,0.6666667,3.0,80.0,0.716858745537991
13.0,0.6666667,3.0,128.0,0.715226925038246
13.0,0.6666667,5.0,2.0,0.71820499745028
13.0,0.6666667,5.0,3.0,0.71820499745028
13.0,0.6666667,5.0,5.0,0.71820499745028
13.0,0.6666667,5.0,8.0,0.71820499745028
13.0,0.6666667,5.0,12.0,0.717552269250383
13.0,0.6666667,5.0,20.0,0.718001019887812
13.0,0.6666667,5.0,32.0,0.717939826619072
13.0,0.6666667,5.0,50.0,0.717368689444161
13.0,0.6666667,5.0,80.0,0.716267210606833
13.0,0.6666667,5.0,128.0,0.715940846506884
13.0,0.6666667,7.0,2.0,0.717776644569097
13.0,0.6666667,7.0,3.0,0.717776644569097
13.0,0.6666667,7.0,5.0,0.717776644569097
13.0,0.6666667,7.0,8.0,0.717776644569097
13.0,0.6666667,7.0,12.0,0.717776644569097
13.0,0.6666667,7.0,20.0,0.717776644569097
13.0,0.6666667,7.0,32.0,0.717266700662927
13.0,0.6666667,7.0,50.0,0.717939826619072
13.0,0.6666667,7.0,80.0,0.716573176950535
13.0,0.6666667,7.0,128.0,0.715940846506884
13.0,0.6666667,9.0,2.0,0.717205507394187
13.0,0.6666667,9.0,3.0,0.717205507394187
13.0,0.6666667,9.0,5.0,0.717205507394187
13.0,0.6666667,9.0,8.0,0.717205507394187
13.0,0.6666667,9.0,12.0,0.717205507394187
13.0,0.6666667,9.0,20.0,0.717450280469148
13.0,0.6666667,9.0,32.0,0.717327893931668
13.0,0.6666667,9.0,50.0,0.717491075981642
13.0,0.6666667,9.0,80.0,0.71634880163182
13.0,0.6666667,9.0,128.0,0.716083630800612
13.0,0.6666667,11.0,2.0,0.717531871494136
13.0,0.6666667,11.0,3.0,0.717531871494136
13.0,0.6666667,11.0,5.0,0.717531871494136
13.0,0.6666667,11.0,8.0,0.717531871494136
13.0,0.6666667,11.0,12.0,0.717531871494136
13.0,0.6666667,11.0,20.0,0.717531871494136
13.0,0.6666667,11.0,32.0,0.717083120856706
13.0,0.6666667,11.0,50.0,0.717511473737889
13.0,0.6666667,11.0,80.0,0.71622641509434
13.0,0.6666667,11.0,128.0,0.715614482406935
13.0,0.6666667,13.0,2.0,0.717674655787863
13.0,0.6666667,13.0,3.0,0.717674655787863
13.0,0.6666667,13.0,5.0,0.717674655787863
13.0,0.6666667,13.0,8.0,0.717674655787863
13.0,0.6666667,13.0,12.0,0.717674655787863
13.0,0.6666667,13.0,20.0,0.717674655787863
13.0,0.6666667,13.0,32.0,0.717062723100459
13.0,0.6666667,13.0,50.0,0.718408975012749
13.0,0.6666667,13.0,80.0,0.71673635900051
13.0,0.6666667,13.0,128.0,0.715308516063233
13.0,0.6666667,15.0,2.0,0.717348291687914
13.0,0.6666667,15.0,3.0,0.717348291687914
13.0,0.6666667,15.0,5.0,0.717348291687914
13.0,0.6666667,15.0,8.0,0.717348291687914
13.0,0.6666667,15.0,12.0,0.717348291687914
13.0,0.6666667,15.0,20.0,0.717348291687914
13.0,0.6666667,15.0,32.0,0.718266190719021
13.0,0.6666667,15.0,50.0,0.717144314125446
13.0,0.6666667,15.0,80.0,0.71488016318205
13.0,0.6666667,15.0,128.0,0.714757776644569
13.0,0.6666667,17.0,2.0,0.716838347781744
13.0,0.6666667,17.0,3.0,0.716838347781744
13.0,0.6666667,17.0,5.0,0.716838347781744
13.0,0.6666667,17.0,8.0,0.716838347781744
13.0,0.6666667,17.0,12.0,0.716838347781744
13.0,0.6666667,17.0,20.0,0.716838347781744
13.0,0.6666667,17.0,32.0,0.716838347781744
13.0,0.6666667,17.0,50.0,0.716919938806731
13.0,0.6666667,17.0,80.0,0.715084140744518
13.0,0.6666667,17.0,128.0,0.715124936257012
13.0,0.6666667,20.0,2.0,0.716899541050484
13.0,0.6666667,20.0,3.0,0.716899541050484
13.0,0.6666667,20.0,5.0,0.716899541050484
13.0,0.6666667,20.0,8.0,0.716899541050484
13.0,0.6666667,20.0,12.0,0.716899541050484
13.0,0.6666667,20.0,20.0,0.716899541050484
13.0,0.6666667,20.0,32.0,0.716899541050484
13.0,0.6666667,20.0,50.0,0.716573176950536
13.0,0.6666667,20.0,80.0,0.716002039775625
13.0,0.6666667,20.0,128.0,0.715063742988271
13.0,0.7777778,1.0,2.0,0.71724630290668
13.0,0.7777778,1.0,3.0,0.717919428862825
13.0,0.7777778,1.0,5.0,0.71814380418154
13.0,0.7777778,1.0,8.0,0.717103518612953
13.0,0.7777778,1.0,12.0,0.717450280469148
13.0,0.7777778,1.0,20.0,0.717613462519123
13.0,0.7777778,1.0,32.0,0.717450280469148
13.0,0.7777778,1.0,50.0,0.717654258031617
13.0,0.7777778,1.0,80.0,0.718041815400306
13.0,0.7777778,1.0,128.0,0.71526772055074
13.0,0.7777778,3.0,2.0,0.717531871494136
13.0,0.7777778,3.0,3.0,0.717531871494136
13.0,0.7777778,3.0,5.0,0.717531871494136
13.0,0.7777778,3.0,8.0,0.717735849056604
13.0,0.7777778,3.0,12.0,0.717450280469148
13.0,0.7777778,3.0,20.0,0.71763386027537
13.0,0.7777778,3.0,32.0,0.716675165731769
13.0,0.7777778,3.0,50.0,0.71673635900051
13.0,0.7777778,3.0,80.0,0.717307496175421
13.0,0.7777778,3.0,128.0,0.716430392656808
13.0,0.7777778,5.0,2.0,0.717960224375319
13.0,0.7777778,5.0,3.0,0.717960224375319
13.0,0.7777778,5.0,5.0,0.717960224375319
13.0,0.7777778,5.0,8.0,0.717960224375319
13.0,0.7777778,5.0,12.0,0.717470678225395
13.0,0.7777778,5.0,20.0,0.7180826109128
13.0,0.7777778,5.0,32.0,0.717715451300357
13.0,0.7777778,5.0,50.0,0.717552269250383
13.0,0.7777778,5.0,80.0,0.716267210606833
13.0,0.7777778,5.0,128.0,0.71583885772565
13.0,0.7777778,7.0,2.0,0.717960224375319
13.0,0.7777778,7.0,3.0,0.717960224375319
13.0,0.7777778,7.0,5.0,0.717960224375319
13.0,0.7777778,7.0,8.0,0.717960224375319
13.0,0.7777778,7.0,12.0,0.717960224375319
13.0,0.7777778,7.0,20.0,0.717307496175421
13.0,0.7777778,7.0,32.0,0.71820499745028
13.0,0.7777778,7.0,50.0,0.717123916369199
13.0,0.7777778,7.0,80.0,0.716593574706782
13.0,0.7777778,7.0,128.0,0.715471698113208
13.0,0.7777778,9.0,2.0,0.719143294237634
13.0,0.7777778,9.0,3.0,0.719143294237634
13.0,0.7777778,9.0,5.0,0.719143294237634
13.0,0.7777778,9.0,8.0,0.719143294237634
13.0,0.7777778,9.0,12.0,0.719143294237634
13.0,0.7777778,9.0,20.0,0.718898521162672
13.0,0.7777778,9.0,32.0,0.716389597144314
13.0,0.7777778,9.0,50.0,0.717348291687914
13.0,0.7777778,9.0,80.0,0.716777154513004
13.0,0.7777778,9.0,128.0,0.715736868944416
13.0,0.7777778,11.0,2.0,0.71769505354411
13.0,0.7777778,11.0,3.0,0.71769505354411
13.0,0.7777778,11.0,5.0,0.71769505354411
13.0,0.7777778,11.0,8.0,0.71769505354411
13.0,0.7777778,11.0,12.0,0.71769505354411
13.0,0.7777778,11.0,20.0,0.71769505354411
13.0,0.7777778,11.0,32.0,0.71763386027537
13.0,0.7777778,11.0,50.0,0.717511473737889
13.0,0.7777778,11.0,80.0,0.717083120856706
13.0,0.7777778,11.0,128.0,0.71577766445691
13.0,0.7777778,13.0,2.0,0.717083120856706
13.0,0.7777778,13.0,3.0,0.717083120856706
13.0,0.7777778,13.0,5.0,0.717083120856706
13.0,0.7777778,13.0,8.0,0.717083120856706
13.0,0.7777778,13.0,12.0,0.717083120856706
13.0,0.7777778,13.0,20.0,0.717083120856706
13.0,0.7777778,13.0,32.0,0.717287098419174
13.0,0.7777778,13.0,50.0,0.716450790413054
13.0,0.7777778,13.0,80.0,0.716838347781744
13.0,0.7777778,13.0,128.0,0.715859255481897
13.0,0.7777778,15.0,2.0,0.71634880163182
13.0,0.7777778,15.0,3.0,0.71634880163182
13.0,0.7777778,15.0,5.0,0.71634880163182
13.0,0.7777778,15.0,8.0,0.71634880163182
13.0,0.7777778,15.0,12.0,0.71634880163182
13.0,0.7777778,15.0,20.0,0.71634880163182
13.0,0.7777778,15.0,32.0,0.717103518612953
13.0,0.7777778,15.0,50.0,0.717348291687914
13.0,0.7777778,15.0,80.0,0.717735849056604
13.0,0.7777778,15.0,128.0,0.71583885772565
13.0,0.7777778,17.0,2.0,0.71769505354411
13.0,0.7777778,17.0,3.0,0.71769505354411
13.0,0.7777778,17.0,5.0,0.71769505354411
13.0,0.7777778,17.0,8.0,0.71769505354411
13.0,0.7777778,17.0,12.0,0.71769505354411
13.0,0.7777778,17.0,20.0,0.71769505354411
13.0,0.7777778,17.0,32.0,0.71769505354411
13.0,0.7777778,17.0,50.0,0.717083120856706
13.0,0.7777778,17.0,80.0,0.716817950025497
13.0,0.7777778,17.0,128.0,0.715186129525752
13.0,0.7777778,20.0,2.0,0.717409484956655
13.0,0.7777778,20.0,3.0,0.717409484956655
13.0,0.7777778,20.0,5.0,0.717409484956655
13.0,0.7777778,20.0,8.0,0.717409484956655
13.0,0.7777778,20.0,12.0,0.717409484956655
13.0,0.7777778,20.0,20.0,0.717409484956655
13.0,0.7777778,20.0,32.0,0.717409484956655
13.0,0.7777778,20.0,50.0,0.716919938806731
13.0,0.7777778,20.0,80.0,0.71718510963794
13.0,0.7777778,20.0,128.0,0.715043345232025
13.0,0.8888889,1.0,2.0,0.715736868944416
13.0,0.8888889,1.0,3.0,0.71634880163182
13.0,0.8888889,1.0,5.0,0.716165221825599
13.0,0.8888889,1.0,8.0,0.716756756756757
13.0,0.8888889,1.0,12.0,0.717491075981642
13.0,0.8888889,1.0,20.0,0.716104028556859
13.0,0.8888889,1.0,32.0,0.716654767975523
13.0,0.8888889,1.0,50.0,0.715859255481897
13.0,0.8888889,1.0,80.0,0.71532891381948
13.0,0.8888889,1.0,128.0,0.714982151963284
13.0,0.8888889,3.0,2.0,0.715675675675676
13.0,0.8888889,3.0,3.0,0.715675675675676
13.0,0.8888889,3.0,5.0,0.715675675675676
13.0,0.8888889,3.0,8.0,0.715430902600714
13.0,0.8888889,3.0,12.0,0.71539010708822
13.0,0.8888889,3.0,20.0,0.715859255481897
13.0,0.8888889,3.0,32.0,0.715369709331973
13.0,0.8888889,3.0,50.0,0.714676185619582
13.0,0.8888889,3.0,80.0,0.715145334013259
13.0,0.8888889,3.0,128.0,0.71449260581336
13.0,0.8888889,5.0,2.0,0.716899541050484
13.0,0.8888889,5.0,3.0,0.716899541050484
13.0,0.8888889,5.0,5.0,0.716899541050484
13.0,0.8888889,5.0,8.0,0.716899541050484
13.0,0.8888889,5.0,12.0,0.716308006119327
13.0,0.8888889,5.0,20.0,0.715940846506884
13.0,0.8888889,5.0,32.0,0.716430392656808
13.0,0.8888889,5.0,50.0,0.715532891381948
13.0,0.8888889,5.0,80.0,0.715614482406935
13.0,0.8888889,5.0,128.0,0.714288628250892
13.0,0.8888889,7.0,2.0,0.716369199388067
13.0,0.8888889,7.0,3.0,0.716369199388067
13.0,0.8888889,7.0,5.0,0.716369199388067
13.0,0.8888889,7.0,8.0,0.716369199388067
13.0,0.8888889,7.0,12.0,0.716369199388067
13.0,0.8888889,7.0,20.0,0.717001529831718
13.0,0.8888889,7.0,32.0,0.71634880163182
13.0,0.8888889,7.0,50.0,0.715247322794493
13.0,0.8888889,7.0,80.0,0.715716471188169
13.0,0.8888889,7.0,128.0,0.714125446200918
13.0,0.8888889,9.0,2.0,0.716634370219276
13.0,0.8888889,9.0,3.0,0.716634370219276
13.0,0.8888889,9.0,5.0,0.716634370219276
13.0,0.8888889,9.0,8.0,0.716634370219276
13.0,0.8888889,9.0,12.0,0.716634370219276
13.0,0.8888889,9.0,20.0,0.716022437531871
13.0,0.8888889,9.0,32.0,0.715879653238144
13.0,0.8888889,9.0,50.0,0.71577766445691
13.0,0.8888889,9.0,80.0,0.714614992350841
13.0,0.8888889,9.0,128.0,0.713656297807241
13.0,0.8888889,11.0,2.0,0.716756756756757
13.0,0.8888889,11.0,3.0,0.716756756756757
13.0,0.8888889,11.0,5.0,0.716756756756757
13.0,0.8888889,11.0,8.0,0.716756756756757
13.0,0.8888889,11.0,12.0,0.716756756756757
13.0,0.8888889,11.0,20.0,0.716756756756757
13.0,0.8888889,11.0,32.0,0.717042325344212
13.0,0.8888889,11.0,50.0,0.715879653238144
13.0,0.8888889,11.0,80.0,0.714696583375829
13.0,0.8888889,11.0,128.0,0.713962264150943
13.0,0.8888889,13.0,2.0,0.716491585925548
13.0,0.8888889,13.0,3.0,0.716491585925548
13.0,0.8888889,13.0,5.0,0.716491585925548
13.0,0.8888889,13.0,8.0,0.716491585925548
13.0,0.8888889,13.0,12.0,0.716491585925548
13.0,0.8888889,13.0,20.0,0.716491585925548
13.0,0.8888889,13.0,32.0,0.715920448750637
13.0,0.8888889,13.0,50.0,0.717144314125446
13.0,0.8888889,13.0,80.0,0.71481896991331
13.0,0.8888889,13.0,128.0,0.71392146863845
13.0,0.8888889,15.0,2.0,0.716919938806731
13.0,0.8888889,15.0,3.0,0.716919938806731
13.0,0.8888889,15.0,5.0,0.716919938806731
13.0,0.8888889,15.0,8.0,0.716919938806731
13.0,0.8888889,15.0,12.0,0.716919938806731
13.0,0.8888889,15.0,20.0,0.716919938806731
13.0,0.8888889,15.0,32.0,0.716940336562978
13.0,0.8888889,15.0,50.0,0.715736868944416
13.0,0.8888889,15.0,80.0,0.715206527281999
13.0,0.8888889,15.0,128.0,0.713880673125956
13.0,0.8888889,17.0,2.0,0.71577766445691
13.0,0.8888889,17.0,3.0,0.71577766445691
13.0,0.8888889,17.0,5.0,0.71577766445691
13.0,0.8888889,17.0,8.0,0.71577766445691
13.0,0.8888889,17.0,12.0,0.71577766445691
13.0,0.8888889,17.0,20.0,0.71577766445691
13.0,0.8888889,17.0,32.0,0.71577766445691
13.0,0.8888889,17.0,50.0,0.716063233044365
13.0,0.8888889,17.0,80.0,0.714778174400816
13.0,0.8888889,17.0,128.0,0.713819479857216
13.0,0.8888889,20.0,2.0,0.715532891381948
13.0,0.8888889,20.0,3.0,0.715532891381948
13.0,0.8888889,20.0,5.0,0.715532891381948
13.0,0.8888889,20.0,8.0,0.715532891381948
13.0,0.8888889,20.0,12.0,0.715532891381948
13.0,0.8888889,20.0,20.0,0.715532891381948
13.0,0.8888889,20.0,32.0,0.715532891381948
13.0,0.8888889,20.0,50.0,0.716471188169301
13.0,0.8888889,20.0,80.0,0.715247322794493
13.0,0.8888889,20.0,128.0,0.714227434982152
13.0,1.0,1.0,2.0,0.712248852626211
13.0,1.0,1.0,3.0,0.711881693013768
13.0,1.0,1.0,5.0,0.711392146863845
13.0,1.0,1.0,8.0,0.712004079551249
13.0,1.0,1.0,12.0,0.711351351351351
13.0,1.0,1.0,20.0,0.711065782763896
13.0,1.0,1.0,32.0,0.711861295257522
13.0,1.0,1.0,50.0,0.71212646608873
13.0,1.0,1.0,80.0,0.711534931157573
13.0,1.0,1.0,128.0,0.71020907700153
13.0,1.0,3.0,2.0,0.712085670576237
13.0,1.0,3.0,3.0,0.712085670576237
13.0,1.0,3.0,5.0,0.712085670576237
13.0,1.0,3.0,8.0,0.712493625701173
13.0,1.0,3.0,12.0,0.712310045894952
13.0,1.0,3.0,20.0,0.71161652218256
13.0,1.0,3.0,32.0,0.71212646608873
13.0,1.0,3.0,50.0,0.712310045894952
13.0,1.0,3.0,80.0,0.711453340132585
13.0,1.0,3.0,128.0,0.710168281489036
13.0,1.0,5.0,2.0,0.712636409994901
13.0,1.0,5.0,3.0,0.712636409994901
13.0,1.0,5.0,5.0,0.712636409994901
13.0,1.0,5.0,8.0,0.712636409994901
13.0,1.0,5.0,12.0,0.712636409994901
13.0,1.0,5.0,20.0,0.712738398776135
13.0,1.0,5.0,32.0,0.711922488526262
13.0,1.0,5.0,50.0,0.712248852626211
13.0,1.0,5.0,80.0,0.711453340132585
13.0,1.0,5.0,128.0,0.709984701682815
13.0,1.0,7.0,2.0,0.712371239163692
13.0,1.0,7.0,3.0,0.712371239163692
13.0,1.0,7.0,5.0,0.712371239163692
13.0,1.0,7.0,8.0,0.712371239163692
13.0,1.0,7.0,12.0,0.712371239163692
13.0,1.0,7.0,20.0,0.712391636919939
13.0,1.0,7.0,32.0,0.712289648138705
13.0,1.0,7.0,50.0,0.711840897501275
13.0,1.0,7.0,80.0,0.711636919938807
13.0,1.0,7.0,128.0,0.710474247832738
13.0,1.0,9.0,2.0,0.712656807751147
13.0,1.0,9.0,3.0,0.712656807751147
13.0,1.0,9.0,5.0,0.712656807751147
13.0,1.0,9.0,8.0,0.712656807751147
13.0,1.0,9.0,12.0,0.712656807751147
13.0,1.0,9.0,20.0,0.712493625701173
13.0,1.0,9.0,32.0,0.712432432432432
13.0,1.0,9.0,50.0,0.712412034676186
13.0,1.0,9.0,80.0,0.711555328913819
13.0,1.0,9.0,128.0,0.709923508414074
13.0,1.0,11.0,2.0,0.712799592044875
13.0,1.0,11.0,3.0,0.712799592044875
13.0,1.0,11.0,5.0,0.712799592044875
13.0,1.0,11.0,8.0,0.712799592044875
13.0,1.0,11.0,12.0,0.712799592044875
13.0,1.0,11.0,20.0,0.712799592044875
13.0,1.0,11.0,32.0,0.712452830188679
13.0,1.0,11.0,50.0,0.712534421213667
13.0,1.0,11.0,80.0,0.711392146863845
13.0,1.0,11.0,128.0,0.710127485976543
13.0,1.0,13.0,2.0,0.712248852626211
13.0,1.0,13.0,3.0,0.712248852626211
13.0,1.0,13.0,5.0,0.712248852626211
13.0,1.0,13.0,8.0,0.712248852626211
13.0,1.0,13.0,12.0,0.712248852626211
13.0,1.0,13.0,20.0,0.712248852626211
13.0,1.0,13.0,32.0,0.712106068332483
13.0,1.0,13.0,50.0,0.712248852626211
13.0,1.0,13.0,80.0,0.711575726670066
13.0,1.0,13.0,128.0,0.710066292707802
13.0,1.0,15.0,2.0,0.71206527281999
13.0,1.0,15.0,3.0,0.71206527281999
13.0,1.0,15.0,5.0,0.71206527281999
13.0,1.0,15.0,8.0,0.71206527281999
13.0,1.0,15.0,12.0,0.71206527281999
13.0,1.0,15.0,20.0,0.71206527281999
13.0,1.0,15.0,32.0,0.712228454869964
13.0,1.0,15.0,50.0,0.711371749107598
13.0,1.0,15.0,80.0,0.711371749107598
13.0,1.0,15.0,128.0,0.709964303926568
13.0,1.0,17.0,2.0,0.711779704232534
13.0,1.0,17.0,3.0,0.711779704232534
13.0,1.0,17.0,5.0,0.711779704232534
13.0,1.0,17.0,8.0,0.711779704232534
13.0,1.0,17.0,12.0,0.711779704232534
13.0,1.0,17.0,20.0,0.711779704232534
13.0,1.0,17.0,32.0,0.711779704232534
13.0,1.0,17.0,50.0,0.711555328913819
13.0,1.0,17.0,80.0,0.711351351351351
13.0,1.0,17.0,128.0,0.710229474757777
13.0,1.0,20.0,2.0,0.711840897501275
13.0,1.0,20.0,3.0,0.711840897501275
13.0,1.0,20.0,5.0,0.711840897501275
13.0,1.0,20.0,8.0,0.711840897501275
13.0,1.0,20.0,12.0,0.711840897501275
13.0,1.0,20.0,20.0,0.711840897501275
13.0,1.0,20.0,32.0,0.711840897501275
13.0,1.0,20.0,50.0,0.711453340132585
13.0,1.0,20.0,80.0,0.711086180520143
13.0,1.0,20.0,128.0,0.710331463539011
20.0,0.0,1.0,2.0,0.699622641509434
20.0,0.0,1.0,3.0,0.69907190209077
20.0,0.0,1.0,5.0,0.699765425803162
20.0,0.0,1.0,8.0,0.699357470678225
20.0,0.0,1.0,12.0,0.699153493115757
20.0,0.0,1.0,20.0,0.700091789903111
20.0,0.0,1.0,32.0,0.698806731259561
20.0,0.0,1.0,50.0,0.697786843447221
20.0,0.0,1.0,80.0,0.697256501784804
20.0,0.0,1.0,128.0,0.693319734829169
20.0,0.0,3.0,2.0,0.700152983171851
20.0,0.0,3.0,3.0,0.700152983171851
20.0,0.0,3.0,5.0,0.700152983171851
20.0,0.0,3.0,8.0,0.700234574196838
20.0,0.0,3.0,12.0,0.69817440081591
20.0,0.0,3.0,20.0,0.699194288628251
20.0,0.0,3.0,32.0,0.698317185109638
20.0,0.0,3.0,50.0,0.697338092809791
20.0,0.0,3.0,80.0,0.696297807241203
20.0,0.0,3.0,128.0,0.694054054054054
20.0,0.0,5.0,2.0,0.697929627740949
20.0,0.0,5.0,3.0,0.697929627740949
20.0,0.0,5.0,5.0,0.697929627740949
20.0,0.0,5.0,8.0,0.697929627740949
20.0,0.0,5.0,12.0,0.698847526772055
20.0,0.0,5.0,20.0,0.699745028046915
20.0,0.0,5.0,32.0,0.698052014278429
20.0,0.0,5.0,50.0,0.697766445690974
20.0,0.0,5.0,80.0,0.696746557878633
20.0,0.0,5.0,128.0,0.694931157572667
20.0,0.0,7.0,2.0,0.699337072921979
20.0,0.0,7.0,3.0,0.699337072921979
20.0,0.0,7.0,5.0,0.699337072921979
20.0,0.0,7.0,8.0,0.699337072921979
20.0,0.0,7.0,12.0,0.699337072921979
20.0,0.0,7.0,20.0,0.698439571647119
20.0,0.0,7.0,32.0,0.696399796022438
20.0,0.0,7.0,50.0,0.697868434472208
20.0,0.0,7.0,80.0,0.695787863335033
20.0,0.0,7.0,128.0,0.692952575216726
20.0,0.0,9.0,2.0,0.699765425803162
20.0,0.0,9.0,3.0,0.699765425803162
20.0,0.0,9.0,5.0,0.699765425803162
20.0,0.0,9.0,8.0,0.699765425803162
20.0,0.0,9.0,12.0,0.699765425803162
20.0,0.0,9.0,20.0,0.697909229984702
20.0,0.0,9.0,32.0,0.697786843447221
20.0,0.0,9.0,50.0,0.697705252422234
20.0,0.0,9.0,80.0,0.696501784803672
20.0,0.0,9.0,128.0,0.693258541560428
20.0,0.0,11.0,2.0,0.699112697603264
20.0,0.0,11.0,3.0,0.699112697603264
20.0,0.0,11.0,5.0,0.699112697603264
20.0,0.0,11.0,8.0,0.699112697603264
20.0,0.0,11.0,12.0,0.699112697603264
20.0,0.0,11.0,20.0,0.699112697603264
20.0,0.0,11.0,32.0,0.698929117797042
20.0,0.0,11.0,50.0,0.696970933197348
20.0,0.0,11.0,80.0,0.695094339622641
20.0,0.0,11.0,128.0,0.693584905660377
20.0,0.0,13.0,2.0,0.697256501784804
20.0,0.0,13.0,3.0,0.697256501784804
20.0,0.0,13.0,5.0,0.697256501784804
20.0,0.0,13.0,8.0,0.697256501784804
20.0,0.0,13.0,12.0,0.697256501784804
20.0,0.0,13.0,20.0,0.697256501784804
20.0,0.0,13.0,32.0,0.69721570627231
20.0,0.0,13.0,50.0,0.696583375828659
20.0,0.0,13.0,80.0,0.695991840897501
20.0,0.0,13.0,128.0,0.692381438041815
20.0,0.0,15.0,2.0,0.696359000509944
20.0,0.0,15.0,3.0,0.696359000509944
20.0,0.0,15.0,5.0,0.696359000509944
20.0,0.0,15.0,8.0,0.696359000509944
20.0,0.0,15.0,12.0,0.696359000509944
20.0,0.0,15.0,20.0,0.696359000509944
20.0,0.0,15.0,32.0,0.696889342172361
20.0,0.0,15.0,50.0,0.696379398266191
20.0,0.0,15.0,80.0,0.696522182559918
20.0,0.0,15.0,128.0,0.69305456399796
20.0,0.0,17.0,2.0,0.695502294747578
20.0,0.0,17.0,3.0,0.695502294747578
20.0,0.0,17.0,5.0,0.695502294747578
20.0,0.0,17.0,8.0,0.695502294747578
20.0,0.0,17.0,12.0,0.695502294747578
20.0,0.0,17.0,20.0,0.695502294747578
20.0,0.0,17.0,32.0,0.695502294747578
20.0,0.0,17.0,50.0,0.696399796022438
20.0,0.0,17.0,80.0,0.695481896991331
20.0,0.0,17.0,128.0,0.692707802141764
20.0,0.0,20.0,2.0,0.696664966853646
20.0,0.0,20.0,3.0,0.696664966853646
20.0,0.0,20.0,5.0,0.696664966853646
20.0,0.0,20.0,8.0,0.696664966853646
20.0,0.0,20.0,12.0,0.696664966853646
20.0,0.0,20.0,20.0,0.696664966853646
20.0,0.0,20.0,32.0,0.696664966853646
20.0,0.0,20.0,50.0,0.695624681285059
20.0,0.0,20.0,80.0,0.693238143804182
20.0,0.0,20.0,128.0,0.692218255991841
20.0,0.11111111,1.0,2.0,0.699622641509434
20.0,0.11111111,1.0,3.0,0.69907190209077
20.0,0.11111111,1.0,5.0,0.699765425803162
20.0,0.11111111,1.0,8.0,0.699357470678225
20.0,0.11111111,1.0,12.0,0.699153493115757
20.0,0.11111111,1.0,20.0,0.700091789903111
20.0,0.11111111,1.0,32.0,0.698806731259561
20.0,0.11111111,1.0,50.0,0.697786843447221
20.0,0.11111111,1.0,80.0,0.697256501784804
20.0,0.11111111,1.0,128.0,0.693319734829169
20.0,0.11111111,3.0,2.0,0.700152983171851
20.0,0.11111111,3.0,3.0,0.700152983171851
20.0,0.11111111,3.0,5.0,0.700152983171851
20.0,0.11111111,3.0,8.0,0.700234574196838
20.0,0.11111111,3.0,12.0,0.69817440081591
20.0,0.11111111,3.0,20.0,0.699194288628251
20.0,0.11111111,3.0,32.0,0.698317185109638
20.0,0.11111111,3.0,50.0,0.697338092809791
20.0,0.11111111,3.0,80.0,0.696297807241203
20.0,0.11111111,3.0,128.0,0.694054054054054
20.0,0.11111111,5.0,2.0,0.697929627740949
20.0,0.11111111,5.0,3.0,0.697929627740949
20.0,0.11111111,5.0,5.0,0.697929627740949
20.0,0.11111111,5.0,8.0,0.697929627740949
20.0,0.11111111,5.0,12.0,0.698847526772055
20.0,0.11111111,5.0,20.0,0.699745028046915
20.0,0.11111111,5.0,32.0,0.698052014278429
20.0,0.11111111,5.0,50.0,0.697766445690974
20.0,0.11111111,5.0,80.0,0.696746557878633
20.0,0.11111111,5.0,128.0,0.694931157572667
20.0,0.11111111,7.0,2.0,0.699337072921979
20.0,0.11111111,7.0,3.0,0.699337072921979
20.0,0.11111111,7.0,5.0,0.699337072921979
20.0,0.11111111,7.0,8.0,0.699337072921979
20.0,0.11111111,7.0,12.0,0.699337072921979
20.0,0.11111111,7.0,20.0,0.698439571647119
20.0,0.11111111,7.0,32.0,0.696399796022438
20.0,0.11111111,7.0,50.0,0.697868434472208
20.0,0.11111111,7.0,80.0,0.695787863335033
20.0,0.11111111,7.0,128.0,0.692952575216726
20.0,0.11111111,9.0,2.0,0.699765425803162
20.0,0.11111111,9.0,3.0,0.699765425803162
20.0,0.11111111,9.0,5.0,0.699765425803162
20.0,0.11111111,9.0,8.0,0.699765425803162
20.0,0.11111111,9.0,12.0,0.699765425803162
20.0,0.11111111,9.0,20.0,0.697909229984702
20.0,0.11111111,9.0,32.0,0.697786843447221
20.0,0.11111111,9.0,50.0,0.697705252422234
20.0,0.11111111,9.0,80.0,0.696501784803672
20.0,0.11111111,9.0,128.0,0.693258541560428
20.0,0.11111111,11.0,2.0,0.699112697603264
20.0,0.11111111,11.0,3.0,0.699112697603264
20.0,0.11111111,11.0,5.0,0.699112697603264
20.0,0.11111111,11.0,8.0,0.699112697603264
20.0,0.11111111,11.0,12.0,0.699112697603264
20.0,0.11111111,11.0,20.0,0.699112697603264
20.0,0.11111111,11.0,32.0,0.698929117797042
20.0,0.11111111,11.0,50.0,0.696970933197348
20.0,0.11111111,11.0,80.0,0.695094339622641
20.0,0.11111111,11.0,128.0,0.693584905660377
20.0,0.11111111,13.0,2.0,0.697256501784804
20.0,0.11111111,13.0,3.0,0.697256501784804
20.0,0.11111111,13.0,5.0,0.697256501784804
20.0,0.11111111,13.0,8.0,0.697256501784804
20.0,0.11111111,13.0,12.0,0.697256501784804
20.0,0.11111111,13.0,20.0,0.697256501784804
20.0,0.11111111,13.0,32.0,0.69721570627231
20.0,0.11111111,13.0,50.0,0.696583375828659
20.0,0.11111111,13.0,80.0,0.695991840897501
20.0,0.11111111,13.0,128.0,0.692381438041815
20.0,0.11111111,15.0,2.0,0.696359000509944
20.0,0.11111111,15.0,3.0,0.696359000509944
20.0,0.11111111,15.0,5.0,0.696359000509944
20.0,0.11111111,15.0,8.0,0.696359000509944
20.0,0.11111111,15.0,12.0,0.696359000509944
20.0,0.11111111,15.0,20.0,0.696359000509944
20.0,0.11111111,15.0,32.0,0.696889342172361
20.0,0.11111111,15.0,50.0,0.696379398266191
20.0,0.11111111,15.0,80.0,0.696522182559918
20.0,0.11111111,15.0,128.0,0.69305456399796
20.0,0.11111111,17.0,2.0,0.695502294747578
20.0,0.11111111,17.0,3.0,0.695502294747578
20.0,0.11111111,17.0,5.0,0.695502294747578
20.0,0.11111111,17.0,8.0,0.695502294747578
20.0,0.11111111,17.0,12.0,0.695502294747578
20.0,0.11111111,17.0,20.0,0.695502294747578
20.0,0.11111111,17.0,32.0,0.695502294747578
20.0,0.11111111,17.0,50.0,0.696399796022438
20.0,0.11111111,17.0,80.0,0.695481896991331
20.0,0.11111111,17.0,128.0,0.692707802141764
20.0,0.11111111,20.0,2.0,0.696664966853646
20.0,0.11111111,20.0,3.0,0.696664966853646
20.0,0.11111111,20.0,5.0,0.696664966853646
20.0,0.11111111,20.0,8.0,0.696664966853646
20.0,0.11111111,20.0,12.0,0.696664966853646
20.0,0.11111111,20.0,20.0,0.696664966853646
20.0,0.11111111,20.0,32.0,0.696664966853646
20.0,0.11111111,20.0,50.0,0.695624681285059
20.0,0.11111111,20.0,80.0,0.693238143804182
20.0,0.11111111,20.0,128.0,0.692218255991841
20.0,0.22222222,1.0,2.0,0.712289648138705
20.0,0.22222222,1.0,3.0,0.712452830188679
20.0,0.22222222,1.0,5.0,0.712269250382458
20.0,0.22222222,1.0,8.0,0.712697603263641
20.0,0.22222222,1.0,12.0,0.71161652218256
20.0,0.22222222,1.0,20.0,0.712595614482407
20.0,0.22222222,1.0,32.0,0.71161652218256
20.0,0.22222222,1.0,50.0,0.710882202957675
20.0,0.22222222,1.0,80.0,0.709964303926568
20.0,0.22222222,1.0,128.0,0.708169301376848
20.0,0.22222222,3.0,2.0,0.712738398776135
20.0,0.22222222,3.0,3.0,0.712738398776135
20.0,0.22222222,3.0,5.0,0.712738398776135
20.0,0.22222222,3.0,8.0,0.711453340132585
20.0,0.22222222,3.0,12.0,0.712656807751147
20.0,0.22222222,3.0,20.0,0.712310045894952
20.0,0.22222222,3.0,32.0,0.711412544620092
20.0,0.22222222,3.0,50.0,0.710494645588985
20.0,0.22222222,3.0,80.0,0.709780724120347
20.0,0.22222222,3.0,128.0,0.707802141764406
20.0,0.22222222,5.0,2.0,0.711698113207547
20.0,0.22222222,5.0,3.0,0.711698113207547
20.0,0.22222222,5.0,5.0,0.711698113207547
20.0,0.22222222,5.0,8.0,0.711698113207547
20.0,0.22222222,5.0,12.0,0.711657317695054
20.0,0.22222222,5.0,20.0,0.711371749107598
20.0,0.22222222,5.0,32.0,0.712330443651198
20.0,0.22222222,5.0,50.0,0.709331973482917
20.0,0.22222222,5.0,80.0,0.70835288118307
20.0,0.22222222,5.0,128.0,0.708189699133095
20.0,0.22222222,7.0,2.0,0.711208567057624
20.0,0.22222222,7.0,3.0,0.711208567057624
20.0,0.22222222,7.0,5.0,0.711208567057624
20.0,0.22222222,7.0,8.0,0.711208567057624
20.0,0.22222222,7.0,12.0,0.711208567057624
20.0,0.22222222,7.0,20.0,0.710494645588985
20.0,0.22222222,7.0,32.0,0.711759306476287
20.0,0.22222222,7.0,50.0,0.710025497195309
20.0,0.22222222,7.0,80.0,0.708924018357981
20.0,0.22222222,7.0,128.0,0.707822539520653
20.0,0.22222222,9.0,2.0,0.710249872514023
20.0,0.22222222,9.0,3.0,0.710249872514023
20.0,0.22222222,9.0,5.0,0.710249872514023
20.0,0.22222222,9.0,8.0,0.710249872514023
20.0,0.22222222,9.0,12.0,0.710249872514023
20.0,0.22222222,9.0,20.0,0.710433452320245
20.0,0.22222222,9.0,32.0,0.710005099439062
20.0,0.22222222,9.0,50.0,0.711371749107598
20.0,0.22222222,9.0,80.0,0.708067312595614
20.0,0.22222222,9.0,128.0,0.707577766445691
20.0,0.22222222,11.0,2.0,0.709250382457929
20.0,0.22222222,11.0,3.0,0.709250382457929
20.0,0.22222222,11.0,5.0,0.709250382457929
20.0,0.22222222,11.0,8.0,0.709250382457929
20.0,0.22222222,11.0,12.0,0.709250382457929
20.0,0.22222222,11.0,20.0,0.709250382457929
20.0,0.22222222,11.0,32.0,0.710576236613973
20.0,0.22222222,11.0,50.0,0.711534931157573
20.0,0.22222222,11.0,80.0,0.708454869964304
20.0,0.22222222,11.0,128.0,0.70598674145844
20.0,0.22222222,13.0,2.0,0.709331973482917
20.0,0.22222222,13.0,3.0,0.709331973482917
20.0,0.22222222,13.0,5.0,0.709331973482917
20.0,0.22222222,13.0,8.0,0.709331973482917
20.0,0.22222222,13.0,12.0,0.709331973482917
20.0,0.22222222,13.0,20.0,0.709331973482917
20.0,0.22222222,13.0,32.0,0.709597144314126
20.0,0.22222222,13.0,50.0,0.709107598164202
20.0,0.22222222,13.0,80.0,0.709393166751657
20.0,0.22222222,13.0,128.0,0.706578276389597
20.0,0.22222222,15.0,2.0,0.709433962264151
20.0,0.22222222,15.0,3.0,0.709433962264151
20.0,0.22222222,15.0,5.0,0.709433962264151
20.0,0.22222222,15.0,8.0,0.709433962264151
20.0,0.22222222,15.0,12.0,0.709433962264151
20.0,0.22222222,15.0,20.0,0.709433962264151
20.0,0.22222222,15.0,32.0,0.710066292707802
20.0,0.22222222,15.0,50.0,0.708842427332993
20.0,0.22222222,15.0,80.0,0.709862315145334
20.0,0.22222222,15.0,128.0,0.707353391126976
20.0,0.22222222,17.0,2.0,0.70931157572667
20.0,0.22222222,17.0,3.0,0.70931157572667
20.0,0.22222222,17.0,5.0,0.70931157572667
20.0,0.22222222,17.0,8.0,0.70931157572667
20.0,0.22222222,17.0,12.0,0.70931157572667
20.0,0.22222222,17.0,20.0,0.70931157572667
20.0,0.22222222,17.0,32.0,0.70931157572667
20.0,0.22222222,17.0,50.0,0.709413564507904
20.0,0.22222222,17.0,80.0,0.709433962264151
20.0,0.22222222,17.0,128.0,0.705578786333503
20.0,0.22222222,20.0,2.0,0.709393166751657
20.0,0.22222222,20.0,3.0,0.709393166751657
20.0,0.22222222,20.0,5.0,0.709393166751657
20.0,0.22222222,20.0,8.0,0.709393166751657
20.0,0.22222222,20.0,12.0,0.709393166751657
20.0,0.22222222,20.0,20.0,0.709393166751657
20.0,0.22222222,20.0,32.0,0.709393166751657
20.0,0.22222222,20.0,50.0,0.708760836308006
20.0,0.22222222,20.0,80.0,0.708067312595615
20.0,0.22222222,20.0,128.0,0.705680775114737
20.0,0.33333334,1.0,2.0,0.715308516063233
20.0,0.33333334,1.0,3.0,0.716165221825599
20.0,0.33333334,1.0,5.0,0.71814380418154
20.0,0.33333334,1.0,8.0,0.714900560938297
20.0,0.33333334,1.0,12.0,0.715002549719531
20.0,0.33333334,1.0,20.0,0.716960734319225
20.0,0.33333334,1.0,32.0,0.715879653238144
20.0,0.33333334,1.0,50.0,0.715920448750637
20.0,0.33333334,1.0,80.0,0.714349821519633
20.0,0.33333334,1.0,128.0,0.712616012238654
20.0,0.33333334,3.0,2.0,0.715818459969403
20.0,0.33333334,3.0,3.0,0.715818459969403
20.0,0.33333334,3.0,5.0,0.715818459969403
20.0,0.33333334,3.0,8.0,0.715798062213156
20.0,0.33333334,3.0,12.0,0.71679755226925
20.0,0.33333334,3.0,20.0,0.716675165731769
20.0,0.33333334,3.0,32.0,0.715267720550739
20.0,0.33333334,3.0,50.0,0.713962264150943
20.0,0.33333334,3.0,80.0,0.714227434982152
20.0,0.33333334,3.0,128.0,0.712146863844977
20.0,0.33333334,5.0,2.0,0.71628760836308
20.0,0.33333334,5.0,3.0,0.71628760836308
20.0,0.33333334,5.0,5.0,0.71628760836308
20.0,0.33333334,5.0,8.0,0.71628760836308
20.0,0.33333334,5.0,12.0,0.715512493625701
20.0,0.33333334,5.0,20.0,0.715104538500765
20.0,0.33333334,5.0,32.0,0.714982151963284
20.0,0.33333334,5.0,50.0,0.715104538500765
20.0,0.33333334,5.0,80.0,0.712432432432432
20.0,0.33333334,5.0,128.0,0.712391636919939
20.0,0.33333334,7.0,2.0,0.71583885772565
20.0,0.33333334,7.0,3.0,0.71583885772565
20.0,0.33333334,7.0,5.0,0.71583885772565
20.0,0.33333334,7.0,8.0,0.71583885772565
20.0,0.33333334,7.0,12.0,0.71583885772565
20.0,0.33333334,7.0,20.0,0.716450790413054
20.0,0.33333334,7.0,32.0,0.715879653238144
20.0,0.33333334,7.0,50.0,0.715063742988271
20.0,0.33333334,7.0,80.0,0.713125956144824
20.0,0.33333334,7.0,128.0,0.711861295257522
20.0,0.33333334,9.0,2.0,0.713819479857216
20.0,0.33333334,9.0,3.0,0.713819479857216
20.0,0.33333334,9.0,5.0,0.713819479857216
20.0,0.33333334,9.0,8.0,0.713819479857216
20.0,0.33333334,9.0,12.0,0.713819479857216
20.0,0.33333334,9.0,20.0,0.715206527281999
20.0,0.33333334,9.0,32.0,0.714227434982152
20.0,0.33333334,9.0,50.0,0.713595104538501
20.0,0.33333334,9.0,80.0,0.713003569607343
20.0,0.33333334,9.0,128.0,0.710392656807751
20.0,0.33333334,11.0,2.0,0.715063742988271
20.0,0.33333334,11.0,3.0,0.715063742988271
20.0,0.33333334,11.0,5.0,0.715063742988271
20.0,0.33333334,11.0,8.0,0.715063742988271
20.0,0.33333334,11.0,12.0,0.715063742988271
20.0,0.33333334,11.0,20.0,0.715063742988271
20.0,0.33333334,11.0,32.0,0.714329423763386
20.0,0.33333334,11.0,50.0,0.713595104538501
20.0,0.33333334,11.0,80.0,0.713105558388577
20.0,0.33333334,11.0,128.0,0.711534931157573
20.0,0.33333334,13.0,2.0,0.714798572157063
20.0,0.33333334,13.0,3.0,0.714798572157063
20.0,0.33333334,13.0,5.0,0.714798572157063
20.0,0.33333334,13.0,8.0,0.714798572157063
20.0,0.33333334,13.0,12.0,0.714798572157063
20.0,0.33333334,13.0,20.0,0.714798572157063
20.0,0.33333334,13.0,32.0,0.715553289138195
20.0,0.33333334,13.0,50.0,0.71437021927588
20.0,0.33333334,13.0,80.0,0.713064762876084
20.0,0.33333334,13.0,128.0,0.711208567057624
20.0,0.33333334,15.0,2.0,0.713064762876084
20.0,0.33333334,15.0,3.0,0.713064762876084
20.0,0.33333334,15.0,5.0,0.713064762876084
20.0,0.33333334,15.0,8.0,0.713064762876084
20.0,0.33333334,15.0,12.0,0.713064762876084
20.0,0.33333334,15.0,20.0,0.713064762876084
20.0,0.33333334,15.0,32.0,0.714553799082101
20.0,0.33333334,15.0,50.0,0.713901070882203
20.0,0.33333334,15.0,80.0,0.713064762876084
20.0,0.33333334,15.0,128.0,0.711963284038756
20.0,0.33333334,17.0,2.0,0.713799082100969
20.0,0.33333334,17.0,3.0,0.713799082100969
20.0,0.33333334,17.0,5.0,0.713799082100969
20.0,0.33333334,17.0,8.0,0.713799082100969
20.0,0.33333334,17.0,12.0,0.713799082100969
20.0,0.33333334,17.0,20.0,0.713799082100969
20.0,0.33333334,17.0,32.0,0.713799082100969
20.0,0.33333334,17.0,50.0,0.713778684344722
20.0,0.33333334,17.0,80.0,0.713105558388577
20.0,0.33333334,17.0,128.0,0.712310045894952
20.0,0.33333334,20.0,2.0,0.713574706782254
20.0,0.33333334,20.0,3.0,0.713574706782254
20.0,0.33333334,20.0,5.0,0.713574706782254
20.0,0.33333334,20.0,8.0,0.713574706782254
20.0,0.33333334,20.0,12.0,0.713574706782254
20.0,0.33333334,20.0,20.0,0.713574706782254
20.0,0.33333334,20.0,32.0,0.713574706782254
20.0,0.33333334,20.0,50.0,0.714492605813361
20.0,0.33333334,20.0,80.0,0.712881183069862
20.0,0.33333334,20.0,128.0,0.711698113207547
20.0,0.44444445,1.0,2.0,0.719428862825089
20.0,0.44444445,1.0,3.0,0.718735339112697
20.0,0.44444445,1.0,5.0,0.718551759306476
20.0,0.44444445,1.0,8.0,0.717919428862825
20.0,0.44444445,1.0,12.0,0.717960224375319
20.0,0.44444445,1.0,20.0,0.718898521162672
20.0,0.44444445,1.0,32.0,0.718551759306476
20.0,0.44444445,1.0,50.0,0.717409484956655
20.0,0.44444445,1.0,80.0,0.716206017338093
20.0,0.44444445,1.0,128.0,0.71494135645079
20.0,0.44444445,3.0,2.0,0.719326874043855
20.0,0.44444445,3.0,3.0,0.719326874043855
20.0,0.44444445,3.0,5.0,0.719326874043855
20.0,0.44444445,3.0,8.0,0.718878123406425
20.0,0.44444445,3.0,12.0,0.718510963793983
20.0,0.44444445,3.0,20.0,0.719510453850077
20.0,0.44444445,3.0,32.0,0.717266700662927
20.0,0.44444445,3.0,50.0,0.717572667006629
20.0,0.44444445,3.0,80.0,0.716756756756757
20.0,0.44444445,3.0,128.0,0.71443141254462
20.0,0.44444445,5.0,2.0,0.718306986231515
20.0,0.44444445,5.0,3.0,0.718306986231515
20.0,0.44444445,5.0,5.0,0.718306986231515
20.0,0.44444445,5.0,8.0,0.718306986231515
20.0,0.44444445,5.0,12.0,0.717409484956655
20.0,0.44444445,5.0,20.0,0.7180826109128
20.0,0.44444445,5.0,32.0,0.718674145843957
20.0,0.44444445,5.0,50.0,0.717001529831718
20.0,0.44444445,5.0,80.0,0.716124426313106
20.0,0.44444445,5.0,128.0,0.714349821519633
20.0,0.44444445,7.0,2.0,0.718327383987761
20.0,0.44444445,7.0,3.0,0.718327383987761
20.0,0.44444445,7.0,5.0,0.718327383987761
20.0,0.44444445,7.0,8.0,0.718327383987761
20.0,0.44444445,7.0,12.0,0.718327383987761
20.0,0.44444445,7.0,20.0,0.718674145843957
20.0,0.44444445,7.0,32.0,0.717797042325344
20.0,0.44444445,7.0,50.0,0.716695563488016
20.0,0.44444445,7.0,80.0,0.716042835288118
20.0,0.44444445,7.0,128.0,0.713819479857216
20.0,0.44444445,9.0,2.0,0.717939826619072
20.0,0.44444445,9.0,3.0,0.717939826619072
20.0,0.44444445,9.0,5.0,0.717939826619072
20.0,0.44444445,9.0,8.0,0.717939826619072
20.0,0.44444445,9.0,12.0,0.717939826619072
20.0,0.44444445,9.0,20.0,0.717878633350332
20.0,0.44444445,9.0,32.0,0.717062723100459
20.0,0.44444445,9.0,50.0,0.71583885772565
20.0,0.44444445,9.0,80.0,0.715634880163182
20.0,0.44444445,9.0,128.0,0.714309026007139
20.0,0.44444445,11.0,2.0,0.716919938806731
20.0,0.44444445,11.0,3.0,0.716919938806731
20.0,0.44444445,11.0,5.0,0.716919938806731
20.0,0.44444445,11.0,8.0,0.716919938806731
20.0,0.44444445,11.0,12.0,0.716919938806731
20.0,0.44444445,11.0,20.0,0.716919938806731
20.0,0.44444445,11.0,32.0,0.71763386027537
20.0,0.44444445,11.0,50.0,0.71628760836308
20.0,0.44444445,11.0,80.0,0.71449260581336
20.0,0.44444445,11.0,128.0,0.713962264150943
20.0,0.44444445,13.0,2.0,0.716409994900561
20.0,0.44444445,13.0,3.0,0.716409994900561
20.0,0.44444445,13.0,5.0,0.716409994900561
20.0,0.44444445,13.0,8.0,0.716409994900561
20.0,0.44444445,13.0,12.0,0.716409994900561
20.0,0.44444445,13.0,20.0,0.716409994900561
20.0,0.44444445,13.0,32.0,0.717797042325344
20.0,0.44444445,13.0,50.0,0.716389597144314
20.0,0.44444445,13.0,80.0,0.714859765425803
20.0,0.44444445,13.0,128.0,0.714655787863335
20.0,0.44444445,15.0,2.0,0.717409484956655
20.0,0.44444445,15.0,3.0,0.717409484956655
20.0,0.44444445,15.0,5.0,0.717409484956655
20.0,0.44444445,15.0,8.0,0.717409484956655
20.0,0.44444445,15.0,12.0,0.717409484956655
20.0,0.44444445,15.0,20.0,0.717409484956655
20.0,0.44444445,15.0,32.0,0.716246812850587
20.0,0.44444445,15.0,50.0,0.716491585925548
20.0,0.44444445,15.0,80.0,0.715471698113208
20.0,0.44444445,15.0,128.0,0.713758286588475
20.0,0.44444445,17.0,2.0,0.716756756756757
20.0,0.44444445,17.0,3.0,0.716756756756757
20.0,0.44444445,17.0,5.0,0.716756756756757
20.0,0.44444445,17.0,8.0,0.716756756756757
20.0,0.44444445,17.0,12.0,0.716756756756757
20.0,0.44444445,17.0,20.0,0.716756756756757
20.0,0.44444445,17.0,32.0,0.716756756756757
20.0,0.44444445,17.0,50.0,0.716022437531871
20.0,0.44444445,17.0,80.0,0.71494135645079
20.0,0.44444445,17.0,128.0,0.713799082100969
20.0,0.44444445,20.0,2.0,0.715165731769505
20.0,0.44444445,20.0,3.0,0.715165731769505
20.0,0.44444445,20.0,5.0,0.715165731769505
20.0,0.44444445,20.0,8.0,0.715165731769505
20.0,0.44444445,20.0,12.0,0.715165731769505
20.0,0.44444445,20.0,20.0,0.715165731769505
20.0,0.44444445,20.0,32.0,0.715165731769505
20.0,0.44444445,20.0,50.0,0.715940846506884
20.0,0.44444445,20.0,80.0,0.714247832738399
20.0,0.44444445,20.0,128.0,0.712921978582356
20.0,0.5555556,1.0,2.0,0.719673635900051
20.0,0.5555556,1.0,3.0,0.720387557368689
20.0,0.5555556,1.0,5.0,0.720305966343702
20.0,0.5555556,1.0,8.0,0.720611932687404
20.0,0.5555556,1.0,12.0,0.720224375318715
20.0,0.5555556,1.0,20.0,0.719898011218766
20.0,0.5555556,1.0,32.0,0.721713411524732
20.0,0.5555556,1.0,50.0,0.719449260581336
20.0,0.5555556,1.0,80.0,0.717899031106578
20.0,0.5555556,1.0,128.0,0.716389597144314
20.0,0.5555556,3.0,2.0,0.721285058643549
20.0,0.5555556,3.0,3.0,0.721285058643549
20.0,0.5555556,3.0,5.0,0.721285058643549
20.0,0.5555556,3.0,8.0,0.720713921468638
20.0,0.5555556,3.0,12.0,0.720326364099949
20.0,0.5555556,3.0,20.0,0.720265170831208
20.0,0.5555556,3.0,32.0,0.71993880673126
20.0,0.5555556,3.0,50.0,0.720244773074962
20.0,0.5555556,3.0,80.0,0.718347781744008
20.0,0.5555556,3.0,128.0,0.716308006119327
20.0,0.5555556,5.0,2.0,0.72089750127486
20.0,0.5555556,5.0,3.0,0.72089750127486
20.0,0.5555556,5.0,5.0,0.72089750127486
20.0,0.5555556,5.0,8.0,0.72089750127486
20.0,0.5555556,5.0,12.0,0.720224375318715
20.0,0.5555556,5.0,20.0,0.72
20.0,0.5555556,5.0,32.0,0.718694543600204
20.0,0.5555556,5.0,50.0,0.719673635900051
20.0,0.5555556,5.0,80.0,0.717327893931668
20.0,0.5555556,5.0,128.0,0.716389597144314
20.0,0.5555556,7.0,2.0,0.720081591024987
20.0,0.5555556,7.0,3.0,0.720081591024987
20.0,0.5555556,7.0,5.0,0.720081591024987
20.0,0.5555556,7.0,8.0,0.720081591024987
20.0,0.5555556,7.0,12.0,0.720081591024987
20.0,0.5555556,7.0,20.0,0.719959204487506
20.0,0.5555556,7.0,32.0,0.72
20.0,0.5555556,7.0,50.0,0.718816930137685
20.0,0.5555556,7.0,80.0,0.716940336562978
20.0,0.5555556,7.0,128.0,0.715124936257012
20.0,0.5555556,9.0,2.0,0.719326874043855
20.0,0.5555556,9.0,3.0,0.719326874043855
20.0,0.5555556,9.0,5.0,0.719326874043855
20.0,0.5555556,9.0,8.0,0.719326874043855
20.0,0.5555556,9.0,12.0,0.719326874043855
20.0,0.5555556,9.0,20.0,0.719571647118817
20.0,0.5555556,9.0,32.0,0.718776134625191
20.0,0.5555556,9.0,50.0,0.717858235594085
20.0,0.5555556,9.0,80.0,0.716634370219276
20.0,0.5555556,9.0,128.0,0.715553289138195
20.0,0.5555556,11.0,2.0,0.719000509943906
20.0,0.5555556,11.0,3.0,0.719000509943906
20.0,0.5555556,11.0,5.0,0.719000509943906
20.0,0.5555556,11.0,8.0,0.719000509943906
20.0,0.5555556,11.0,12.0,0.719000509943906
20.0,0.5555556,11.0,20.0,0.719000509943906
20.0,0.5555556,11.0,32.0,0.71910249872514
20.0,0.5555556,11.0,50.0,0.718449770525242
20.0,0.5555556,11.0,80.0,0.717450280469148
20.0,0.5555556,11.0,128.0,0.716308006119327
20.0,0.5555556,13.0,2.0,0.719122896481387
20.0,0.5555556,13.0,3.0,0.719122896481387
20.0,0.5555556,13.0,5.0,0.719122896481387
20.0,0.5555556,13.0,8.0,0.719122896481387
20.0,0.5555556,13.0,12.0,0.719122896481387
20.0,0.5555556,13.0,20.0,0.719122896481387
20.0,0.5555556,13.0,32.0,0.718735339112698
20.0,0.5555556,13.0,50.0,0.717817440081591
20.0,0.5555556,13.0,80.0,0.716124426313106
20.0,0.5555556,13.0,128.0,0.715430902600714
20.0,0.5555556,15.0,2.0,0.718572157062723
20.0,0.5555556,15.0,3.0,0.718572157062723
20.0,0.5555556,15.0,5.0,0.718572157062723
20.0,0.5555556,15.0,8.0,0.718572157062723
20.0,0.5555556,15.0,12.0,0.718572157062723
20.0,0.5555556,15.0,20.0,0.718572157062723
20.0,0.5555556,15.0,32.0,0.718776134625191
20.0,0.5555556,15.0,50.0,0.717593064762876
20.0,0.5555556,15.0,80.0,0.71673635900051
20.0,0.5555556,15.0,128.0,0.715757266700663
20.0,0.5555556,17.0,2.0,0.717878633350331
20.0,0.5555556,17.0,3.0,0.717878633350331
20.0,0.5555556,17.0,5.0,0.717878633350331
20.0,0.5555556,17.0,8.0,0.717878633350331
20.0,0.5555556,17.0,12.0,0.717878633350331
20.0,0.5555556,17.0,20.0,0.717878633350331
20.0,0.5555556,17.0,32.0,0.717878633350331
20.0,0.5555556,17.0,50.0,0.717837837837838
20.0,0.5555556,17.0,80.0,0.716246812850586
20.0,0.5555556,17.0,128.0,0.715288118306986
20.0,0.5555556,20.0,2.0,0.717307496175421
20.0,0.5555556,20.0,3.0,0.717307496175421
20.0,0.5555556,20.0,5.0,0.717307496175421
20.0,0.5555556,20.0,8.0,0.717307496175421
20.0,0.5555556,20.0,12.0,0.717307496175421
20.0,0.5555556,20.0,20.0,0.717307496175421
20.0,0.5555556,20.0,32.0,0.717307496175421
20.0,0.5555556,20.0,50.0,0.716756756756757
20.0,0.5555556,20.0,80.0,0.715961244263131
20.0,0.5555556,20.0,128.0,0.714778174400816
20.0,0.6666667,1.0,2.0,0.720877103518613
20.0,0.6666667,1.0,3.0,0.719857215706272
20.0,0.6666667,1.0,5.0,0.72
20.0,0.6666667,1.0,8.0,0.71993880673126
20.0,0.6666667,1.0,12.0,0.721631820499745
20.0,0.6666667,1.0,20.0,0.720305966343702
20.0,0.6666667,1.0,32.0,0.720163182049974
20.0,0.6666667,1.0,50.0,0.71949005609383
20.0,0.6666667,1.0,80.0,0.718674145843957
20.0,0.6666667,1.0,128.0,0.716022437531872
20.0,0.6666667,3.0,2.0,0.721019887812341
20.0,0.6666667,3.0,3.0,0.721019887812341
20.0,0.6666667,3.0,5.0,0.721019887812341
20.0,0.6666667,3.0,8.0,0.7209586945436
20.0,0.6666667,3.0,12.0,0.720917899031107
20.0,0.6666667,3.0,20.0,0.720571137174911
20.0,0.6666667,3.0,32.0,0.721060683324834
20.0,0.6666667,3.0,50.0,0.719061703212647
20.0,0.6666667,3.0,80.0,0.718490566037736
20.0,0.6666667,3.0,128.0,0.716613972463029
20.0,0.6666667,5.0,2.0,0.720367159612443
20.0,0.6666667,5.0,3.0,0.720367159612443
20.0,0.6666667,5.0,5.0,0.720367159612443
20.0,0.6666667,5.0,8.0,0.720367159612443
20.0,0.6666667,5.0,12.0,0.721529831718511
20.0,0.6666667,5.0,20.0,0.719714431412545
20.0,0.6666667,5.0,32.0,0.719571647118817
20.0,0.6666667,5.0,50.0,0.718857725650179
20.0,0.6666667,5.0,80.0,0.719020907700153
20.0,0.6666667,5.0,128.0,0.716185619581846
20.0,0.6666667,7.0,2.0,0.720530341662417
20.0,0.6666667,7.0,3.0,0.720530341662417
20.0,0.6666667,7.0,5.0,0.720530341662417
20.0,0.6666667,7.0,8.0,0.720530341662417
20.0,0.6666667,7.0,12.0,0.720530341662417
20.0,0.6666667,7.0,20.0,0.720469148393677
20.0,0.6666667,7.0,32.0,0.718857725650178
20.0,0.6666667,7.0,50.0,0.717776644569097
20.0,0.6666667,7.0,80.0,0.717470678225395
20.0,0.6666667,7.0,128.0,0.716532381438042
20.0,0.6666667,9.0,2.0,0.720081591024987
20.0,0.6666667,9.0,3.0,0.720081591024987
20.0,0.6666667,9.0,5.0,0.720081591024987
20.0,0.6666667,9.0,8.0,0.720081591024987
20.0,0.6666667,9.0,12.0,0.720081591024987
20.0,0.6666667,9.0,20.0,0.719469658337583
20.0,0.6666667,9.0,32.0,0.720407955124936
20.0,0.6666667,9.0,50.0,0.718959714431412
20.0,0.6666667,9.0,80.0,0.7180826109128
20.0,0.6666667,9.0,128.0,0.71628760836308
20.0,0.6666667,11.0,2.0,0.720224375318715
20.0,0.6666667,11.0,3.0,0.720224375318715
20.0,0.6666667,11.0,5.0,0.720224375318715
20.0,0.6666667,11.0,8.0,0.720224375318715
20.0,0.6666667,11.0,12.0,0.720224375318715
20.0,0.6666667,11.0,20.0,0.720224375318715
20.0,0.6666667,11.0,32.0,0.718286588475268
20.0,0.6666667,11.0,50.0,0.718959714431413
20.0,0.6666667,11.0,80.0,0.717368689444161
20.0,0.6666667,11.0,128.0,0.716511983681795
20.0,0.6666667,13.0,2.0,0.719449260581336
20.0,0.6666667,13.0,3.0,0.719449260581336
20.0,0.6666667,13.0,5.0,0.719449260581336
20.0,0.6666667,13.0,8.0,0.719449260581336
20.0,0.6666667,13.0,12.0,0.719449260581336
20.0,0.6666667,13.0,20.0,0.719449260581336
20.0,0.6666667,13.0,32.0,0.719673635900051
20.0,0.6666667,13.0,50.0,0.718980112187659
20.0,0.6666667,13.0,80.0,0.71769505354411
20.0,0.6666667,13.0,128.0,0.715940846506884
20.0,0.6666667,15.0,2.0,0.719428862825089
20.0,0.6666667,15.0,3.0,0.719428862825089
20.0,0.6666667,15.0,5.0,0.719428862825089
20.0,0.6666667,15.0,8.0,0.719428862825089
20.0,0.6666667,15.0,12.0,0.719428862825089
20.0,0.6666667,15.0,20.0,0.719428862825089
20.0,0.6666667,15.0,32.0,0.718429372768995
20.0,0.6666667,15.0,50.0,0.718714941356451
20.0,0.6666667,15.0,80.0,0.717450280469148
20.0,0.6666667,15.0,128.0,0.716185619581846
20.0,0.6666667,17.0,2.0,0.718714941356451
20.0,0.6666667,17.0,3.0,0.718714941356451
20.0,0.6666667,17.0,5.0,0.718714941356451
20.0,0.6666667,17.0,8.0,0.718714941356451
20.0,0.6666667,17.0,12.0,0.718714941356451
20.0,0.6666667,17.0,20.0,0.718714941356451
20.0,0.6666667,17.0,32.0,0.718714941356451
20.0,0.6666667,17.0,50.0,0.718510963793983
20.0,0.6666667,17.0,80.0,0.718184599694034
20.0,0.6666667,17.0,128.0,0.716471188169301
20.0,0.6666667,20.0,2.0,0.718470168281489
20.0,0.6666667,20.0,3.0,0.718470168281489
20.0,0.6666667,20.0,5.0,0.718470168281489
20.0,0.6666667,20.0,8.0,0.718470168281489
20.0,0.6666667,20.0,12.0,0.718470168281489
20.0,0.6666667,20.0,20.0,0.718470168281489
20.0,0.6666667,20.0,32.0,0.718470168281489
20.0,0.6666667,20.0,50.0,0.718531361550229
20.0,0.6666667,20.0,80.0,0.717960224375319
20.0,0.6666667,20.0,128.0,0.716552779194289
20.0,0.7777778,1.0,2.0,0.719694033656298
20.0,0.7777778,1.0,3.0,0.721081081081081
20.0,0.7777778,1.0,5.0,0.720877103518613
20.0,0.7777778,1.0,8.0,0.720203977562468
20.0,0.7777778,1.0,12.0,0.720877103518613
20.0,0.7777778,1.0,20.0,0.718898521162672
20.0,0.7777778,1.0,32.0,0.719326874043855
20.0,0.7777778,1.0,50.0,0.719122896481387
20.0,0.7777778,1.0,80.0,0.718510963793983
20.0,0.7777778,1.0,128.0,0.716165221825599
20.0,0.7777778,3.0,2.0,0.718755736868944
20.0,0.7777778,3.0,3.0,0.718755736868944
20.0,0.7777778,3.0,5.0,0.718755736868944
20.0,0.7777778,3.0,8.0,0.719510453850077
20.0,0.7777778,3.0,12.0,0.720632330443651
20.0,0.7777778,3.0,20.0,0.721162672106068
20.0,0.7777778,3.0,32.0,0.719857215706272
20.0,0.7777778,3.0,50.0,0.718388577256502
20.0,0.7777778,3.0,80.0,0.717123916369199
20.0,0.7777778,3.0,128.0,0.715451300356961
20.0,0.7777778,5.0,2.0,0.720550739418664
20.0,0.7777778,5.0,3.0,0.720550739418664
20.0,0.7777778,5.0,5.0,0.720550739418664
20.0,0.7777778,5.0,8.0,0.720550739418664
20.0,0.7777778,5.0,12.0,0.719857215706272
20.0,0.7777778,5.0,20.0,0.719612442631311
20.0,0.7777778,5.0,32.0,0.719694033656298
20.0,0.7777778,5.0,50.0,0.71955124936257
20.0,0.7777778,5.0,80.0,0.717083120856706
20.0,0.7777778,5.0,128.0,0.716063233044365
20.0,0.7777778,7.0,2.0,0.720979092299847
20.0,0.7777778,7.0,3.0,0.720979092299847
20.0,0.7777778,7.0,5.0,0.720979092299847
20.0,0.7777778,7.0,8.0,0.720979092299847
20.0,0.7777778,7.0,12.0,0.720979092299847
20.0,0.7777778,7.0,20.0,0.720326364099949
20.0,0.7777778,7.0,32.0,0.719734829168791
20.0,0.7777778,7.0,50.0,0.718755736868944
20.0,0.7777778,7.0,80.0,0.717572667006629
20.0,0.7777778,7.0,128.0,0.716940336562978
20.0,0.7777778,9.0,2.0,0.719979602243753
20.0,0.7777778,9.0,3.0,0.719979602243753
20.0,0.7777778,9.0,5.0,0.719979602243753
20.0,0.7777778,9.0,8.0,0.719979602243753
20.0,0.7777778,9.0,12.0,0.719979602243753
20.0,0.7777778,9.0,20.0,0.719326874043855
20.0,0.7777778,9.0,32.0,0.720836308006119
20.0,0.7777778,9.0,50.0,0.719449260581336
20.0,0.7777778,9.0,80.0,0.717735849056604
20.0,0.7777778,9.0,128.0,0.715165731769505
20.0,0.7777778,11.0,2.0,0.718714941356451
20.0,0.7777778,11.0,3.0,0.718714941356451
20.0,0.7777778,11.0,5.0,0.718714941356451
20.0,0.7777778,11.0,8.0,0.718714941356451
20.0,0.7777778,11.0,12.0,0.718714941356451
20.0,0.7777778,11.0,20.0,0.718714941356451
20.0,0.7777778,11.0,32.0,0.719408465068842
20.0,0.7777778,11.0,50.0,0.71859255481897
20.0,0.7777778,11.0,80.0,0.718123406425293
20.0,0.7777778,11.0,128.0,0.715859255481897
20.0,0.7777778,13.0,2.0,0.719265680775115
20.0,0.7777778,13.0,3.0,0.719265680775115
20.0,0.7777778,13.0,5.0,0.719265680775115
20.0,0.7777778,13.0,8.0,0.719265680775115
20.0,0.7777778,13.0,12.0,0.719265680775115
20.0,0.7777778,13.0,20.0,0.719265680775115
20.0,0.7777778,13.0,32.0,0.719122896481387
20.0,0.7777778,13.0,50.0,0.718572157062723
20.0,0.7777778,13.0,80.0,0.717756246812851
20.0,0.7777778,13.0,128.0,0.715186129525752
20.0,0.7777778,15.0,2.0,0.719530851606323
20.0,0.7777778,15.0,3.0,0.719530851606323
20.0,0.7777778,15.0,5.0,0.719530851606323
20.0,0.7777778,15.0,8.0,0.719530851606323
20.0,0.7777778,15.0,12.0,0.719530851606323
20.0,0.7777778,15.0,20.0,0.719530851606323
20.0,0.7777778,15.0,32.0,0.719510453850077
20.0,0.7777778,15.0,50.0,0.718368179500255
20.0,0.7777778,15.0,80.0,0.717593064762876
20.0,0.7777778,15.0,128.0,0.715655277919429
20.0,0.7777778,17.0,2.0,0.718286588475268
20.0,0.7777778,17.0,3.0,0.718286588475268
20.0,0.7777778,17.0,5.0,0.718286588475268
20.0,0.7777778,17.0,8.0,0.718286588475268
20.0,0.7777778,17.0,12.0,0.718286588475268
20.0,0.7777778,17.0,20.0,0.718286588475268
20.0,0.7777778,17.0,32.0,0.718286588475268
20.0,0.7777778,17.0,50.0,0.718266190719021
20.0,0.7777778,17.0,80.0,0.718327383987761
20.0,0.7777778,17.0,128.0,0.716185619581846
20.0,0.7777778,20.0,2.0,0.71769505354411
20.0,0.7777778,20.0,3.0,0.71769505354411
20.0,0.7777778,20.0,5.0,0.71769505354411
20.0,0.7777778,20.0,8.0,0.71769505354411
20.0,0.7777778,20.0,12.0,0.71769505354411
20.0,0.7777778,20.0,20.0,0.71769505354411
20.0,0.7777778,20.0,32.0,0.71769505354411
20.0,0.7777778,20.0,50.0,0.717674655787863
20.0,0.7777778,20.0,80.0,0.718266190719021
20.0,0.7777778,20.0,128.0,0.716144824069352
20.0,0.8888889,1.0,2.0,0.718021417644059
20.0,0.8888889,1.0,3.0,0.718368179500255
20.0,0.8888889,1.0,5.0,0.717858235594085
20.0,0.8888889,1.0,8.0,0.717144314125446
20.0,0.8888889,1.0,12.0,0.717531871494136
20.0,0.8888889,1.0,20.0,0.718021417644059
20.0,0.8888889,1.0,32.0,0.717797042325344
20.0,0.8888889,1.0,50.0,0.718062213156553
20.0,0.8888889,1.0,80.0,0.716573176950535
20.0,0.8888889,1.0,128.0,0.714676185619582
20.0,0.8888889,3.0,2.0,0.718368179500255
20.0,0.8888889,3.0,3.0,0.718368179500255
20.0,0.8888889,3.0,5.0,0.718368179500255
20.0,0.8888889,3.0,8.0,0.717511473737889
20.0,0.8888889,3.0,12.0,0.718062213156553
20.0,0.8888889,3.0,20.0,0.718286588475268
20.0,0.8888889,3.0,32.0,0.717123916369199
20.0,0.8888889,3.0,50.0,0.717531871494136
20.0,0.8888889,3.0,80.0,0.716654767975523
20.0,0.8888889,3.0,128.0,0.71488016318205
20.0,0.8888889,5.0,2.0,0.717450280469148
20.0,0.8888889,5.0,3.0,0.717450280469148
20.0,0.8888889,5.0,5.0,0.717450280469148
20.0,0.8888889,5.0,8.0,0.717450280469148
20.0,0.8888889,5.0,12.0,0.718714941356451
20.0,0.8888889,5.0,20.0,0.718164201937787
20.0,0.8888889,5.0,32.0,0.717817440081591
20.0,0.8888889,5.0,50.0,0.717348291687914
20.0,0.8888889,5.0,80.0,0.717205507394187
20.0,0.8888889,5.0,128.0,0.71526772055074
20.0,0.8888889,7.0,2.0,0.717327893931668
20.0,0.8888889,7.0,3.0,0.717327893931668
20.0,0.8888889,7.0,5.0,0.717327893931668
20.0,0.8888889,7.0,8.0,0.717327893931668
20.0,0.8888889,7.0,12.0,0.717327893931668
20.0,0.8888889,7.0,20.0,0.717552269250383
20.0,0.8888889,7.0,32.0,0.717980622131565
20.0,0.8888889,7.0,50.0,0.717511473737889
20.0,0.8888889,7.0,80.0,0.716899541050484
20.0,0.8888889,7.0,128.0,0.714288628250892
20.0,0.8888889,9.0,2.0,0.71718510963794
20.0,0.8888889,9.0,3.0,0.71718510963794
20.0,0.8888889,9.0,5.0,0.71718510963794
20.0,0.8888889,9.0,8.0,0.71718510963794
20.0,0.8888889,9.0,12.0,0.71718510963794
20.0,0.8888889,9.0,20.0,0.718429372768995
20.0,0.8888889,9.0,32.0,0.718368179500255
20.0,0.8888889,9.0,50.0,0.717001529831718
20.0,0.8888889,9.0,80.0,0.716858745537991
20.0,0.8888889,9.0,128.0,0.714757776644569
20.0,0.8888889,11.0,2.0,0.717939826619072
20.0,0.8888889,11.0,3.0,0.717939826619072
20.0,0.8888889,11.0,5.0,0.717939826619072
20.0,0.8888889,11.0,8.0,0.717939826619072
20.0,0.8888889,11.0,12.0,0.717939826619072
20.0,0.8888889,11.0,20.0,0.717939826619072
20.0,0.8888889,11.0,32.0,0.71769505354411
20.0,0.8888889,11.0,50.0,0.717001529831718
20.0,0.8888889,11.0,80.0,0.716328403875574
20.0,0.8888889,11.0,128.0,0.714839367669556
20.0,0.8888889,13.0,2.0,0.717450280469148
20.0,0.8888889,13.0,3.0,0.717450280469148
20.0,0.8888889,13.0,5.0,0.717450280469148
20.0,0.8888889,13.0,8.0,0.717450280469148
20.0,0.8888889,13.0,12.0,0.717450280469148
20.0,0.8888889,13.0,20.0,0.717450280469148
20.0,0.8888889,13.0,32.0,0.717837837837838
20.0,0.8888889,13.0,50.0,0.717266700662927
20.0,0.8888889,13.0,80.0,0.717021927587965
20.0,0.8888889,13.0,128.0,0.714982151963284
20.0,0.8888889,15.0,2.0,0.718001019887812
20.0,0.8888889,15.0,3.0,0.718001019887812
20.0,0.8888889,15.0,5.0,0.718001019887812
20.0,0.8888889,15.0,8.0,0.718001019887812
20.0,0.8888889,15.0,12.0,0.718001019887812
20.0,0.8888889,15.0,20.0,0.718001019887812
20.0,0.8888889,15.0,32.0,0.716858745537991
20.0,0.8888889,15.0,50.0,0.716940336562978
20.0,0.8888889,15.0,80.0,0.716165221825599
20.0,0.8888889,15.0,128.0,0.715124936257012
20.0,0.8888889,17.0,2.0,0.716981132075472
20.0,0.8888889,17.0,3.0,0.716981132075472
20.0,0.8888889,17.0,5.0,0.716981132075472
20.0,0.8888889,17.0,8.0,0.716981132075472
20.0,0.8888889,17.0,12.0,0.716981132075472
20.0,0.8888889,17.0,20.0,0.716981132075472
20.0,0.8888889,17.0,32.0,0.716981132075472
20.0,0.8888889,17.0,50.0,0.716940336562978
20.0,0.8888889,17.0,80.0,0.716063233044365
20.0,0.8888889,17.0,128.0,0.714553799082101
20.0,0.8888889,20.0,2.0,0.71679755226925
20.0,0.8888889,20.0,3.0,0.71679755226925
20.0,0.8888889,20.0,5.0,0.71679755226925
20.0,0.8888889,20.0,8.0,0.71679755226925
20.0,0.8888889,20.0,12.0,0.71679755226925
20.0,0.8888889,20.0,20.0,0.71679755226925
20.0,0.8888889,20.0,32.0,0.71679755226925
20.0,0.8888889,20.0,50.0,0.717123916369199
20.0,0.8888889,20.0,80.0,0.715716471188169
20.0,0.8888889,20.0,128.0,0.71449260581336
20.0,1.0,1.0,2.0,0.712881183069862
20.0,1.0,1.0,3.0,0.713880673125956
20.0,1.0,1.0,5.0,0.713513513513514
20.0,1.0,1.0,8.0,0.714023457419684
20.0,1.0,1.0,12.0,0.713758286588475
20.0,1.0,1.0,20.0,0.714105048444671
20.0,1.0,1.0,32.0,0.713064762876084
20.0,1.0,1.0,50.0,0.713125956144824
20.0,1.0,1.0,80.0,0.71296277409485
20.0,1.0,1.0,128.0,0.711371749107598
20.0,1.0,3.0,2.0,0.714288628250892
20.0,1.0,3.0,3.0,0.714288628250892
20.0,1.0,3.0,5.0,0.714288628250892
20.0,1.0,3.0,8.0,0.714533401325854
20.0,1.0,3.0,12.0,0.714778174400816
20.0,1.0,3.0,20.0,0.714145843957165
20.0,1.0,3.0,32.0,0.714145843957165
20.0,1.0,3.0,50.0,0.713717491075982
20.0,1.0,3.0,80.0,0.713268740438552
20.0,1.0,3.0,128.0,0.71161652218256
20.0,1.0,5.0,2.0,0.714451810300867
20.0,1.0,5.0,3.0,0.714451810300867
20.0,1.0,5.0,5.0,0.714451810300867
20.0,1.0,5.0,8.0,0.714451810300867
20.0,1.0,5.0,12.0,0.714472208057114
20.0,1.0,5.0,20.0,0.71437021927588
20.0,1.0,5.0,32.0,0.713819479857216
20.0,1.0,5.0,50.0,0.713248342682305
20.0,1.0,5.0,80.0,0.71296277409485
20.0,1.0,5.0,128.0,0.71116777154513
20.0,1.0,7.0,2.0,0.713411524732279
20.0,1.0,7.0,3.0,0.713411524732279
20.0,1.0,7.0,5.0,0.713411524732279
20.0,1.0,7.0,8.0,0.713411524732279
20.0,1.0,7.0,12.0,0.713411524732279
20.0,1.0,7.0,20.0,0.713941866394697
20.0,1.0,7.0,32.0,0.71398266190719
20.0,1.0,7.0,50.0,0.713146353901071
20.0,1.0,7.0,80.0,0.713248342682305
20.0,1.0,7.0,128.0,0.711412544620092
20.0,1.0,9.0,2.0,0.713350331463539
20.0,1.0,9.0,3.0,0.713350331463539
20.0,1.0,9.0,5.0,0.713350331463539
20.0,1.0,9.0,8.0,0.713350331463539
20.0,1.0,9.0,12.0,0.713350331463539
20.0,1.0,9.0,20.0,0.713064762876084
20.0,1.0,9.0,32.0,0.71296277409485
20.0,1.0,9.0,50.0,0.713146353901071
20.0,1.0,9.0,80.0,0.713595104538501
20.0,1.0,9.0,128.0,0.711147373788883
20.0,1.0,11.0,2.0,0.713391126976033
20.0,1.0,11.0,3.0,0.713391126976033
20.0,1.0,11.0,5.0,0.713391126976033
20.0,1.0,11.0,8.0,0.713391126976033
20.0,1.0,11.0,12.0,0.713391126976033
20.0,1.0,11.0,20.0,0.713391126976033
20.0,1.0,11.0,32.0,0.713125956144824
20.0,1.0,11.0,50.0,0.713431922488526
20.0,1.0,11.0,80.0,0.712779194288628
20.0,1.0,11.0,128.0,0.711330953595105
20.0,1.0,13.0,2.0,0.71353391126976
20.0,1.0,13.0,3.0,0.71353391126976
20.0,1.0,13.0,5.0,0.71353391126976
20.0,1.0,13.0,8.0,0.71353391126976
20.0,1.0,13.0,12.0,0.71353391126976
20.0,1.0,13.0,20.0,0.71353391126976
20.0,1.0,13.0,32.0,0.713431922488526
20.0,1.0,13.0,50.0,0.713717491075982
20.0,1.0,13.0,80.0,0.711861295257522
20.0,1.0,13.0,128.0,0.711004589495156
20.0,1.0,15.0,2.0,0.712942376338603
20.0,1.0,15.0,3.0,0.712942376338603
20.0,1.0,15.0,5.0,0.712942376338603
20.0,1.0,15.0,8.0,0.712942376338603
20.0,1.0,15.0,12.0,0.712942376338603
20.0,1.0,15.0,20.0,0.712942376338603
20.0,1.0,15.0,32.0,0.712616012238654
20.0,1.0,15.0,50.0,0.712718001019888
20.0,1.0,15.0,80.0,0.711698113207547
20.0,1.0,15.0,128.0,0.710821009688934
20.0,1.0,17.0,2.0,0.712350841407445
20.0,1.0,17.0,3.0,0.712350841407445
20.0,1.0,17.0,5.0,0.712350841407445
20.0,1.0,17.0,8.0,0.712350841407445
20.0,1.0,17.0,12.0,0.712350841407445
20.0,1.0,17.0,20.0,0.712350841407445
20.0,1.0,17.0,32.0,0.712350841407445
20.0,1.0,17.0,50.0,0.712310045894952
20.0,1.0,17.0,80.0,0.712187659357471
20.0,1.0,17.0,128.0,0.710637429882713
20.0,1.0,20.0,2.0,0.712371239163692
20.0,1.0,20.0,3.0,0.712371239163692
20.0,1.0,20.0,5.0,0.712371239163692
20.0,1.0,20.0,8.0,0.712371239163692
20.0,1.0,20.0,12.0,0.712371239163692
20.0,1.0,20.0,20.0,0.712371239163692
20.0,1.0,20.0,32.0,0.712371239163692
20.0,1.0,20.0,50.0,0.711698113207547
20.0,1.0,20.0,80.0,0.71161652218256
20.0,1.0,20.0,128.0,0.710984191738909
32.0,0.0,1.0,2.0,0.704375318714941
32.0,0.0,1.0,3.0,0.702865884752677
32.0,0.0,1.0,5.0,0.704293727689954
32.0,0.0,1.0,8.0,0.703273839877613
32.0,0.0,1.0,12.0,0.703049464558899
32.0,0.0,1.0,20.0,0.702049974502805
32.0,0.0,1.0,32.0,0.701478837327894
32.0,0.0,1.0,50.0,0.700805711371749
32.0,0.0,1.0,80.0,0.697644059153493
32.0,0.0,1.0,128.0,0.695645079041305
32.0,0.0,3.0,2.0,0.702825089240184
32.0,0.0,3.0,3.0,0.702825089240184
32.0,0.0,3.0,5.0,0.702825089240184
32.0,0.0,3.0,8.0,0.703396226415094
32.0,0.0,3.0,12.0,0.70329423763386
32.0,0.0,3.0,20.0,0.703090260071392
32.0,0.0,3.0,32.0,0.702315145334013
32.0,0.0,3.0,50.0,0.700703722590515
32.0,0.0,3.0,80.0,0.698317185109638
32.0,0.0,3.0,128.0,0.69542070372259
32.0,0.0,5.0,2.0,0.700458949515553
32.0,0.0,5.0,3.0,0.700458949515553
32.0,0.0,5.0,5.0,0.700458949515553
32.0,0.0,5.0,8.0,0.700458949515553
32.0,0.0,5.0,12.0,0.701519632840388
32.0,0.0,5.0,20.0,0.702763895971443
32.0,0.0,5.0,32.0,0.701234064252932
32.0,0.0,5.0,50.0,0.699541050484447
32.0,0.0,5.0,80.0,0.698215196328404
32.0,0.0,5.0,128.0,0.694237633860275
32.0,0.0,7.0,2.0,0.701091279959204
32.0,0.0,7.0,3.0,0.701091279959204
32.0,0.0,7.0,5.0,0.701091279959204
32.0,0.0,7.0,8.0,0.701091279959204
32.0,0.0,7.0,12.0,0.701091279959204
32.0,0.0,7.0,20.0,0.701805201427843
32.0,0.0,7.0,32.0,0.700458949515553
32.0,0.0,7.0,50.0,0.699377868434472
32.0,0.0,7.0,80.0,0.698459969403366
32.0,0.0,7.0,128.0,0.695094339622642
32.0,0.0,9.0,2.0,0.700132585415604
32.0,0.0,9.0,3.0,0.700132585415604
32.0,0.0,9.0,5.0,0.700132585415604
32.0,0.0,9.0,8.0,0.700132585415604
32.0,0.0,9.0,12.0,0.700132585415604
32.0,0.0,9.0,20.0,0.701866394696583
32.0,0.0,9.0,32.0,0.700560938296787
32.0,0.0,9.0,50.0,0.69945945945946
32.0,0.0,9.0,80.0,0.697460479347272
32.0,0.0,9.0,128.0,0.694951555328914
32.0,0.0,11.0,2.0,0.699153493115757
32.0,0.0,11.0,3.0,0.699153493115757
32.0,0.0,11.0,5.0,0.699153493115757
32.0,0.0,11.0,8.0,0.699153493115757
32.0,0.0,11.0,12.0,0.699153493115757
32.0,0.0,11.0,20.0,0.699153493115757
32.0,0.0,11.0,32.0,0.699112697603264
32.0,0.0,11.0,50.0,0.698684344722081
32.0,0.0,11.0,80.0,0.697419683834778
32.0,0.0,11.0,128.0,0.693809280979092
32.0,0.0,13.0,2.0,0.699989801121877
32.0,0.0,13.0,3.0,0.699989801121877
32.0,0.0,13.0,5.0,0.699989801121877
32.0,0.0,13.0,8.0,0.699989801121877
32.0,0.0,13.0,12.0,0.699989801121877
32.0,0.0,13.0,20.0,0.699989801121877
32.0,0.0,13.0,32.0,0.698704742478327
32.0,0.0,13.0,50.0,0.697827638959714
32.0,0.0,13.0,80.0,0.69574706782254
32.0,0.0,13.0,128.0,0.693911269760326
32.0,0.0,15.0,2.0,0.698582355940846
32.0,0.0,15.0,3.0,0.698582355940846
32.0,0.0,15.0,5.0,0.698582355940846
32.0,0.0,15.0,8.0,0.698582355940846
32.0,0.0,15.0,12.0,0.698582355940846
32.0,0.0,15.0,20.0,0.698582355940846
32.0,0.0,15.0,32.0,0.696970933197348
32.0,0.0,15.0,50.0,0.69817440081591
32.0,0.0,15.0,80.0,0.696420193778684
32.0,0.0,15.0,128.0,0.69401325854156
32.0,0.0,17.0,2.0,0.697011728709842
32.0,0.0,17.0,3.0,0.697011728709842
32.0,0.0,17.0,5.0,0.697011728709842
32.0,0.0,17.0,8.0,0.697011728709842
32.0,0.0,17.0,12.0,0.697011728709842
32.0,0.0,17.0,20.0,0.697011728709842
32.0,0.0,17.0,32.0,0.697011728709842
32.0,0.0,17.0,50.0,0.696644569097399
32.0,0.0,17.0,80.0,0.696562978072412
32.0,0.0,17.0,128.0,0.69440081591025
32.0,0.0,20.0,2.0,0.697134115247323
32.0,0.0,20.0,3.0,0.697134115247323
32.0,0.0,20.0,5.0,0.697134115247323
32.0,0.0,20.0,8.0,0.697134115247323
32.0,0.0,20.0,12.0,0.697134115247323
32.0,0.0,20.0,20.0,0.697134115247323
32.0,0.0,20.0,32.0,0.697134115247323
32.0,0.0,20.0,50.0,0.69715451300357
32.0,0.0,20.0,80.0,0.695930647628761
32.0,0.0,20.0,128.0,0.693156552779194
32.0,0.11111111,1.0,2.0,0.704375318714941
32.0,0.11111111,1.0,3.0,0.702865884752677
32.0,0.11111111,1.0,5.0,0.704293727689954
32.0,0.11111111,1.0,8.0,0.703273839877613
32.0,0.11111111,1.0,12.0,0.703049464558899
32.0,0.11111111,1.0,20.0,0.702049974502805
32.0,0.11111111,1.0,32.0,0.701478837327894
32.0,0.11111111,1.0,50.0,0.700805711371749
32.0,0.11111111,1.0,80.0,0.697644059153493
32.0,0.11111111,1.0,128.0,0.695645079041305
32.0,0.11111111,3.0,2.0,0.702825089240184
32.0,0.11111111,3.0,3.0,0.702825089240184
32.0,0.11111111,3.0,5.0,0.702825089240184
32.0,0.11111111,3.0,8.0,0.703396226415094
32.0,0.11111111,3.0,12.0,0.70329423763386
32.0,0.11111111,3.0,20.0,0.703090260071392
32.0,0.11111111,3.0,32.0,0.702315145334013
32.0,0.11111111,3.0,50.0,0.700703722590515
32.0,0.11111111,3.0,80.0,0.698317185109638
32.0,0.11111111,3.0,128.0,0.69542070372259
32.0,0.11111111,5.0,2.0,0.700458949515553
32.0,0.11111111,5.0,3.0,0.700458949515553
32.0,0.11111111,5.0,5.0,0.700458949515553
32.0,0.11111111,5.0,8.0,0.700458949515553
32.0,0.11111111,5.0,12.0,0.701519632840388
32.0,0.11111111,5.0,20.0,0.702763895971443
32.0,0.11111111,5.0,32.0,0.701234064252932
32.0,0.11111111,5.0,50.0,0.699541050484447
32.0,0.11111111,5.0,80.0,0.698215196328404
32.0,0.11111111,5.0,128.0,0.694237633860275
32.0,0.11111111,7.0,2.0,0.701091279959204
32.0,0.11111111,7.0,3.0,0.701091279959204
32.0,0.11111111,7.0,5.0,0.701091279959204
32.0,0.11111111,7.0,8.0,0.701091279959204
32.0,0.11111111,7.0,12.0,0.701091279959204
32.0,0.11111111,7.0,20.0,0.701805201427843
32.0,0.11111111,7.0,32.0,0.700458949515553
32.0,0.11111111,7.0,50.0,0.699377868434472
32.0,0.11111111,7.0,80.0,0.698459969403366
32.0,0.11111111,7.0,128.0,0.695094339622642
32.0,0.11111111,9.0,2.0,0.700132585415604
32.0,0.11111111,9.0,3.0,0.700132585415604
32.0,0.11111111,9.0,5.0,0.700132585415604
32.0,0.11111111,9.0,8.0,0.700132585415604
32.0,0.11111111,9.0,12.0,0.700132585415604
32.0,0.11111111,9.0,20.0,0.701866394696583
32.0,0.11111111,9.0,32.0,0.700560938296787
32.0,0.11111111,9.0,50.0,0.69945945945946
32.0,0.11111111,9.0,80.0,0.697460479347272
32.0,0.11111111,9.0,128.0,0.694951555328914
32.0,0.11111111,11.0,2.0,0.699153493115757
32.0,0.11111111,11.0,3.0,0.699153493115757
32.0,0.11111111,11.0,5.0,0.699153493115757
32.0,0.11111111,11.0,8.0,0.699153493115757
32.0,0.11111111,11.0,12.0,0.699153493115757
32.0,0.11111111,11.0,20.0,0.699153493115757
32.0,0.11111111,11.0,32.0,0.699112697603264
32.0,0.11111111,11.0,50.0,0.698684344722081
32.0,0.11111111,11.0,80.0,0.697419683834778
32.0,0.11111111,11.0,128.0,0.693809280979092
32.0,0.11111111,13.0,2.0,0.699989801121877
32.0,0.11111111,13.0,3.0,0.699989801121877
32.0,0.11111111,13.0,5.0,0.699989801121877
32.0,0.11111111,13.0,8.0,0.699989801121877
32.0,0.11111111,13.0,12.0,0.699989801121877
32.0,0.11111111,13.0,20.0,0.699989801121877
32.0,0.11111111,13.0,32.0,0.698704742478327
32.0,0.11111111,13.0,50.0,0.697827638959714
32.0,0.11111111,13.0,80.0,0.69574706782254
32.0,0.11111111,13.0,128.0,0.693911269760326
32.0,0.11111111,15.0,2.0,0.698582355940846
32.0,0.11111111,15.0,3.0,0.698582355940846
32.0,0.11111111,15.0,5.0,0.698582355940846
32.0,0.11111111,15.0,8.0,0.698582355940846
32.0,0.11111111,15.0,12.0,0.698582355940846
32.0,0.11111111,15.0,20.0,0.698582355940846
32.0,0.11111111,15.0,32.0,0.696970933197348
32.0,0.11111111,15.0,50.0,0.69817440081591
32.0,0.11111111,15.0,80.0,0.696420193778684
32.0,0.11111111,15.0,128.0,0.69401325854156
32.0,0.11111111,17.0,2.0,0.697011728709842
32.0,0.11111111,17.0,3.0,0.697011728709842
32.0,0.11111111,17.0,5.0,0.697011728709842
32.0,0.11111111,17.0,8.0,0.697011728709842
32.0,0.11111111,17.0,12.0,0.697011728709842
32.0,0.11111111,17.0,20.0,0.697011728709842
32.0,0.11111111,17.0,32.0,0.697011728709842
32.0,0.11111111,17.0,50.0,0.696644569097399
32.0,0.11111111,17.0,80.0,0.696562978072412
32.0,0.11111111,17.0,128.0,0.69440081591025
32.0,0.11111111,20.0,2.0,0.697134115247323
32.0,0.11111111,20.0,3.0,0.697134115247323
32.0,0.11111111,20.0,5.0,0.697134115247323
32.0,0.11111111,20.0,8.0,0.697134115247323
32.0,0.11111111,20.0,12.0,0.697134115247323
32.0,0.11111111,20.0,20.0,0.697134115247323
32.0,0.11111111,20.0,32.0,0.697134115247323
32.0,0.11111111,20.0,50.0,0.69715451300357
32.0,0.11111111,20.0,80.0,0.695930647628761
32.0,0.11111111,20.0,128.0,0.693156552779194
32.0,0.22222222,1.0,2.0,0.713656297807241
32.0,0.22222222,1.0,3.0,0.713187149413564
32.0,0.22222222,1.0,5.0,0.712187659357471
32.0,0.22222222,1.0,8.0,0.714105048444671
32.0,0.22222222,1.0,12.0,0.713819479857216
32.0,0.22222222,1.0,20.0,0.712840387557369
32.0,0.22222222,1.0,32.0,0.713962264150943
32.0,0.22222222,1.0,50.0,0.711596124426313
32.0,0.22222222,1.0,80.0,0.710617032126466
32.0,0.22222222,1.0,128.0,0.707802141764406
32.0,0.22222222,3.0,2.0,0.713656297807241
32.0,0.22222222,3.0,3.0,0.713656297807241
32.0,0.22222222,3.0,5.0,0.713656297807241
32.0,0.22222222,3.0,8.0,0.713778684344722
32.0,0.22222222,3.0,12.0,0.714696583375829
32.0,0.22222222,3.0,20.0,0.712881183069862
32.0,0.22222222,3.0,32.0,0.71347271800102
32.0,0.22222222,3.0,50.0,0.711861295257522
32.0,0.22222222,3.0,80.0,0.709576746557879
32.0,0.22222222,3.0,128.0,0.708495665476798
32.0,0.22222222,5.0,2.0,0.713411524732279
32.0,0.22222222,5.0,3.0,0.713411524732279
32.0,0.22222222,5.0,5.0,0.713411524732279
32.0,0.22222222,5.0,8.0,0.713411524732279
32.0,0.22222222,5.0,12.0,0.713146353901071
32.0,0.22222222,5.0,20.0,0.712636409994901
32.0,0.22222222,5.0,32.0,0.712881183069862
32.0,0.22222222,5.0,50.0,0.711371749107598
32.0,0.22222222,5.0,80.0,0.709148393676696
32.0,0.22222222,5.0,128.0,0.707618561958185
32.0,0.22222222,7.0,2.0,0.712779194288628
32.0,0.22222222,7.0,3.0,0.712779194288628
32.0,0.22222222,7.0,5.0,0.712779194288628
32.0,0.22222222,7.0,8.0,0.712779194288628
32.0,0.22222222,7.0,12.0,0.712779194288628
32.0,0.22222222,7.0,20.0,0.712860785313615
32.0,0.22222222,7.0,32.0,0.711698113207547
32.0,0.22222222,7.0,50.0,0.711045385007649
32.0,0.22222222,7.0,80.0,0.709066802651708
32.0,0.22222222,7.0,128.0,0.707802141764406
32.0,0.22222222,9.0,2.0,0.711718510963794
32.0,0.22222222,9.0,3.0,0.711718510963794
32.0,0.22222222,9.0,5.0,0.711718510963794
32.0,0.22222222,9.0,8.0,0.711718510963794
32.0,0.22222222,9.0,12.0,0.711718510963794
32.0,0.22222222,9.0,20.0,0.711698113207547
32.0,0.22222222,9.0,32.0,0.710678225395207
32.0,0.22222222,9.0,50.0,0.711249362570117
32.0,0.22222222,9.0,80.0,0.710555838857726
32.0,0.22222222,9.0,128.0,0.7078429372769
32.0,0.22222222,11.0,2.0,0.711657317695053
32.0,0.22222222,11.0,3.0,0.711657317695053
32.0,0.22222222,11.0,5.0,0.711657317695053
32.0,0.22222222,11.0,8.0,0.711657317695053
32.0,0.22222222,11.0,12.0,0.711657317695053
32.0,0.22222222,11.0,20.0,0.711657317695053
32.0,0.22222222,11.0,32.0,0.711596124426313
32.0,0.22222222,11.0,50.0,0.711473737888832
32.0,0.22222222,11.0,80.0,0.709066802651708
32.0,0.22222222,11.0,128.0,0.707720550739419
32.0,0.22222222,13.0,2.0,0.711269760326364
32.0,0.22222222,13.0,3.0,0.711269760326364
32.0,0.22222222,13.0,5.0,0.711269760326364
32.0,0.22222222,13.0,8.0,0.711269760326364
32.0,0.22222222,13.0,12.0,0.711269760326364
32.0,0.22222222,13.0,20.0,0.711269760326364
32.0,0.22222222,13.0,32.0,0.710698623151453
32.0,0.22222222,13.0,50.0,0.709862315145334
32.0,0.22222222,13.0,80.0,0.708536460989291
32.0,0.22222222,13.0,128.0,0.707598164201938
32.0,0.22222222,15.0,2.0,0.709474757776644
32.0,0.22222222,15.0,3.0,0.709474757776644
32.0,0.22222222,15.0,5.0,0.709474757776644
32.0,0.22222222,15.0,8.0,0.709474757776644
32.0,0.22222222,15.0,12.0,0.709474757776644
32.0,0.22222222,15.0,20.0,0.709474757776644
32.0,0.22222222,15.0,32.0,0.709739928607853
32.0,0.22222222,15.0,50.0,0.710351861295258
32.0,0.22222222,15.0,80.0,0.708556858745538
32.0,0.22222222,15.0,128.0,0.70745537990821
32.0,0.22222222,17.0,2.0,0.709229984701683
32.0,0.22222222,17.0,3.0,0.709229984701683
32.0,0.22222222,17.0,5.0,0.709229984701683
32.0,0.22222222,17.0,8.0,0.709229984701683
32.0,0.22222222,17.0,12.0,0.709229984701683
32.0,0.22222222,17.0,20.0,0.709229984701683
32.0,0.22222222,17.0,32.0,0.709229984701683
32.0,0.22222222,17.0,50.0,0.709474757776644
32.0,0.22222222,17.0,80.0,0.70841407445181
32.0,0.22222222,17.0,128.0,0.707271800101989
32.0,0.22222222,20.0,2.0,0.709433962264151
32.0,0.22222222,20.0,3.0,0.709433962264151
32.0,0.22222222,20.0,5.0,0.709433962264151
32.0,0.22222222,20.0,8.0,0.709433962264151
32.0,0.22222222,20.0,12.0,0.709433962264151
32.0,0.22222222,20.0,20.0,0.709433962264151
32.0,0.22222222,20.0,32.0,0.709433962264151
32.0,0.22222222,20.0,50.0,0.708516063233044
32.0,0.22222222,20.0,80.0,0.708210096889342
32.0,0.22222222,20.0,128.0,0.706925038245793
32.0,0.33333334,1.0,2.0,0.717797042325344
32.0,0.33333334,1.0,3.0,0.717817440081591
32.0,0.33333334,1.0,5.0,0.715879653238144
32.0,0.33333334,1.0,8.0,0.716817950025497
32.0,0.33333334,1.0,12.0,0.716858745537991
32.0,0.33333334,1.0,20.0,0.716777154513004
32.0,0.33333334,1.0,32.0,0.716389597144314
32.0,0.33333334,1.0,50.0,0.714247832738399
32.0,0.33333334,1.0,80.0,0.714696583375829
32.0,0.33333334,1.0,128.0,0.713187149413564
32.0,0.33333334,3.0,2.0,0.717144314125446
32.0,0.33333334,3.0,3.0,0.717144314125446
32.0,0.33333334,3.0,5.0,0.717144314125446
32.0,0.33333334,3.0,8.0,0.716777154513004
32.0,0.33333334,3.0,12.0,0.71673635900051
32.0,0.33333334,3.0,20.0,0.716695563488016
32.0,0.33333334,3.0,32.0,0.716899541050484
32.0,0.33333334,3.0,50.0,0.715492095869454
32.0,0.33333334,3.0,80.0,0.714329423763386
32.0,0.33333334,3.0,128.0,0.712004079551249
32.0,0.33333334,5.0,2.0,0.715900050994391
32.0,0.33333334,5.0,3.0,0.715900050994391
32.0,0.33333334,5.0,5.0,0.715900050994391
32.0,0.33333334,5.0,8.0,0.715900050994391
32.0,0.33333334,5.0,12.0,0.71628760836308
32.0,0.33333334,5.0,20.0,0.716552779194289
32.0,0.33333334,5.0,32.0,0.716613972463029
32.0,0.33333334,5.0,50.0,0.71577766445691
32.0,0.33333334,5.0,80.0,0.713146353901071
32.0,0.33333334,5.0,128.0,0.711351351351351
32.0,0.33333334,7.0,2.0,0.715940846506884
32.0,0.33333334,7.0,3.0,0.715940846506884
32.0,0.33333334,7.0,5.0,0.715940846506884
32.0,0.33333334,7.0,8.0,0.715940846506884
32.0,0.33333334,7.0,12.0,0.715940846506884
32.0,0.33333334,7.0,20.0,0.715349311575727
32.0,0.33333334,7.0,32.0,0.71539010708822
32.0,0.33333334,7.0,50.0,0.715043345232025
32.0,0.33333334,7.0,80.0,0.713064762876084
32.0,0.33333334,7.0,128.0,0.712248852626211
32.0,0.33333334,9.0,2.0,0.716002039775625
32.0,0.33333334,9.0,3.0,0.716002039775625
32.0,0.33333334,9.0,5.0,0.716002039775625
32.0,0.33333334,9.0,8.0,0.716002039775625
32.0,0.33333334,9.0,12.0,0.716002039775625
32.0,0.33333334,9.0,20.0,0.716430392656808
32.0,0.33333334,9.0,32.0,0.714655787863335
32.0,0.33333334,9.0,50.0,0.714614992350841
32.0,0.33333334,9.0,80.0,0.712860785313616
32.0,0.33333334,9.0,128.0,0.7116777154513
32.0,0.33333334,11.0,2.0,0.716511983681795
32.0,0.33333334,11.0,3.0,0.716511983681795
32.0,0.33333334,11.0,5.0,0.716511983681795
32.0,0.33333334,11.0,8.0,0.716511983681795
32.0,0.33333334,11.0,12.0,0.716511983681795
32.0,0.33333334,11.0,20.0,0.716511983681795
32.0,0.33333334,11.0,32.0,0.715043345232025
32.0,0.33333334,11.0,50.0,0.714125446200918
32.0,0.33333334,11.0,80.0,0.712758796532381
32.0,0.33333334,11.0,128.0,0.71251402345742
32.0,0.33333334,13.0,2.0,0.715430902600714
32.0,0.33333334,13.0,3.0,0.715430902600714
32.0,0.33333334,13.0,5.0,0.715430902600714
32.0,0.33333334,13.0,8.0,0.715430902600714
32.0,0.33333334,13.0,12.0,0.715430902600714
32.0,0.33333334,13.0,20.0,0.715430902600714
32.0,0.33333334,13.0,32.0,0.715594084650688
32.0,0.33333334,13.0,50.0,0.713819479857216
32.0,0.33333334,13.0,80.0,0.713880673125956
32.0,0.33333334,13.0,128.0,0.7107190209077
32.0,0.33333334,15.0,2.0,0.714635390107088
32.0,0.33333334,15.0,3.0,0.714635390107088
32.0,0.33333334,15.0,5.0,0.714635390107088
32.0,0.33333334,15.0,8.0,0.714635390107088
32.0,0.33333334,15.0,12.0,0.714635390107088
32.0,0.33333334,15.0,20.0,0.714635390107088
32.0,0.33333334,15.0,32.0,0.71481896991331
32.0,0.33333334,15.0,50.0,0.714716981132075
32.0,0.33333334,15.0,80.0,0.713452320244773
32.0,0.33333334,15.0,128.0,0.711840897501275
32.0,0.33333334,17.0,2.0,0.714309026007139
32.0,0.33333334,17.0,3.0,0.714309026007139
32.0,0.33333334,17.0,5.0,0.714309026007139
32.0,0.33333334,17.0,8.0,0.714309026007139
32.0,0.33333334,17.0,12.0,0.714309026007139
32.0,0.33333334,17.0,20.0,0.714309026007139
32.0,0.33333334,17.0,32.0,0.714309026007139
32.0,0.33333334,17.0,50.0,0.714105048444671
32.0,0.33333334,17.0,80.0,0.712758796532382
32.0,0.33333334,17.0,128.0,0.711004589495156
32.0,0.33333334,20.0,2.0,0.713737888832229
32.0,0.33333334,20.0,3.0,0.713737888832229
32.0,0.33333334,20.0,5.0,0.713737888832229
32.0,0.33333334,20.0,8.0,0.713737888832229
32.0,0.33333334,20.0,12.0,0.713737888832229
32.0,0.33333334,20.0,20.0,0.713737888832229
32.0,0.33333334,20.0,32.0,0.713737888832229
32.0,0.33333334,20.0,50.0,0.713125956144824
32.0,0.33333334,20.0,80.0,0.713289138194799
32.0,0.33333334,20.0,128.0,0.71122896481387
32.0,0.44444445,1.0,2.0,0.719632840387557
32.0,0.44444445,1.0,3.0,0.719469658337583
32.0,0.44444445,1.0,5.0,0.71910249872514
32.0,0.44444445,1.0,8.0,0.718714941356451
32.0,0.44444445,1.0,12.0,0.718735339112698
32.0,0.44444445,1.0,20.0,0.718164201937787
32.0,0.44444445,1.0,32.0,0.718959714431413
32.0,0.44444445,1.0,50.0,0.716695563488016
32.0,0.44444445,1.0,80.0,0.715716471188169
32.0,0.44444445,1.0,128.0,0.714900560938297
32.0,0.44444445,3.0,2.0,0.718776134625191
32.0,0.44444445,3.0,3.0,0.718776134625191
32.0,0.44444445,3.0,5.0,0.718776134625191
32.0,0.44444445,3.0,8.0,0.718939316675166
32.0,0.44444445,3.0,12.0,0.719286078531362
32.0,0.44444445,3.0,20.0,0.719694033656298
32.0,0.44444445,3.0,32.0,0.717919428862825
32.0,0.44444445,3.0,50.0,0.717409484956655
32.0,0.44444445,3.0,80.0,0.716083630800612
32.0,0.44444445,3.0,128.0,0.714329423763386
32.0,0.44444445,5.0,2.0,0.71865374808771
32.0,0.44444445,5.0,3.0,0.71865374808771
32.0,0.44444445,5.0,5.0,0.71865374808771
32.0,0.44444445,5.0,8.0,0.71865374808771
32.0,0.44444445,5.0,12.0,0.718164201937787
32.0,0.44444445,5.0,20.0,0.718510963793983
32.0,0.44444445,5.0,32.0,0.718245792962774
32.0,0.44444445,5.0,50.0,0.717205507394187
32.0,0.44444445,5.0,80.0,0.715022947475778
32.0,0.44444445,5.0,128.0,0.71449260581336
32.0,0.44444445,7.0,2.0,0.71673635900051
32.0,0.44444445,7.0,3.0,0.71673635900051
32.0,0.44444445,7.0,5.0,0.71673635900051
32.0,0.44444445,7.0,8.0,0.71673635900051
32.0,0.44444445,7.0,12.0,0.71673635900051
32.0,0.44444445,7.0,20.0,0.716879143294238
32.0,0.44444445,7.0,32.0,0.716919938806731
32.0,0.44444445,7.0,50.0,0.717103518612953
32.0,0.44444445,7.0,80.0,0.715043345232025
32.0,0.44444445,7.0,128.0,0.714533401325854
32.0,0.44444445,9.0,2.0,0.716838347781744
32.0,0.44444445,9.0,3.0,0.716838347781744
32.0,0.44444445,9.0,5.0,0.716838347781744
32.0,0.44444445,9.0,8.0,0.716838347781744
32.0,0.44444445,9.0,12.0,0.716838347781744
32.0,0.44444445,9.0,20.0,0.717613462519123
32.0,0.44444445,9.0,32.0,0.717878633350331
32.0,0.44444445,9.0,50.0,0.716634370219276
32.0,0.44444445,9.0,80.0,0.715716471188169
32.0,0.44444445,9.0,128.0,0.714716981132075
32.0,0.44444445,11.0,2.0,0.718041815400306
32.0,0.44444445,11.0,3.0,0.718041815400306
32.0,0.44444445,11.0,5.0,0.718041815400306
32.0,0.44444445,11.0,8.0,0.718041815400306
32.0,0.44444445,11.0,12.0,0.718041815400306
32.0,0.44444445,11.0,20.0,0.718041815400306
32.0,0.44444445,11.0,32.0,0.717593064762876
32.0,0.44444445,11.0,50.0,0.716409994900561
32.0,0.44444445,11.0,80.0,0.715818459969403
32.0,0.44444445,11.0,128.0,0.713737888832228
32.0,0.44444445,13.0,2.0,0.716817950025497
32.0,0.44444445,13.0,3.0,0.716817950025497
32.0,0.44444445,13.0,5.0,0.716817950025497
32.0,0.44444445,13.0,8.0,0.716817950025497
32.0,0.44444445,13.0,12.0,0.716817950025497
32.0,0.44444445,13.0,20.0,0.716817950025497
32.0,0.44444445,13.0,32.0,0.715879653238144
32.0,0.44444445,13.0,50.0,0.716695563488016
32.0,0.44444445,13.0,80.0,0.715206527281999
32.0,0.44444445,13.0,128.0,0.71494135645079
32.0,0.44444445,15.0,2.0,0.71628760836308
32.0,0.44444445,15.0,3.0,0.71628760836308
32.0,0.44444445,15.0,5.0,0.71628760836308
32.0,0.44444445,15.0,8.0,0.71628760836308
32.0,0.44444445,15.0,12.0,0.71628760836308
32.0,0.44444445,15.0,20.0,0.71628760836308
32.0,0.44444445,15.0,32.0,0.716715961244263
32.0,0.44444445,15.0,50.0,0.715267720550739
32.0,0.44444445,15.0,80.0,0.715573686894442
32.0,0.44444445,15.0,128.0,0.713799082100969
32.0,0.44444445,17.0,2.0,0.717205507394187
32.0,0.44444445,17.0,3.0,0.717205507394187
32.0,0.44444445,17.0,5.0,0.717205507394187
32.0,0.44444445,17.0,8.0,0.717205507394187
32.0,0.44444445,17.0,12.0,0.717205507394187
32.0,0.44444445,17.0,20.0,0.717205507394187
32.0,0.44444445,17.0,32.0,0.717205507394187
32.0,0.44444445,17.0,50.0,0.715226925038246
32.0,0.44444445,17.0,80.0,0.714451810300867
32.0,0.44444445,17.0,128.0,0.714064252932177
32.0,0.44444445,20.0,2.0,0.715369709331974
32.0,0.44444445,20.0,3.0,0.715369709331974
32.0,0.44444445,20.0,5.0,0.715369709331974
32.0,0.44444445,20.0,8.0,0.715369709331974
32.0,0.44444445,20.0,12.0,0.715369709331974
32.0,0.44444445,20.0,20.0,0.715369709331974
32.0,0.44444445,20.0,32.0,0.715369709331974
32.0,0.44444445,20.0,50.0,0.716042835288118
32.0,0.44444445,20.0,80.0,0.714247832738399
32.0,0.44444445,20.0,128.0,0.713003569607343
32.0,0.5555556,1.0,2.0,0.720917899031106
32.0,0.5555556,1.0,3.0,0.721040285568588
32.0,0.5555556,1.0,5.0,0.720815910249873
32.0,0.5555556,1.0,8.0,0.720856705762366
32.0,0.5555556,1.0,12.0,0.721937786843447
32.0,0.5555556,1.0,20.0,0.721652218255992
32.0,0.5555556,1.0,32.0,0.720407955124936
32.0,0.5555556,1.0,50.0,0.719306476287608
32.0,0.5555556,1.0,80.0,0.718266190719021
32.0,0.5555556,1.0,128.0,0.716042835288118
32.0,0.5555556,3.0,2.0,0.720877103518613
32.0,0.5555556,3.0,3.0,0.720877103518613
32.0,0.5555556,3.0,5.0,0.720877103518613
32.0,0.5555556,3.0,8.0,0.720326364099949
32.0,0.5555556,3.0,12.0,0.721427842937277
32.0,0.5555556,3.0,20.0,0.720775114737379
32.0,0.5555556,3.0,32.0,0.719836817950026
32.0,0.5555556,3.0,50.0,0.719775624681285
32.0,0.5555556,3.0,80.0,0.718470168281489
32.0,0.5555556,3.0,128.0,0.715675675675676
32.0,0.5555556,5.0,2.0,0.721203467618562
32.0,0.5555556,5.0,3.0,0.721203467618562
32.0,0.5555556,5.0,5.0,0.721203467618562
32.0,0.5555556,5.0,8.0,0.721203467618562
32.0,0.5555556,5.0,12.0,0.719510453850077
32.0,0.5555556,5.0,20.0,0.720611932687404
32.0,0.5555556,5.0,32.0,0.719224885262621
32.0,0.5555556,5.0,50.0,0.719612442631311
32.0,0.5555556,5.0,80.0,0.71775624681285
32.0,0.5555556,5.0,128.0,0.716083630800612
32.0,0.5555556,7.0,2.0,0.721387047424783
32.0,0.5555556,7.0,3.0,0.721387047424783
32.0,0.5555556,7.0,5.0,0.721387047424783
32.0,0.5555556,7.0,8.0,0.721387047424783
32.0,0.5555556,7.0,12.0,0.721387047424783
32.0,0.5555556,7.0,20.0,0.720183579806221
32.0,0.5555556,7.0,32.0,0.719836817950026
32.0,0.5555556,7.0,50.0,0.718755736868944
32.0,0.5555556,7.0,80.0,0.718429372768995
32.0,0.5555556,7.0,128.0,0.715165731769505
32.0,0.5555556,9.0,2.0,0.720326364099949
32.0,0.5555556,9.0,3.0,0.720326364099949
32.0,0.5555556,9.0,5.0,0.720326364099949
32.0,0.5555556,9.0,8.0,0.720326364099949
32.0,0.5555556,9.0,12.0,0.720326364099949
32.0,0.5555556,9.0,20.0,0.719857215706272
32.0,0.5555556,9.0,32.0,0.719020907700153
32.0,0.5555556,9.0,50.0,0.718286588475268
32.0,0.5555556,9.0,80.0,0.716838347781744
32.0,0.5555556,9.0,128.0,0.716226415094339
32.0,0.5555556,11.0,2.0,0.719061703212647
32.0,0.5555556,11.0,3.0,0.719061703212647
32.0,0.5555556,11.0,5.0,0.719061703212647
32.0,0.5555556,11.0,8.0,0.719061703212647
32.0,0.5555556,11.0,12.0,0.719061703212647
32.0,0.5555556,11.0,20.0,0.719061703212647
32.0,0.5555556,11.0,32.0,0.718714941356451
32.0,0.5555556,11.0,50.0,0.718837327893932
32.0,0.5555556,11.0,80.0,0.716879143294238
32.0,0.5555556,11.0,128.0,0.715696073431922
32.0,0.5555556,13.0,2.0,0.718959714431412
32.0,0.5555556,13.0,3.0,0.718959714431412
32.0,0.5555556,13.0,5.0,0.718959714431412
32.0,0.5555556,13.0,8.0,0.718959714431412
32.0,0.5555556,13.0,12.0,0.718959714431412
32.0,0.5555556,13.0,20.0,0.718959714431412
32.0,0.5555556,13.0,32.0,0.718184599694034
32.0,0.5555556,13.0,50.0,0.717511473737889
32.0,0.5555556,13.0,80.0,0.717552269250382
32.0,0.5555556,13.0,128.0,0.714574196838348
32.0,0.5555556,15.0,2.0,0.717531871494136
32.0,0.5555556,15.0,3.0,0.717531871494136
32.0,0.5555556,15.0,5.0,0.717531871494136
32.0,0.5555556,15.0,8.0,0.717531871494136
32.0,0.5555556,15.0,12.0,0.717531871494136
32.0,0.5555556,15.0,20.0,0.717531871494136
32.0,0.5555556,15.0,32.0,0.719020907700153
32.0,0.5555556,15.0,50.0,0.718490566037736
32.0,0.5555556,15.0,80.0,0.716369199388067
32.0,0.5555556,15.0,128.0,0.715288118306986
32.0,0.5555556,17.0,2.0,0.717715451300357
32.0,0.5555556,17.0,3.0,0.717715451300357
32.0,0.5555556,17.0,5.0,0.717715451300357
32.0,0.5555556,17.0,8.0,0.717715451300357
32.0,0.5555556,17.0,12.0,0.717715451300357
32.0,0.5555556,17.0,20.0,0.717715451300357
32.0,0.5555556,17.0,32.0,0.717715451300357
32.0,0.5555556,17.0,50.0,0.717878633350331
32.0,0.5555556,17.0,80.0,0.716206017338093
32.0,0.5555556,17.0,128.0,0.71539010708822
32.0,0.5555556,20.0,2.0,0.717899031106578
32.0,0.5555556,20.0,3.0,0.717899031106578
32.0,0.5555556,20.0,5.0,0.717899031106578
32.0,0.5555556,20.0,8.0,0.717899031106578
32.0,0.5555556,20.0,12.0,0.717899031106578
32.0,0.5555556,20.0,20.0,0.717899031106578
32.0,0.5555556,20.0,32.0,0.717899031106578
32.0,0.5555556,20.0,50.0,0.717327893931668
32.0,0.5555556,20.0,80.0,0.716185619581846
32.0,0.5555556,20.0,128.0,0.714349821519633
32.0,0.6666667,1.0,2.0,0.720163182049975
32.0,0.6666667,1.0,3.0,0.721693013768485
32.0,0.6666667,1.0,5.0,0.721448240693524
32.0,0.6666667,1.0,8.0,0.719714431412545
32.0,0.6666667,1.0,12.0,0.721325854156043
32.0,0.6666667,1.0,20.0,0.720836308006119
32.0,0.6666667,1.0,32.0,0.720530341662417
32.0,0.6666667,1.0,50.0,0.71949005609383
32.0,0.6666667,1.0,80.0,0.718368179500255
32.0,0.6666667,1.0,128.0,0.717164711881693
32.0,0.6666667,3.0,2.0,0.720122386537481
32.0,0.6666667,3.0,3.0,0.720122386537481
32.0,0.6666667,3.0,5.0,0.720122386537481
32.0,0.6666667,3.0,8.0,0.721142274349822
32.0,0.6666667,3.0,12.0,0.72146863844977
32.0,0.6666667,3.0,20.0,0.721203467618562
32.0,0.6666667,3.0,32.0,0.720795512493626
32.0,0.6666667,3.0,50.0,0.720224375318715
32.0,0.6666667,3.0,80.0,0.718714941356451
32.0,0.6666667,3.0,128.0,0.716838347781744
32.0,0.6666667,5.0,2.0,0.720815910249872
32.0,0.6666667,5.0,3.0,0.720815910249872
32.0,0.6666667,5.0,5.0,0.720815910249872
32.0,0.6666667,5.0,8.0,0.720815910249872
32.0,0.6666667,5.0,12.0,0.720550739418664
32.0,0.6666667,5.0,20.0,0.720489546149923
32.0,0.6666667,5.0,32.0,0.720693523712392
32.0,0.6666667,5.0,50.0,0.720040795512494
32.0,0.6666667,5.0,80.0,0.718939316675166
32.0,0.6666667,5.0,128.0,0.717021927587965
32.0,0.6666667,7.0,2.0,0.720346761856196
32.0,0.6666667,7.0,3.0,0.720346761856196
32.0,0.6666667,7.0,5.0,0.720346761856196
32.0,0.6666667,7.0,8.0,0.720346761856196
32.0,0.6666667,7.0,12.0,0.720346761856196
32.0,0.6666667,7.0,20.0,0.720652728199898
32.0,0.6666667,7.0,32.0,0.720367159612443
32.0,0.6666667,7.0,50.0,0.718939316675166
32.0,0.6666667,7.0,80.0,0.717511473737889
32.0,0.6666667,7.0,128.0,0.71724630290668
32.0,0.6666667,9.0,2.0,0.720142784293728
32.0,0.6666667,9.0,3.0,0.720142784293728
32.0,0.6666667,9.0,5.0,0.720142784293728
32.0,0.6666667,9.0,8.0,0.720142784293728
32.0,0.6666667,9.0,12.0,0.720142784293728
32.0,0.6666667,9.0,20.0,0.720877103518613
32.0,0.6666667,9.0,32.0,0.720877103518613
32.0,0.6666667,9.0,50.0,0.719143294237634
32.0,0.6666667,9.0,80.0,0.718041815400306
32.0,0.6666667,9.0,128.0,0.716369199388067
32.0,0.6666667,11.0,2.0,0.719734829168792
32.0,0.6666667,11.0,3.0,0.719734829168792
32.0,0.6666667,11.0,5.0,0.719734829168792
32.0,0.6666667,11.0,8.0,0.719734829168792
32.0,0.6666667,11.0,12.0,0.719734829168792
32.0,0.6666667,11.0,20.0,0.719734829168792
32.0,0.6666667,11.0,32.0,0.719286078531362
32.0,0.6666667,11.0,50.0,0.719000509943906
32.0,0.6666667,11.0,80.0,0.719061703212647
32.0,0.6666667,11.0,128.0,0.716715961244263
32.0,0.6666667,13.0,2.0,0.720428352881183
32.0,0.6666667,13.0,3.0,0.720428352881183
32.0,0.6666667,13.0,5.0,0.720428352881183
32.0,0.6666667,13.0,8.0,0.720428352881183
32.0,0.6666667,13.0,12.0,0.720428352881183
32.0,0.6666667,13.0,20.0,0.720428352881183
32.0,0.6666667,13.0,32.0,0.720142784293728
32.0,0.6666667,13.0,50.0,0.718776134625191
32.0,0.6666667,13.0,80.0,0.71763386027537
32.0,0.6666667,13.0,128.0,0.716042835288118
32.0,0.6666667,15.0,2.0,0.719755226925038
32.0,0.6666667,15.0,3.0,0.719755226925038
32.0,0.6666667,15.0,5.0,0.719755226925038
32.0,0.6666667,15.0,8.0,0.719755226925038
32.0,0.6666667,15.0,12.0,0.719755226925038
32.0,0.6666667,15.0,20.0,0.719755226925038
32.0,0.6666667,15.0,32.0,0.719184089750127
32.0,0.6666667,15.0,50.0,0.719143294237634
32.0,0.6666667,15.0,80.0,0.71763386027537
32.0,0.6666667,15.0,128.0,0.716104028556859
32.0,0.6666667,17.0,2.0,0.718612952575217
32.0,0.6666667,17.0,3.0,0.718612952575217
32.0,0.6666667,17.0,5.0,0.718612952575217
32.0,0.6666667,17.0,8.0,0.718612952575217
32.0,0.6666667,17.0,12.0,0.718612952575217
32.0,0.6666667,17.0,20.0,0.718612952575217
32.0,0.6666667,17.0,32.0,0.718612952575217
32.0,0.6666667,17.0,50.0,0.71814380418154
32.0,0.6666667,17.0,80.0,0.718021417644059
32.0,0.6666667,17.0,128.0,0.71622641509434
32.0,0.6666667,20.0,2.0,0.719061703212647
32.0,0.6666667,20.0,3.0,0.719061703212647
32.0,0.6666667,20.0,5.0,0.719061703212647
32.0,0.6666667,20.0,8.0,0.719061703212647
32.0,0.6666667,20.0,12.0,0.719061703212647
32.0,0.6666667,20.0,20.0,0.719061703212647
32.0,0.6666667,20.0,32.0,0.719061703212647
32.0,0.6666667,20.0,50.0,0.717083120856706
32.0,0.6666667,20.0,80.0,0.717307496175421
32.0,0.6666667,20.0,128.0,0.716573176950536
32.0,0.7777778,1.0,2.0,0.719755226925038
32.0,0.7777778,1.0,3.0,0.719775624681285
32.0,0.7777778,1.0,5.0,0.719755226925038
32.0,0.7777778,1.0,8.0,0.719857215706272
32.0,0.7777778,1.0,12.0,0.719898011218766
32.0,0.7777778,1.0,20.0,0.719061703212647
32.0,0.7777778,1.0,32.0,0.719632840387557
32.0,0.7777778,1.0,50.0,0.719918408975013
32.0,0.7777778,1.0,80.0,0.718429372768995
32.0,0.7777778,1.0,128.0,0.715532891381948
32.0,0.7777778,3.0,2.0,0.719898011218766
32.0,0.7777778,3.0,3.0,0.719898011218766
32.0,0.7777778,3.0,5.0,0.719898011218766
32.0,0.7777778,3.0,8.0,0.719836817950026
32.0,0.7777778,3.0,12.0,0.720081591024987
32.0,0.7777778,3.0,20.0,0.720754716981132
32.0,0.7777778,3.0,32.0,0.720305966343702
32.0,0.7777778,3.0,50.0,0.719306476287608
32.0,0.7777778,3.0,80.0,0.718021417644059
32.0,0.7777778,3.0,128.0,0.715594084650688
32.0,0.7777778,5.0,2.0,0.719877613462519
32.0,0.7777778,5.0,3.0,0.719877613462519
32.0,0.7777778,5.0,5.0,0.719877613462519
32.0,0.7777778,5.0,8.0,0.719877613462519
32.0,0.7777778,5.0,12.0,0.719020907700153
32.0,0.7777778,5.0,20.0,0.719224885262621
32.0,0.7777778,5.0,32.0,0.720101988781234
32.0,0.7777778,5.0,50.0,0.718939316675166
32.0,0.7777778,5.0,80.0,0.717939826619072
32.0,0.7777778,5.0,128.0,0.716450790413055
32.0,0.7777778,7.0,2.0,0.719755226925038
32.0,0.7777778,7.0,3.0,0.719755226925038
32.0,0.7777778,7.0,5.0,0.719755226925038
32.0,0.7777778,7.0,8.0,0.719755226925038
32.0,0.7777778,7.0,12.0,0.719755226925038
32.0,0.7777778,7.0,20.0,0.719449260581336
32.0,0.7777778,7.0,32.0,0.719898011218766
32.0,0.7777778,7.0,50.0,0.718429372768995
32.0,0.7777778,7.0,80.0,0.717470678225395
32.0,0.7777778,7.0,128.0,0.717470678225395
32.0,0.7777778,9.0,2.0,0.719857215706272
32.0,0.7777778,9.0,3.0,0.719857215706272
32.0,0.7777778,9.0,5.0,0.719857215706272
32.0,0.7777778,9.0,8.0,0.719857215706272
32.0,0.7777778,9.0,12.0,0.719857215706272
32.0,0.7777778,9.0,20.0,0.720081591024987
32.0,0.7777778,9.0,32.0,0.719632840387557
32.0,0.7777778,9.0,50.0,0.718796532381438
32.0,0.7777778,9.0,80.0,0.718062213156553
32.0,0.7777778,9.0,128.0,0.716369199388067
32.0,0.7777778,11.0,2.0,0.719979602243753
32.0,0.7777778,11.0,3.0,0.719979602243753
32.0,0.7777778,11.0,5.0,0.719979602243753
32.0,0.7777778,11.0,8.0,0.719979602243753
32.0,0.7777778,11.0,12.0,0.719979602243753
32.0,0.7777778,11.0,20.0,0.719979602243753
32.0,0.7777778,11.0,32.0,0.719510453850077
32.0,0.7777778,11.0,50.0,0.71859255481897
32.0,0.7777778,11.0,80.0,0.71820499745028
32.0,0.7777778,11.0,128.0,0.715798062213157
32.0,0.7777778,13.0,2.0,0.718959714431413
32.0,0.7777778,13.0,3.0,0.718959714431413
32.0,0.7777778,13.0,5.0,0.718959714431413
32.0,0.7777778,13.0,8.0,0.718959714431413
32.0,0.7777778,13.0,12.0,0.718959714431413
32.0,0.7777778,13.0,20.0,0.718959714431413
32.0,0.7777778,13.0,32.0,0.719122896481387
32.0,0.7777778,13.0,50.0,0.717878633350331
32.0,0.7777778,13.0,80.0,0.717287098419174
32.0,0.7777778,13.0,128.0,0.71577766445691
32.0,0.7777778,15.0,2.0,0.719734829168791
32.0,0.7777778,15.0,3.0,0.719734829168791
32.0,0.7777778,15.0,5.0,0.719734829168791
32.0,0.7777778,15.0,8.0,0.719734829168791
32.0,0.7777778,15.0,12.0,0.719734829168791
32.0,0.7777778,15.0,20.0,0.719734829168791
32.0,0.7777778,15.0,32.0,0.719265680775115
32.0,0.7777778,15.0,50.0,0.718327383987761
32.0,0.7777778,15.0,80.0,0.717980622131565
32.0,0.7777778,15.0,128.0,0.715124936257012
32.0,0.7777778,17.0,2.0,0.719224885262621
32.0,0.7777778,17.0,3.0,0.719224885262621
32.0,0.7777778,17.0,5.0,0.719224885262621
32.0,0.7777778,17.0,8.0,0.719224885262621
32.0,0.7777778,17.0,12.0,0.719224885262621
32.0,0.7777778,17.0,20.0,0.719224885262621
32.0,0.7777778,17.0,32.0,0.719224885262621
32.0,0.7777778,17.0,50.0,0.718306986231515
32.0,0.7777778,17.0,80.0,0.717348291687914
32.0,0.7777778,17.0,128.0,0.716369199388067
32.0,0.7777778,20.0,2.0,0.718123406425293
32.0,0.7777778,20.0,3.0,0.718123406425293
32.0,0.7777778,20.0,5.0,0.718123406425293
32.0,0.7777778,20.0,8.0,0.718123406425293
32.0,0.7777778,20.0,12.0,0.718123406425293
32.0,0.7777778,20.0,20.0,0.718123406425293
32.0,0.7777778,20.0,32.0,0.718123406425293
32.0,0.7777778,20.0,50.0,0.718490566037736
32.0,0.7777778,20.0,80.0,0.717164711881693
32.0,0.7777778,20.0,128.0,0.715879653238144
32.0,0.8888889,1.0,2.0,0.718021417644059
32.0,0.8888889,1.0,3.0,0.717368689444161
32.0,0.8888889,1.0,5.0,0.718327383987761
32.0,0.8888889,1.0,8.0,0.717858235594085
32.0,0.8888889,1.0,12.0,0.717674655787863
32.0,0.8888889,1.0,20.0,0.718245792962774
32.0,0.8888889,1.0,32.0,0.716511983681795
32.0,0.8888889,1.0,50.0,0.718551759306476
32.0,0.8888889,1.0,80.0,0.716838347781744
32.0,0.8888889,1.0,128.0,0.715145334013259
32.0,0.8888889,3.0,2.0,0.717613462519123
32.0,0.8888889,3.0,3.0,0.717613462519123
32.0,0.8888889,3.0,5.0,0.717613462519123
32.0,0.8888889,3.0,8.0,0.71814380418154
32.0,0.8888889,3.0,12.0,0.718470168281489
32.0,0.8888889,3.0,20.0,0.71769505354411
32.0,0.8888889,3.0,32.0,0.7180826109128
32.0,0.8888889,3.0,50.0,0.718184599694034
32.0,0.8888889,3.0,80.0,0.716104028556859
32.0,0.8888889,3.0,128.0,0.716042835288118
32.0,0.8888889,5.0,2.0,0.718347781744008
32.0,0.8888889,5.0,3.0,0.718347781744008
32.0,0.8888889,5.0,5.0,0.718347781744008
32.0,0.8888889,5.0,8.0,0.718347781744008
32.0,0.8888889,5.0,12.0,0.718470168281489
32.0,0.8888889,5.0,20.0,0.718306986231514
32.0,0.8888889,5.0,32.0,0.717511473737889
32.0,0.8888889,5.0,50.0,0.717287098419174
32.0,0.8888889,5.0,80.0,0.716817950025497
32.0,0.8888889,5.0,128.0,0.715675675675676
32.0,0.8888889,7.0,2.0,0.718021417644059
32.0,0.8888889,7.0,3.0,0.718021417644059
32.0,0.8888889,7.0,5.0,0.718021417644059
32.0,0.8888889,7.0,8.0,0.718021417644059
32.0,0.8888889,7.0,12.0,0.718021417644059
32.0,0.8888889,7.0,20.0,0.717837837837838
32.0,0.8888889,7.0,32.0,0.718041815400306
32.0,0.8888889,7.0,50.0,0.717776644569097
32.0,0.8888889,7.0,80.0,0.716471188169301
32.0,0.8888889,7.0,128.0,0.71443141254462
32.0,0.8888889,9.0,2.0,0.719143294237634
32.0,0.8888889,9.0,3.0,0.719143294237634
32.0,0.8888889,9.0,5.0,0.719143294237634
32.0,0.8888889,9.0,8.0,0.719143294237634
32.0,0.8888889,9.0,12.0,0.719143294237634
32.0,0.8888889,9.0,20.0,0.717511473737889
32.0,0.8888889,9.0,32.0,0.718572157062723
32.0,0.8888889,9.0,50.0,0.716940336562978
32.0,0.8888889,9.0,80.0,0.717327893931668
32.0,0.8888889,9.0,128.0,0.714472208057114
32.0,0.8888889,11.0,2.0,0.718306986231515
32.0,0.8888889,11.0,3.0,0.718306986231515
32.0,0.8888889,11.0,5.0,0.718306986231515
32.0,0.8888889,11.0,8.0,0.718306986231515
32.0,0.8888889,11.0,12.0,0.718306986231515
32.0,0.8888889,11.0,20.0,0.718306986231515
32.0,0.8888889,11.0,32.0,0.71769505354411
32.0,0.8888889,11.0,50.0,0.716756756756757
32.0,0.8888889,11.0,80.0,0.716511983681795
32.0,0.8888889,11.0,128.0,0.714635390107088
32.0,0.8888889,13.0,2.0,0.717593064762876
32.0,0.8888889,13.0,3.0,0.717593064762876
32.0,0.8888889,13.0,5.0,0.717593064762876
32.0,0.8888889,13.0,8.0,0.717593064762876
32.0,0.8888889,13.0,12.0,0.717593064762876
32.0,0.8888889,13.0,20.0,0.717593064762876
32.0,0.8888889,13.0,32.0,0.717837837837838
32.0,0.8888889,13.0,50.0,0.717531871494136
32.0,0.8888889,13.0,80.0,0.716960734319225
32.0,0.8888889,13.0,128.0,0.71488016318205
32.0,0.8888889,15.0,2.0,0.717287098419174
32.0,0.8888889,15.0,3.0,0.717287098419174
32.0,0.8888889,15.0,5.0,0.717287098419174
32.0,0.8888889,15.0,8.0,0.717287098419174
32.0,0.8888889,15.0,12.0,0.717287098419174
32.0,0.8888889,15.0,20.0,0.717287098419174
32.0,0.8888889,15.0,32.0,0.717756246812851
32.0,0.8888889,15.0,50.0,0.717572667006629
32.0,0.8888889,15.0,80.0,0.715594084650688
32.0,0.8888889,15.0,128.0,0.715226925038246
32.0,0.8888889,17.0,2.0,0.716777154513004
32.0,0.8888889,17.0,3.0,0.716777154513004
32.0,0.8888889,17.0,5.0,0.716777154513004
32.0,0.8888889,17.0,8.0,0.716777154513004
32.0,0.8888889,17.0,12.0,0.716777154513004
32.0,0.8888889,17.0,20.0,0.716777154513004
32.0,0.8888889,17.0,32.0,0.716777154513004
32.0,0.8888889,17.0,50.0,0.717205507394187
32.0,0.8888889,17.0,80.0,0.716124426313106
32.0,0.8888889,17.0,128.0,0.714737378888322
32.0,0.8888889,20.0,2.0,0.716756756756757
32.0,0.8888889,20.0,3.0,0.716756756756757
32.0,0.8888889,20.0,5.0,0.716756756756757
32.0,0.8888889,20.0,8.0,0.716756756756757
32.0,0.8888889,20.0,12.0,0.716756756756757
32.0,0.8888889,20.0,20.0,0.716756756756757
32.0,0.8888889,20.0,32.0,0.716756756756757
32.0,0.8888889,20.0,50.0,0.717307496175421
32.0,0.8888889,20.0,80.0,0.71577766445691
32.0,0.8888889,20.0,128.0,0.714961754207037
32.0,1.0,1.0,2.0,0.713717491075982
32.0,1.0,1.0,3.0,0.713635900050994
32.0,1.0,1.0,5.0,0.712901580826109
32.0,1.0,1.0,8.0,0.713146353901071
32.0,1.0,1.0,12.0,0.713146353901071
32.0,1.0,1.0,20.0,0.713125956144824
32.0,1.0,1.0,32.0,0.712493625701173
32.0,1.0,1.0,50.0,0.712738398776135
32.0,1.0,1.0,80.0,0.712350841407445
32.0,1.0,1.0,128.0,0.711453340132585
32.0,1.0,3.0,2.0,0.714043855175931
32.0,1.0,3.0,3.0,0.714043855175931
32.0,1.0,3.0,5.0,0.714043855175931
32.0,1.0,3.0,8.0,0.713819479857216
32.0,1.0,3.0,12.0,0.714798572157063
32.0,1.0,3.0,20.0,0.713860275369709
32.0,1.0,3.0,32.0,0.714227434982152
32.0,1.0,3.0,50.0,0.713309535951045
32.0,1.0,3.0,80.0,0.712840387557369
32.0,1.0,3.0,128.0,0.711494135645079
32.0,1.0,5.0,2.0,0.714778174400816
32.0,1.0,5.0,3.0,0.714778174400816
32.0,1.0,5.0,5.0,0.714778174400816
32.0,1.0,5.0,8.0,0.714778174400816
32.0,1.0,5.0,12.0,0.714614992350841
32.0,1.0,5.0,20.0,0.71449260581336
32.0,1.0,5.0,32.0,0.713635900050994
32.0,1.0,5.0,50.0,0.713187149413565
32.0,1.0,5.0,80.0,0.712983171851096
32.0,1.0,5.0,128.0,0.711249362570117
32.0,1.0,7.0,2.0,0.71398266190719
32.0,1.0,7.0,3.0,0.71398266190719
32.0,1.0,7.0,5.0,0.71398266190719
32.0,1.0,7.0,8.0,0.71398266190719
32.0,1.0,7.0,12.0,0.71398266190719
32.0,1.0,7.0,20.0,0.713656297807241
32.0,1.0,7.0,32.0,0.713656297807241
32.0,1.0,7.0,50.0,0.713187149413565
32.0,1.0,7.0,80.0,0.713268740438552
32.0,1.0,7.0,128.0,0.711330953595105
32.0,1.0,9.0,2.0,0.713350331463539
32.0,1.0,9.0,3.0,0.713350331463539
32.0,1.0,9.0,5.0,0.713350331463539
32.0,1.0,9.0,8.0,0.713350331463539
32.0,1.0,9.0,12.0,0.713350331463539
32.0,1.0,9.0,20.0,0.713187149413564
32.0,1.0,9.0,32.0,0.71308516063233
32.0,1.0,9.0,50.0,0.713309535951045
32.0,1.0,9.0,80.0,0.713289138194799
32.0,1.0,9.0,128.0,0.71116777154513
32.0,1.0,11.0,2.0,0.713860275369709
32.0,1.0,11.0,3.0,0.713860275369709
32.0,1.0,11.0,5.0,0.713860275369709
32.0,1.0,11.0,8.0,0.713860275369709
32.0,1.0,11.0,12.0,0.713860275369709
32.0,1.0,11.0,20.0,0.713860275369709
32.0,1.0,11.0,32.0,0.712921978582356
32.0,1.0,11.0,50.0,0.713554309026007
32.0,1.0,11.0,80.0,0.712595614482407
32.0,1.0,11.0,128.0,0.711310555838858
32.0,1.0,13.0,2.0,0.713289138194799
32.0,1.0,13.0,3.0,0.713289138194799
32.0,1.0,13.0,5.0,0.713289138194799
32.0,1.0,13.0,8.0,0.713289138194799
32.0,1.0,13.0,12.0,0.713289138194799
32.0,1.0,13.0,20.0,0.713289138194799
32.0,1.0,13.0,32.0,0.713431922488526
32.0,1.0,13.0,50.0,0.713615502294748
32.0,1.0,13.0,80.0,0.711820499745028
32.0,1.0,13.0,128.0,0.711004589495156
32.0,1.0,15.0,2.0,0.713064762876084
32.0,1.0,15.0,3.0,0.713064762876084
32.0,1.0,15.0,5.0,0.713064762876084
32.0,1.0,15.0,8.0,0.713064762876084
32.0,1.0,15.0,12.0,0.713064762876084
32.0,1.0,15.0,20.0,0.713064762876084
32.0,1.0,15.0,32.0,0.712718001019888
32.0,1.0,15.0,50.0,0.712718001019888
32.0,1.0,15.0,80.0,0.711636919938807
32.0,1.0,15.0,128.0,0.710861805201428
32.0,1.0,17.0,2.0,0.712473227944926
32.0,1.0,17.0,3.0,0.712473227944926
32.0,1.0,17.0,5.0,0.712473227944926
32.0,1.0,17.0,8.0,0.712473227944926
32.0,1.0,17.0,12.0,0.712473227944926
32.0,1.0,17.0,20.0,0.712473227944926
32.0,1.0,17.0,32.0,0.712473227944926
32.0,1.0,17.0,50.0,0.712412034676186
32.0,1.0,17.0,80.0,0.712085670576237
32.0,1.0,17.0,128.0,0.710678225395207
32.0,1.0,20.0,2.0,0.712412034676186
32.0,1.0,20.0,3.0,0.712412034676186
32.0,1.0,20.0,5.0,0.712412034676186
32.0,1.0,20.0,8.0,0.712412034676186
32.0,1.0,20.0,12.0,0.712412034676186
32.0,1.0,20.0,20.0,0.712412034676186
32.0,1.0,20.0,32.0,0.712412034676186
32.0,1.0,20.0,50.0,0.711922488526262
32.0,1.0,20.0,80.0,0.71155532891382
32.0,1.0,20.0,128.0,0.711024987251402
50.0,0.0,1.0,2.0,0.702294747577766
50.0,0.0,1.0,3.0,0.701295257521673
50.0,0.0,1.0,5.0,0.702070372259051
50.0,0.0,1.0,8.0,0.701703212646609
50.0,0.0,1.0,12.0,0.704456909739929
50.0,0.0,1.0,20.0,0.701295257521673
50.0,0.0,1.0,32.0,0.701397246302907
50.0,0.0,1.0,50.0,0.700377358490566
50.0,0.0,1.0,80.0,0.697766445690974
50.0,0.0,1.0,128.0,0.695481896991331
50.0,0.0,3.0,2.0,0.703579806221316
50.0,0.0,3.0,3.0,0.703579806221316
50.0,0.0,3.0,5.0,0.703579806221316
50.0,0.0,3.0,8.0,0.702131565527792
50.0,0.0,3.0,12.0,0.703437021927588
50.0,0.0,3.0,20.0,0.703314635390107
50.0,0.0,3.0,32.0,0.700805711371749
50.0,0.0,3.0,50.0,0.701111677715451
50.0,0.0,3.0,80.0,0.6985619581846
50.0,0.0,3.0,128.0,0.69491075981642
50.0,0.0,5.0,2.0,0.702151963284039
50.0,0.0,5.0,3.0,0.702151963284039
50.0,0.0,5.0,5.0,0.702151963284039
50.0,0.0,5.0,8.0,0.702151963284039
50.0,0.0,5.0,12.0,0.701805201427843
50.0,0.0,5.0,20.0,0.701254462009179
50.0,0.0,5.0,32.0,0.700968893421724
50.0,0.0,5.0,50.0,0.700112187659358
50.0,0.0,5.0,80.0,0.698133605303417
50.0,0.0,5.0,128.0,0.694665986741459
50.0,0.0,7.0,2.0,0.700785313615502
50.0,0.0,7.0,3.0,0.700785313615502
50.0,0.0,7.0,5.0,0.700785313615502
50.0,0.0,7.0,8.0,0.700785313615502
50.0,0.0,7.0,12.0,0.700785313615502
50.0,0.0,7.0,20.0,0.701050484446711
50.0,0.0,7.0,32.0,0.700050994390617
50.0,0.0,7.0,50.0,0.699275879653238
50.0,0.0,7.0,80.0,0.69901070882203
50.0,0.0,7.0,128.0,0.695481896991331
50.0,0.0,9.0,2.0,0.700295767465579
50.0,0.0,9.0,3.0,0.700295767465579
50.0,0.0,9.0,5.0,0.700295767465579
50.0,0.0,9.0,8.0,0.700295767465579
50.0,0.0,9.0,12.0,0.700295767465579
50.0,0.0,9.0,20.0,0.701111677715451
50.0,0.0,9.0,32.0,0.70092809790923
50.0,0.0,9.0,50.0,0.700254971953085
50.0,0.0,9.0,80.0,0.69721570627231
50.0,0.0,9.0,128.0,0.694033656297807
50.0,0.0,11.0,2.0,0.700254971953085
50.0,0.0,11.0,3.0,0.700254971953085
50.0,0.0,11.0,5.0,0.700254971953085
50.0,0.0,11.0,8.0,0.700254971953085
50.0,0.0,11.0,12.0,0.700254971953085
50.0,0.0,11.0,20.0,0.700254971953085
50.0,0.0,11.0,32.0,0.699051504334523
50.0,0.0,11.0,50.0,0.698990311065783
50.0,0.0,11.0,80.0,0.696603773584906
50.0,0.0,11.0,128.0,0.69350331463539
50.0,0.0,13.0,2.0,0.699500254971953
50.0,0.0,13.0,3.0,0.699500254971953
50.0,0.0,13.0,5.0,0.699500254971953
50.0,0.0,13.0,8.0,0.699500254971953
50.0,0.0,13.0,12.0,0.699500254971953
50.0,0.0,13.0,20.0,0.699500254971953
50.0,0.0,13.0,32.0,0.699133095359511
50.0,0.0,13.0,50.0,0.69772565017848
50.0,0.0,13.0,80.0,0.695910249872514
50.0,0.0,13.0,128.0,0.694258031616522
50.0,0.0,15.0,2.0,0.698439571647119
50.0,0.0,15.0,3.0,0.698439571647119
50.0,0.0,15.0,5.0,0.698439571647119
50.0,0.0,15.0,8.0,0.698439571647119
50.0,0.0,15.0,12.0,0.698439571647119
50.0,0.0,15.0,20.0,0.698439571647119
50.0,0.0,15.0,32.0,0.697582865884753
50.0,0.0,15.0,50.0,0.698337582865885
50.0,0.0,15.0,80.0,0.696073431922488
50.0,0.0,15.0,128.0,0.694135645079041
50.0,0.0,17.0,2.0,0.697317695053544
50.0,0.0,17.0,3.0,0.697317695053544
50.0,0.0,17.0,5.0,0.697317695053544
50.0,0.0,17.0,8.0,0.697317695053544
50.0,0.0,17.0,12.0,0.697317695053544
50.0,0.0,17.0,20.0,0.697317695053544
50.0,0.0,17.0,32.0,0.697317695053544
50.0,0.0,17.0,50.0,0.696746557878633
50.0,0.0,17.0,80.0,0.696216216216216
50.0,0.0,17.0,128.0,0.693972463029067
50.0,0.0,20.0,2.0,0.697032126466089
50.0,0.0,20.0,3.0,0.697032126466089
50.0,0.0,20.0,5.0,0.697032126466089
50.0,0.0,20.0,8.0,0.697032126466089
50.0,0.0,20.0,12.0,0.697032126466089
50.0,0.0,20.0,20.0,0.697032126466089
50.0,0.0,20.0,32.0,0.697032126466089
50.0,0.0,20.0,50.0,0.696664966853646
50.0,0.0,20.0,80.0,0.695726670066293
50.0,0.0,20.0,128.0,0.693340132585416
50.0,0.11111111,1.0,2.0,0.702294747577766
50.0,0.11111111,1.0,3.0,0.701295257521673
50.0,0.11111111,1.0,5.0,0.702070372259051
50.0,0.11111111,1.0,8.0,0.701703212646609
50.0,0.11111111,1.0,12.0,0.704456909739929
50.0,0.11111111,1.0,20.0,0.701295257521673
50.0,0.11111111,1.0,32.0,0.701397246302907
50.0,0.11111111,1.0,50.0,0.700377358490566
50.0,0.11111111,1.0,80.0,0.697766445690974
50.0,0.11111111,1.0,128.0,0.695481896991331
50.0,0.11111111,3.0,2.0,0.703579806221316
50.0,0.11111111,3.0,3.0,0.703579806221316
50.0,0.11111111,3.0,5.0,0.703579806221316
50.0,0.11111111,3.0,8.0,0.702131565527792
50.0,0.11111111,3.0,12.0,0.703437021927588
50.0,0.11111111,3.0,20.0,0.703314635390107
50.0,0.11111111,3.0,32.0,0.700805711371749
50.0,0.11111111,3.0,50.0,0.701111677715451
50.0,0.11111111,3.0,80.0,0.6985619581846
50.0,0.11111111,3.0,128.0,0.69491075981642
50.0,0.11111111,5.0,2.0,0.702151963284039
50.0,0.11111111,5.0,3.0,0.702151963284039
50.0,0.11111111,5.0,5.0,0.702151963284039
50.0,0.11111111,5.0,8.0,0.702151963284039
50.0,0.11111111,5.0,12.0,0.701805201427843
50.0,0.11111111,5.0,20.0,0.701254462009179
50.0,0.11111111,5.0,32.0,0.700968893421724
50.0,0.11111111,5.0,50.0,0.700112187659358
50.0,0.11111111,5.0,80.0,0.698133605303417
50.0,0.11111111,5.0,128.0,0.694665986741459
50.0,0.11111111,7.0,2.0,0.700785313615502
50.0,0.11111111,7.0,3.0,0.700785313615502
50.0,0.11111111,7.0,5.0,0.700785313615502
50.0,0.11111111,7.0,8.0,0.700785313615502
50.0,0.11111111,7.0,12.0,0.700785313615502
50.0,0.11111111,7.0,20.0,0.701050484446711
50.0,0.11111111,7.0,32.0,0.700050994390617
50.0,0.11111111,7.0,50.0,0.699275879653238
50.0,0.11111111,7.0,80.0,0.69901070882203
50.0,0.11111111,7.0,128.0,0.695481896991331
50.0,0.11111111,9.0,2.0,0.700295767465579
50.0,0.11111111,9.0,3.0,0.700295767465579
50.0,0.11111111,9.0,5.0,0.700295767465579
50.0,0.11111111,9.0,8.0,0.700295767465579
50.0,0.11111111,9.0,12.0,0.700295767465579
50.0,0.11111111,9.0,20.0,0.701111677715451
50.0,0.11111111,9.0,32.0,0.70092809790923
50.0,0.11111111,9.0,50.0,0.700254971953085
50.0,0.11111111,9.0,80.0,0.69721570627231
50.0,0.11111111,9.0,128.0,0.694033656297807
50.0,0.11111111,11.0,2.0,0.700254971953085
50.0,0.11111111,11.0,3.0,0.700254971953085
50.0,0.11111111,11.0,5.0,0.700254971953085
50.0,0.11111111,11.0,8.0,0.700254971953085
50.0,0.11111111,11.0,12.0,0.700254971953085
50.0,0.11111111,11.0,20.0,0.700254971953085
50.0,0.11111111,11.0,32.0,0.699051504334523
50.0,0.11111111,11.0,50.0,0.698990311065783
50.0,0.11111111,11.0,80.0,0.696603773584906
50.0,0.11111111,11.0,128.0,0.69350331463539
50.0,0.11111111,13.0,2.0,0.699500254971953
50.0,0.11111111,13.0,3.0,0.699500254971953
50.0,0.11111111,13.0,5.0,0.699500254971953
50.0,0.11111111,13.0,8.0,0.699500254971953
50.0,0.11111111,13.0,12.0,0.699500254971953
50.0,0.11111111,13.0,20.0,0.699500254971953
50.0,0.11111111,13.0,32.0,0.699133095359511
50.0,0.11111111,13.0,50.0,0.69772565017848
50.0,0.11111111,13.0,80.0,0.695910249872514
50.0,0.11111111,13.0,128.0,0.694258031616522
50.0,0.11111111,15.0,2.0,0.698439571647119
50.0,0.11111111,15.0,3.0,0.698439571647119
50.0,0.11111111,15.0,5.0,0.698439571647119
50.0,0.11111111,15.0,8.0,0.698439571647119
50.0,0.11111111,15.0,12.0,0.698439571647119
50.0,0.11111111,15.0,20.0,0.698439571647119
50.0,0.11111111,15.0,32.0,0.697582865884753
50.0,0.11111111,15.0,50.0,0.698337582865885
50.0,0.11111111,15.0,80.0,0.696073431922488
50.0,0.11111111,15.0,128.0,0.694135645079041
50.0,0.11111111,17.0,2.0,0.697317695053544
50.0,0.11111111,17.0,3.0,0.697317695053544
50.0,0.11111111,17.0,5.0,0.697317695053544
50.0,0.11111111,17.0,8.0,0.697317695053544
50.0,0.11111111,17.0,12.0,0.697317695053544
50.0,0.11111111,17.0,20.0,0.697317695053544
50.0,0.11111111,17.0,32.0,0.697317695053544
50.0,0.11111111,17.0,50.0,0.696746557878633
50.0,0.11111111,17.0,80.0,0.696216216216216
50.0,0.11111111,17.0,128.0,0.693972463029067
50.0,0.11111111,20.0,2.0,0.697032126466089
50.0,0.11111111,20.0,3.0,0.697032126466089
50.0,0.11111111,20.0,5.0,0.697032126466089
50.0,0.11111111,20.0,8.0,0.697032126466089
50.0,0.11111111,20.0,12.0,0.697032126466089
50.0,0.11111111,20.0,20.0,0.697032126466089
50.0,0.11111111,20.0,32.0,0.697032126466089
50.0,0.11111111,20.0,50.0,0.696664966853646
50.0,0.11111111,20.0,80.0,0.695726670066293
50.0,0.11111111,20.0,128.0,0.693340132585416
50.0,0.22222222,1.0,2.0,0.713452320244773
50.0,0.22222222,1.0,3.0,0.713187149413565
50.0,0.22222222,1.0,5.0,0.713187149413564
50.0,0.22222222,1.0,8.0,0.712738398776135
50.0,0.22222222,1.0,12.0,0.714064252932177
50.0,0.22222222,1.0,20.0,0.71392146863845
50.0,0.22222222,1.0,32.0,0.712738398776135
50.0,0.22222222,1.0,50.0,0.712269250382458
50.0,0.22222222,1.0,80.0,0.710127485976543
50.0,0.22222222,1.0,128.0,0.707761346251912
50.0,0.22222222,3.0,2.0,0.711718510963794
50.0,0.22222222,3.0,3.0,0.711718510963794
50.0,0.22222222,3.0,5.0,0.711718510963794
50.0,0.22222222,3.0,8.0,0.713737888832228
50.0,0.22222222,3.0,12.0,0.714451810300867
50.0,0.22222222,3.0,20.0,0.712860785313616
50.0,0.22222222,3.0,32.0,0.714084650688424
50.0,0.22222222,3.0,50.0,0.711208567057624
50.0,0.22222222,3.0,80.0,0.710045894951555
50.0,0.22222222,3.0,128.0,0.708475267720551
50.0,0.22222222,5.0,2.0,0.713044365119837
50.0,0.22222222,5.0,3.0,0.713044365119837
50.0,0.22222222,5.0,5.0,0.713044365119837
50.0,0.22222222,5.0,8.0,0.713044365119837
50.0,0.22222222,5.0,12.0,0.71353391126976
50.0,0.22222222,5.0,20.0,0.713227944926058
50.0,0.22222222,5.0,32.0,0.712799592044875
50.0,0.22222222,5.0,50.0,0.711208567057624
50.0,0.22222222,5.0,80.0,0.709984701682815
50.0,0.22222222,5.0,128.0,0.707924528301887
50.0,0.22222222,7.0,2.0,0.712656807751147
50.0,0.22222222,7.0,3.0,0.712656807751147
50.0,0.22222222,7.0,5.0,0.712656807751147
50.0,0.22222222,7.0,8.0,0.712656807751147
50.0,0.22222222,7.0,12.0,0.712656807751147
50.0,0.22222222,7.0,20.0,0.713493115757267
50.0,0.22222222,7.0,32.0,0.712493625701173
50.0,0.22222222,7.0,50.0,0.711514533401326
50.0,0.22222222,7.0,80.0,0.709270780214176
50.0,0.22222222,7.0,128.0,0.707353391126976
50.0,0.22222222,9.0,2.0,0.711575726670066
50.0,0.22222222,9.0,3.0,0.711575726670066
50.0,0.22222222,9.0,5.0,0.711575726670066
50.0,0.22222222,9.0,8.0,0.711575726670066
50.0,0.22222222,9.0,12.0,0.711575726670066
50.0,0.22222222,9.0,20.0,0.710882202957675
50.0,0.22222222,9.0,32.0,0.710963793982662
50.0,0.22222222,9.0,50.0,0.711249362570117
50.0,0.22222222,9.0,80.0,0.710127485976543
50.0,0.22222222,9.0,128.0,0.708026517083121
50.0,0.22222222,11.0,2.0,0.7116777154513
50.0,0.22222222,11.0,3.0,0.7116777154513
50.0,0.22222222,11.0,5.0,0.7116777154513
50.0,0.22222222,11.0,8.0,0.7116777154513
50.0,0.22222222,11.0,12.0,0.7116777154513
50.0,0.22222222,11.0,20.0,0.7116777154513
50.0,0.22222222,11.0,32.0,0.711636919938807
50.0,0.22222222,11.0,50.0,0.710922998470168
50.0,0.22222222,11.0,80.0,0.709209586945436
50.0,0.22222222,11.0,128.0,0.707373788883223
50.0,0.22222222,13.0,2.0,0.71110657827639
50.0,0.22222222,13.0,3.0,0.71110657827639
50.0,0.22222222,13.0,5.0,0.71110657827639
50.0,0.22222222,13.0,8.0,0.71110657827639
50.0,0.22222222,13.0,12.0,0.71110657827639
50.0,0.22222222,13.0,20.0,0.71110657827639
50.0,0.22222222,13.0,32.0,0.711065782763896
50.0,0.22222222,13.0,50.0,0.709780724120347
50.0,0.22222222,13.0,80.0,0.709066802651708
50.0,0.22222222,13.0,128.0,0.707883732789393
50.0,0.22222222,15.0,2.0,0.709841917389087
50.0,0.22222222,15.0,3.0,0.709841917389087
50.0,0.22222222,15.0,5.0,0.709841917389087
50.0,0.22222222,15.0,8.0,0.709841917389087
50.0,0.22222222,15.0,12.0,0.709841917389087
50.0,0.22222222,15.0,20.0,0.709841917389087
50.0,0.22222222,15.0,32.0,0.709943906170321
50.0,0.22222222,15.0,50.0,0.710331463539011
50.0,0.22222222,15.0,80.0,0.708454869964304
50.0,0.22222222,15.0,128.0,0.707353391126976
50.0,0.22222222,17.0,2.0,0.709270780214176
50.0,0.22222222,17.0,3.0,0.709270780214176
50.0,0.22222222,17.0,5.0,0.709270780214176
50.0,0.22222222,17.0,8.0,0.709270780214176
50.0,0.22222222,17.0,12.0,0.709270780214176
50.0,0.22222222,17.0,20.0,0.709270780214176
50.0,0.22222222,17.0,32.0,0.709270780214176
50.0,0.22222222,17.0,50.0,0.709066802651708
50.0,0.22222222,17.0,80.0,0.708087710351861
50.0,0.22222222,17.0,128.0,0.707210606833248
50.0,0.22222222,20.0,2.0,0.70931157572667
50.0,0.22222222,20.0,3.0,0.70931157572667
50.0,0.22222222,20.0,5.0,0.70931157572667
50.0,0.22222222,20.0,8.0,0.70931157572667
50.0,0.22222222,20.0,12.0,0.70931157572667
50.0,0.22222222,20.0,20.0,0.70931157572667
50.0,0.22222222,20.0,32.0,0.70931157572667
50.0,0.22222222,20.0,50.0,0.708638449770525
50.0,0.22222222,20.0,80.0,0.708210096889342
50.0,0.22222222,20.0,128.0,0.706802651708312
50.0,0.33333334,1.0,2.0,0.718184599694034
50.0,0.33333334,1.0,3.0,0.716981132075472
50.0,0.33333334,1.0,5.0,0.717287098419174
50.0,0.33333334,1.0,8.0,0.71679755226925
50.0,0.33333334,1.0,12.0,0.716165221825599
50.0,0.33333334,1.0,20.0,0.71628760836308
50.0,0.33333334,1.0,32.0,0.716919938806731
50.0,0.33333334,1.0,50.0,0.715226925038246
50.0,0.33333334,1.0,80.0,0.71398266190719
50.0,0.33333334,1.0,128.0,0.712860785313615
50.0,0.33333334,3.0,2.0,0.717062723100459
50.0,0.33333334,3.0,3.0,0.717062723100459
50.0,0.33333334,3.0,5.0,0.717062723100459
50.0,0.33333334,3.0,8.0,0.717409484956655
50.0,0.33333334,3.0,12.0,0.716675165731769
50.0,0.33333334,3.0,20.0,0.717083120856706
50.0,0.33333334,3.0,32.0,0.715940846506884
50.0,0.33333334,3.0,50.0,0.716063233044365
50.0,0.33333334,3.0,80.0,0.714309026007139
50.0,0.33333334,3.0,128.0,0.712432432432432
50.0,0.33333334,5.0,2.0,0.716389597144314
50.0,0.33333334,5.0,3.0,0.716389597144314
50.0,0.33333334,5.0,5.0,0.716389597144314
50.0,0.33333334,5.0,8.0,0.716389597144314
50.0,0.33333334,5.0,12.0,0.71679755226925
50.0,0.33333334,5.0,20.0,0.716002039775625
50.0,0.33333334,5.0,32.0,0.716165221825599
50.0,0.33333334,5.0,50.0,0.715084140744518
50.0,0.33333334,5.0,80.0,0.713003569607343
50.0,0.33333334,5.0,128.0,0.711432942376339
50.0,0.33333334,7.0,2.0,0.716144824069352
50.0,0.33333334,7.0,3.0,0.716144824069352
50.0,0.33333334,7.0,5.0,0.716144824069352
50.0,0.33333334,7.0,8.0,0.716144824069352
50.0,0.33333334,7.0,12.0,0.716144824069352
50.0,0.33333334,7.0,20.0,0.715696073431922
50.0,0.33333334,7.0,32.0,0.715981642019378
50.0,0.33333334,7.0,50.0,0.71539010708822
50.0,0.33333334,7.0,80.0,0.713003569607343
50.0,0.33333334,7.0,128.0,0.712330443651198
50.0,0.33333334,9.0,2.0,0.716695563488016
50.0,0.33333334,9.0,3.0,0.716695563488016
50.0,0.33333334,9.0,5.0,0.716695563488016
50.0,0.33333334,9.0,8.0,0.716695563488016
50.0,0.33333334,9.0,12.0,0.716695563488016
50.0,0.33333334,9.0,20.0,0.716675165731769
50.0,0.33333334,9.0,32.0,0.714145843957165
50.0,0.33333334,9.0,50.0,0.714900560938297
50.0,0.33333334,9.0,80.0,0.713044365119837
50.0,0.33333334,9.0,128.0,0.711718510963794
50.0,0.33333334,11.0,2.0,0.716206017338093
50.0,0.33333334,11.0,3.0,0.716206017338093
50.0,0.33333334,11.0,5.0,0.716206017338093
50.0,0.33333334,11.0,8.0,0.716206017338093
50.0,0.33333334,11.0,12.0,0.716206017338093
50.0,0.33333334,11.0,20.0,0.716206017338093
50.0,0.33333334,11.0,32.0,0.714737378888322
50.0,0.33333334,11.0,50.0,0.714023457419684
50.0,0.33333334,11.0,80.0,0.712718001019888
50.0,0.33333334,11.0,128.0,0.712412034676186
50.0,0.33333334,13.0,2.0,0.714839367669556
50.0,0.33333334,13.0,3.0,0.714839367669556
50.0,0.33333334,13.0,5.0,0.714839367669556
50.0,0.33333334,13.0,8.0,0.714839367669556
50.0,0.33333334,13.0,12.0,0.714839367669556
50.0,0.33333334,13.0,20.0,0.714839367669556
50.0,0.33333334,13.0,32.0,0.715594084650688
50.0,0.33333334,13.0,50.0,0.713656297807241
50.0,0.33333334,13.0,80.0,0.713737888832228
50.0,0.33333334,13.0,128.0,0.710698623151453
50.0,0.33333334,15.0,2.0,0.714716981132075
50.0,0.33333334,15.0,3.0,0.714716981132075
50.0,0.33333334,15.0,5.0,0.714716981132075
50.0,0.33333334,15.0,8.0,0.714716981132075
50.0,0.33333334,15.0,12.0,0.714716981132075
50.0,0.33333334,15.0,20.0,0.714716981132075
50.0,0.33333334,15.0,32.0,0.71494135645079
50.0,0.33333334,15.0,50.0,0.714492605813361
50.0,0.33333334,15.0,80.0,0.713595104538501
50.0,0.33333334,15.0,128.0,0.711820499745028
50.0,0.33333334,17.0,2.0,0.714676185619582
50.0,0.33333334,17.0,3.0,0.714676185619582
50.0,0.33333334,17.0,5.0,0.714676185619582
50.0,0.33333334,17.0,8.0,0.714676185619582
50.0,0.33333334,17.0,12.0,0.714676185619582
50.0,0.33333334,17.0,20.0,0.714676185619582
50.0,0.33333334,17.0,32.0,0.714676185619582
50.0,0.33333334,17.0,50.0,0.714043855175931
50.0,0.33333334,17.0,80.0,0.712881183069862
50.0,0.33333334,17.0,128.0,0.711065782763896
50.0,0.33333334,20.0,2.0,0.713656297807241
50.0,0.33333334,20.0,3.0,0.713656297807241
50.0,0.33333334,20.0,5.0,0.713656297807241
50.0,0.33333334,20.0,8.0,0.713656297807241
50.0,0.33333334,20.0,12.0,0.713656297807241
50.0,0.33333334,20.0,20.0,0.713656297807241
50.0,0.33333334,20.0,32.0,0.713656297807241
50.0,0.33333334,20.0,50.0,0.71308516063233
50.0,0.33333334,20.0,80.0,0.71347271800102
50.0,0.33333334,20.0,128.0,0.71116777154513
50.0,0.44444445,1.0,2.0,0.719694033656298
50.0,0.44444445,1.0,3.0,0.719163691993881
50.0,0.44444445,1.0,5.0,0.719224885262621
50.0,0.44444445,1.0,8.0,0.719571647118817
50.0,0.44444445,1.0,12.0,0.720550739418664
50.0,0.44444445,1.0,20.0,0.719163691993881
50.0,0.44444445,1.0,32.0,0.718347781744008
50.0,0.44444445,1.0,50.0,0.717552269250383
50.0,0.44444445,1.0,80.0,0.715165731769505
50.0,0.44444445,1.0,128.0,0.714676185619582
50.0,0.44444445,3.0,2.0,0.718939316675166
50.0,0.44444445,3.0,3.0,0.718939316675166
50.0,0.44444445,3.0,5.0,0.718939316675166
50.0,0.44444445,3.0,8.0,0.719347271800102
50.0,0.44444445,3.0,12.0,0.719326874043855
50.0,0.44444445,3.0,20.0,0.720224375318715
50.0,0.44444445,3.0,32.0,0.718755736868944
50.0,0.44444445,3.0,50.0,0.717776644569097
50.0,0.44444445,3.0,80.0,0.716246812850587
50.0,0.44444445,3.0,128.0,0.714859765425803
50.0,0.44444445,5.0,2.0,0.71814380418154
50.0,0.44444445,5.0,3.0,0.71814380418154
50.0,0.44444445,5.0,5.0,0.71814380418154
50.0,0.44444445,5.0,8.0,0.71814380418154
50.0,0.44444445,5.0,12.0,0.717960224375319
50.0,0.44444445,5.0,20.0,0.719163691993881
50.0,0.44444445,5.0,32.0,0.718388577256502
50.0,0.44444445,5.0,50.0,0.717797042325344
50.0,0.44444445,5.0,80.0,0.715063742988271
50.0,0.44444445,5.0,128.0,0.714145843957165
50.0,0.44444445,7.0,2.0,0.71718510963794
50.0,0.44444445,7.0,3.0,0.71718510963794
50.0,0.44444445,7.0,5.0,0.71718510963794
50.0,0.44444445,7.0,8.0,0.71718510963794
50.0,0.44444445,7.0,12.0,0.71718510963794
50.0,0.44444445,7.0,20.0,0.717062723100459
50.0,0.44444445,7.0,32.0,0.716817950025497
50.0,0.44444445,7.0,50.0,0.717511473737889
50.0,0.44444445,7.0,80.0,0.715186129525752
50.0,0.44444445,7.0,128.0,0.714451810300867
50.0,0.44444445,9.0,2.0,0.717103518612953
50.0,0.44444445,9.0,3.0,0.717103518612953
50.0,0.44444445,9.0,5.0,0.717103518612953
50.0,0.44444445,9.0,8.0,0.717103518612953
50.0,0.44444445,9.0,12.0,0.717103518612953
50.0,0.44444445,9.0,20.0,0.717368689444161
50.0,0.44444445,9.0,32.0,0.71763386027537
50.0,0.44444445,9.0,50.0,0.716573176950535
50.0,0.44444445,9.0,80.0,0.715532891381948
50.0,0.44444445,9.0,128.0,0.714655787863335
50.0,0.44444445,11.0,2.0,0.717756246812851
50.0,0.44444445,11.0,3.0,0.717756246812851
50.0,0.44444445,11.0,5.0,0.717756246812851
50.0,0.44444445,11.0,8.0,0.717756246812851
50.0,0.44444445,11.0,12.0,0.717756246812851
50.0,0.44444445,11.0,20.0,0.717756246812851
50.0,0.44444445,11.0,32.0,0.717225905150433
50.0,0.44444445,11.0,50.0,0.716573176950535
50.0,0.44444445,11.0,80.0,0.715716471188169
50.0,0.44444445,11.0,128.0,0.713635900050994
50.0,0.44444445,13.0,2.0,0.716695563488016
50.0,0.44444445,13.0,3.0,0.716695563488016
50.0,0.44444445,13.0,5.0,0.716695563488016
50.0,0.44444445,13.0,8.0,0.716695563488016
50.0,0.44444445,13.0,12.0,0.716695563488016
50.0,0.44444445,13.0,20.0,0.716695563488016
50.0,0.44444445,13.0,32.0,0.71583885772565
50.0,0.44444445,13.0,50.0,0.716634370219276
50.0,0.44444445,13.0,80.0,0.715247322794493
50.0,0.44444445,13.0,128.0,0.71488016318205
50.0,0.44444445,15.0,2.0,0.716450790413055
50.0,0.44444445,15.0,3.0,0.716450790413055
50.0,0.44444445,15.0,5.0,0.716450790413055
50.0,0.44444445,15.0,8.0,0.716450790413055
50.0,0.44444445,15.0,12.0,0.716450790413055
50.0,0.44444445,15.0,20.0,0.716450790413055
50.0,0.44444445,15.0,32.0,0.716756756756757
50.0,0.44444445,15.0,50.0,0.714961754207037
50.0,0.44444445,15.0,80.0,0.715512493625701
50.0,0.44444445,15.0,128.0,0.713839877613463
50.0,0.44444445,17.0,2.0,0.717062723100459
50.0,0.44444445,17.0,3.0,0.717062723100459
50.0,0.44444445,17.0,5.0,0.717062723100459
50.0,0.44444445,17.0,8.0,0.717062723100459
50.0,0.44444445,17.0,12.0,0.717062723100459
50.0,0.44444445,17.0,20.0,0.717062723100459
50.0,0.44444445,17.0,32.0,0.717062723100459
50.0,0.44444445,17.0,50.0,0.715308516063233
50.0,0.44444445,17.0,80.0,0.714390617032126
50.0,0.44444445,17.0,128.0,0.714023457419684
50.0,0.44444445,20.0,2.0,0.715349311575727
50.0,0.44444445,20.0,3.0,0.715349311575727
50.0,0.44444445,20.0,5.0,0.715349311575727
50.0,0.44444445,20.0,8.0,0.715349311575727
50.0,0.44444445,20.0,12.0,0.715349311575727
50.0,0.44444445,20.0,20.0,0.715349311575727
50.0,0.44444445,20.0,32.0,0.715349311575727
50.0,0.44444445,20.0,50.0,0.716144824069352
50.0,0.44444445,20.0,80.0,0.714268230494645
50.0,0.44444445,20.0,128.0,0.712983171851096
50.0,0.5555556,1.0,2.0,0.721937786843447
50.0,0.5555556,1.0,3.0,0.720550739418664
50.0,0.5555556,1.0,5.0,0.721366649668536
50.0,0.5555556,1.0,8.0,0.721733809280979
50.0,0.5555556,1.0,12.0,0.722019377868434
50.0,0.5555556,1.0,20.0,0.721060683324834
50.0,0.5555556,1.0,32.0,0.720040795512494
50.0,0.5555556,1.0,50.0,0.719653238143804
50.0,0.5555556,1.0,80.0,0.71859255481897
50.0,0.5555556,1.0,128.0,0.716430392656808
50.0,0.5555556,3.0,2.0,0.719306476287608
50.0,0.5555556,3.0,3.0,0.719306476287608
50.0,0.5555556,3.0,5.0,0.719306476287608
50.0,0.5555556,3.0,8.0,0.720856705762366
50.0,0.5555556,3.0,12.0,0.721285058643549
50.0,0.5555556,3.0,20.0,0.721305456399796
50.0,0.5555556,3.0,32.0,0.719245283018868
50.0,0.5555556,3.0,50.0,0.719836817950026
50.0,0.5555556,3.0,80.0,0.718286588475268
50.0,0.5555556,3.0,128.0,0.715920448750637
50.0,0.5555556,5.0,2.0,0.7209586945436
50.0,0.5555556,5.0,3.0,0.7209586945436
50.0,0.5555556,5.0,5.0,0.7209586945436
50.0,0.5555556,5.0,8.0,0.7209586945436
50.0,0.5555556,5.0,12.0,0.719755226925038
50.0,0.5555556,5.0,20.0,0.7209586945436
50.0,0.5555556,5.0,32.0,0.719755226925038
50.0,0.5555556,5.0,50.0,0.719592044875064
50.0,0.5555556,5.0,80.0,0.71763386027537
50.0,0.5555556,5.0,128.0,0.716532381438042
50.0,0.5555556,7.0,2.0,0.720591534931158
50.0,0.5555556,7.0,3.0,0.720591534931158
50.0,0.5555556,7.0,5.0,0.720591534931158
50.0,0.5555556,7.0,8.0,0.720591534931158
50.0,0.5555556,7.0,12.0,0.720591534931158
50.0,0.5555556,7.0,20.0,0.720142784293728
50.0,0.5555556,7.0,32.0,0.719612442631311
50.0,0.5555556,7.0,50.0,0.718633350331463
50.0,0.5555556,7.0,80.0,0.718470168281489
50.0,0.5555556,7.0,128.0,0.715145334013259
50.0,0.5555556,9.0,2.0,0.720142784293728
50.0,0.5555556,9.0,3.0,0.720142784293728
50.0,0.5555556,9.0,5.0,0.720142784293728
50.0,0.5555556,9.0,8.0,0.720142784293728
50.0,0.5555556,9.0,12.0,0.720142784293728
50.0,0.5555556,9.0,20.0,0.719857215706272
50.0,0.5555556,9.0,32.0,0.719184089750127
50.0,0.5555556,9.0,50.0,0.718306986231515
50.0,0.5555556,9.0,80.0,0.716919938806731
50.0,0.5555556,9.0,128.0,0.716267210606833
50.0,0.5555556,11.0,2.0,0.719061703212647
50.0,0.5555556,11.0,3.0,0.719061703212647
50.0,0.5555556,11.0,5.0,0.719061703212647
50.0,0.5555556,11.0,8.0,0.719061703212647
50.0,0.5555556,11.0,12.0,0.719061703212647
50.0,0.5555556,11.0,20.0,0.719061703212647
50.0,0.5555556,11.0,32.0,0.71859255481897
50.0,0.5555556,11.0,50.0,0.718939316675166
50.0,0.5555556,11.0,80.0,0.717001529831718
50.0,0.5555556,11.0,128.0,0.715634880163182
50.0,0.5555556,13.0,2.0,0.718939316675166
50.0,0.5555556,13.0,3.0,0.718939316675166
50.0,0.5555556,13.0,5.0,0.718939316675166
50.0,0.5555556,13.0,8.0,0.718939316675166
50.0,0.5555556,13.0,12.0,0.718939316675166
50.0,0.5555556,13.0,20.0,0.718939316675166
50.0,0.5555556,13.0,32.0,0.7180826109128
50.0,0.5555556,13.0,50.0,0.717572667006629
50.0,0.5555556,13.0,80.0,0.71763386027537
50.0,0.5555556,13.0,128.0,0.714574196838348
50.0,0.5555556,15.0,2.0,0.71775624681285
50.0,0.5555556,15.0,3.0,0.71775624681285
50.0,0.5555556,15.0,5.0,0.71775624681285
50.0,0.5555556,15.0,8.0,0.71775624681285
50.0,0.5555556,15.0,12.0,0.71775624681285
50.0,0.5555556,15.0,20.0,0.71775624681285
50.0,0.5555556,15.0,32.0,0.718959714431412
50.0,0.5555556,15.0,50.0,0.718510963793983
50.0,0.5555556,15.0,80.0,0.716369199388067
50.0,0.5555556,15.0,128.0,0.715267720550739
50.0,0.5555556,17.0,2.0,0.717613462519123
50.0,0.5555556,17.0,3.0,0.717613462519123
50.0,0.5555556,17.0,5.0,0.717613462519123
50.0,0.5555556,17.0,8.0,0.717613462519123
50.0,0.5555556,17.0,12.0,0.717613462519123
50.0,0.5555556,17.0,20.0,0.717613462519123
50.0,0.5555556,17.0,32.0,0.717613462519123
50.0,0.5555556,17.0,50.0,0.717837837837838
50.0,0.5555556,17.0,80.0,0.716104028556859
50.0,0.5555556,17.0,128.0,0.71539010708822
50.0,0.5555556,20.0,2.0,0.717878633350331
50.0,0.5555556,20.0,3.0,0.717878633350331
50.0,0.5555556,20.0,5.0,0.717878633350331
50.0,0.5555556,20.0,8.0,0.717878633350331
50.0,0.5555556,20.0,12.0,0.717878633350331
50.0,0.5555556,20.0,20.0,0.717878633350331
50.0,0.5555556,20.0,32.0,0.717878633350331
50.0,0.5555556,20.0,50.0,0.717348291687914
50.0,0.5555556,20.0,80.0,0.716144824069352
50.0,0.5555556,20.0,128.0,0.714349821519633
50.0,0.6666667,1.0,2.0,0.720632330443651
50.0,0.6666667,1.0,3.0,0.721019887812341
50.0,0.6666667,1.0,5.0,0.720305966343702
50.0,0.6666667,1.0,8.0,0.719571647118817
50.0,0.6666667,1.0,12.0,0.721815400305966
50.0,0.6666667,1.0,20.0,0.720815910249873
50.0,0.6666667,1.0,32.0,0.720795512493626
50.0,0.6666667,1.0,50.0,0.720163182049975
50.0,0.6666667,1.0,80.0,0.718021417644059
50.0,0.6666667,1.0,128.0,0.717572667006629
50.0,0.6666667,3.0,2.0,0.720734319224885
50.0,0.6666667,3.0,3.0,0.720734319224885
50.0,0.6666667,3.0,5.0,0.720734319224885
50.0,0.6666667,3.0,8.0,0.720999490056094
50.0,0.6666667,3.0,12.0,0.721733809280979
50.0,0.6666667,3.0,20.0,0.721489036206017
50.0,0.6666667,3.0,32.0,0.720632330443651
50.0,0.6666667,3.0,50.0,0.72044875063743
50.0,0.6666667,3.0,80.0,0.718347781744008
50.0,0.6666667,3.0,128.0,0.716328403875574
50.0,0.6666667,5.0,2.0,0.720999490056094
50.0,0.6666667,5.0,3.0,0.720999490056094
50.0,0.6666667,5.0,5.0,0.720999490056094
50.0,0.6666667,5.0,8.0,0.720999490056094
50.0,0.6666667,5.0,12.0,0.721040285568588
50.0,0.6666667,5.0,20.0,0.720203977562468
50.0,0.6666667,5.0,32.0,0.720734319224885
50.0,0.6666667,5.0,50.0,0.720571137174911
50.0,0.6666667,5.0,80.0,0.718714941356451
50.0,0.6666667,5.0,128.0,0.71679755226925
50.0,0.6666667,7.0,2.0,0.720142784293728
50.0,0.6666667,7.0,3.0,0.720142784293728
50.0,0.6666667,7.0,5.0,0.720142784293728
50.0,0.6666667,7.0,8.0,0.720142784293728
50.0,0.6666667,7.0,12.0,0.720142784293728
50.0,0.6666667,7.0,20.0,0.720713921468638
50.0,0.6666667,7.0,32.0,0.720550739418664
50.0,0.6666667,7.0,50.0,0.719122896481387
50.0,0.6666667,7.0,80.0,0.717409484956655
50.0,0.6666667,7.0,128.0,0.717103518612953
50.0,0.6666667,9.0,2.0,0.720244773074962
50.0,0.6666667,9.0,3.0,0.720244773074962
50.0,0.6666667,9.0,5.0,0.720244773074962
50.0,0.6666667,9.0,8.0,0.720244773074962
50.0,0.6666667,9.0,12.0,0.720244773074962
50.0,0.6666667,9.0,20.0,0.720856705762366
50.0,0.6666667,9.0,32.0,0.720632330443651
50.0,0.6666667,9.0,50.0,0.719020907700153
50.0,0.6666667,9.0,80.0,0.717593064762876
50.0,0.6666667,9.0,128.0,0.716552779194289
50.0,0.6666667,11.0,2.0,0.719694033656298
50.0,0.6666667,11.0,3.0,0.719694033656298
50.0,0.6666667,11.0,5.0,0.719694033656298
50.0,0.6666667,11.0,8.0,0.719694033656298
50.0,0.6666667,11.0,12.0,0.719694033656298
50.0,0.6666667,11.0,20.0,0.719694033656298
50.0,0.6666667,11.0,32.0,0.719428862825089
50.0,0.6666667,11.0,50.0,0.718898521162672
50.0,0.6666667,11.0,80.0,0.719122896481387
50.0,0.6666667,11.0,128.0,0.716634370219276
50.0,0.6666667,13.0,2.0,0.72044875063743
50.0,0.6666667,13.0,3.0,0.72044875063743
50.0,0.6666667,13.0,5.0,0.72044875063743
50.0,0.6666667,13.0,8.0,0.72044875063743
50.0,0.6666667,13.0,12.0,0.72044875063743
50.0,0.6666667,13.0,20.0,0.72044875063743
50.0,0.6666667,13.0,32.0,0.720081591024987
50.0,0.6666667,13.0,50.0,0.718674145843957
50.0,0.6666667,13.0,80.0,0.717593064762876
50.0,0.6666667,13.0,128.0,0.716022437531872
50.0,0.6666667,15.0,2.0,0.719755226925038
50.0,0.6666667,15.0,3.0,0.719755226925038
50.0,0.6666667,15.0,5.0,0.719755226925038
50.0,0.6666667,15.0,8.0,0.719755226925038
50.0,0.6666667,15.0,12.0,0.719755226925038
50.0,0.6666667,15.0,20.0,0.719755226925038
50.0,0.6666667,15.0,32.0,0.719224885262621
50.0,0.6666667,15.0,50.0,0.719184089750127
50.0,0.6666667,15.0,80.0,0.717674655787863
50.0,0.6666667,15.0,128.0,0.716124426313106
50.0,0.6666667,17.0,2.0,0.718674145843957
50.0,0.6666667,17.0,3.0,0.718674145843957
50.0,0.6666667,17.0,5.0,0.718674145843957
50.0,0.6666667,17.0,8.0,0.718674145843957
50.0,0.6666667,17.0,12.0,0.718674145843957
50.0,0.6666667,17.0,20.0,0.718674145843957
50.0,0.6666667,17.0,32.0,0.718674145843957
50.0,0.6666667,17.0,50.0,0.718041815400306
50.0,0.6666667,17.0,80.0,0.718021417644059
50.0,0.6666667,17.0,128.0,0.716165221825599
50.0,0.6666667,20.0,2.0,0.719061703212647
50.0,0.6666667,20.0,3.0,0.719061703212647
50.0,0.6666667,20.0,5.0,0.719061703212647
50.0,0.6666667,20.0,8.0,0.719061703212647
50.0,0.6666667,20.0,12.0,0.719061703212647
50.0,0.6666667,20.0,20.0,0.719061703212647
50.0,0.6666667,20.0,32.0,0.719061703212647
50.0,0.6666667,20.0,50.0,0.717083120856706
50.0,0.6666667,20.0,80.0,0.717307496175421
50.0,0.6666667,20.0,128.0,0.716573176950536
50.0,0.7777778,1.0,2.0,0.720183579806221
50.0,0.7777778,1.0,3.0,0.721223865374809
50.0,0.7777778,1.0,5.0,0.719918408975013
50.0,0.7777778,1.0,8.0,0.719530851606323
50.0,0.7777778,1.0,12.0,0.719673635900051
50.0,0.7777778,1.0,20.0,0.71949005609383
50.0,0.7777778,1.0,32.0,0.719877613462519
50.0,0.7777778,1.0,50.0,0.720224375318715
50.0,0.7777778,1.0,80.0,0.718347781744008
50.0,0.7777778,1.0,128.0,0.716328403875574
50.0,0.7777778,3.0,2.0,0.720489546149923
50.0,0.7777778,3.0,3.0,0.720489546149923
50.0,0.7777778,3.0,5.0,0.720489546149923
50.0,0.7777778,3.0,8.0,0.720224375318715
50.0,0.7777778,3.0,12.0,0.72
50.0,0.7777778,3.0,20.0,0.720469148393677
50.0,0.7777778,3.0,32.0,0.720917899031106
50.0,0.7777778,3.0,50.0,0.719367669556349
50.0,0.7777778,3.0,80.0,0.717919428862825
50.0,0.7777778,3.0,128.0,0.715349311575727
50.0,0.7777778,5.0,2.0,0.720611932687404
50.0,0.7777778,5.0,3.0,0.720611932687404
50.0,0.7777778,5.0,5.0,0.720611932687404
50.0,0.7777778,5.0,8.0,0.720611932687404
50.0,0.7777778,5.0,12.0,0.719796022437532
50.0,0.7777778,5.0,20.0,0.719530851606323
50.0,0.7777778,5.0,32.0,0.720285568587455
50.0,0.7777778,5.0,50.0,0.719143294237634
50.0,0.7777778,5.0,80.0,0.717776644569097
50.0,0.7777778,5.0,128.0,0.716634370219276
50.0,0.7777778,7.0,2.0,0.720101988781234
50.0,0.7777778,7.0,3.0,0.720101988781234
50.0,0.7777778,7.0,5.0,0.720101988781234
50.0,0.7777778,7.0,8.0,0.720101988781234
50.0,0.7777778,7.0,12.0,0.720101988781234
50.0,0.7777778,7.0,20.0,0.719286078531362
50.0,0.7777778,7.0,32.0,0.719796022437532
50.0,0.7777778,7.0,50.0,0.718551759306476
50.0,0.7777778,7.0,80.0,0.71763386027537
50.0,0.7777778,7.0,128.0,0.717552269250382
50.0,0.7777778,9.0,2.0,0.719857215706272
50.0,0.7777778,9.0,3.0,0.719857215706272
50.0,0.7777778,9.0,5.0,0.719857215706272
50.0,0.7777778,9.0,8.0,0.719857215706272
50.0,0.7777778,9.0,12.0,0.719857215706272
50.0,0.7777778,9.0,20.0,0.72006119326874
50.0,0.7777778,9.0,32.0,0.719734829168792
50.0,0.7777778,9.0,50.0,0.718878123406425
50.0,0.7777778,9.0,80.0,0.717960224375319
50.0,0.7777778,9.0,128.0,0.716634370219276
50.0,0.7777778,11.0,2.0,0.720142784293728
50.0,0.7777778,11.0,3.0,0.720142784293728
50.0,0.7777778,11.0,5.0,0.720142784293728
50.0,0.7777778,11.0,8.0,0.720142784293728
50.0,0.7777778,11.0,12.0,0.720142784293728
50.0,0.7777778,11.0,20.0,0.720142784293728
50.0,0.7777778,11.0,32.0,0.719367669556349
50.0,0.7777778,11.0,50.0,0.718490566037736
50.0,0.7777778,11.0,80.0,0.718327383987761
50.0,0.7777778,11.0,128.0,0.715798062213157
50.0,0.7777778,13.0,2.0,0.718837327893932
50.0,0.7777778,13.0,3.0,0.718837327893932
50.0,0.7777778,13.0,5.0,0.718837327893932
50.0,0.7777778,13.0,8.0,0.718837327893932
50.0,0.7777778,13.0,12.0,0.718837327893932
50.0,0.7777778,13.0,20.0,0.718837327893932
50.0,0.7777778,13.0,32.0,0.71910249872514
50.0,0.7777778,13.0,50.0,0.717776644569097
50.0,0.7777778,13.0,80.0,0.717225905150433
50.0,0.7777778,13.0,128.0,0.715655277919429
50.0,0.7777778,15.0,2.0,0.719694033656298
50.0,0.7777778,15.0,3.0,0.719694033656298
50.0,0.7777778,15.0,5.0,0.719694033656298
50.0,0.7777778,15.0,8.0,0.719694033656298
50.0,0.7777778,15.0,12.0,0.719694033656298
50.0,0.7777778,15.0,20.0,0.719694033656298
50.0,0.7777778,15.0,32.0,0.719265680775115
50.0,0.7777778,15.0,50.0,0.718449770525242
50.0,0.7777778,15.0,80.0,0.718001019887812
50.0,0.7777778,15.0,128.0,0.715043345232025
50.0,0.7777778,17.0,2.0,0.719224885262621
50.0,0.7777778,17.0,3.0,0.719224885262621
50.0,0.7777778,17.0,5.0,0.719224885262621
50.0,0.7777778,17.0,8.0,0.719224885262621
50.0,0.7777778,17.0,12.0,0.719224885262621
50.0,0.7777778,17.0,20.0,0.719224885262621
50.0,0.7777778,17.0,32.0,0.719224885262621
50.0,0.7777778,17.0,50.0,0.718245792962774
50.0,0.7777778,17.0,80.0,0.717429882712902
50.0,0.7777778,17.0,128.0,0.716246812850586
50.0,0.7777778,20.0,2.0,0.718184599694034
50.0,0.7777778,20.0,3.0,0.718184599694034
50.0,0.7777778,20.0,5.0,0.718184599694034
50.0,0.7777778,20.0,8.0,0.718184599694034
50.0,0.7777778,20.0,12.0,0.718184599694034
50.0,0.7777778,20.0,20.0,0.718184599694034
50.0,0.7777778,20.0,32.0,0.718184599694034
50.0,0.7777778,20.0,50.0,0.718612952575217
50.0,0.7777778,20.0,80.0,0.717225905150433
50.0,0.7777778,20.0,128.0,0.715879653238144
50.0,0.8888889,1.0,2.0,0.717389087200408
50.0,0.8888889,1.0,3.0,0.717266700662927
50.0,0.8888889,1.0,5.0,0.718225395206527
50.0,0.8888889,1.0,8.0,0.718735339112698
50.0,0.8888889,1.0,12.0,0.718266190719021
50.0,0.8888889,1.0,20.0,0.718164201937787
50.0,0.8888889,1.0,32.0,0.7180826109128
50.0,0.8888889,1.0,50.0,0.717491075981642
50.0,0.8888889,1.0,80.0,0.717225905150433
50.0,0.8888889,1.0,128.0,0.714839367669556
50.0,0.8888889,3.0,2.0,0.717348291687914
50.0,0.8888889,3.0,3.0,0.717348291687914
50.0,0.8888889,3.0,5.0,0.717348291687914
50.0,0.8888889,3.0,8.0,0.717593064762876
50.0,0.8888889,3.0,12.0,0.717429882712902
50.0,0.8888889,3.0,20.0,0.718633350331464
50.0,0.8888889,3.0,32.0,0.718286588475268
50.0,0.8888889,3.0,50.0,0.718327383987761
50.0,0.8888889,3.0,80.0,0.716083630800612
50.0,0.8888889,3.0,128.0,0.715369709331973
50.0,0.8888889,5.0,2.0,0.718388577256502
50.0,0.8888889,5.0,3.0,0.718388577256502
50.0,0.8888889,5.0,5.0,0.718388577256502
50.0,0.8888889,5.0,8.0,0.718388577256502
50.0,0.8888889,5.0,12.0,0.718306986231515
50.0,0.8888889,5.0,20.0,0.718368179500255
50.0,0.8888889,5.0,32.0,0.717307496175421
50.0,0.8888889,5.0,50.0,0.717552269250383
50.0,0.8888889,5.0,80.0,0.716491585925548
50.0,0.8888889,5.0,128.0,0.715410504844467
50.0,0.8888889,7.0,2.0,0.717858235594085
50.0,0.8888889,7.0,3.0,0.717858235594085
50.0,0.8888889,7.0,5.0,0.717858235594085
50.0,0.8888889,7.0,8.0,0.717858235594085
50.0,0.8888889,7.0,12.0,0.717858235594085
50.0,0.8888889,7.0,20.0,0.717858235594085
50.0,0.8888889,7.0,32.0,0.718164201937787
50.0,0.8888889,7.0,50.0,0.717797042325344
50.0,0.8888889,7.0,80.0,0.716573176950535
50.0,0.8888889,7.0,128.0,0.714186639469658
50.0,0.8888889,9.0,2.0,0.719163691993881
50.0,0.8888889,9.0,3.0,0.719163691993881
50.0,0.8888889,9.0,5.0,0.719163691993881
50.0,0.8888889,9.0,8.0,0.719163691993881
50.0,0.8888889,9.0,12.0,0.719163691993881
50.0,0.8888889,9.0,20.0,0.717470678225395
50.0,0.8888889,9.0,32.0,0.718674145843957
50.0,0.8888889,9.0,50.0,0.716654767975523
50.0,0.8888889,9.0,80.0,0.717409484956655
50.0,0.8888889,9.0,128.0,0.714737378888322
50.0,0.8888889,11.0,2.0,0.718612952575217
50.0,0.8888889,11.0,3.0,0.718612952575217
50.0,0.8888889,11.0,5.0,0.718612952575217
50.0,0.8888889,11.0,8.0,0.718612952575217
50.0,0.8888889,11.0,12.0,0.718612952575217
50.0,0.8888889,11.0,20.0,0.718612952575217
50.0,0.8888889,11.0,32.0,0.717756246812851
50.0,0.8888889,11.0,50.0,0.716593574706782
50.0,0.8888889,11.0,80.0,0.716552779194289
50.0,0.8888889,11.0,128.0,0.714411014788373
50.0,0.8888889,13.0,2.0,0.717511473737889
50.0,0.8888889,13.0,3.0,0.717511473737889
50.0,0.8888889,13.0,5.0,0.717511473737889
50.0,0.8888889,13.0,8.0,0.717511473737889
50.0,0.8888889,13.0,12.0,0.717511473737889
50.0,0.8888889,13.0,20.0,0.717511473737889
50.0,0.8888889,13.0,32.0,0.717654258031616
50.0,0.8888889,13.0,50.0,0.717531871494136
50.0,0.8888889,13.0,80.0,0.716654767975523
50.0,0.8888889,13.0,128.0,0.714982151963284
50.0,0.8888889,15.0,2.0,0.717266700662927
50.0,0.8888889,15.0,3.0,0.717266700662927
50.0,0.8888889,15.0,5.0,0.717266700662927
50.0,0.8888889,15.0,8.0,0.717266700662927
50.0,0.8888889,15.0,12.0,0.717266700662927
50.0,0.8888889,15.0,20.0,0.717266700662927
50.0,0.8888889,15.0,32.0,0.717960224375319
50.0,0.8888889,15.0,50.0,0.717572667006629
50.0,0.8888889,15.0,80.0,0.715736868944416
50.0,0.8888889,15.0,128.0,0.715206527281999
50.0,0.8888889,17.0,2.0,0.716817950025497
50.0,0.8888889,17.0,3.0,0.716817950025497
50.0,0.8888889,17.0,5.0,0.716817950025497
50.0,0.8888889,17.0,8.0,0.716817950025497
50.0,0.8888889,17.0,12.0,0.716817950025497
50.0,0.8888889,17.0,20.0,0.716817950025497
50.0,0.8888889,17.0,32.0,0.716817950025497
50.0,0.8888889,17.0,50.0,0.717164711881693
50.0,0.8888889,17.0,80.0,0.716104028556859
50.0,0.8888889,17.0,128.0,0.714737378888322
50.0,0.8888889,20.0,2.0,0.71679755226925
50.0,0.8888889,20.0,3.0,0.71679755226925
50.0,0.8888889,20.0,5.0,0.71679755226925
50.0,0.8888889,20.0,8.0,0.71679755226925
50.0,0.8888889,20.0,12.0,0.71679755226925
50.0,0.8888889,20.0,20.0,0.71679755226925
50.0,0.8888889,20.0,32.0,0.71679755226925
50.0,0.8888889,20.0,50.0,0.717307496175421
50.0,0.8888889,20.0,80.0,0.71577766445691
50.0,0.8888889,20.0,128.0,0.714961754207037
50.0,1.0,1.0,2.0,0.713146353901071
50.0,1.0,1.0,3.0,0.712921978582356
50.0,1.0,1.0,5.0,0.713064762876084
50.0,1.0,1.0,8.0,0.713819479857216
50.0,1.0,1.0,12.0,0.712901580826109
50.0,1.0,1.0,20.0,0.713187149413564
50.0,1.0,1.0,32.0,0.712452830188679
50.0,1.0,1.0,50.0,0.712942376338603
50.0,1.0,1.0,80.0,0.712554818969913
50.0,1.0,1.0,128.0,0.711392146863845
50.0,1.0,3.0,2.0,0.714614992350841
50.0,1.0,3.0,3.0,0.714614992350841
50.0,1.0,3.0,5.0,0.714614992350841
50.0,1.0,3.0,8.0,0.71437021927588
50.0,1.0,3.0,12.0,0.714635390107088
50.0,1.0,3.0,20.0,0.71398266190719
50.0,1.0,3.0,32.0,0.714227434982152
50.0,1.0,3.0,50.0,0.713370729219786
50.0,1.0,3.0,80.0,0.713146353901071
50.0,1.0,3.0,128.0,0.711636919938807
50.0,1.0,5.0,2.0,0.714696583375829
50.0,1.0,5.0,3.0,0.714696583375829
50.0,1.0,5.0,5.0,0.714696583375829
50.0,1.0,5.0,8.0,0.714696583375829
50.0,1.0,5.0,12.0,0.714614992350841
50.0,1.0,5.0,20.0,0.71443141254462
50.0,1.0,5.0,32.0,0.713819479857216
50.0,1.0,5.0,50.0,0.71302396736359
50.0,1.0,5.0,80.0,0.712901580826109
50.0,1.0,5.0,128.0,0.711290158082611
50.0,1.0,7.0,2.0,0.713819479857216
50.0,1.0,7.0,3.0,0.713819479857216
50.0,1.0,7.0,5.0,0.713819479857216
50.0,1.0,7.0,8.0,0.713819479857216
50.0,1.0,7.0,12.0,0.713819479857216
50.0,1.0,7.0,20.0,0.713799082100969
50.0,1.0,7.0,32.0,0.713819479857216
50.0,1.0,7.0,50.0,0.713125956144824
50.0,1.0,7.0,80.0,0.713309535951045
50.0,1.0,7.0,128.0,0.711310555838858
50.0,1.0,9.0,2.0,0.713493115757267
50.0,1.0,9.0,3.0,0.713493115757267
50.0,1.0,9.0,5.0,0.713493115757267
50.0,1.0,9.0,8.0,0.713493115757267
50.0,1.0,9.0,12.0,0.713493115757267
50.0,1.0,9.0,20.0,0.713207547169811
50.0,1.0,9.0,32.0,0.713085160632331
50.0,1.0,9.0,50.0,0.713268740438552
50.0,1.0,9.0,80.0,0.713309535951045
50.0,1.0,9.0,128.0,0.71116777154513
50.0,1.0,11.0,2.0,0.713860275369709
50.0,1.0,11.0,3.0,0.713860275369709
50.0,1.0,11.0,5.0,0.713860275369709
50.0,1.0,11.0,8.0,0.713860275369709
50.0,1.0,11.0,12.0,0.713860275369709
50.0,1.0,11.0,20.0,0.713860275369709
50.0,1.0,11.0,32.0,0.71296277409485
50.0,1.0,11.0,50.0,0.71353391126976
50.0,1.0,11.0,80.0,0.712595614482407
50.0,1.0,11.0,128.0,0.711330953595105
50.0,1.0,13.0,2.0,0.713329933707292
50.0,1.0,13.0,3.0,0.713329933707292
50.0,1.0,13.0,5.0,0.713329933707292
50.0,1.0,13.0,8.0,0.713329933707292
50.0,1.0,13.0,12.0,0.713329933707292
50.0,1.0,13.0,20.0,0.713329933707292
50.0,1.0,13.0,32.0,0.713493115757267
50.0,1.0,13.0,50.0,0.713615502294748
50.0,1.0,13.0,80.0,0.711820499745028
50.0,1.0,13.0,128.0,0.711004589495156
50.0,1.0,15.0,2.0,0.713064762876084
50.0,1.0,15.0,3.0,0.713064762876084
50.0,1.0,15.0,5.0,0.713064762876084
50.0,1.0,15.0,8.0,0.713064762876084
50.0,1.0,15.0,12.0,0.713064762876084
50.0,1.0,15.0,20.0,0.713064762876084
50.0,1.0,15.0,32.0,0.712718001019888
50.0,1.0,15.0,50.0,0.712718001019888
50.0,1.0,15.0,80.0,0.711636919938807
50.0,1.0,15.0,128.0,0.710861805201428
50.0,1.0,17.0,2.0,0.712473227944926
50.0,1.0,17.0,3.0,0.712473227944926
50.0,1.0,17.0,5.0,0.712473227944926
50.0,1.0,17.0,8.0,0.712473227944926
50.0,1.0,17.0,12.0,0.712473227944926
50.0,1.0,17.0,20.0,0.712473227944926
50.0,1.0,17.0,32.0,0.712473227944926
50.0,1.0,17.0,50.0,0.712412034676186
50.0,1.0,17.0,80.0,0.712085670576237
50.0,1.0,17.0,128.0,0.710678225395207
50.0,1.0,20.0,2.0,0.712412034676186
50.0,1.0,20.0,3.0,0.712412034676186
50.0,1.0,20.0,5.0,0.712412034676186
50.0,1.0,20.0,8.0,0.712412034676186
50.0,1.0,20.0,12.0,0.712412034676186
50.0,1.0,20.0,20.0,0.712412034676186
50.0,1.0,20.0,32.0,0.712412034676186
50.0,1.0,20.0,50.0,0.711922488526262
50.0,1.0,20.0,80.0,0.71155532891382
50.0,1.0,20.0,128.0,0.711024987251402
