colsample_bytree,eta,max_depth,reg_lambda,test_acc
0.1,0.0009765625,1.0,0.0009765625,0.699949005609383
0.1,0.0009765625,1.0,0.004556754,0.699602243753187
0.1,0.0009765625,1.0,0.021262344,0.699765425803162
0.1,0.0009765625,1.0,0.099212565,0.699622641509434
0.1,0.0009765625,1.0,0.46293736,0.699989801121877
0.1,0.0009765625,1.0,2.1601195,0.699887812340643
0.1,0.0009765625,1.0,10.079369,0.700214176440592
0.1,0.0009765625,1.0,47.031506,0.699704232534421
0.1,0.0009765625,1.0,219.45445,0.699602243753187
0.1,0.0009765625,1.0,1024.0,0.697684854665987
0.1,0.0009765625,2.0,0.0009765625,0.705823559408465
0.1,0.0009765625,2.0,0.004556754,0.704620091789903
0.1,0.0009765625,2.0,0.021262344,0.703477817440082
0.1,0.0009765625,2.0,0.099212565,0.704987251402346
0.1,0.0009765625,2.0,0.46293736,0.705048444671086
0.1,0.0009765625,2.0,2.1601195,0.705293217746048
0.1,0.0009765625,2.0,10.079369,0.706027536970933
0.1,0.0009765625,2.0,47.031506,0.706027536970933
0.1,0.0009765625,2.0,219.45445,0.705293217746048
0.1,0.0009765625,2.0,1024.0,0.704293727689954
0.1,0.0009765625,3.0,0.0009765625,0.70508924018358
0.1,0.0009765625,3.0,0.004556754,0.705272819989801
0.1,0.0009765625,3.0,0.021262344,0.704946455889852
0.1,0.0009765625,3.0,0.099212565,0.705864354920959
0.1,0.0009765625,3.0,0.46293736,0.704599694033656
0.1,0.0009765625,3.0,2.1601195,0.70745537990821
0.1,0.0009765625,3.0,10.079369,0.707863335033146
0.1,0.0009765625,3.0,47.031506,0.708271290158083
0.1,0.0009765625,3.0,219.45445,0.709393166751657
0.1,0.0009765625,3.0,1024.0,0.708128505864355
0.1,0.0009765625,5.0,0.0009765625,0.700214176440591
0.1,0.0009765625,5.0,0.004556754,0.700724120346762
0.1,0.0009765625,5.0,0.021262344,0.699316675165732
0.1,0.0009765625,5.0,0.099212565,0.700336562978072
0.1,0.0009765625,5.0,0.46293736,0.700458949515553
0.1,0.0009765625,5.0,2.1601195,0.703110657827639
0.1,0.0009765625,5.0,10.079369,0.704110147883733
0.1,0.0009765625,5.0,47.031506,0.705436002039776
0.1,0.0009765625,5.0,219.45445,0.707883732789393
0.1,0.0009765625,5.0,1024.0,0.709637939826619
0.1,0.0009765625,8.0,0.0009765625,0.688505864354921
0.1,0.0009765625,8.0,0.004556754,0.688424273329934
0.1,0.0009765625,8.0,0.021262344,0.68883222845487
0.1,0.0009765625,8.0,0.099212565,0.689750127485977
0.1,0.0009765625,8.0,0.46293736,0.691361550229475
0.1,0.0009765625,8.0,2.1601195,0.692646608873024
0.1,0.0009765625,8.0,10.079369,0.696216216216216
0.1,0.0009765625,8.0,47.031506,0.699214686384498
0.1,0.0009765625,8.0,219.45445,0.702355940846507
0.1,0.0009765625,8.0,1024.0,0.705578786333503
0.1,0.0009765625,13.0,0.0009765625,0.678857725650178
0.1,0.0009765625,13.0,0.004556754,0.679836817950025
0.1,0.0009765625,13.0,0.021262344,0.678837327893932
0.1,0.0009765625,13.0,0.099212565,0.678266190719021
0.1,0.0009765625,13.0,0.46293736,0.680611932687404
0.1,0.0009765625,13.0,2.1601195,0.682345741968384
0.1,0.0009765625,13.0,10.079369,0.684936257011729
0.1,0.0009765625,13.0,47.031506,0.689750127485977
0.1,0.0009765625,13.0,219.45445,0.69586945436002
0.1,0.0009765625,13.0,1024.0,0.703029066802652
0.1,0.0009765625,20.0,0.0009765625,0.672432432432432
0.1,0.0009765625,20.0,0.004556754,0.67302396736359
0.1,0.0009765625,20.0,0.021262344,0.671983681795002
0.1,0.0009765625,20.0,0.099212565,0.672881183069862
0.1,0.0009765625,20.0,0.46293736,0.673839877613463
0.1,0.0009765625,20.0,2.1601195,0.675267720550739
0.1,0.0009765625,20.0,10.079369,0.681183069862315
0.1,0.0009765625,20.0,47.031506,0.68652728199898
0.1,0.0009765625,20.0,219.45445,0.693646098929118
0.1,0.0009765625,20.0,1024.0,0.702906680265171
0.1,0.0009765625,32.0,0.0009765625,0.668087710351861
0.1,0.0009765625,32.0,0.004556754,0.668128505864355
0.1,0.0009765625,32.0,0.021262344,0.668577256501785
0.1,0.0009765625,32.0,0.099212565,0.665945945945946
0.1,0.0009765625,32.0,0.46293736,0.667638959714431
0.1,0.0009765625,32.0,2.1601195,0.673207547169811
0.1,0.0009765625,32.0,10.079369,0.678735339112698
0.1,0.0009765625,32.0,47.031506,0.685548189699133
0.1,0.0009765625,32.0,219.45445,0.693095359510454
0.1,0.0009765625,32.0,1024.0,0.702947475777665
0.1,0.0009765625,50.0,0.0009765625,0.666659867414584
0.1,0.0009765625,50.0,0.004556754,0.663824579296277
0.1,0.0009765625,50.0,0.021262344,0.66419173890872
0.1,0.0009765625,50.0,0.099212565,0.665741968383478
0.1,0.0009765625,50.0,0.46293736,0.667067822539521
0.1,0.0009765625,50.0,2.1601195,0.671371749107598
0.1,0.0009765625,50.0,10.079369,0.680244773074962
0.1,0.0009765625,50.0,47.031506,0.684140744518103
0.1,0.0009765625,50.0,219.45445,0.693013768485467
0.1,0.0009765625,50.0,1024.0,0.70323304436512
0.1,0.0021094917,1.0,0.0009765625,0.699949005609383
0.1,0.0021094917,1.0,0.004556754,0.699602243753187
0.1,0.0021094917,1.0,0.021262344,0.699765425803162
0.1,0.0021094917,1.0,0.099212565,0.699622641509434
0.1,0.0021094917,1.0,0.46293736,0.699989801121877
0.1,0.0021094917,1.0,2.1601195,0.699887812340643
0.1,0.0021094917,1.0,10.079369,0.700214176440592
0.1,0.0021094917,1.0,47.031506,0.699704232534421
0.1,0.0021094917,1.0,219.45445,0.699602243753187
0.1,0.0021094917,1.0,1024.0,0.697684854665987
0.1,0.0021094917,2.0,0.0009765625,0.705823559408465
0.1,0.0021094917,2.0,0.004556754,0.704620091789903
0.1,0.0021094917,2.0,0.021262344,0.703477817440082
0.1,0.0021094917,2.0,0.099212565,0.704987251402346
0.1,0.0021094917,2.0,0.46293736,0.705048444671086
0.1,0.0021094917,2.0,2.1601195,0.705293217746048
0.1,0.0021094917,2.0,10.079369,0.706027536970933
0.1,0.0021094917,2.0,47.031506,0.706027536970933
0.1,0.0021094917,2.0,219.45445,0.705293217746048
0.1,0.0021094917,2.0,1024.0,0.704293727689954
0.1,0.0021094917,3.0,0.0009765625,0.70508924018358
0.1,0.0021094917,3.0,0.004556754,0.705272819989801
0.1,0.0021094917,3.0,0.021262344,0.704946455889852
0.1,0.0021094917,3.0,0.099212565,0.705864354920959
0.1,0.0021094917,3.0,0.46293736,0.704599694033656
0.1,0.0021094917,3.0,2.1601195,0.70745537990821
0.1,0.0021094917,3.0,10.079369,0.707863335033146
0.1,0.0021094917,3.0,47.031506,0.708271290158083
0.1,0.0021094917,3.0,219.45445,0.709393166751657
0.1,0.0021094917,3.0,1024.0,0.708128505864355
0.1,0.0021094917,5.0,0.0009765625,0.700214176440591
0.1,0.0021094917,5.0,0.004556754,0.700724120346762
0.1,0.0021094917,5.0,0.021262344,0.699316675165732
0.1,0.0021094917,5.0,0.099212565,0.700336562978072
0.1,0.0021094917,5.0,0.46293736,0.700458949515553
0.1,0.0021094917,5.0,2.1601195,0.703110657827639
0.1,0.0021094917,5.0,10.079369,0.704110147883733
0.1,0.0021094917,5.0,47.031506,0.705436002039776
0.1,0.0021094917,5.0,219.45445,0.707883732789393
0.1,0.0021094917,5.0,1024.0,0.709637939826619
0.1,0.0021094917,8.0,0.0009765625,0.688505864354921
0.1,0.0021094917,8.0,0.004556754,0.688424273329934
0.1,0.0021094917,8.0,0.021262344,0.68883222845487
0.1,0.0021094917,8.0,0.099212565,0.689750127485977
0.1,0.0021094917,8.0,0.46293736,0.691361550229475
0.1,0.0021094917,8.0,2.1601195,0.692646608873024
0.1,0.0021094917,8.0,10.079369,0.696216216216216
0.1,0.0021094917,8.0,47.031506,0.699214686384498
0.1,0.0021094917,8.0,219.45445,0.702355940846507
0.1,0.0021094917,8.0,1024.0,0.705578786333503
0.1,0.0021094917,13.0,0.0009765625,0.678857725650178
0.1,0.0021094917,13.0,0.004556754,0.679836817950025
0.1,0.0021094917,13.0,0.021262344,0.678837327893932
0.1,0.0021094917,13.0,0.099212565,0.678266190719021
0.1,0.0021094917,13.0,0.46293736,0.680611932687404
0.1,0.0021094917,13.0,2.1601195,0.682345741968384
0.1,0.0021094917,13.0,10.079369,0.684936257011729
0.1,0.0021094917,13.0,47.031506,0.689750127485977
0.1,0.0021094917,13.0,219.45445,0.69586945436002
0.1,0.0021094917,13.0,1024.0,0.703029066802652
0.1,0.0021094917,20.0,0.0009765625,0.672432432432432
0.1,0.0021094917,20.0,0.004556754,0.67302396736359
0.1,0.0021094917,20.0,0.021262344,0.671983681795002
0.1,0.0021094917,20.0,0.099212565,0.672881183069862
0.1,0.0021094917,20.0,0.46293736,0.673839877613463
0.1,0.0021094917,20.0,2.1601195,0.675267720550739
0.1,0.0021094917,20.0,10.079369,0.681183069862315
0.1,0.0021094917,20.0,47.031506,0.68652728199898
0.1,0.0021094917,20.0,219.45445,0.693646098929118
0.1,0.0021094917,20.0,1024.0,0.702906680265171
0.1,0.0021094917,32.0,0.0009765625,0.668087710351861
0.1,0.0021094917,32.0,0.004556754,0.668128505864355
0.1,0.0021094917,32.0,0.021262344,0.668577256501785
0.1,0.0021094917,32.0,0.099212565,0.665945945945946
0.1,0.0021094917,32.0,0.46293736,0.667638959714431
0.1,0.0021094917,32.0,2.1601195,0.673207547169811
0.1,0.0021094917,32.0,10.079369,0.678735339112698
0.1,0.0021094917,32.0,47.031506,0.685548189699133
0.1,0.0021094917,32.0,219.45445,0.693095359510454
0.1,0.0021094917,32.0,1024.0,0.702947475777665
0.1,0.0021094917,50.0,0.0009765625,0.666659867414584
0.1,0.0021094917,50.0,0.004556754,0.663824579296277
0.1,0.0021094917,50.0,0.021262344,0.66419173890872
0.1,0.0021094917,50.0,0.099212565,0.665741968383478
0.1,0.0021094917,50.0,0.46293736,0.667067822539521
0.1,0.0021094917,50.0,2.1601195,0.671371749107598
0.1,0.0021094917,50.0,10.079369,0.680244773074962
0.1,0.0021094917,50.0,47.031506,0.684140744518103
0.1,0.0021094917,50.0,219.45445,0.693013768485467
0.1,0.0021094917,50.0,1024.0,0.70323304436512
0.1,0.004556754,1.0,0.0009765625,0.699949005609383
0.1,0.004556754,1.0,0.004556754,0.699602243753187
0.1,0.004556754,1.0,0.021262344,0.699765425803162
0.1,0.004556754,1.0,0.099212565,0.699622641509434
0.1,0.004556754,1.0,0.46293736,0.699989801121877
0.1,0.004556754,1.0,2.1601195,0.699887812340643
0.1,0.004556754,1.0,10.079369,0.700214176440592
0.1,0.004556754,1.0,47.031506,0.699704232534421
0.1,0.004556754,1.0,219.45445,0.699602243753187
0.1,0.004556754,1.0,1024.0,0.697684854665987
0.1,0.004556754,2.0,0.0009765625,0.705823559408465
0.1,0.004556754,2.0,0.004556754,0.704620091789903
0.1,0.004556754,2.0,0.021262344,0.703477817440082
0.1,0.004556754,2.0,0.099212565,0.704987251402346
0.1,0.004556754,2.0,0.46293736,0.705048444671086
0.1,0.004556754,2.0,2.1601195,0.705293217746048
0.1,0.004556754,2.0,10.079369,0.706027536970933
0.1,0.004556754,2.0,47.031506,0.706027536970933
0.1,0.004556754,2.0,219.45445,0.705293217746048
0.1,0.004556754,2.0,1024.0,0.704293727689954
0.1,0.004556754,3.0,0.0009765625,0.70508924018358
0.1,0.004556754,3.0,0.004556754,0.705272819989801
0.1,0.004556754,3.0,0.021262344,0.704946455889852
0.1,0.004556754,3.0,0.099212565,0.705864354920959
0.1,0.004556754,3.0,0.46293736,0.704599694033656
0.1,0.004556754,3.0,2.1601195,0.70745537990821
0.1,0.004556754,3.0,10.079369,0.707863335033146
0.1,0.004556754,3.0,47.031506,0.708271290158083
0.1,0.004556754,3.0,219.45445,0.709393166751657
0.1,0.004556754,3.0,1024.0,0.708128505864355
0.1,0.004556754,5.0,0.0009765625,0.700214176440591
0.1,0.004556754,5.0,0.004556754,0.700724120346762
0.1,0.004556754,5.0,0.021262344,0.699316675165732
0.1,0.004556754,5.0,0.099212565,0.700336562978072
0.1,0.004556754,5.0,0.46293736,0.700458949515553
0.1,0.004556754,5.0,2.1601195,0.703110657827639
0.1,0.004556754,5.0,10.079369,0.704110147883733
0.1,0.004556754,5.0,47.031506,0.705436002039776
0.1,0.004556754,5.0,219.45445,0.707883732789393
0.1,0.004556754,5.0,1024.0,0.709637939826619
0.1,0.004556754,8.0,0.0009765625,0.688505864354921
0.1,0.004556754,8.0,0.004556754,0.688424273329934
0.1,0.004556754,8.0,0.021262344,0.68883222845487
0.1,0.004556754,8.0,0.099212565,0.689750127485977
0.1,0.004556754,8.0,0.46293736,0.691361550229475
0.1,0.004556754,8.0,2.1601195,0.692646608873024
0.1,0.004556754,8.0,10.079369,0.696216216216216
0.1,0.004556754,8.0,47.031506,0.699214686384498
0.1,0.004556754,8.0,219.45445,0.702355940846507
0.1,0.004556754,8.0,1024.0,0.705578786333503
0.1,0.004556754,13.0,0.0009765625,0.678857725650178
0.1,0.004556754,13.0,0.004556754,0.679836817950025
0.1,0.004556754,13.0,0.021262344,0.678837327893932
0.1,0.004556754,13.0,0.099212565,0.678266190719021
0.1,0.004556754,13.0,0.46293736,0.680611932687404
0.1,0.004556754,13.0,2.1601195,0.682345741968384
0.1,0.004556754,13.0,10.079369,0.684936257011729
0.1,0.004556754,13.0,47.031506,0.689750127485977
0.1,0.004556754,13.0,219.45445,0.69586945436002
0.1,0.004556754,13.0,1024.0,0.703029066802652
0.1,0.004556754,20.0,0.0009765625,0.672432432432432
0.1,0.004556754,20.0,0.004556754,0.67302396736359
0.1,0.004556754,20.0,0.021262344,0.671983681795002
0.1,0.004556754,20.0,0.099212565,0.672881183069862
0.1,0.004556754,20.0,0.46293736,0.673839877613463
0.1,0.004556754,20.0,2.1601195,0.675267720550739
0.1,0.004556754,20.0,10.079369,0.681183069862315
0.1,0.004556754,20.0,47.031506,0.68652728199898
0.1,0.004556754,20.0,219.45445,0.693646098929118
0.1,0.004556754,20.0,1024.0,0.702906680265171
0.1,0.004556754,32.0,0.0009765625,0.668087710351861
0.1,0.004556754,32.0,0.004556754,0.668128505864355
0.1,0.004556754,32.0,0.021262344,0.668577256501785
0.1,0.004556754,32.0,0.099212565,0.665945945945946
0.1,0.004556754,32.0,0.46293736,0.667638959714431
0.1,0.004556754,32.0,2.1601195,0.673207547169811
0.1,0.004556754,32.0,10.079369,0.678735339112698
0.1,0.004556754,32.0,47.031506,0.685548189699133
0.1,0.004556754,32.0,219.45445,0.693095359510454
0.1,0.004556754,32.0,1024.0,0.702947475777665
0.1,0.004556754,50.0,0.0009765625,0.666659867414584
0.1,0.004556754,50.0,0.004556754,0.663824579296277
0.1,0.004556754,50.0,0.021262344,0.66419173890872
0.1,0.004556754,50.0,0.099212565,0.665741968383478
0.1,0.004556754,50.0,0.46293736,0.667067822539521
0.1,0.004556754,50.0,2.1601195,0.671371749107598
0.1,0.004556754,50.0,10.079369,0.680244773074962
0.1,0.004556754,50.0,47.031506,0.684140744518103
0.1,0.004556754,50.0,219.45445,0.693013768485467
0.1,0.004556754,50.0,1024.0,0.70323304436512
0.1,0.009843133,1.0,0.0009765625,0.699949005609383
0.1,0.009843133,1.0,0.004556754,0.699602243753187
0.1,0.009843133,1.0,0.021262344,0.699765425803162
0.1,0.009843133,1.0,0.099212565,0.699622641509434
0.1,0.009843133,1.0,0.46293736,0.699989801121877
0.1,0.009843133,1.0,2.1601195,0.699887812340643
0.1,0.009843133,1.0,10.079369,0.700214176440592
0.1,0.009843133,1.0,47.031506,0.699704232534421
0.1,0.009843133,1.0,219.45445,0.699602243753187
0.1,0.009843133,1.0,1024.0,0.697684854665987
0.1,0.009843133,2.0,0.0009765625,0.705823559408465
0.1,0.009843133,2.0,0.004556754,0.704620091789903
0.1,0.009843133,2.0,0.021262344,0.703477817440082
0.1,0.009843133,2.0,0.099212565,0.704987251402346
0.1,0.009843133,2.0,0.46293736,0.705048444671086
0.1,0.009843133,2.0,2.1601195,0.705293217746048
0.1,0.009843133,2.0,10.079369,0.706027536970933
0.1,0.009843133,2.0,47.031506,0.706027536970933
0.1,0.009843133,2.0,219.45445,0.705293217746048
0.1,0.009843133,2.0,1024.0,0.704293727689954
0.1,0.009843133,3.0,0.0009765625,0.70508924018358
0.1,0.009843133,3.0,0.004556754,0.705272819989801
0.1,0.009843133,3.0,0.021262344,0.704946455889852
0.1,0.009843133,3.0,0.099212565,0.705864354920959
0.1,0.009843133,3.0,0.46293736,0.704599694033656
0.1,0.009843133,3.0,2.1601195,0.70745537990821
0.1,0.009843133,3.0,10.079369,0.707863335033146
0.1,0.009843133,3.0,47.031506,0.708271290158083
0.1,0.009843133,3.0,219.45445,0.709393166751657
0.1,0.009843133,3.0,1024.0,0.708128505864355
0.1,0.009843133,5.0,0.0009765625,0.700214176440591
0.1,0.009843133,5.0,0.004556754,0.700724120346762
0.1,0.009843133,5.0,0.021262344,0.699316675165732
0.1,0.009843133,5.0,0.099212565,0.700336562978072
0.1,0.009843133,5.0,0.46293736,0.700458949515553
0.1,0.009843133,5.0,2.1601195,0.703110657827639
0.1,0.009843133,5.0,10.079369,0.704110147883733
0.1,0.009843133,5.0,47.031506,0.705436002039776
0.1,0.009843133,5.0,219.45445,0.707883732789393
0.1,0.009843133,5.0,1024.0,0.709637939826619
0.1,0.009843133,8.0,0.0009765625,0.688505864354921
0.1,0.009843133,8.0,0.004556754,0.688424273329934
0.1,0.009843133,8.0,0.021262344,0.68883222845487
0.1,0.009843133,8.0,0.099212565,0.689750127485977
0.1,0.009843133,8.0,0.46293736,0.691361550229475
0.1,0.009843133,8.0,2.1601195,0.692646608873024
0.1,0.009843133,8.0,10.079369,0.696216216216216
0.1,0.009843133,8.0,47.031506,0.699214686384498
0.1,0.009843133,8.0,219.45445,0.702355940846507
0.1,0.009843133,8.0,1024.0,0.705578786333503
0.1,0.009843133,13.0,0.0009765625,0.678857725650178
0.1,0.009843133,13.0,0.004556754,0.679836817950025
0.1,0.009843133,13.0,0.021262344,0.678837327893932
0.1,0.009843133,13.0,0.099212565,0.678266190719021
0.1,0.009843133,13.0,0.46293736,0.680611932687404
0.1,0.009843133,13.0,2.1601195,0.682345741968384
0.1,0.009843133,13.0,10.079369,0.684936257011729
0.1,0.009843133,13.0,47.031506,0.689750127485977
0.1,0.009843133,13.0,219.45445,0.69586945436002
0.1,0.009843133,13.0,1024.0,0.703029066802652
0.1,0.009843133,20.0,0.0009765625,0.672432432432432
0.1,0.009843133,20.0,0.004556754,0.67302396736359
0.1,0.009843133,20.0,0.021262344,0.671983681795002
0.1,0.009843133,20.0,0.099212565,0.672881183069862
0.1,0.009843133,20.0,0.46293736,0.673839877613463
0.1,0.009843133,20.0,2.1601195,0.675267720550739
0.1,0.009843133,20.0,10.079369,0.681183069862315
0.1,0.009843133,20.0,47.031506,0.68652728199898
0.1,0.009843133,20.0,219.45445,0.693646098929118
0.1,0.009843133,20.0,1024.0,0.702906680265171
0.1,0.009843133,32.0,0.0009765625,0.668087710351861
0.1,0.009843133,32.0,0.004556754,0.668128505864355
0.1,0.009843133,32.0,0.021262344,0.668577256501785
0.1,0.009843133,32.0,0.099212565,0.665945945945946
0.1,0.009843133,32.0,0.46293736,0.667638959714431
0.1,0.009843133,32.0,2.1601195,0.673207547169811
0.1,0.009843133,32.0,10.079369,0.678735339112698
0.1,0.009843133,32.0,47.031506,0.685548189699133
0.1,0.009843133,32.0,219.45445,0.693095359510454
0.1,0.009843133,32.0,1024.0,0.702947475777665
0.1,0.009843133,50.0,0.0009765625,0.666659867414584
0.1,0.009843133,50.0,0.004556754,0.663824579296277
0.1,0.009843133,50.0,0.021262344,0.66419173890872
0.1,0.009843133,50.0,0.099212565,0.665741968383478
0.1,0.009843133,50.0,0.46293736,0.667067822539521
0.1,0.009843133,50.0,2.1601195,0.671371749107598
0.1,0.009843133,50.0,10.079369,0.680244773074962
0.1,0.009843133,50.0,47.031506,0.684140744518103
0.1,0.009843133,50.0,219.45445,0.693013768485467
0.1,0.009843133,50.0,1024.0,0.70323304436512
0.1,0.021262344,1.0,0.0009765625,0.699949005609383
0.1,0.021262344,1.0,0.004556754,0.699602243753187
0.1,0.021262344,1.0,0.021262344,0.699765425803162
0.1,0.021262344,1.0,0.099212565,0.699622641509434
0.1,0.021262344,1.0,0.46293736,0.699989801121877
0.1,0.021262344,1.0,2.1601195,0.699887812340643
0.1,0.021262344,1.0,10.079369,0.700214176440592
0.1,0.021262344,1.0,47.031506,0.699704232534421
0.1,0.021262344,1.0,219.45445,0.699602243753187
0.1,0.021262344,1.0,1024.0,0.697684854665987
0.1,0.021262344,2.0,0.0009765625,0.705823559408465
0.1,0.021262344,2.0,0.004556754,0.704620091789903
0.1,0.021262344,2.0,0.021262344,0.703477817440082
0.1,0.021262344,2.0,0.099212565,0.704987251402346
0.1,0.021262344,2.0,0.46293736,0.705048444671086
0.1,0.021262344,2.0,2.1601195,0.705293217746048
0.1,0.021262344,2.0,10.079369,0.706027536970933
0.1,0.021262344,2.0,47.031506,0.706027536970933
0.1,0.021262344,2.0,219.45445,0.705293217746048
0.1,0.021262344,2.0,1024.0,0.704293727689954
0.1,0.021262344,3.0,0.0009765625,0.70508924018358
0.1,0.021262344,3.0,0.004556754,0.705272819989801
0.1,0.021262344,3.0,0.021262344,0.704946455889852
0.1,0.021262344,3.0,0.099212565,0.705864354920959
0.1,0.021262344,3.0,0.46293736,0.704599694033656
0.1,0.021262344,3.0,2.1601195,0.70745537990821
0.1,0.021262344,3.0,10.079369,0.707863335033146
0.1,0.021262344,3.0,47.031506,0.708271290158083
0.1,0.021262344,3.0,219.45445,0.709393166751657
0.1,0.021262344,3.0,1024.0,0.708128505864355
0.1,0.021262344,5.0,0.0009765625,0.700214176440591
0.1,0.021262344,5.0,0.004556754,0.700724120346762
0.1,0.021262344,5.0,0.021262344,0.699316675165732
0.1,0.021262344,5.0,0.099212565,0.700336562978072
0.1,0.021262344,5.0,0.46293736,0.700458949515553
0.1,0.021262344,5.0,2.1601195,0.703110657827639
0.1,0.021262344,5.0,10.079369,0.704110147883733
0.1,0.021262344,5.0,47.031506,0.705436002039776
0.1,0.021262344,5.0,219.45445,0.707883732789393
0.1,0.021262344,5.0,1024.0,0.709637939826619
0.1,0.021262344,8.0,0.0009765625,0.688505864354921
0.1,0.021262344,8.0,0.004556754,0.688424273329934
0.1,0.021262344,8.0,0.021262344,0.68883222845487
0.1,0.021262344,8.0,0.099212565,0.689750127485977
0.1,0.021262344,8.0,0.46293736,0.691361550229475
0.1,0.021262344,8.0,2.1601195,0.692646608873024
0.1,0.021262344,8.0,10.079369,0.696216216216216
0.1,0.021262344,8.0,47.031506,0.699214686384498
0.1,0.021262344,8.0,219.45445,0.702355940846507
0.1,0.021262344,8.0,1024.0,0.705578786333503
0.1,0.021262344,13.0,0.0009765625,0.678857725650178
0.1,0.021262344,13.0,0.004556754,0.679836817950025
0.1,0.021262344,13.0,0.021262344,0.678837327893932
0.1,0.021262344,13.0,0.099212565,0.678266190719021
0.1,0.021262344,13.0,0.46293736,0.680611932687404
0.1,0.021262344,13.0,2.1601195,0.682345741968384
0.1,0.021262344,13.0,10.079369,0.684936257011729
0.1,0.021262344,13.0,47.031506,0.689750127485977
0.1,0.021262344,13.0,219.45445,0.69586945436002
0.1,0.021262344,13.0,1024.0,0.703029066802652
0.1,0.021262344,20.0,0.0009765625,0.672432432432432
0.1,0.021262344,20.0,0.004556754,0.67302396736359
0.1,0.021262344,20.0,0.021262344,0.671983681795002
0.1,0.021262344,20.0,0.099212565,0.672881183069862
0.1,0.021262344,20.0,0.46293736,0.673839877613463
0.1,0.021262344,20.0,2.1601195,0.675267720550739
0.1,0.021262344,20.0,10.079369,0.681183069862315
0.1,0.021262344,20.0,47.031506,0.68652728199898
0.1,0.021262344,20.0,219.45445,0.693646098929118
0.1,0.021262344,20.0,1024.0,0.702906680265171
0.1,0.021262344,32.0,0.0009765625,0.668087710351861
0.1,0.021262344,32.0,0.004556754,0.668128505864355
0.1,0.021262344,32.0,0.021262344,0.668577256501785
0.1,0.021262344,32.0,0.099212565,0.665945945945946
0.1,0.021262344,32.0,0.46293736,0.667638959714431
0.1,0.021262344,32.0,2.1601195,0.673207547169811
0.1,0.021262344,32.0,10.079369,0.678735339112698
0.1,0.021262344,32.0,47.031506,0.685548189699133
0.1,0.021262344,32.0,219.45445,0.693095359510454
0.1,0.021262344,32.0,1024.0,0.702947475777665
0.1,0.021262344,50.0,0.0009765625,0.666659867414584
0.1,0.021262344,50.0,0.004556754,0.663824579296277
0.1,0.021262344,50.0,0.021262344,0.66419173890872
0.1,0.021262344,50.0,0.099212565,0.665741968383478
0.1,0.021262344,50.0,0.46293736,0.667067822539521
0.1,0.021262344,50.0,2.1601195,0.671371749107598
0.1,0.021262344,50.0,10.079369,0.680244773074962
0.1,0.021262344,50.0,47.031506,0.684140744518103
0.1,0.021262344,50.0,219.45445,0.693013768485467
0.1,0.021262344,50.0,1024.0,0.70323304436512
0.1,0.045929205,1.0,0.0009765625,0.699949005609383
0.1,0.045929205,1.0,0.004556754,0.699602243753187
0.1,0.045929205,1.0,0.021262344,0.699765425803162
0.1,0.045929205,1.0,0.099212565,0.699622641509434
0.1,0.045929205,1.0,0.46293736,0.699989801121877
0.1,0.045929205,1.0,2.1601195,0.699887812340643
0.1,0.045929205,1.0,10.079369,0.700214176440592
0.1,0.045929205,1.0,47.031506,0.699704232534421
0.1,0.045929205,1.0,219.45445,0.699602243753187
0.1,0.045929205,1.0,1024.0,0.697684854665987
0.1,0.045929205,2.0,0.0009765625,0.705823559408465
0.1,0.045929205,2.0,0.004556754,0.704620091789903
0.1,0.045929205,2.0,0.021262344,0.703477817440082
0.1,0.045929205,2.0,0.099212565,0.704987251402346
0.1,0.045929205,2.0,0.46293736,0.705048444671086
0.1,0.045929205,2.0,2.1601195,0.705293217746048
0.1,0.045929205,2.0,10.079369,0.706027536970933
0.1,0.045929205,2.0,47.031506,0.706027536970933
0.1,0.045929205,2.0,219.45445,0.705293217746048
0.1,0.045929205,2.0,1024.0,0.704293727689954
0.1,0.045929205,3.0,0.0009765625,0.70508924018358
0.1,0.045929205,3.0,0.004556754,0.705272819989801
0.1,0.045929205,3.0,0.021262344,0.704946455889852
0.1,0.045929205,3.0,0.099212565,0.705864354920959
0.1,0.045929205,3.0,0.46293736,0.704599694033656
0.1,0.045929205,3.0,2.1601195,0.70745537990821
0.1,0.045929205,3.0,10.079369,0.707863335033146
0.1,0.045929205,3.0,47.031506,0.708271290158083
0.1,0.045929205,3.0,219.45445,0.709393166751657
0.1,0.045929205,3.0,1024.0,0.708128505864355
0.1,0.045929205,5.0,0.0009765625,0.700214176440591
0.1,0.045929205,5.0,0.004556754,0.700724120346762
0.1,0.045929205,5.0,0.021262344,0.699316675165732
0.1,0.045929205,5.0,0.099212565,0.700336562978072
0.1,0.045929205,5.0,0.46293736,0.700458949515553
0.1,0.045929205,5.0,2.1601195,0.703110657827639
0.1,0.045929205,5.0,10.079369,0.704110147883733
0.1,0.045929205,5.0,47.031506,0.705436002039776
0.1,0.045929205,5.0,219.45445,0.707883732789393
0.1,0.045929205,5.0,1024.0,0.709637939826619
0.1,0.045929205,8.0,0.0009765625,0.688505864354921
0.1,0.045929205,8.0,0.004556754,0.688424273329934
0.1,0.045929205,8.0,0.021262344,0.68883222845487
0.1,0.045929205,8.0,0.099212565,0.689750127485977
0.1,0.045929205,8.0,0.46293736,0.691361550229475
0.1,0.045929205,8.0,2.1601195,0.692646608873024
0.1,0.045929205,8.0,10.079369,0.696216216216216
0.1,0.045929205,8.0,47.031506,0.699214686384498
0.1,0.045929205,8.0,219.45445,0.702355940846507
0.1,0.045929205,8.0,1024.0,0.705578786333503
0.1,0.045929205,13.0,0.0009765625,0.678857725650178
0.1,0.045929205,13.0,0.004556754,0.679836817950025
0.1,0.045929205,13.0,0.021262344,0.678837327893932
0.1,0.045929205,13.0,0.099212565,0.678266190719021
0.1,0.045929205,13.0,0.46293736,0.680611932687404
0.1,0.045929205,13.0,2.1601195,0.682345741968384
0.1,0.045929205,13.0,10.079369,0.684936257011729
0.1,0.045929205,13.0,47.031506,0.689750127485977
0.1,0.045929205,13.0,219.45445,0.69586945436002
0.1,0.045929205,13.0,1024.0,0.703029066802652
0.1,0.045929205,20.0,0.0009765625,0.672432432432432
0.1,0.045929205,20.0,0.004556754,0.67302396736359
0.1,0.045929205,20.0,0.021262344,0.671983681795002
0.1,0.045929205,20.0,0.099212565,0.672881183069862
0.1,0.045929205,20.0,0.46293736,0.673839877613463
0.1,0.045929205,20.0,2.1601195,0.675267720550739
0.1,0.045929205,20.0,10.079369,0.681183069862315
0.1,0.045929205,20.0,47.031506,0.68652728199898
0.1,0.045929205,20.0,219.45445,0.693646098929118
0.1,0.045929205,20.0,1024.0,0.702906680265171
0.1,0.045929205,32.0,0.0009765625,0.668087710351861
0.1,0.045929205,32.0,0.004556754,0.668128505864355
0.1,0.045929205,32.0,0.021262344,0.668577256501785
0.1,0.045929205,32.0,0.099212565,0.665945945945946
0.1,0.045929205,32.0,0.46293736,0.667638959714431
0.1,0.045929205,32.0,2.1601195,0.673207547169811
0.1,0.045929205,32.0,10.079369,0.678735339112698
0.1,0.045929205,32.0,47.031506,0.685548189699133
0.1,0.045929205,32.0,219.45445,0.693095359510454
0.1,0.045929205,32.0,1024.0,0.702947475777665
0.1,0.045929205,50.0,0.0009765625,0.666659867414584
0.1,0.045929205,50.0,0.004556754,0.663824579296277
0.1,0.045929205,50.0,0.021262344,0.66419173890872
0.1,0.045929205,50.0,0.099212565,0.665741968383478
0.1,0.045929205,50.0,0.46293736,0.667067822539521
0.1,0.045929205,50.0,2.1601195,0.671371749107598
0.1,0.045929205,50.0,10.079369,0.680244773074962
0.1,0.045929205,50.0,47.031506,0.684140744518103
0.1,0.045929205,50.0,219.45445,0.693013768485467
0.1,0.045929205,50.0,1024.0,0.70323304436512
0.1,0.099212565,1.0,0.0009765625,0.699949005609383
0.1,0.099212565,1.0,0.004556754,0.699602243753187
0.1,0.099212565,1.0,0.021262344,0.699765425803162
0.1,0.099212565,1.0,0.099212565,0.699622641509434
0.1,0.099212565,1.0,0.46293736,0.699989801121877
0.1,0.099212565,1.0,2.1601195,0.699887812340643
0.1,0.099212565,1.0,10.079369,0.700214176440592
0.1,0.099212565,1.0,47.031506,0.699704232534421
0.1,0.099212565,1.0,219.45445,0.699602243753187
0.1,0.099212565,1.0,1024.0,0.697684854665987
0.1,0.099212565,2.0,0.0009765625,0.705823559408465
0.1,0.099212565,2.0,0.004556754,0.704620091789903
0.1,0.099212565,2.0,0.021262344,0.703477817440082
0.1,0.099212565,2.0,0.099212565,0.704987251402346
0.1,0.099212565,2.0,0.46293736,0.705048444671086
0.1,0.099212565,2.0,2.1601195,0.705293217746048
0.1,0.099212565,2.0,10.079369,0.706027536970933
0.1,0.099212565,2.0,47.031506,0.706027536970933
0.1,0.099212565,2.0,219.45445,0.705293217746048
0.1,0.099212565,2.0,1024.0,0.704293727689954
0.1,0.099212565,3.0,0.0009765625,0.70508924018358
0.1,0.099212565,3.0,0.004556754,0.705272819989801
0.1,0.099212565,3.0,0.021262344,0.704946455889852
0.1,0.099212565,3.0,0.099212565,0.705864354920959
0.1,0.099212565,3.0,0.46293736,0.704599694033656
0.1,0.099212565,3.0,2.1601195,0.70745537990821
0.1,0.099212565,3.0,10.079369,0.707863335033146
0.1,0.099212565,3.0,47.031506,0.708271290158083
0.1,0.099212565,3.0,219.45445,0.709393166751657
0.1,0.099212565,3.0,1024.0,0.708128505864355
0.1,0.099212565,5.0,0.0009765625,0.700214176440591
0.1,0.099212565,5.0,0.004556754,0.700724120346762
0.1,0.099212565,5.0,0.021262344,0.699316675165732
0.1,0.099212565,5.0,0.099212565,0.700336562978072
0.1,0.099212565,5.0,0.46293736,0.700458949515553
0.1,0.099212565,5.0,2.1601195,0.703110657827639
0.1,0.099212565,5.0,10.079369,0.704110147883733
0.1,0.099212565,5.0,47.031506,0.705436002039776
0.1,0.099212565,5.0,219.45445,0.707883732789393
0.1,0.099212565,5.0,1024.0,0.709637939826619
0.1,0.099212565,8.0,0.0009765625,0.688505864354921
0.1,0.099212565,8.0,0.004556754,0.688424273329934
0.1,0.099212565,8.0,0.021262344,0.68883222845487
0.1,0.099212565,8.0,0.099212565,0.689750127485977
0.1,0.099212565,8.0,0.46293736,0.691361550229475
0.1,0.099212565,8.0,2.1601195,0.692646608873024
0.1,0.099212565,8.0,10.079369,0.696216216216216
0.1,0.099212565,8.0,47.031506,0.699214686384498
0.1,0.099212565,8.0,219.45445,0.702355940846507
0.1,0.099212565,8.0,1024.0,0.705578786333503
0.1,0.099212565,13.0,0.0009765625,0.678857725650178
0.1,0.099212565,13.0,0.004556754,0.679836817950025
0.1,0.099212565,13.0,0.021262344,0.678837327893932
0.1,0.099212565,13.0,0.099212565,0.678266190719021
0.1,0.099212565,13.0,0.46293736,0.680611932687404
0.1,0.099212565,13.0,2.1601195,0.682345741968384
0.1,0.099212565,13.0,10.079369,0.684936257011729
0.1,0.099212565,13.0,47.031506,0.689750127485977
0.1,0.099212565,13.0,219.45445,0.69586945436002
0.1,0.099212565,13.0,1024.0,0.703029066802652
0.1,0.099212565,20.0,0.0009765625,0.672432432432432
0.1,0.099212565,20.0,0.004556754,0.67302396736359
0.1,0.099212565,20.0,0.021262344,0.671983681795002
0.1,0.099212565,20.0,0.099212565,0.672881183069862
0.1,0.099212565,20.0,0.46293736,0.673839877613463
0.1,0.099212565,20.0,2.1601195,0.675267720550739
0.1,0.099212565,20.0,10.079369,0.681183069862315
0.1,0.099212565,20.0,47.031506,0.68652728199898
0.1,0.099212565,20.0,219.45445,0.693646098929118
0.1,0.099212565,20.0,1024.0,0.702906680265171
0.1,0.099212565,32.0,0.0009765625,0.668087710351861
0.1,0.099212565,32.0,0.004556754,0.668128505864355
0.1,0.099212565,32.0,0.021262344,0.668577256501785
0.1,0.099212565,32.0,0.099212565,0.665945945945946
0.1,0.099212565,32.0,0.46293736,0.667638959714431
0.1,0.099212565,32.0,2.1601195,0.673207547169811
0.1,0.099212565,32.0,10.079369,0.678735339112698
0.1,0.099212565,32.0,47.031506,0.685548189699133
0.1,0.099212565,32.0,219.45445,0.693095359510454
0.1,0.099212565,32.0,1024.0,0.702947475777665
0.1,0.099212565,50.0,0.0009765625,0.666659867414584
0.1,0.099212565,50.0,0.004556754,0.663824579296277
0.1,0.099212565,50.0,0.021262344,0.66419173890872
0.1,0.099212565,50.0,0.099212565,0.665741968383478
0.1,0.099212565,50.0,0.46293736,0.667067822539521
0.1,0.099212565,50.0,2.1601195,0.671371749107598
0.1,0.099212565,50.0,10.079369,0.680244773074962
0.1,0.099212565,50.0,47.031506,0.684140744518103
0.1,0.099212565,50.0,219.45445,0.693013768485467
0.1,0.099212565,50.0,1024.0,0.70323304436512
0.1,0.21431099,1.0,0.0009765625,0.699949005609383
0.1,0.21431099,1.0,0.004556754,0.699602243753187
0.1,0.21431099,1.0,0.021262344,0.699765425803162
0.1,0.21431099,1.0,0.099212565,0.699622641509434
0.1,0.21431099,1.0,0.46293736,0.699989801121877
0.1,0.21431099,1.0,2.1601195,0.699887812340643
0.1,0.21431099,1.0,10.079369,0.700214176440592
0.1,0.21431099,1.0,47.031506,0.699704232534421
0.1,0.21431099,1.0,219.45445,0.699602243753187
0.1,0.21431099,1.0,1024.0,0.697684854665987
0.1,0.21431099,2.0,0.0009765625,0.705823559408465
0.1,0.21431099,2.0,0.004556754,0.704620091789903
0.1,0.21431099,2.0,0.021262344,0.703477817440082
0.1,0.21431099,2.0,0.099212565,0.704987251402346
0.1,0.21431099,2.0,0.46293736,0.705048444671086
0.1,0.21431099,2.0,2.1601195,0.705293217746048
0.1,0.21431099,2.0,10.079369,0.706027536970933
0.1,0.21431099,2.0,47.031506,0.706027536970933
0.1,0.21431099,2.0,219.45445,0.705293217746048
0.1,0.21431099,2.0,1024.0,0.704293727689954
0.1,0.21431099,3.0,0.0009765625,0.70508924018358
0.1,0.21431099,3.0,0.004556754,0.705272819989801
0.1,0.21431099,3.0,0.021262344,0.704946455889852
0.1,0.21431099,3.0,0.099212565,0.705864354920959
0.1,0.21431099,3.0,0.46293736,0.704599694033656
0.1,0.21431099,3.0,2.1601195,0.70745537990821
0.1,0.21431099,3.0,10.079369,0.707863335033146
0.1,0.21431099,3.0,47.031506,0.708271290158083
0.1,0.21431099,3.0,219.45445,0.709393166751657
0.1,0.21431099,3.0,1024.0,0.708128505864355
0.1,0.21431099,5.0,0.0009765625,0.700214176440591
0.1,0.21431099,5.0,0.004556754,0.700724120346762
0.1,0.21431099,5.0,0.021262344,0.699316675165732
0.1,0.21431099,5.0,0.099212565,0.700336562978072
0.1,0.21431099,5.0,0.46293736,0.700458949515553
0.1,0.21431099,5.0,2.1601195,0.703110657827639
0.1,0.21431099,5.0,10.079369,0.704110147883733
0.1,0.21431099,5.0,47.031506,0.705436002039776
0.1,0.21431099,5.0,219.45445,0.707883732789393
0.1,0.21431099,5.0,1024.0,0.709637939826619
0.1,0.21431099,8.0,0.0009765625,0.688505864354921
0.1,0.21431099,8.0,0.004556754,0.688424273329934
0.1,0.21431099,8.0,0.021262344,0.68883222845487
0.1,0.21431099,8.0,0.099212565,0.689750127485977
0.1,0.21431099,8.0,0.46293736,0.691361550229475
0.1,0.21431099,8.0,2.1601195,0.692646608873024
0.1,0.21431099,8.0,10.079369,0.696216216216216
0.1,0.21431099,8.0,47.031506,0.699214686384498
0.1,0.21431099,8.0,219.45445,0.702355940846507
0.1,0.21431099,8.0,1024.0,0.705578786333503
0.1,0.21431099,13.0,0.0009765625,0.678857725650178
0.1,0.21431099,13.0,0.004556754,0.679836817950025
0.1,0.21431099,13.0,0.021262344,0.678837327893932
0.1,0.21431099,13.0,0.099212565,0.678266190719021
0.1,0.21431099,13.0,0.46293736,0.680611932687404
0.1,0.21431099,13.0,2.1601195,0.682345741968384
0.1,0.21431099,13.0,10.079369,0.684936257011729
0.1,0.21431099,13.0,47.031506,0.689750127485977
0.1,0.21431099,13.0,219.45445,0.69586945436002
0.1,0.21431099,13.0,1024.0,0.703029066802652
0.1,0.21431099,20.0,0.0009765625,0.672432432432432
0.1,0.21431099,20.0,0.004556754,0.67302396736359
0.1,0.21431099,20.0,0.021262344,0.671983681795002
0.1,0.21431099,20.0,0.099212565,0.672881183069862
0.1,0.21431099,20.0,0.46293736,0.673839877613463
0.1,0.21431099,20.0,2.1601195,0.675267720550739
0.1,0.21431099,20.0,10.079369,0.681183069862315
0.1,0.21431099,20.0,47.031506,0.68652728199898
0.1,0.21431099,20.0,219.45445,0.693646098929118
0.1,0.21431099,20.0,1024.0,0.702906680265171
0.1,0.21431099,32.0,0.0009765625,0.668087710351861
0.1,0.21431099,32.0,0.004556754,0.668128505864355
0.1,0.21431099,32.0,0.021262344,0.668577256501785
0.1,0.21431099,32.0,0.099212565,0.665945945945946
0.1,0.21431099,32.0,0.46293736,0.667638959714431
0.1,0.21431099,32.0,2.1601195,0.673207547169811
0.1,0.21431099,32.0,10.079369,0.678735339112698
0.1,0.21431099,32.0,47.031506,0.685548189699133
0.1,0.21431099,32.0,219.45445,0.693095359510454
0.1,0.21431099,32.0,1024.0,0.702947475777665
0.1,0.21431099,50.0,0.0009765625,0.666659867414584
0.1,0.21431099,50.0,0.004556754,0.663824579296277
0.1,0.21431099,50.0,0.021262344,0.66419173890872
0.1,0.21431099,50.0,0.099212565,0.665741968383478
0.1,0.21431099,50.0,0.46293736,0.667067822539521
0.1,0.21431099,50.0,2.1601195,0.671371749107598
0.1,0.21431099,50.0,10.079369,0.680244773074962
0.1,0.21431099,50.0,47.031506,0.684140744518103
0.1,0.21431099,50.0,219.45445,0.693013768485467
0.1,0.21431099,50.0,1024.0,0.70323304436512
0.1,0.46293736,1.0,0.0009765625,0.699949005609383
0.1,0.46293736,1.0,0.004556754,0.699602243753187
0.1,0.46293736,1.0,0.021262344,0.699765425803162
0.1,0.46293736,1.0,0.099212565,0.699622641509434
0.1,0.46293736,1.0,0.46293736,0.699989801121877
0.1,0.46293736,1.0,2.1601195,0.699887812340643
0.1,0.46293736,1.0,10.079369,0.700214176440592
0.1,0.46293736,1.0,47.031506,0.699704232534421
0.1,0.46293736,1.0,219.45445,0.699602243753187
0.1,0.46293736,1.0,1024.0,0.697684854665987
0.1,0.46293736,2.0,0.0009765625,0.705823559408465
0.1,0.46293736,2.0,0.004556754,0.704620091789903
0.1,0.46293736,2.0,0.021262344,0.703477817440082
0.1,0.46293736,2.0,0.099212565,0.704987251402346
0.1,0.46293736,2.0,0.46293736,0.705048444671086
0.1,0.46293736,2.0,2.1601195,0.705293217746048
0.1,0.46293736,2.0,10.079369,0.706027536970933
0.1,0.46293736,2.0,47.031506,0.706027536970933
0.1,0.46293736,2.0,219.45445,0.705293217746048
0.1,0.46293736,2.0,1024.0,0.704293727689954
0.1,0.46293736,3.0,0.0009765625,0.70508924018358
0.1,0.46293736,3.0,0.004556754,0.705272819989801
0.1,0.46293736,3.0,0.021262344,0.704946455889852
0.1,0.46293736,3.0,0.099212565,0.705864354920959
0.1,0.46293736,3.0,0.46293736,0.704599694033656
0.1,0.46293736,3.0,2.1601195,0.70745537990821
0.1,0.46293736,3.0,10.079369,0.707863335033146
0.1,0.46293736,3.0,47.031506,0.708271290158083
0.1,0.46293736,3.0,219.45445,0.709393166751657
0.1,0.46293736,3.0,1024.0,0.708128505864355
0.1,0.46293736,5.0,0.0009765625,0.700214176440591
0.1,0.46293736,5.0,0.004556754,0.700724120346762
0.1,0.46293736,5.0,0.021262344,0.699316675165732
0.1,0.46293736,5.0,0.099212565,0.700336562978072
0.1,0.46293736,5.0,0.46293736,0.700458949515553
0.1,0.46293736,5.0,2.1601195,0.703110657827639
0.1,0.46293736,5.0,10.079369,0.704110147883733
0.1,0.46293736,5.0,47.031506,0.705436002039776
0.1,0.46293736,5.0,219.45445,0.707883732789393
0.1,0.46293736,5.0,1024.0,0.709637939826619
0.1,0.46293736,8.0,0.0009765625,0.688505864354921
0.1,0.46293736,8.0,0.004556754,0.688424273329934
0.1,0.46293736,8.0,0.021262344,0.68883222845487
0.1,0.46293736,8.0,0.099212565,0.689750127485977
0.1,0.46293736,8.0,0.46293736,0.691361550229475
0.1,0.46293736,8.0,2.1601195,0.692646608873024
0.1,0.46293736,8.0,10.079369,0.696216216216216
0.1,0.46293736,8.0,47.031506,0.699214686384498
0.1,0.46293736,8.0,219.45445,0.702355940846507
0.1,0.46293736,8.0,1024.0,0.705578786333503
0.1,0.46293736,13.0,0.0009765625,0.678857725650178
0.1,0.46293736,13.0,0.004556754,0.679836817950025
0.1,0.46293736,13.0,0.021262344,0.678837327893932
0.1,0.46293736,13.0,0.099212565,0.678266190719021
0.1,0.46293736,13.0,0.46293736,0.680611932687404
0.1,0.46293736,13.0,2.1601195,0.682345741968384
0.1,0.46293736,13.0,10.079369,0.684936257011729
0.1,0.46293736,13.0,47.031506,0.689750127485977
0.1,0.46293736,13.0,219.45445,0.69586945436002
0.1,0.46293736,13.0,1024.0,0.703029066802652
0.1,0.46293736,20.0,0.0009765625,0.672432432432432
0.1,0.46293736,20.0,0.004556754,0.67302396736359
0.1,0.46293736,20.0,0.021262344,0.671983681795002
0.1,0.46293736,20.0,0.099212565,0.672881183069862
0.1,0.46293736,20.0,0.46293736,0.673839877613463
0.1,0.46293736,20.0,2.1601195,0.675267720550739
0.1,0.46293736,20.0,10.079369,0.681183069862315
0.1,0.46293736,20.0,47.031506,0.68652728199898
0.1,0.46293736,20.0,219.45445,0.693646098929118
0.1,0.46293736,20.0,1024.0,0.702906680265171
0.1,0.46293736,32.0,0.0009765625,0.668087710351861
0.1,0.46293736,32.0,0.004556754,0.668128505864355
0.1,0.46293736,32.0,0.021262344,0.668577256501785
0.1,0.46293736,32.0,0.099212565,0.665945945945946
0.1,0.46293736,32.0,0.46293736,0.667638959714431
0.1,0.46293736,32.0,2.1601195,0.673207547169811
0.1,0.46293736,32.0,10.079369,0.678735339112698
0.1,0.46293736,32.0,47.031506,0.685548189699133
0.1,0.46293736,32.0,219.45445,0.693095359510454
0.1,0.46293736,32.0,1024.0,0.702947475777665
0.1,0.46293736,50.0,0.0009765625,0.666659867414584
0.1,0.46293736,50.0,0.004556754,0.663824579296277
0.1,0.46293736,50.0,0.021262344,0.66419173890872
0.1,0.46293736,50.0,0.099212565,0.665741968383478
0.1,0.46293736,50.0,0.46293736,0.667067822539521
0.1,0.46293736,50.0,2.1601195,0.671371749107598
0.1,0.46293736,50.0,10.079369,0.680244773074962
0.1,0.46293736,50.0,47.031506,0.684140744518103
0.1,0.46293736,50.0,219.45445,0.693013768485467
0.1,0.46293736,50.0,1024.0,0.70323304436512
0.1,1.0,1.0,0.0009765625,0.699949005609383
0.1,1.0,1.0,0.004556754,0.699602243753187
0.1,1.0,1.0,0.021262344,0.699765425803162
0.1,1.0,1.0,0.099212565,0.699622641509434
0.1,1.0,1.0,0.46293736,0.699989801121877
0.1,1.0,1.0,2.1601195,0.699887812340643
0.1,1.0,1.0,10.079369,0.700214176440592
0.1,1.0,1.0,47.031506,0.699704232534421
0.1,1.0,1.0,219.45445,0.699602243753187
0.1,1.0,1.0,1024.0,0.697684854665987
0.1,1.0,2.0,0.0009765625,0.705823559408465
0.1,1.0,2.0,0.004556754,0.704620091789903
0.1,1.0,2.0,0.021262344,0.703477817440082
0.1,1.0,2.0,0.099212565,0.704987251402346
0.1,1.0,2.0,0.46293736,0.705048444671086
0.1,1.0,2.0,2.1601195,0.705293217746048
0.1,1.0,2.0,10.079369,0.706027536970933
0.1,1.0,2.0,47.031506,0.706027536970933
0.1,1.0,2.0,219.45445,0.705293217746048
0.1,1.0,2.0,1024.0,0.704293727689954
0.1,1.0,3.0,0.0009765625,0.70508924018358
0.1,1.0,3.0,0.004556754,0.705272819989801
0.1,1.0,3.0,0.021262344,0.704946455889852
0.1,1.0,3.0,0.099212565,0.705864354920959
0.1,1.0,3.0,0.46293736,0.704599694033656
0.1,1.0,3.0,2.1601195,0.70745537990821
0.1,1.0,3.0,10.079369,0.707863335033146
0.1,1.0,3.0,47.031506,0.708271290158083
0.1,1.0,3.0,219.45445,0.709393166751657
0.1,1.0,3.0,1024.0,0.708128505864355
0.1,1.0,5.0,0.0009765625,0.700214176440591
0.1,1.0,5.0,0.004556754,0.700724120346762
0.1,1.0,5.0,0.021262344,0.699316675165732
0.1,1.0,5.0,0.099212565,0.700336562978072
0.1,1.0,5.0,0.46293736,0.700458949515553
0.1,1.0,5.0,2.1601195,0.703110657827639
0.1,1.0,5.0,10.079369,0.704110147883733
0.1,1.0,5.0,47.031506,0.705436002039776
0.1,1.0,5.0,219.45445,0.707883732789393
0.1,1.0,5.0,1024.0,0.709637939826619
0.1,1.0,8.0,0.0009765625,0.688505864354921
0.1,1.0,8.0,0.004556754,0.688424273329934
0.1,1.0,8.0,0.021262344,0.68883222845487
0.1,1.0,8.0,0.099212565,0.689750127485977
0.1,1.0,8.0,0.46293736,0.691361550229475
0.1,1.0,8.0,2.1601195,0.692646608873024
0.1,1.0,8.0,10.079369,0.696216216216216
0.1,1.0,8.0,47.031506,0.699214686384498
0.1,1.0,8.0,219.45445,0.702355940846507
0.1,1.0,8.0,1024.0,0.705578786333503
0.1,1.0,13.0,0.0009765625,0.678857725650178
0.1,1.0,13.0,0.004556754,0.679836817950025
0.1,1.0,13.0,0.021262344,0.678837327893932
0.1,1.0,13.0,0.099212565,0.678266190719021
0.1,1.0,13.0,0.46293736,0.680611932687404
0.1,1.0,13.0,2.1601195,0.682345741968384
0.1,1.0,13.0,10.079369,0.684936257011729
0.1,1.0,13.0,47.031506,0.689750127485977
0.1,1.0,13.0,219.45445,0.69586945436002
0.1,1.0,13.0,1024.0,0.703029066802652
0.1,1.0,20.0,0.0009765625,0.672432432432432
0.1,1.0,20.0,0.004556754,0.67302396736359
0.1,1.0,20.0,0.021262344,0.671983681795002
0.1,1.0,20.0,0.099212565,0.672881183069862
0.1,1.0,20.0,0.46293736,0.673839877613463
0.1,1.0,20.0,2.1601195,0.675267720550739
0.1,1.0,20.0,10.079369,0.681183069862315
0.1,1.0,20.0,47.031506,0.68652728199898
0.1,1.0,20.0,219.45445,0.693646098929118
0.1,1.0,20.0,1024.0,0.702906680265171
0.1,1.0,32.0,0.0009765625,0.668087710351861
0.1,1.0,32.0,0.004556754,0.668128505864355
0.1,1.0,32.0,0.021262344,0.668577256501785
0.1,1.0,32.0,0.099212565,0.665945945945946
0.1,1.0,32.0,0.46293736,0.667638959714431
0.1,1.0,32.0,2.1601195,0.673207547169811
0.1,1.0,32.0,10.079369,0.678735339112698
0.1,1.0,32.0,47.031506,0.685548189699133
0.1,1.0,32.0,219.45445,0.693095359510454
0.1,1.0,32.0,1024.0,0.702947475777665
0.1,1.0,50.0,0.0009765625,0.666659867414584
0.1,1.0,50.0,0.004556754,0.663824579296277
0.1,1.0,50.0,0.021262344,0.66419173890872
0.1,1.0,50.0,0.099212565,0.665741968383478
0.1,1.0,50.0,0.46293736,0.667067822539521
0.1,1.0,50.0,2.1601195,0.671371749107598
0.1,1.0,50.0,10.079369,0.680244773074962
0.1,1.0,50.0,47.031506,0.684140744518103
0.1,1.0,50.0,219.45445,0.693013768485467
0.1,1.0,50.0,1024.0,0.70323304436512
0.2,0.0009765625,1.0,0.0009765625,0.700560938296787
0.2,0.0009765625,1.0,0.004556754,0.700662927078021
0.2,0.0009765625,1.0,0.021262344,0.700683324834268
0.2,0.0009765625,1.0,0.099212565,0.700601733809281
0.2,0.0009765625,1.0,0.46293736,0.700785313615502
0.2,0.0009765625,1.0,2.1601195,0.700764915859255
0.2,0.0009765625,1.0,10.079369,0.701009688934217
0.2,0.0009765625,1.0,47.031506,0.701050484446711
0.2,0.0009765625,1.0,219.45445,0.700968893421724
0.2,0.0009765625,1.0,1024.0,0.699479857215706
0.2,0.0009765625,2.0,0.0009765625,0.714696583375829
0.2,0.0009765625,2.0,0.004556754,0.714186639469658
0.2,0.0009765625,2.0,0.021262344,0.715206527281999
0.2,0.0009765625,2.0,0.099212565,0.715063742988271
0.2,0.0009765625,2.0,0.46293736,0.716002039775625
0.2,0.0009765625,2.0,2.1601195,0.715736868944416
0.2,0.0009765625,2.0,10.079369,0.717021927587965
0.2,0.0009765625,2.0,47.031506,0.716940336562978
0.2,0.0009765625,2.0,219.45445,0.71628760836308
0.2,0.0009765625,2.0,1024.0,0.713697093319735
0.2,0.0009765625,3.0,0.0009765625,0.714696583375829
0.2,0.0009765625,3.0,0.004556754,0.714982151963284
0.2,0.0009765625,3.0,0.021262344,0.715226925038246
0.2,0.0009765625,3.0,0.099212565,0.715859255481897
0.2,0.0009765625,3.0,0.46293736,0.715451300356961
0.2,0.0009765625,3.0,2.1601195,0.71667516573177
0.2,0.0009765625,3.0,10.079369,0.717552269250382
0.2,0.0009765625,3.0,47.031506,0.720142784293728
0.2,0.0009765625,3.0,219.45445,0.719265680775115
0.2,0.0009765625,3.0,1024.0,0.719408465068842
0.2,0.0009765625,5.0,0.0009765625,0.712595614482407
0.2,0.0009765625,5.0,0.004556754,0.714411014788373
0.2,0.0009765625,5.0,0.021262344,0.712983171851096
0.2,0.0009765625,5.0,0.099212565,0.711963284038756
0.2,0.0009765625,5.0,0.46293736,0.713635900050994
0.2,0.0009765625,5.0,2.1601195,0.715369709331973
0.2,0.0009765625,5.0,10.079369,0.715349311575727
0.2,0.0009765625,5.0,47.031506,0.719326874043855
0.2,0.0009765625,5.0,219.45445,0.720795512493626
0.2,0.0009765625,5.0,1024.0,0.721591024987251
0.2,0.0009765625,8.0,0.0009765625,0.711228964813871
0.2,0.0009765625,8.0,0.004556754,0.711840897501275
0.2,0.0009765625,8.0,0.021262344,0.709739928607853
0.2,0.0009765625,8.0,0.099212565,0.711065782763896
0.2,0.0009765625,8.0,0.46293736,0.711351351351351
0.2,0.0009765625,8.0,2.1601195,0.714716981132075
0.2,0.0009765625,8.0,10.079369,0.714105048444671
0.2,0.0009765625,8.0,47.031506,0.716491585925548
0.2,0.0009765625,8.0,219.45445,0.720163182049974
0.2,0.0009765625,8.0,1024.0,0.721264660887302
0.2,0.0009765625,13.0,0.0009765625,0.707781744008159
0.2,0.0009765625,13.0,0.004556754,0.707618561958185
0.2,0.0009765625,13.0,0.021262344,0.708842427332993
0.2,0.0009765625,13.0,0.099212565,0.709291177970423
0.2,0.0009765625,13.0,0.46293736,0.708087710351861
0.2,0.0009765625,13.0,2.1601195,0.712024477307496
0.2,0.0009765625,13.0,10.079369,0.715022947475778
0.2,0.0009765625,13.0,47.031506,0.715879653238144
0.2,0.0009765625,13.0,219.45445,0.716573176950535
0.2,0.0009765625,13.0,1024.0,0.720836308006119
0.2,0.0009765625,20.0,0.0009765625,0.706802651708312
0.2,0.0009765625,20.0,0.004556754,0.706313105558389
0.2,0.0009765625,20.0,0.021262344,0.705803161652218
0.2,0.0009765625,20.0,0.099212565,0.705028046914839
0.2,0.0009765625,20.0,0.46293736,0.707414584395716
0.2,0.0009765625,20.0,2.1601195,0.708536460989291
0.2,0.0009765625,20.0,10.079369,0.71481896991331
0.2,0.0009765625,20.0,47.031506,0.716838347781744
0.2,0.0009765625,20.0,219.45445,0.718735339112697
0.2,0.0009765625,20.0,1024.0,0.719367669556349
0.2,0.0009765625,32.0,0.0009765625,0.703824579296277
0.2,0.0009765625,32.0,0.004556754,0.706251912289648
0.2,0.0009765625,32.0,0.021262344,0.705130035696073
0.2,0.0009765625,32.0,0.099212565,0.705517593064763
0.2,0.0009765625,32.0,0.46293736,0.704742478327384
0.2,0.0009765625,32.0,2.1601195,0.710433452320245
0.2,0.0009765625,32.0,10.079369,0.712962774094849
0.2,0.0009765625,32.0,47.031506,0.715675675675676
0.2,0.0009765625,32.0,219.45445,0.718980112187659
0.2,0.0009765625,32.0,1024.0,0.720163182049974
0.2,0.0009765625,50.0,0.0009765625,0.703355430902601
0.2,0.0009765625,50.0,0.004556754,0.705436002039776
0.2,0.0009765625,50.0,0.021262344,0.704354920958695
0.2,0.0009765625,50.0,0.099212565,0.704089750127486
0.2,0.0009765625,50.0,0.46293736,0.704395716471188
0.2,0.0009765625,50.0,2.1601195,0.709719530851606
0.2,0.0009765625,50.0,10.079369,0.714859765425803
0.2,0.0009765625,50.0,47.031506,0.715369709331974
0.2,0.0009765625,50.0,219.45445,0.71859255481897
0.2,0.0009765625,50.0,1024.0,0.719755226925038
0.2,0.0021094917,1.0,0.0009765625,0.700560938296787
0.2,0.0021094917,1.0,0.004556754,0.700662927078021
0.2,0.0021094917,1.0,0.021262344,0.700683324834268
0.2,0.0021094917,1.0,0.099212565,0.700601733809281
0.2,0.0021094917,1.0,0.46293736,0.700785313615502
0.2,0.0021094917,1.0,2.1601195,0.700764915859255
0.2,0.0021094917,1.0,10.079369,0.701009688934217
0.2,0.0021094917,1.0,47.031506,0.701050484446711
0.2,0.0021094917,1.0,219.45445,0.700968893421724
0.2,0.0021094917,1.0,1024.0,0.699479857215706
0.2,0.0021094917,2.0,0.0009765625,0.714696583375829
0.2,0.0021094917,2.0,0.004556754,0.714186639469658
0.2,0.0021094917,2.0,0.021262344,0.715206527281999
0.2,0.0021094917,2.0,0.099212565,0.715063742988271
0.2,0.0021094917,2.0,0.46293736,0.716002039775625
0.2,0.0021094917,2.0,2.1601195,0.715736868944416
0.2,0.0021094917,2.0,10.079369,0.717021927587965
0.2,0.0021094917,2.0,47.031506,0.716940336562978
0.2,0.0021094917,2.0,219.45445,0.71628760836308
0.2,0.0021094917,2.0,1024.0,0.713697093319735
0.2,0.0021094917,3.0,0.0009765625,0.714696583375829
0.2,0.0021094917,3.0,0.004556754,0.714982151963284
0.2,0.0021094917,3.0,0.021262344,0.715226925038246
0.2,0.0021094917,3.0,0.099212565,0.715859255481897
0.2,0.0021094917,3.0,0.46293736,0.715451300356961
0.2,0.0021094917,3.0,2.1601195,0.71667516573177
0.2,0.0021094917,3.0,10.079369,0.717552269250382
0.2,0.0021094917,3.0,47.031506,0.720142784293728
0.2,0.0021094917,3.0,219.45445,0.719265680775115
0.2,0.0021094917,3.0,1024.0,0.719408465068842
0.2,0.0021094917,5.0,0.0009765625,0.712595614482407
0.2,0.0021094917,5.0,0.004556754,0.714411014788373
0.2,0.0021094917,5.0,0.021262344,0.712983171851096
0.2,0.0021094917,5.0,0.099212565,0.711963284038756
0.2,0.0021094917,5.0,0.46293736,0.713635900050994
0.2,0.0021094917,5.0,2.1601195,0.715369709331973
0.2,0.0021094917,5.0,10.079369,0.715349311575727
0.2,0.0021094917,5.0,47.031506,0.719326874043855
0.2,0.0021094917,5.0,219.45445,0.720795512493626
0.2,0.0021094917,5.0,1024.0,0.721591024987251
0.2,0.0021094917,8.0,0.0009765625,0.711228964813871
0.2,0.0021094917,8.0,0.004556754,0.711840897501275
0.2,0.0021094917,8.0,0.021262344,0.709739928607853
0.2,0.0021094917,8.0,0.099212565,0.711065782763896
0.2,0.0021094917,8.0,0.46293736,0.711351351351351
0.2,0.0021094917,8.0,2.1601195,0.714716981132075
0.2,0.0021094917,8.0,10.079369,0.714105048444671
0.2,0.0021094917,8.0,47.031506,0.716491585925548
0.2,0.0021094917,8.0,219.45445,0.720163182049974
0.2,0.0021094917,8.0,1024.0,0.721264660887302
0.2,0.0021094917,13.0,0.0009765625,0.707781744008159
0.2,0.0021094917,13.0,0.004556754,0.707618561958185
0.2,0.0021094917,13.0,0.021262344,0.708842427332993
0.2,0.0021094917,13.0,0.099212565,0.709291177970423
0.2,0.0021094917,13.0,0.46293736,0.708087710351861
0.2,0.0021094917,13.0,2.1601195,0.712024477307496
0.2,0.0021094917,13.0,10.079369,0.715022947475778
0.2,0.0021094917,13.0,47.031506,0.715879653238144
0.2,0.0021094917,13.0,219.45445,0.716573176950535
0.2,0.0021094917,13.0,1024.0,0.720836308006119
0.2,0.0021094917,20.0,0.0009765625,0.706802651708312
0.2,0.0021094917,20.0,0.004556754,0.706313105558389
0.2,0.0021094917,20.0,0.021262344,0.705803161652218
0.2,0.0021094917,20.0,0.099212565,0.705028046914839
0.2,0.0021094917,20.0,0.46293736,0.707414584395716
0.2,0.0021094917,20.0,2.1601195,0.708536460989291
0.2,0.0021094917,20.0,10.079369,0.71481896991331
0.2,0.0021094917,20.0,47.031506,0.716838347781744
0.2,0.0021094917,20.0,219.45445,0.718735339112697
0.2,0.0021094917,20.0,1024.0,0.719367669556349
0.2,0.0021094917,32.0,0.0009765625,0.703824579296277
0.2,0.0021094917,32.0,0.004556754,0.706251912289648
0.2,0.0021094917,32.0,0.021262344,0.705130035696073
0.2,0.0021094917,32.0,0.099212565,0.705517593064763
0.2,0.0021094917,32.0,0.46293736,0.704742478327384
0.2,0.0021094917,32.0,2.1601195,0.710433452320245
0.2,0.0021094917,32.0,10.079369,0.712962774094849
0.2,0.0021094917,32.0,47.031506,0.715675675675676
0.2,0.0021094917,32.0,219.45445,0.718980112187659
0.2,0.0021094917,32.0,1024.0,0.720163182049974
0.2,0.0021094917,50.0,0.0009765625,0.703355430902601
0.2,0.0021094917,50.0,0.004556754,0.705436002039776
0.2,0.0021094917,50.0,0.021262344,0.704354920958695
0.2,0.0021094917,50.0,0.099212565,0.704089750127486
0.2,0.0021094917,50.0,0.46293736,0.704395716471188
0.2,0.0021094917,50.0,2.1601195,0.709719530851606
0.2,0.0021094917,50.0,10.079369,0.714859765425803
0.2,0.0021094917,50.0,47.031506,0.715369709331974
0.2,0.0021094917,50.0,219.45445,0.71859255481897
0.2,0.0021094917,50.0,1024.0,0.719755226925038
0.2,0.004556754,1.0,0.0009765625,0.700560938296787
0.2,0.004556754,1.0,0.004556754,0.700662927078021
0.2,0.004556754,1.0,0.021262344,0.700683324834268
0.2,0.004556754,1.0,0.099212565,0.700601733809281
0.2,0.004556754,1.0,0.46293736,0.700785313615502
0.2,0.004556754,1.0,2.1601195,0.700764915859255
0.2,0.004556754,1.0,10.079369,0.701009688934217
0.2,0.004556754,1.0,47.031506,0.701050484446711
0.2,0.004556754,1.0,219.45445,0.700968893421724
0.2,0.004556754,1.0,1024.0,0.699479857215706
0.2,0.004556754,2.0,0.0009765625,0.714696583375829
0.2,0.004556754,2.0,0.004556754,0.714186639469658
0.2,0.004556754,2.0,0.021262344,0.715206527281999
0.2,0.004556754,2.0,0.099212565,0.715063742988271
0.2,0.004556754,2.0,0.46293736,0.716002039775625
0.2,0.004556754,2.0,2.1601195,0.715736868944416
0.2,0.004556754,2.0,10.079369,0.717021927587965
0.2,0.004556754,2.0,47.031506,0.716940336562978
0.2,0.004556754,2.0,219.45445,0.71628760836308
0.2,0.004556754,2.0,1024.0,0.713697093319735
0.2,0.004556754,3.0,0.0009765625,0.714696583375829
0.2,0.004556754,3.0,0.004556754,0.714982151963284
0.2,0.004556754,3.0,0.021262344,0.715226925038246
0.2,0.004556754,3.0,0.099212565,0.715859255481897
0.2,0.004556754,3.0,0.46293736,0.715451300356961
0.2,0.004556754,3.0,2.1601195,0.71667516573177
0.2,0.004556754,3.0,10.079369,0.717552269250382
0.2,0.004556754,3.0,47.031506,0.720142784293728
0.2,0.004556754,3.0,219.45445,0.719265680775115
0.2,0.004556754,3.0,1024.0,0.719408465068842
0.2,0.004556754,5.0,0.0009765625,0.712595614482407
0.2,0.004556754,5.0,0.004556754,0.714411014788373
0.2,0.004556754,5.0,0.021262344,0.712983171851096
0.2,0.004556754,5.0,0.099212565,0.711963284038756
0.2,0.004556754,5.0,0.46293736,0.713635900050994
0.2,0.004556754,5.0,2.1601195,0.715369709331973
0.2,0.004556754,5.0,10.079369,0.715349311575727
0.2,0.004556754,5.0,47.031506,0.719326874043855
0.2,0.004556754,5.0,219.45445,0.720795512493626
0.2,0.004556754,5.0,1024.0,0.721591024987251
0.2,0.004556754,8.0,0.0009765625,0.711228964813871
0.2,0.004556754,8.0,0.004556754,0.711840897501275
0.2,0.004556754,8.0,0.021262344,0.709739928607853
0.2,0.004556754,8.0,0.099212565,0.711065782763896
0.2,0.004556754,8.0,0.46293736,0.711351351351351
0.2,0.004556754,8.0,2.1601195,0.714716981132075
0.2,0.004556754,8.0,10.079369,0.714105048444671
0.2,0.004556754,8.0,47.031506,0.716491585925548
0.2,0.004556754,8.0,219.45445,0.720163182049974
0.2,0.004556754,8.0,1024.0,0.721264660887302
0.2,0.004556754,13.0,0.0009765625,0.707781744008159
0.2,0.004556754,13.0,0.004556754,0.707618561958185
0.2,0.004556754,13.0,0.021262344,0.708842427332993
0.2,0.004556754,13.0,0.099212565,0.709291177970423
0.2,0.004556754,13.0,0.46293736,0.708087710351861
0.2,0.004556754,13.0,2.1601195,0.712024477307496
0.2,0.004556754,13.0,10.079369,0.715022947475778
0.2,0.004556754,13.0,47.031506,0.715879653238144
0.2,0.004556754,13.0,219.45445,0.716573176950535
0.2,0.004556754,13.0,1024.0,0.720836308006119
0.2,0.004556754,20.0,0.0009765625,0.706802651708312
0.2,0.004556754,20.0,0.004556754,0.706313105558389
0.2,0.004556754,20.0,0.021262344,0.705803161652218
0.2,0.004556754,20.0,0.099212565,0.705028046914839
0.2,0.004556754,20.0,0.46293736,0.707414584395716
0.2,0.004556754,20.0,2.1601195,0.708536460989291
0.2,0.004556754,20.0,10.079369,0.71481896991331
0.2,0.004556754,20.0,47.031506,0.716838347781744
0.2,0.004556754,20.0,219.45445,0.718735339112697
0.2,0.004556754,20.0,1024.0,0.719367669556349
0.2,0.004556754,32.0,0.0009765625,0.703824579296277
0.2,0.004556754,32.0,0.004556754,0.706251912289648
0.2,0.004556754,32.0,0.021262344,0.705130035696073
0.2,0.004556754,32.0,0.099212565,0.705517593064763
0.2,0.004556754,32.0,0.46293736,0.704742478327384
0.2,0.004556754,32.0,2.1601195,0.710433452320245
0.2,0.004556754,32.0,10.079369,0.712962774094849
0.2,0.004556754,32.0,47.031506,0.715675675675676
0.2,0.004556754,32.0,219.45445,0.718980112187659
0.2,0.004556754,32.0,1024.0,0.720163182049974
0.2,0.004556754,50.0,0.0009765625,0.703355430902601
0.2,0.004556754,50.0,0.004556754,0.705436002039776
0.2,0.004556754,50.0,0.021262344,0.704354920958695
0.2,0.004556754,50.0,0.099212565,0.704089750127486
0.2,0.004556754,50.0,0.46293736,0.704395716471188
0.2,0.004556754,50.0,2.1601195,0.709719530851606
0.2,0.004556754,50.0,10.079369,0.714859765425803
0.2,0.004556754,50.0,47.031506,0.715369709331974
0.2,0.004556754,50.0,219.45445,0.71859255481897
0.2,0.004556754,50.0,1024.0,0.719755226925038
0.2,0.009843133,1.0,0.0009765625,0.700560938296787
0.2,0.009843133,1.0,0.004556754,0.700662927078021
0.2,0.009843133,1.0,0.021262344,0.700683324834268
0.2,0.009843133,1.0,0.099212565,0.700601733809281
0.2,0.009843133,1.0,0.46293736,0.700785313615502
0.2,0.009843133,1.0,2.1601195,0.700764915859255
0.2,0.009843133,1.0,10.079369,0.701009688934217
0.2,0.009843133,1.0,47.031506,0.701050484446711
0.2,0.009843133,1.0,219.45445,0.700968893421724
0.2,0.009843133,1.0,1024.0,0.699479857215706
0.2,0.009843133,2.0,0.0009765625,0.714696583375829
0.2,0.009843133,2.0,0.004556754,0.714186639469658
0.2,0.009843133,2.0,0.021262344,0.715206527281999
0.2,0.009843133,2.0,0.099212565,0.715063742988271
0.2,0.009843133,2.0,0.46293736,0.716002039775625
0.2,0.009843133,2.0,2.1601195,0.715736868944416
0.2,0.009843133,2.0,10.079369,0.717021927587965
0.2,0.009843133,2.0,47.031506,0.716940336562978
0.2,0.009843133,2.0,219.45445,0.71628760836308
0.2,0.009843133,2.0,1024.0,0.713697093319735
0.2,0.009843133,3.0,0.0009765625,0.714696583375829
0.2,0.009843133,3.0,0.004556754,0.714982151963284
0.2,0.009843133,3.0,0.021262344,0.715226925038246
0.2,0.009843133,3.0,0.099212565,0.715859255481897
0.2,0.009843133,3.0,0.46293736,0.715451300356961
0.2,0.009843133,3.0,2.1601195,0.71667516573177
0.2,0.009843133,3.0,10.079369,0.717552269250382
0.2,0.009843133,3.0,47.031506,0.720142784293728
0.2,0.009843133,3.0,219.45445,0.719265680775115
0.2,0.009843133,3.0,1024.0,0.719408465068842
0.2,0.009843133,5.0,0.0009765625,0.712595614482407
0.2,0.009843133,5.0,0.004556754,0.714411014788373
0.2,0.009843133,5.0,0.021262344,0.712983171851096
0.2,0.009843133,5.0,0.099212565,0.711963284038756
0.2,0.009843133,5.0,0.46293736,0.713635900050994
0.2,0.009843133,5.0,2.1601195,0.715369709331973
0.2,0.009843133,5.0,10.079369,0.715349311575727
0.2,0.009843133,5.0,47.031506,0.719326874043855
0.2,0.009843133,5.0,219.45445,0.720795512493626
0.2,0.009843133,5.0,1024.0,0.721591024987251
0.2,0.009843133,8.0,0.0009765625,0.711228964813871
0.2,0.009843133,8.0,0.004556754,0.711840897501275
0.2,0.009843133,8.0,0.021262344,0.709739928607853
0.2,0.009843133,8.0,0.099212565,0.711065782763896
0.2,0.009843133,8.0,0.46293736,0.711351351351351
0.2,0.009843133,8.0,2.1601195,0.714716981132075
0.2,0.009843133,8.0,10.079369,0.714105048444671
0.2,0.009843133,8.0,47.031506,0.716491585925548
0.2,0.009843133,8.0,219.45445,0.720163182049974
0.2,0.009843133,8.0,1024.0,0.721264660887302
0.2,0.009843133,13.0,0.0009765625,0.707781744008159
0.2,0.009843133,13.0,0.004556754,0.707618561958185
0.2,0.009843133,13.0,0.021262344,0.708842427332993
0.2,0.009843133,13.0,0.099212565,0.709291177970423
0.2,0.009843133,13.0,0.46293736,0.708087710351861
0.2,0.009843133,13.0,2.1601195,0.712024477307496
0.2,0.009843133,13.0,10.079369,0.715022947475778
0.2,0.009843133,13.0,47.031506,0.715879653238144
0.2,0.009843133,13.0,219.45445,0.716573176950535
0.2,0.009843133,13.0,1024.0,0.720836308006119
0.2,0.009843133,20.0,0.0009765625,0.706802651708312
0.2,0.009843133,20.0,0.004556754,0.706313105558389
0.2,0.009843133,20.0,0.021262344,0.705803161652218
0.2,0.009843133,20.0,0.099212565,0.705028046914839
0.2,0.009843133,20.0,0.46293736,0.707414584395716
0.2,0.009843133,20.0,2.1601195,0.708536460989291
0.2,0.009843133,20.0,10.079369,0.71481896991331
0.2,0.009843133,20.0,47.031506,0.716838347781744
0.2,0.009843133,20.0,219.45445,0.718735339112697
0.2,0.009843133,20.0,1024.0,0.719367669556349
0.2,0.009843133,32.0,0.0009765625,0.703824579296277
0.2,0.009843133,32.0,0.004556754,0.706251912289648
0.2,0.009843133,32.0,0.021262344,0.705130035696073
0.2,0.009843133,32.0,0.099212565,0.705517593064763
0.2,0.009843133,32.0,0.46293736,0.704742478327384
0.2,0.009843133,32.0,2.1601195,0.710433452320245
0.2,0.009843133,32.0,10.079369,0.712962774094849
0.2,0.009843133,32.0,47.031506,0.715675675675676
0.2,0.009843133,32.0,219.45445,0.718980112187659
0.2,0.009843133,32.0,1024.0,0.720163182049974
0.2,0.009843133,50.0,0.0009765625,0.703355430902601
0.2,0.009843133,50.0,0.004556754,0.705436002039776
0.2,0.009843133,50.0,0.021262344,0.704354920958695
0.2,0.009843133,50.0,0.099212565,0.704089750127486
0.2,0.009843133,50.0,0.46293736,0.704395716471188
0.2,0.009843133,50.0,2.1601195,0.709719530851606
0.2,0.009843133,50.0,10.079369,0.714859765425803
0.2,0.009843133,50.0,47.031506,0.715369709331974
0.2,0.009843133,50.0,219.45445,0.71859255481897
0.2,0.009843133,50.0,1024.0,0.719755226925038
0.2,0.021262344,1.0,0.0009765625,0.700560938296787
0.2,0.021262344,1.0,0.004556754,0.700662927078021
0.2,0.021262344,1.0,0.021262344,0.700683324834268
0.2,0.021262344,1.0,0.099212565,0.700601733809281
0.2,0.021262344,1.0,0.46293736,0.700785313615502
0.2,0.021262344,1.0,2.1601195,0.700764915859255
0.2,0.021262344,1.0,10.079369,0.701009688934217
0.2,0.021262344,1.0,47.031506,0.701050484446711
0.2,0.021262344,1.0,219.45445,0.700968893421724
0.2,0.021262344,1.0,1024.0,0.699479857215706
0.2,0.021262344,2.0,0.0009765625,0.714696583375829
0.2,0.021262344,2.0,0.004556754,0.714186639469658
0.2,0.021262344,2.0,0.021262344,0.715206527281999
0.2,0.021262344,2.0,0.099212565,0.715063742988271
0.2,0.021262344,2.0,0.46293736,0.716002039775625
0.2,0.021262344,2.0,2.1601195,0.715736868944416
0.2,0.021262344,2.0,10.079369,0.717021927587965
0.2,0.021262344,2.0,47.031506,0.716940336562978
0.2,0.021262344,2.0,219.45445,0.71628760836308
0.2,0.021262344,2.0,1024.0,0.713697093319735
0.2,0.021262344,3.0,0.0009765625,0.714696583375829
0.2,0.021262344,3.0,0.004556754,0.714982151963284
0.2,0.021262344,3.0,0.021262344,0.715226925038246
0.2,0.021262344,3.0,0.099212565,0.715859255481897
0.2,0.021262344,3.0,0.46293736,0.715451300356961
0.2,0.021262344,3.0,2.1601195,0.71667516573177
0.2,0.021262344,3.0,10.079369,0.717552269250382
0.2,0.021262344,3.0,47.031506,0.720142784293728
0.2,0.021262344,3.0,219.45445,0.719265680775115
0.2,0.021262344,3.0,1024.0,0.719408465068842
0.2,0.021262344,5.0,0.0009765625,0.712595614482407
0.2,0.021262344,5.0,0.004556754,0.714411014788373
0.2,0.021262344,5.0,0.021262344,0.712983171851096
0.2,0.021262344,5.0,0.099212565,0.711963284038756
0.2,0.021262344,5.0,0.46293736,0.713635900050994
0.2,0.021262344,5.0,2.1601195,0.715369709331973
0.2,0.021262344,5.0,10.079369,0.715349311575727
0.2,0.021262344,5.0,47.031506,0.719326874043855
0.2,0.021262344,5.0,219.45445,0.720795512493626
0.2,0.021262344,5.0,1024.0,0.721591024987251
0.2,0.021262344,8.0,0.0009765625,0.711228964813871
0.2,0.021262344,8.0,0.004556754,0.711840897501275
0.2,0.021262344,8.0,0.021262344,0.709739928607853
0.2,0.021262344,8.0,0.099212565,0.711065782763896
0.2,0.021262344,8.0,0.46293736,0.711351351351351
0.2,0.021262344,8.0,2.1601195,0.714716981132075
0.2,0.021262344,8.0,10.079369,0.714105048444671
0.2,0.021262344,8.0,47.031506,0.716491585925548
0.2,0.021262344,8.0,219.45445,0.720163182049974
0.2,0.021262344,8.0,1024.0,0.721264660887302
0.2,0.021262344,13.0,0.0009765625,0.707781744008159
0.2,0.021262344,13.0,0.004556754,0.707618561958185
0.2,0.021262344,13.0,0.021262344,0.708842427332993
0.2,0.021262344,13.0,0.099212565,0.709291177970423
0.2,0.021262344,13.0,0.46293736,0.708087710351861
0.2,0.021262344,13.0,2.1601195,0.712024477307496
0.2,0.021262344,13.0,10.079369,0.715022947475778
0.2,0.021262344,13.0,47.031506,0.715879653238144
0.2,0.021262344,13.0,219.45445,0.716573176950535
0.2,0.021262344,13.0,1024.0,0.720836308006119
0.2,0.021262344,20.0,0.0009765625,0.706802651708312
0.2,0.021262344,20.0,0.004556754,0.706313105558389
0.2,0.021262344,20.0,0.021262344,0.705803161652218
0.2,0.021262344,20.0,0.099212565,0.705028046914839
0.2,0.021262344,20.0,0.46293736,0.707414584395716
0.2,0.021262344,20.0,2.1601195,0.708536460989291
0.2,0.021262344,20.0,10.079369,0.71481896991331
0.2,0.021262344,20.0,47.031506,0.716838347781744
0.2,0.021262344,20.0,219.45445,0.718735339112697
0.2,0.021262344,20.0,1024.0,0.719367669556349
0.2,0.021262344,32.0,0.0009765625,0.703824579296277
0.2,0.021262344,32.0,0.004556754,0.706251912289648
0.2,0.021262344,32.0,0.021262344,0.705130035696073
0.2,0.021262344,32.0,0.099212565,0.705517593064763
0.2,0.021262344,32.0,0.46293736,0.704742478327384
0.2,0.021262344,32.0,2.1601195,0.710433452320245
0.2,0.021262344,32.0,10.079369,0.712962774094849
0.2,0.021262344,32.0,47.031506,0.715675675675676
0.2,0.021262344,32.0,219.45445,0.718980112187659
0.2,0.021262344,32.0,1024.0,0.720163182049974
0.2,0.021262344,50.0,0.0009765625,0.703355430902601
0.2,0.021262344,50.0,0.004556754,0.705436002039776
0.2,0.021262344,50.0,0.021262344,0.704354920958695
0.2,0.021262344,50.0,0.099212565,0.704089750127486
0.2,0.021262344,50.0,0.46293736,0.704395716471188
0.2,0.021262344,50.0,2.1601195,0.709719530851606
0.2,0.021262344,50.0,10.079369,0.714859765425803
0.2,0.021262344,50.0,47.031506,0.715369709331974
0.2,0.021262344,50.0,219.45445,0.71859255481897
0.2,0.021262344,50.0,1024.0,0.719755226925038
0.2,0.045929205,1.0,0.0009765625,0.700560938296787
0.2,0.045929205,1.0,0.004556754,0.700662927078021
0.2,0.045929205,1.0,0.021262344,0.700683324834268
0.2,0.045929205,1.0,0.099212565,0.700601733809281
0.2,0.045929205,1.0,0.46293736,0.700785313615502
0.2,0.045929205,1.0,2.1601195,0.700764915859255
0.2,0.045929205,1.0,10.079369,0.701009688934217
0.2,0.045929205,1.0,47.031506,0.701050484446711
0.2,0.045929205,1.0,219.45445,0.700968893421724
0.2,0.045929205,1.0,1024.0,0.699479857215706
0.2,0.045929205,2.0,0.0009765625,0.714696583375829
0.2,0.045929205,2.0,0.004556754,0.714186639469658
0.2,0.045929205,2.0,0.021262344,0.715206527281999
0.2,0.045929205,2.0,0.099212565,0.715063742988271
0.2,0.045929205,2.0,0.46293736,0.716002039775625
0.2,0.045929205,2.0,2.1601195,0.715736868944416
0.2,0.045929205,2.0,10.079369,0.717021927587965
0.2,0.045929205,2.0,47.031506,0.716940336562978
0.2,0.045929205,2.0,219.45445,0.71628760836308
0.2,0.045929205,2.0,1024.0,0.713697093319735
0.2,0.045929205,3.0,0.0009765625,0.714696583375829
0.2,0.045929205,3.0,0.004556754,0.714982151963284
0.2,0.045929205,3.0,0.021262344,0.715226925038246
0.2,0.045929205,3.0,0.099212565,0.715859255481897
0.2,0.045929205,3.0,0.46293736,0.715451300356961
0.2,0.045929205,3.0,2.1601195,0.71667516573177
0.2,0.045929205,3.0,10.079369,0.717552269250382
0.2,0.045929205,3.0,47.031506,0.720142784293728
0.2,0.045929205,3.0,219.45445,0.719265680775115
0.2,0.045929205,3.0,1024.0,0.719408465068842
0.2,0.045929205,5.0,0.0009765625,0.712595614482407
0.2,0.045929205,5.0,0.004556754,0.714411014788373
0.2,0.045929205,5.0,0.021262344,0.712983171851096
0.2,0.045929205,5.0,0.099212565,0.711963284038756
0.2,0.045929205,5.0,0.46293736,0.713635900050994
0.2,0.045929205,5.0,2.1601195,0.715369709331973
0.2,0.045929205,5.0,10.079369,0.715349311575727
0.2,0.045929205,5.0,47.031506,0.719326874043855
0.2,0.045929205,5.0,219.45445,0.720795512493626
0.2,0.045929205,5.0,1024.0,0.721591024987251
0.2,0.045929205,8.0,0.0009765625,0.711228964813871
0.2,0.045929205,8.0,0.004556754,0.711840897501275
0.2,0.045929205,8.0,0.021262344,0.709739928607853
0.2,0.045929205,8.0,0.099212565,0.711065782763896
0.2,0.045929205,8.0,0.46293736,0.711351351351351
0.2,0.045929205,8.0,2.1601195,0.714716981132075
0.2,0.045929205,8.0,10.079369,0.714105048444671
0.2,0.045929205,8.0,47.031506,0.716491585925548
0.2,0.045929205,8.0,219.45445,0.720163182049974
0.2,0.045929205,8.0,1024.0,0.721264660887302
0.2,0.045929205,13.0,0.0009765625,0.707781744008159
0.2,0.045929205,13.0,0.004556754,0.707618561958185
0.2,0.045929205,13.0,0.021262344,0.708842427332993
0.2,0.045929205,13.0,0.099212565,0.709291177970423
0.2,0.045929205,13.0,0.46293736,0.708087710351861
0.2,0.045929205,13.0,2.1601195,0.712024477307496
0.2,0.045929205,13.0,10.079369,0.715022947475778
0.2,0.045929205,13.0,47.031506,0.715879653238144
0.2,0.045929205,13.0,219.45445,0.716573176950535
0.2,0.045929205,13.0,1024.0,0.720836308006119
0.2,0.045929205,20.0,0.0009765625,0.706802651708312
0.2,0.045929205,20.0,0.004556754,0.706313105558389
0.2,0.045929205,20.0,0.021262344,0.705803161652218
0.2,0.045929205,20.0,0.099212565,0.705028046914839
0.2,0.045929205,20.0,0.46293736,0.707414584395716
0.2,0.045929205,20.0,2.1601195,0.708536460989291
0.2,0.045929205,20.0,10.079369,0.71481896991331
0.2,0.045929205,20.0,47.031506,0.716838347781744
0.2,0.045929205,20.0,219.45445,0.718735339112697
0.2,0.045929205,20.0,1024.0,0.719367669556349
0.2,0.045929205,32.0,0.0009765625,0.703824579296277
0.2,0.045929205,32.0,0.004556754,0.706251912289648
0.2,0.045929205,32.0,0.021262344,0.705130035696073
0.2,0.045929205,32.0,0.099212565,0.705517593064763
0.2,0.045929205,32.0,0.46293736,0.704742478327384
0.2,0.045929205,32.0,2.1601195,0.710433452320245
0.2,0.045929205,32.0,10.079369,0.712962774094849
0.2,0.045929205,32.0,47.031506,0.715675675675676
0.2,0.045929205,32.0,219.45445,0.718980112187659
0.2,0.045929205,32.0,1024.0,0.720163182049974
0.2,0.045929205,50.0,0.0009765625,0.703355430902601
0.2,0.045929205,50.0,0.004556754,0.705436002039776
0.2,0.045929205,50.0,0.021262344,0.704354920958695
0.2,0.045929205,50.0,0.099212565,0.704089750127486
0.2,0.045929205,50.0,0.46293736,0.704395716471188
0.2,0.045929205,50.0,2.1601195,0.709719530851606
0.2,0.045929205,50.0,10.079369,0.714859765425803
0.2,0.045929205,50.0,47.031506,0.715369709331974
0.2,0.045929205,50.0,219.45445,0.71859255481897
0.2,0.045929205,50.0,1024.0,0.719755226925038
0.2,0.099212565,1.0,0.0009765625,0.700560938296787
0.2,0.099212565,1.0,0.004556754,0.700662927078021
0.2,0.099212565,1.0,0.021262344,0.700683324834268
0.2,0.099212565,1.0,0.099212565,0.700601733809281
0.2,0.099212565,1.0,0.46293736,0.700785313615502
0.2,0.099212565,1.0,2.1601195,0.700764915859255
0.2,0.099212565,1.0,10.079369,0.701009688934217
0.2,0.099212565,1.0,47.031506,0.701050484446711
0.2,0.099212565,1.0,219.45445,0.700968893421724
0.2,0.099212565,1.0,1024.0,0.699479857215706
0.2,0.099212565,2.0,0.0009765625,0.714696583375829
0.2,0.099212565,2.0,0.004556754,0.714186639469658
0.2,0.099212565,2.0,0.021262344,0.715206527281999
0.2,0.099212565,2.0,0.099212565,0.715063742988271
0.2,0.099212565,2.0,0.46293736,0.716002039775625
0.2,0.099212565,2.0,2.1601195,0.715736868944416
0.2,0.099212565,2.0,10.079369,0.717021927587965
0.2,0.099212565,2.0,47.031506,0.716940336562978
0.2,0.099212565,2.0,219.45445,0.71628760836308
0.2,0.099212565,2.0,1024.0,0.713697093319735
0.2,0.099212565,3.0,0.0009765625,0.714696583375829
0.2,0.099212565,3.0,0.004556754,0.714982151963284
0.2,0.099212565,3.0,0.021262344,0.715226925038246
0.2,0.099212565,3.0,0.099212565,0.715859255481897
0.2,0.099212565,3.0,0.46293736,0.715451300356961
0.2,0.099212565,3.0,2.1601195,0.71667516573177
0.2,0.099212565,3.0,10.079369,0.717552269250382
0.2,0.099212565,3.0,47.031506,0.720142784293728
0.2,0.099212565,3.0,219.45445,0.719265680775115
0.2,0.099212565,3.0,1024.0,0.719408465068842
0.2,0.099212565,5.0,0.0009765625,0.712595614482407
0.2,0.099212565,5.0,0.004556754,0.714411014788373
0.2,0.099212565,5.0,0.021262344,0.712983171851096
0.2,0.099212565,5.0,0.099212565,0.711963284038756
0.2,0.099212565,5.0,0.46293736,0.713635900050994
0.2,0.099212565,5.0,2.1601195,0.715369709331973
0.2,0.099212565,5.0,10.079369,0.715349311575727
0.2,0.099212565,5.0,47.031506,0.719326874043855
0.2,0.099212565,5.0,219.45445,0.720795512493626
0.2,0.099212565,5.0,1024.0,0.721591024987251
0.2,0.099212565,8.0,0.0009765625,0.711228964813871
0.2,0.099212565,8.0,0.004556754,0.711840897501275
0.2,0.099212565,8.0,0.021262344,0.709739928607853
0.2,0.099212565,8.0,0.099212565,0.711065782763896
0.2,0.099212565,8.0,0.46293736,0.711351351351351
0.2,0.099212565,8.0,2.1601195,0.714716981132075
0.2,0.099212565,8.0,10.079369,0.714105048444671
0.2,0.099212565,8.0,47.031506,0.716491585925548
0.2,0.099212565,8.0,219.45445,0.720163182049974
0.2,0.099212565,8.0,1024.0,0.721264660887302
0.2,0.099212565,13.0,0.0009765625,0.707781744008159
0.2,0.099212565,13.0,0.004556754,0.707618561958185
0.2,0.099212565,13.0,0.021262344,0.708842427332993
0.2,0.099212565,13.0,0.099212565,0.709291177970423
0.2,0.099212565,13.0,0.46293736,0.708087710351861
0.2,0.099212565,13.0,2.1601195,0.712024477307496
0.2,0.099212565,13.0,10.079369,0.715022947475778
0.2,0.099212565,13.0,47.031506,0.715879653238144
0.2,0.099212565,13.0,219.45445,0.716573176950535
0.2,0.099212565,13.0,1024.0,0.720836308006119
0.2,0.099212565,20.0,0.0009765625,0.706802651708312
0.2,0.099212565,20.0,0.004556754,0.706313105558389
0.2,0.099212565,20.0,0.021262344,0.705803161652218
0.2,0.099212565,20.0,0.099212565,0.705028046914839
0.2,0.099212565,20.0,0.46293736,0.707414584395716
0.2,0.099212565,20.0,2.1601195,0.708536460989291
0.2,0.099212565,20.0,10.079369,0.71481896991331
0.2,0.099212565,20.0,47.031506,0.716838347781744
0.2,0.099212565,20.0,219.45445,0.718735339112697
0.2,0.099212565,20.0,1024.0,0.719367669556349
0.2,0.099212565,32.0,0.0009765625,0.703824579296277
0.2,0.099212565,32.0,0.004556754,0.706251912289648
0.2,0.099212565,32.0,0.021262344,0.705130035696073
0.2,0.099212565,32.0,0.099212565,0.705517593064763
0.2,0.099212565,32.0,0.46293736,0.704742478327384
0.2,0.099212565,32.0,2.1601195,0.710433452320245
0.2,0.099212565,32.0,10.079369,0.712962774094849
0.2,0.099212565,32.0,47.031506,0.715675675675676
0.2,0.099212565,32.0,219.45445,0.718980112187659
0.2,0.099212565,32.0,1024.0,0.720163182049974
0.2,0.099212565,50.0,0.0009765625,0.703355430902601
0.2,0.099212565,50.0,0.004556754,0.705436002039776
0.2,0.099212565,50.0,0.021262344,0.704354920958695
0.2,0.099212565,50.0,0.099212565,0.704089750127486
0.2,0.099212565,50.0,0.46293736,0.704395716471188
0.2,0.099212565,50.0,2.1601195,0.709719530851606
0.2,0.099212565,50.0,10.079369,0.714859765425803
0.2,0.099212565,50.0,47.031506,0.715369709331974
0.2,0.099212565,50.0,219.45445,0.71859255481897
0.2,0.099212565,50.0,1024.0,0.719755226925038
0.2,0.21431099,1.0,0.0009765625,0.700560938296787
0.2,0.21431099,1.0,0.004556754,0.700662927078021
0.2,0.21431099,1.0,0.021262344,0.700683324834268
0.2,0.21431099,1.0,0.099212565,0.700601733809281
0.2,0.21431099,1.0,0.46293736,0.700785313615502
0.2,0.21431099,1.0,2.1601195,0.700764915859255
0.2,0.21431099,1.0,10.079369,0.701009688934217
0.2,0.21431099,1.0,47.031506,0.701050484446711
0.2,0.21431099,1.0,219.45445,0.700968893421724
0.2,0.21431099,1.0,1024.0,0.699479857215706
0.2,0.21431099,2.0,0.0009765625,0.714696583375829
0.2,0.21431099,2.0,0.004556754,0.714186639469658
0.2,0.21431099,2.0,0.021262344,0.715206527281999
0.2,0.21431099,2.0,0.099212565,0.715063742988271
0.2,0.21431099,2.0,0.46293736,0.716002039775625
0.2,0.21431099,2.0,2.1601195,0.715736868944416
0.2,0.21431099,2.0,10.079369,0.717021927587965
0.2,0.21431099,2.0,47.031506,0.716940336562978
0.2,0.21431099,2.0,219.45445,0.71628760836308
0.2,0.21431099,2.0,1024.0,0.713697093319735
0.2,0.21431099,3.0,0.0009765625,0.714696583375829
0.2,0.21431099,3.0,0.004556754,0.714982151963284
0.2,0.21431099,3.0,0.021262344,0.715226925038246
0.2,0.21431099,3.0,0.099212565,0.715859255481897
0.2,0.21431099,3.0,0.46293736,0.715451300356961
0.2,0.21431099,3.0,2.1601195,0.71667516573177
0.2,0.21431099,3.0,10.079369,0.717552269250382
0.2,0.21431099,3.0,47.031506,0.720142784293728
0.2,0.21431099,3.0,219.45445,0.719265680775115
0.2,0.21431099,3.0,1024.0,0.719408465068842
0.2,0.21431099,5.0,0.0009765625,0.712595614482407
0.2,0.21431099,5.0,0.004556754,0.714411014788373
0.2,0.21431099,5.0,0.021262344,0.712983171851096
0.2,0.21431099,5.0,0.099212565,0.711963284038756
0.2,0.21431099,5.0,0.46293736,0.713635900050994
0.2,0.21431099,5.0,2.1601195,0.715369709331973
0.2,0.21431099,5.0,10.079369,0.715349311575727
0.2,0.21431099,5.0,47.031506,0.719326874043855
0.2,0.21431099,5.0,219.45445,0.720795512493626
0.2,0.21431099,5.0,1024.0,0.721591024987251
0.2,0.21431099,8.0,0.0009765625,0.711228964813871
0.2,0.21431099,8.0,0.004556754,0.711840897501275
0.2,0.21431099,8.0,0.021262344,0.709739928607853
0.2,0.21431099,8.0,0.099212565,0.711065782763896
0.2,0.21431099,8.0,0.46293736,0.711351351351351
0.2,0.21431099,8.0,2.1601195,0.714716981132075
0.2,0.21431099,8.0,10.079369,0.714105048444671
0.2,0.21431099,8.0,47.031506,0.716491585925548
0.2,0.21431099,8.0,219.45445,0.720163182049974
0.2,0.21431099,8.0,1024.0,0.721264660887302
0.2,0.21431099,13.0,0.0009765625,0.707781744008159
0.2,0.21431099,13.0,0.004556754,0.707618561958185
0.2,0.21431099,13.0,0.021262344,0.708842427332993
0.2,0.21431099,13.0,0.099212565,0.709291177970423
0.2,0.21431099,13.0,0.46293736,0.708087710351861
0.2,0.21431099,13.0,2.1601195,0.712024477307496
0.2,0.21431099,13.0,10.079369,0.715022947475778
0.2,0.21431099,13.0,47.031506,0.715879653238144
0.2,0.21431099,13.0,219.45445,0.716573176950535
0.2,0.21431099,13.0,1024.0,0.720836308006119
0.2,0.21431099,20.0,0.0009765625,0.706802651708312
0.2,0.21431099,20.0,0.004556754,0.706313105558389
0.2,0.21431099,20.0,0.021262344,0.705803161652218
0.2,0.21431099,20.0,0.099212565,0.705028046914839
0.2,0.21431099,20.0,0.46293736,0.707414584395716
0.2,0.21431099,20.0,2.1601195,0.708536460989291
0.2,0.21431099,20.0,10.079369,0.71481896991331
0.2,0.21431099,20.0,47.031506,0.716838347781744
0.2,0.21431099,20.0,219.45445,0.718735339112697
0.2,0.21431099,20.0,1024.0,0.719367669556349
0.2,0.21431099,32.0,0.0009765625,0.703824579296277
0.2,0.21431099,32.0,0.004556754,0.706251912289648
0.2,0.21431099,32.0,0.021262344,0.705130035696073
0.2,0.21431099,32.0,0.099212565,0.705517593064763
0.2,0.21431099,32.0,0.46293736,0.704742478327384
0.2,0.21431099,32.0,2.1601195,0.710433452320245
0.2,0.21431099,32.0,10.079369,0.712962774094849
0.2,0.21431099,32.0,47.031506,0.715675675675676
0.2,0.21431099,32.0,219.45445,0.718980112187659
0.2,0.21431099,32.0,1024.0,0.720163182049974
0.2,0.21431099,50.0,0.0009765625,0.703355430902601
0.2,0.21431099,50.0,0.004556754,0.705436002039776
0.2,0.21431099,50.0,0.021262344,0.704354920958695
0.2,0.21431099,50.0,0.099212565,0.704089750127486
0.2,0.21431099,50.0,0.46293736,0.704395716471188
0.2,0.21431099,50.0,2.1601195,0.709719530851606
0.2,0.21431099,50.0,10.079369,0.714859765425803
0.2,0.21431099,50.0,47.031506,0.715369709331974
0.2,0.21431099,50.0,219.45445,0.71859255481897
0.2,0.21431099,50.0,1024.0,0.719755226925038
0.2,0.46293736,1.0,0.0009765625,0.700560938296787
0.2,0.46293736,1.0,0.004556754,0.700662927078021
0.2,0.46293736,1.0,0.021262344,0.700683324834268
0.2,0.46293736,1.0,0.099212565,0.700601733809281
0.2,0.46293736,1.0,0.46293736,0.700785313615502
0.2,0.46293736,1.0,2.1601195,0.700764915859255
0.2,0.46293736,1.0,10.079369,0.701009688934217
0.2,0.46293736,1.0,47.031506,0.701050484446711
0.2,0.46293736,1.0,219.45445,0.700968893421724
0.2,0.46293736,1.0,1024.0,0.699479857215706
0.2,0.46293736,2.0,0.0009765625,0.714696583375829
0.2,0.46293736,2.0,0.004556754,0.714186639469658
0.2,0.46293736,2.0,0.021262344,0.715206527281999
0.2,0.46293736,2.0,0.099212565,0.715063742988271
0.2,0.46293736,2.0,0.46293736,0.716002039775625
0.2,0.46293736,2.0,2.1601195,0.715736868944416
0.2,0.46293736,2.0,10.079369,0.717021927587965
0.2,0.46293736,2.0,47.031506,0.716940336562978
0.2,0.46293736,2.0,219.45445,0.71628760836308
0.2,0.46293736,2.0,1024.0,0.713697093319735
0.2,0.46293736,3.0,0.0009765625,0.714696583375829
0.2,0.46293736,3.0,0.004556754,0.714982151963284
0.2,0.46293736,3.0,0.021262344,0.715226925038246
0.2,0.46293736,3.0,0.099212565,0.715859255481897
0.2,0.46293736,3.0,0.46293736,0.715451300356961
0.2,0.46293736,3.0,2.1601195,0.71667516573177
0.2,0.46293736,3.0,10.079369,0.717552269250382
0.2,0.46293736,3.0,47.031506,0.720142784293728
0.2,0.46293736,3.0,219.45445,0.719265680775115
0.2,0.46293736,3.0,1024.0,0.719408465068842
0.2,0.46293736,5.0,0.0009765625,0.712595614482407
0.2,0.46293736,5.0,0.004556754,0.714411014788373
0.2,0.46293736,5.0,0.021262344,0.712983171851096
0.2,0.46293736,5.0,0.099212565,0.711963284038756
0.2,0.46293736,5.0,0.46293736,0.713635900050994
0.2,0.46293736,5.0,2.1601195,0.715369709331973
0.2,0.46293736,5.0,10.079369,0.715349311575727
0.2,0.46293736,5.0,47.031506,0.719326874043855
0.2,0.46293736,5.0,219.45445,0.720795512493626
0.2,0.46293736,5.0,1024.0,0.721591024987251
0.2,0.46293736,8.0,0.0009765625,0.711228964813871
0.2,0.46293736,8.0,0.004556754,0.711840897501275
0.2,0.46293736,8.0,0.021262344,0.709739928607853
0.2,0.46293736,8.0,0.099212565,0.711065782763896
0.2,0.46293736,8.0,0.46293736,0.711351351351351
0.2,0.46293736,8.0,2.1601195,0.714716981132075
0.2,0.46293736,8.0,10.079369,0.714105048444671
0.2,0.46293736,8.0,47.031506,0.716491585925548
0.2,0.46293736,8.0,219.45445,0.720163182049974
0.2,0.46293736,8.0,1024.0,0.721264660887302
0.2,0.46293736,13.0,0.0009765625,0.707781744008159
0.2,0.46293736,13.0,0.004556754,0.707618561958185
0.2,0.46293736,13.0,0.021262344,0.708842427332993
0.2,0.46293736,13.0,0.099212565,0.709291177970423
0.2,0.46293736,13.0,0.46293736,0.708087710351861
0.2,0.46293736,13.0,2.1601195,0.712024477307496
0.2,0.46293736,13.0,10.079369,0.715022947475778
0.2,0.46293736,13.0,47.031506,0.715879653238144
0.2,0.46293736,13.0,219.45445,0.716573176950535
0.2,0.46293736,13.0,1024.0,0.720836308006119
0.2,0.46293736,20.0,0.0009765625,0.706802651708312
0.2,0.46293736,20.0,0.004556754,0.706313105558389
0.2,0.46293736,20.0,0.021262344,0.705803161652218
0.2,0.46293736,20.0,0.099212565,0.705028046914839
0.2,0.46293736,20.0,0.46293736,0.707414584395716
0.2,0.46293736,20.0,2.1601195,0.708536460989291
0.2,0.46293736,20.0,10.079369,0.71481896991331
0.2,0.46293736,20.0,47.031506,0.716838347781744
0.2,0.46293736,20.0,219.45445,0.718735339112697
0.2,0.46293736,20.0,1024.0,0.719367669556349
0.2,0.46293736,32.0,0.0009765625,0.703824579296277
0.2,0.46293736,32.0,0.004556754,0.706251912289648
0.2,0.46293736,32.0,0.021262344,0.705130035696073
0.2,0.46293736,32.0,0.099212565,0.705517593064763
0.2,0.46293736,32.0,0.46293736,0.704742478327384
0.2,0.46293736,32.0,2.1601195,0.710433452320245
0.2,0.46293736,32.0,10.079369,0.712962774094849
0.2,0.46293736,32.0,47.031506,0.715675675675676
0.2,0.46293736,32.0,219.45445,0.718980112187659
0.2,0.46293736,32.0,1024.0,0.720163182049974
0.2,0.46293736,50.0,0.0009765625,0.703355430902601
0.2,0.46293736,50.0,0.004556754,0.705436002039776
0.2,0.46293736,50.0,0.021262344,0.704354920958695
0.2,0.46293736,50.0,0.099212565,0.704089750127486
0.2,0.46293736,50.0,0.46293736,0.704395716471188
0.2,0.46293736,50.0,2.1601195,0.709719530851606
0.2,0.46293736,50.0,10.079369,0.714859765425803
0.2,0.46293736,50.0,47.031506,0.715369709331974
0.2,0.46293736,50.0,219.45445,0.71859255481897
0.2,0.46293736,50.0,1024.0,0.719755226925038
0.2,1.0,1.0,0.0009765625,0.700560938296787
0.2,1.0,1.0,0.004556754,0.700662927078021
0.2,1.0,1.0,0.021262344,0.700683324834268
0.2,1.0,1.0,0.099212565,0.700601733809281
0.2,1.0,1.0,0.46293736,0.700785313615502
0.2,1.0,1.0,2.1601195,0.700764915859255
0.2,1.0,1.0,10.079369,0.701009688934217
0.2,1.0,1.0,47.031506,0.701050484446711
0.2,1.0,1.0,219.45445,0.700968893421724
0.2,1.0,1.0,1024.0,0.699479857215706
0.2,1.0,2.0,0.0009765625,0.714696583375829
0.2,1.0,2.0,0.004556754,0.714186639469658
0.2,1.0,2.0,0.021262344,0.715206527281999
0.2,1.0,2.0,0.099212565,0.715063742988271
0.2,1.0,2.0,0.46293736,0.716002039775625
0.2,1.0,2.0,2.1601195,0.715736868944416
0.2,1.0,2.0,10.079369,0.717021927587965
0.2,1.0,2.0,47.031506,0.716940336562978
0.2,1.0,2.0,219.45445,0.71628760836308
0.2,1.0,2.0,1024.0,0.713697093319735
0.2,1.0,3.0,0.0009765625,0.714696583375829
0.2,1.0,3.0,0.004556754,0.714982151963284
0.2,1.0,3.0,0.021262344,0.715226925038246
0.2,1.0,3.0,0.099212565,0.715859255481897
0.2,1.0,3.0,0.46293736,0.715451300356961
0.2,1.0,3.0,2.1601195,0.71667516573177
0.2,1.0,3.0,10.079369,0.717552269250382
0.2,1.0,3.0,47.031506,0.720142784293728
0.2,1.0,3.0,219.45445,0.719265680775115
0.2,1.0,3.0,1024.0,0.719408465068842
0.2,1.0,5.0,0.0009765625,0.712595614482407
0.2,1.0,5.0,0.004556754,0.714411014788373
0.2,1.0,5.0,0.021262344,0.712983171851096
0.2,1.0,5.0,0.099212565,0.711963284038756
0.2,1.0,5.0,0.46293736,0.713635900050994
0.2,1.0,5.0,2.1601195,0.715369709331973
0.2,1.0,5.0,10.079369,0.715349311575727
0.2,1.0,5.0,47.031506,0.719326874043855
0.2,1.0,5.0,219.45445,0.720795512493626
0.2,1.0,5.0,1024.0,0.721591024987251
0.2,1.0,8.0,0.0009765625,0.711228964813871
0.2,1.0,8.0,0.004556754,0.711840897501275
0.2,1.0,8.0,0.021262344,0.709739928607853
0.2,1.0,8.0,0.099212565,0.711065782763896
0.2,1.0,8.0,0.46293736,0.711351351351351
0.2,1.0,8.0,2.1601195,0.714716981132075
0.2,1.0,8.0,10.079369,0.714105048444671
0.2,1.0,8.0,47.031506,0.716491585925548
0.2,1.0,8.0,219.45445,0.720163182049974
0.2,1.0,8.0,1024.0,0.721264660887302
0.2,1.0,13.0,0.0009765625,0.707781744008159
0.2,1.0,13.0,0.004556754,0.707618561958185
0.2,1.0,13.0,0.021262344,0.708842427332993
0.2,1.0,13.0,0.099212565,0.709291177970423
0.2,1.0,13.0,0.46293736,0.708087710351861
0.2,1.0,13.0,2.1601195,0.712024477307496
0.2,1.0,13.0,10.079369,0.715022947475778
0.2,1.0,13.0,47.031506,0.715879653238144
0.2,1.0,13.0,219.45445,0.716573176950535
0.2,1.0,13.0,1024.0,0.720836308006119
0.2,1.0,20.0,0.0009765625,0.706802651708312
0.2,1.0,20.0,0.004556754,0.706313105558389
0.2,1.0,20.0,0.021262344,0.705803161652218
0.2,1.0,20.0,0.099212565,0.705028046914839
0.2,1.0,20.0,0.46293736,0.707414584395716
0.2,1.0,20.0,2.1601195,0.708536460989291
0.2,1.0,20.0,10.079369,0.71481896991331
0.2,1.0,20.0,47.031506,0.716838347781744
0.2,1.0,20.0,219.45445,0.718735339112697
0.2,1.0,20.0,1024.0,0.719367669556349
0.2,1.0,32.0,0.0009765625,0.703824579296277
0.2,1.0,32.0,0.004556754,0.706251912289648
0.2,1.0,32.0,0.021262344,0.705130035696073
0.2,1.0,32.0,0.099212565,0.705517593064763
0.2,1.0,32.0,0.46293736,0.704742478327384
0.2,1.0,32.0,2.1601195,0.710433452320245
0.2,1.0,32.0,10.079369,0.712962774094849
0.2,1.0,32.0,47.031506,0.715675675675676
0.2,1.0,32.0,219.45445,0.718980112187659
0.2,1.0,32.0,1024.0,0.720163182049974
0.2,1.0,50.0,0.0009765625,0.703355430902601
0.2,1.0,50.0,0.004556754,0.705436002039776
0.2,1.0,50.0,0.021262344,0.704354920958695
0.2,1.0,50.0,0.099212565,0.704089750127486
0.2,1.0,50.0,0.46293736,0.704395716471188
0.2,1.0,50.0,2.1601195,0.709719530851606
0.2,1.0,50.0,10.079369,0.714859765425803
0.2,1.0,50.0,47.031506,0.715369709331974
0.2,1.0,50.0,219.45445,0.71859255481897
0.2,1.0,50.0,1024.0,0.719755226925038
0.3,0.0009765625,1.0,0.0009765625,0.701050484446711
0.3,0.0009765625,1.0,0.004556754,0.700764915859255
0.3,0.0009765625,1.0,0.021262344,0.700785313615502
0.3,0.0009765625,1.0,0.099212565,0.700805711371749
0.3,0.0009765625,1.0,0.46293736,0.700744518103009
0.3,0.0009765625,1.0,2.1601195,0.700907700152983
0.3,0.0009765625,1.0,10.079369,0.700560938296787
0.3,0.0009765625,1.0,47.031506,0.700846506884243
0.3,0.0009765625,1.0,219.45445,0.700805711371749
0.3,0.0009765625,1.0,1024.0,0.699663437021928
0.3,0.0009765625,2.0,0.0009765625,0.716063233044365
0.3,0.0009765625,2.0,0.004556754,0.715757266700663
0.3,0.0009765625,2.0,0.021262344,0.715369709331974
0.3,0.0009765625,2.0,0.099212565,0.717123916369199
0.3,0.0009765625,2.0,0.46293736,0.717287098419174
0.3,0.0009765625,2.0,2.1601195,0.716777154513004
0.3,0.0009765625,2.0,10.079369,0.71679755226925
0.3,0.0009765625,2.0,47.031506,0.717919428862825
0.3,0.0009765625,2.0,219.45445,0.71718510963794
0.3,0.0009765625,2.0,1024.0,0.715043345232025
0.3,0.0009765625,3.0,0.0009765625,0.718694543600204
0.3,0.0009765625,3.0,0.004556754,0.718674145843957
0.3,0.0009765625,3.0,0.021262344,0.718429372768995
0.3,0.0009765625,3.0,0.099212565,0.718755736868944
0.3,0.0009765625,3.0,0.46293736,0.718286588475268
0.3,0.0009765625,3.0,2.1601195,0.719755226925038
0.3,0.0009765625,3.0,10.079369,0.720061193268741
0.3,0.0009765625,3.0,47.031506,0.72140744518103
0.3,0.0009765625,3.0,219.45445,0.722937276899541
0.3,0.0009765625,3.0,1024.0,0.721142274349822
0.3,0.0009765625,5.0,0.0009765625,0.715532891381948
0.3,0.0009765625,5.0,0.004556754,0.717348291687914
0.3,0.0009765625,5.0,0.021262344,0.716573176950535
0.3,0.0009765625,5.0,0.099212565,0.715879653238144
0.3,0.0009765625,5.0,0.46293736,0.717817440081591
0.3,0.0009765625,5.0,2.1601195,0.717735849056604
0.3,0.0009765625,5.0,10.079369,0.718939316675166
0.3,0.0009765625,5.0,47.031506,0.719428862825089
0.3,0.0009765625,5.0,219.45445,0.721387047424783
0.3,0.0009765625,5.0,1024.0,0.723488016318205
0.3,0.0009765625,8.0,0.0009765625,0.714655787863335
0.3,0.0009765625,8.0,0.004556754,0.716206017338093
0.3,0.0009765625,8.0,0.021262344,0.714247832738399
0.3,0.0009765625,8.0,0.099212565,0.715655277919429
0.3,0.0009765625,8.0,0.46293736,0.717327893931667
0.3,0.0009765625,8.0,2.1601195,0.717735849056604
0.3,0.0009765625,8.0,10.079369,0.720285568587456
0.3,0.0009765625,8.0,47.031506,0.720489546149923
0.3,0.0009765625,8.0,219.45445,0.720754716981132
0.3,0.0009765625,8.0,1024.0,0.723182049974503
0.3,0.0009765625,13.0,0.0009765625,0.717572667006629
0.3,0.0009765625,13.0,0.004556754,0.716267210606833
0.3,0.0009765625,13.0,0.021262344,0.71763386027537
0.3,0.0009765625,13.0,0.099212565,0.718735339112697
0.3,0.0009765625,13.0,0.46293736,0.717389087200408
0.3,0.0009765625,13.0,2.1601195,0.719286078531362
0.3,0.0009765625,13.0,10.079369,0.719082100968893
0.3,0.0009765625,13.0,47.031506,0.72050994390617
0.3,0.0009765625,13.0,219.45445,0.722916879143294
0.3,0.0009765625,13.0,1024.0,0.723977562468128
0.3,0.0009765625,20.0,0.0009765625,0.715573686894442
0.3,0.0009765625,20.0,0.004556754,0.713860275369709
0.3,0.0009765625,20.0,0.021262344,0.713370729219786
0.3,0.0009765625,20.0,0.099212565,0.715308516063233
0.3,0.0009765625,20.0,0.46293736,0.716695563488016
0.3,0.0009765625,20.0,2.1601195,0.718674145843957
0.3,0.0009765625,20.0,10.079369,0.721876593574707
0.3,0.0009765625,20.0,47.031506,0.722019377868435
0.3,0.0009765625,20.0,219.45445,0.722141764405915
0.3,0.0009765625,20.0,1024.0,0.724732279449261
0.3,0.0009765625,32.0,0.0009765625,0.714166241713412
0.3,0.0009765625,32.0,0.004556754,0.713146353901071
0.3,0.0009765625,32.0,0.021262344,0.711840897501275
0.3,0.0009765625,32.0,0.099212565,0.714309026007139
0.3,0.0009765625,32.0,0.46293736,0.715349311575727
0.3,0.0009765625,32.0,2.1601195,0.719306476287608
0.3,0.0009765625,32.0,10.079369,0.720571137174911
0.3,0.0009765625,32.0,47.031506,0.723916369199388
0.3,0.0009765625,32.0,219.45445,0.723630800611933
0.3,0.0009765625,32.0,1024.0,0.723957164711882
0.3,0.0009765625,50.0,0.0009765625,0.712350841407445
0.3,0.0009765625,50.0,0.004556754,0.71206527281999
0.3,0.0009765625,50.0,0.021262344,0.713656297807241
0.3,0.0009765625,50.0,0.099212565,0.714003059663437
0.3,0.0009765625,50.0,0.46293736,0.713901070882203
0.3,0.0009765625,50.0,2.1601195,0.717389087200408
0.3,0.0009765625,50.0,10.079369,0.722060173380928
0.3,0.0009765625,50.0,47.031506,0.722060173380928
0.3,0.0009765625,50.0,219.45445,0.723793982661907
0.3,0.0009765625,50.0,1024.0,0.723488016318205
0.3,0.0021094917,1.0,0.0009765625,0.701050484446711
0.3,0.0021094917,1.0,0.004556754,0.700764915859255
0.3,0.0021094917,1.0,0.021262344,0.700785313615502
0.3,0.0021094917,1.0,0.099212565,0.700805711371749
0.3,0.0021094917,1.0,0.46293736,0.700744518103009
0.3,0.0021094917,1.0,2.1601195,0.700907700152983
0.3,0.0021094917,1.0,10.079369,0.700560938296787
0.3,0.0021094917,1.0,47.031506,0.700846506884243
0.3,0.0021094917,1.0,219.45445,0.700805711371749
0.3,0.0021094917,1.0,1024.0,0.699663437021928
0.3,0.0021094917,2.0,0.0009765625,0.716063233044365
0.3,0.0021094917,2.0,0.004556754,0.715757266700663
0.3,0.0021094917,2.0,0.021262344,0.715369709331974
0.3,0.0021094917,2.0,0.099212565,0.717123916369199
0.3,0.0021094917,2.0,0.46293736,0.717287098419174
0.3,0.0021094917,2.0,2.1601195,0.716777154513004
0.3,0.0021094917,2.0,10.079369,0.71679755226925
0.3,0.0021094917,2.0,47.031506,0.717919428862825
0.3,0.0021094917,2.0,219.45445,0.71718510963794
0.3,0.0021094917,2.0,1024.0,0.715043345232025
0.3,0.0021094917,3.0,0.0009765625,0.718694543600204
0.3,0.0021094917,3.0,0.004556754,0.718674145843957
0.3,0.0021094917,3.0,0.021262344,0.718429372768995
0.3,0.0021094917,3.0,0.099212565,0.718755736868944
0.3,0.0021094917,3.0,0.46293736,0.718286588475268
0.3,0.0021094917,3.0,2.1601195,0.719755226925038
0.3,0.0021094917,3.0,10.079369,0.720061193268741
0.3,0.0021094917,3.0,47.031506,0.72140744518103
0.3,0.0021094917,3.0,219.45445,0.722937276899541
0.3,0.0021094917,3.0,1024.0,0.721142274349822
0.3,0.0021094917,5.0,0.0009765625,0.715532891381948
0.3,0.0021094917,5.0,0.004556754,0.717348291687914
0.3,0.0021094917,5.0,0.021262344,0.716573176950535
0.3,0.0021094917,5.0,0.099212565,0.715879653238144
0.3,0.0021094917,5.0,0.46293736,0.717817440081591
0.3,0.0021094917,5.0,2.1601195,0.717735849056604
0.3,0.0021094917,5.0,10.079369,0.718939316675166
0.3,0.0021094917,5.0,47.031506,0.719428862825089
0.3,0.0021094917,5.0,219.45445,0.721387047424783
0.3,0.0021094917,5.0,1024.0,0.723488016318205
0.3,0.0021094917,8.0,0.0009765625,0.714655787863335
0.3,0.0021094917,8.0,0.004556754,0.716206017338093
0.3,0.0021094917,8.0,0.021262344,0.714247832738399
0.3,0.0021094917,8.0,0.099212565,0.715655277919429
0.3,0.0021094917,8.0,0.46293736,0.717327893931667
0.3,0.0021094917,8.0,2.1601195,0.717735849056604
0.3,0.0021094917,8.0,10.079369,0.720285568587456
0.3,0.0021094917,8.0,47.031506,0.720489546149923
0.3,0.0021094917,8.0,219.45445,0.720754716981132
0.3,0.0021094917,8.0,1024.0,0.723182049974503
0.3,0.0021094917,13.0,0.0009765625,0.717572667006629
0.3,0.0021094917,13.0,0.004556754,0.716267210606833
0.3,0.0021094917,13.0,0.021262344,0.71763386027537
0.3,0.0021094917,13.0,0.099212565,0.718735339112697
0.3,0.0021094917,13.0,0.46293736,0.717389087200408
0.3,0.0021094917,13.0,2.1601195,0.719286078531362
0.3,0.0021094917,13.0,10.079369,0.719082100968893
0.3,0.0021094917,13.0,47.031506,0.72050994390617
0.3,0.0021094917,13.0,219.45445,0.722916879143294
0.3,0.0021094917,13.0,1024.0,0.723977562468128
0.3,0.0021094917,20.0,0.0009765625,0.715573686894442
0.3,0.0021094917,20.0,0.004556754,0.713860275369709
0.3,0.0021094917,20.0,0.021262344,0.713370729219786
0.3,0.0021094917,20.0,0.099212565,0.715308516063233
0.3,0.0021094917,20.0,0.46293736,0.716695563488016
0.3,0.0021094917,20.0,2.1601195,0.718674145843957
0.3,0.0021094917,20.0,10.079369,0.721876593574707
0.3,0.0021094917,20.0,47.031506,0.722019377868435
0.3,0.0021094917,20.0,219.45445,0.722141764405915
0.3,0.0021094917,20.0,1024.0,0.724732279449261
0.3,0.0021094917,32.0,0.0009765625,0.714166241713412
0.3,0.0021094917,32.0,0.004556754,0.713146353901071
0.3,0.0021094917,32.0,0.021262344,0.711840897501275
0.3,0.0021094917,32.0,0.099212565,0.714309026007139
0.3,0.0021094917,32.0,0.46293736,0.715349311575727
0.3,0.0021094917,32.0,2.1601195,0.719306476287608
0.3,0.0021094917,32.0,10.079369,0.720571137174911
0.3,0.0021094917,32.0,47.031506,0.723916369199388
0.3,0.0021094917,32.0,219.45445,0.723630800611933
0.3,0.0021094917,32.0,1024.0,0.723957164711882
0.3,0.0021094917,50.0,0.0009765625,0.712350841407445
0.3,0.0021094917,50.0,0.004556754,0.71206527281999
0.3,0.0021094917,50.0,0.021262344,0.713656297807241
0.3,0.0021094917,50.0,0.099212565,0.714003059663437
0.3,0.0021094917,50.0,0.46293736,0.713901070882203
0.3,0.0021094917,50.0,2.1601195,0.717389087200408
0.3,0.0021094917,50.0,10.079369,0.722060173380928
0.3,0.0021094917,50.0,47.031506,0.722060173380928
0.3,0.0021094917,50.0,219.45445,0.723793982661907
0.3,0.0021094917,50.0,1024.0,0.723488016318205
0.3,0.004556754,1.0,0.0009765625,0.701050484446711
0.3,0.004556754,1.0,0.004556754,0.700764915859255
0.3,0.004556754,1.0,0.021262344,0.700785313615502
0.3,0.004556754,1.0,0.099212565,0.700805711371749
0.3,0.004556754,1.0,0.46293736,0.700744518103009
0.3,0.004556754,1.0,2.1601195,0.700907700152983
0.3,0.004556754,1.0,10.079369,0.700560938296787
0.3,0.004556754,1.0,47.031506,0.700846506884243
0.3,0.004556754,1.0,219.45445,0.700805711371749
0.3,0.004556754,1.0,1024.0,0.699663437021928
0.3,0.004556754,2.0,0.0009765625,0.716063233044365
0.3,0.004556754,2.0,0.004556754,0.715757266700663
0.3,0.004556754,2.0,0.021262344,0.715369709331974
0.3,0.004556754,2.0,0.099212565,0.717123916369199
0.3,0.004556754,2.0,0.46293736,0.717287098419174
0.3,0.004556754,2.0,2.1601195,0.716777154513004
0.3,0.004556754,2.0,10.079369,0.71679755226925
0.3,0.004556754,2.0,47.031506,0.717919428862825
0.3,0.004556754,2.0,219.45445,0.71718510963794
0.3,0.004556754,2.0,1024.0,0.715043345232025
0.3,0.004556754,3.0,0.0009765625,0.718694543600204
0.3,0.004556754,3.0,0.004556754,0.718674145843957
0.3,0.004556754,3.0,0.021262344,0.718429372768995
0.3,0.004556754,3.0,0.099212565,0.718755736868944
0.3,0.004556754,3.0,0.46293736,0.718286588475268
0.3,0.004556754,3.0,2.1601195,0.719755226925038
0.3,0.004556754,3.0,10.079369,0.720061193268741
0.3,0.004556754,3.0,47.031506,0.72140744518103
0.3,0.004556754,3.0,219.45445,0.722937276899541
0.3,0.004556754,3.0,1024.0,0.721142274349822
0.3,0.004556754,5.0,0.0009765625,0.715532891381948
0.3,0.004556754,5.0,0.004556754,0.717348291687914
0.3,0.004556754,5.0,0.021262344,0.716573176950535
0.3,0.004556754,5.0,0.099212565,0.715879653238144
0.3,0.004556754,5.0,0.46293736,0.717817440081591
0.3,0.004556754,5.0,2.1601195,0.717735849056604
0.3,0.004556754,5.0,10.079369,0.718939316675166
0.3,0.004556754,5.0,47.031506,0.719428862825089
0.3,0.004556754,5.0,219.45445,0.721387047424783
0.3,0.004556754,5.0,1024.0,0.723488016318205
0.3,0.004556754,8.0,0.0009765625,0.714655787863335
0.3,0.004556754,8.0,0.004556754,0.716206017338093
0.3,0.004556754,8.0,0.021262344,0.714247832738399
0.3,0.004556754,8.0,0.099212565,0.715655277919429
0.3,0.004556754,8.0,0.46293736,0.717327893931667
0.3,0.004556754,8.0,2.1601195,0.717735849056604
0.3,0.004556754,8.0,10.079369,0.720285568587456
0.3,0.004556754,8.0,47.031506,0.720489546149923
0.3,0.004556754,8.0,219.45445,0.720754716981132
0.3,0.004556754,8.0,1024.0,0.723182049974503
0.3,0.004556754,13.0,0.0009765625,0.717572667006629
0.3,0.004556754,13.0,0.004556754,0.716267210606833
0.3,0.004556754,13.0,0.021262344,0.71763386027537
0.3,0.004556754,13.0,0.099212565,0.718735339112697
0.3,0.004556754,13.0,0.46293736,0.717389087200408
0.3,0.004556754,13.0,2.1601195,0.719286078531362
0.3,0.004556754,13.0,10.079369,0.719082100968893
0.3,0.004556754,13.0,47.031506,0.72050994390617
0.3,0.004556754,13.0,219.45445,0.722916879143294
0.3,0.004556754,13.0,1024.0,0.723977562468128
0.3,0.004556754,20.0,0.0009765625,0.715573686894442
0.3,0.004556754,20.0,0.004556754,0.713860275369709
0.3,0.004556754,20.0,0.021262344,0.713370729219786
0.3,0.004556754,20.0,0.099212565,0.715308516063233
0.3,0.004556754,20.0,0.46293736,0.716695563488016
0.3,0.004556754,20.0,2.1601195,0.718674145843957
0.3,0.004556754,20.0,10.079369,0.721876593574707
0.3,0.004556754,20.0,47.031506,0.722019377868435
0.3,0.004556754,20.0,219.45445,0.722141764405915
0.3,0.004556754,20.0,1024.0,0.724732279449261
0.3,0.004556754,32.0,0.0009765625,0.714166241713412
0.3,0.004556754,32.0,0.004556754,0.713146353901071
0.3,0.004556754,32.0,0.021262344,0.711840897501275
0.3,0.004556754,32.0,0.099212565,0.714309026007139
0.3,0.004556754,32.0,0.46293736,0.715349311575727
0.3,0.004556754,32.0,2.1601195,0.719306476287608
0.3,0.004556754,32.0,10.079369,0.720571137174911
0.3,0.004556754,32.0,47.031506,0.723916369199388
0.3,0.004556754,32.0,219.45445,0.723630800611933
0.3,0.004556754,32.0,1024.0,0.723957164711882
0.3,0.004556754,50.0,0.0009765625,0.712350841407445
0.3,0.004556754,50.0,0.004556754,0.71206527281999
0.3,0.004556754,50.0,0.021262344,0.713656297807241
0.3,0.004556754,50.0,0.099212565,0.714003059663437
0.3,0.004556754,50.0,0.46293736,0.713901070882203
0.3,0.004556754,50.0,2.1601195,0.717389087200408
0.3,0.004556754,50.0,10.079369,0.722060173380928
0.3,0.004556754,50.0,47.031506,0.722060173380928
0.3,0.004556754,50.0,219.45445,0.723793982661907
0.3,0.004556754,50.0,1024.0,0.723488016318205
0.3,0.009843133,1.0,0.0009765625,0.701050484446711
0.3,0.009843133,1.0,0.004556754,0.700764915859255
0.3,0.009843133,1.0,0.021262344,0.700785313615502
0.3,0.009843133,1.0,0.099212565,0.700805711371749
0.3,0.009843133,1.0,0.46293736,0.700744518103009
0.3,0.009843133,1.0,2.1601195,0.700907700152983
0.3,0.009843133,1.0,10.079369,0.700560938296787
0.3,0.009843133,1.0,47.031506,0.700846506884243
0.3,0.009843133,1.0,219.45445,0.700805711371749
0.3,0.009843133,1.0,1024.0,0.699663437021928
0.3,0.009843133,2.0,0.0009765625,0.716063233044365
0.3,0.009843133,2.0,0.004556754,0.715757266700663
0.3,0.009843133,2.0,0.021262344,0.715369709331974
0.3,0.009843133,2.0,0.099212565,0.717123916369199
0.3,0.009843133,2.0,0.46293736,0.717287098419174
0.3,0.009843133,2.0,2.1601195,0.716777154513004
0.3,0.009843133,2.0,10.079369,0.71679755226925
0.3,0.009843133,2.0,47.031506,0.717919428862825
0.3,0.009843133,2.0,219.45445,0.71718510963794
0.3,0.009843133,2.0,1024.0,0.715043345232025
0.3,0.009843133,3.0,0.0009765625,0.718694543600204
0.3,0.009843133,3.0,0.004556754,0.718674145843957
0.3,0.009843133,3.0,0.021262344,0.718429372768995
0.3,0.009843133,3.0,0.099212565,0.718755736868944
0.3,0.009843133,3.0,0.46293736,0.718286588475268
0.3,0.009843133,3.0,2.1601195,0.719755226925038
0.3,0.009843133,3.0,10.079369,0.720061193268741
0.3,0.009843133,3.0,47.031506,0.72140744518103
0.3,0.009843133,3.0,219.45445,0.722937276899541
0.3,0.009843133,3.0,1024.0,0.721142274349822
0.3,0.009843133,5.0,0.0009765625,0.715532891381948
0.3,0.009843133,5.0,0.004556754,0.717348291687914
0.3,0.009843133,5.0,0.021262344,0.716573176950535
0.3,0.009843133,5.0,0.099212565,0.715879653238144
0.3,0.009843133,5.0,0.46293736,0.717817440081591
0.3,0.009843133,5.0,2.1601195,0.717735849056604
0.3,0.009843133,5.0,10.079369,0.718939316675166
0.3,0.009843133,5.0,47.031506,0.719428862825089
0.3,0.009843133,5.0,219.45445,0.721387047424783
0.3,0.009843133,5.0,1024.0,0.723488016318205
0.3,0.009843133,8.0,0.0009765625,0.714655787863335
0.3,0.009843133,8.0,0.004556754,0.716206017338093
0.3,0.009843133,8.0,0.021262344,0.714247832738399
0.3,0.009843133,8.0,0.099212565,0.715655277919429
0.3,0.009843133,8.0,0.46293736,0.717327893931667
0.3,0.009843133,8.0,2.1601195,0.717735849056604
0.3,0.009843133,8.0,10.079369,0.720285568587456
0.3,0.009843133,8.0,47.031506,0.720489546149923
0.3,0.009843133,8.0,219.45445,0.720754716981132
0.3,0.009843133,8.0,1024.0,0.723182049974503
0.3,0.009843133,13.0,0.0009765625,0.717572667006629
0.3,0.009843133,13.0,0.004556754,0.716267210606833
0.3,0.009843133,13.0,0.021262344,0.71763386027537
0.3,0.009843133,13.0,0.099212565,0.718735339112697
0.3,0.009843133,13.0,0.46293736,0.717389087200408
0.3,0.009843133,13.0,2.1601195,0.719286078531362
0.3,0.009843133,13.0,10.079369,0.719082100968893
0.3,0.009843133,13.0,47.031506,0.72050994390617
0.3,0.009843133,13.0,219.45445,0.722916879143294
0.3,0.009843133,13.0,1024.0,0.723977562468128
0.3,0.009843133,20.0,0.0009765625,0.715573686894442
0.3,0.009843133,20.0,0.004556754,0.713860275369709
0.3,0.009843133,20.0,0.021262344,0.713370729219786
0.3,0.009843133,20.0,0.099212565,0.715308516063233
0.3,0.009843133,20.0,0.46293736,0.716695563488016
0.3,0.009843133,20.0,2.1601195,0.718674145843957
0.3,0.009843133,20.0,10.079369,0.721876593574707
0.3,0.009843133,20.0,47.031506,0.722019377868435
0.3,0.009843133,20.0,219.45445,0.722141764405915
0.3,0.009843133,20.0,1024.0,0.724732279449261
0.3,0.009843133,32.0,0.0009765625,0.714166241713412
0.3,0.009843133,32.0,0.004556754,0.713146353901071
0.3,0.009843133,32.0,0.021262344,0.711840897501275
0.3,0.009843133,32.0,0.099212565,0.714309026007139
0.3,0.009843133,32.0,0.46293736,0.715349311575727
0.3,0.009843133,32.0,2.1601195,0.719306476287608
0.3,0.009843133,32.0,10.079369,0.720571137174911
0.3,0.009843133,32.0,47.031506,0.723916369199388
0.3,0.009843133,32.0,219.45445,0.723630800611933
0.3,0.009843133,32.0,1024.0,0.723957164711882
0.3,0.009843133,50.0,0.0009765625,0.712350841407445
0.3,0.009843133,50.0,0.004556754,0.71206527281999
0.3,0.009843133,50.0,0.021262344,0.713656297807241
0.3,0.009843133,50.0,0.099212565,0.714003059663437
0.3,0.009843133,50.0,0.46293736,0.713901070882203
0.3,0.009843133,50.0,2.1601195,0.717389087200408
0.3,0.009843133,50.0,10.079369,0.722060173380928
0.3,0.009843133,50.0,47.031506,0.722060173380928
0.3,0.009843133,50.0,219.45445,0.723793982661907
0.3,0.009843133,50.0,1024.0,0.723488016318205
0.3,0.021262344,1.0,0.0009765625,0.701050484446711
0.3,0.021262344,1.0,0.004556754,0.700764915859255
0.3,0.021262344,1.0,0.021262344,0.700785313615502
0.3,0.021262344,1.0,0.099212565,0.700805711371749
0.3,0.021262344,1.0,0.46293736,0.700744518103009
0.3,0.021262344,1.0,2.1601195,0.700907700152983
0.3,0.021262344,1.0,10.079369,0.700560938296787
0.3,0.021262344,1.0,47.031506,0.700846506884243
0.3,0.021262344,1.0,219.45445,0.700805711371749
0.3,0.021262344,1.0,1024.0,0.699663437021928
0.3,0.021262344,2.0,0.0009765625,0.716063233044365
0.3,0.021262344,2.0,0.004556754,0.715757266700663
0.3,0.021262344,2.0,0.021262344,0.715369709331974
0.3,0.021262344,2.0,0.099212565,0.717123916369199
0.3,0.021262344,2.0,0.46293736,0.717287098419174
0.3,0.021262344,2.0,2.1601195,0.716777154513004
0.3,0.021262344,2.0,10.079369,0.71679755226925
0.3,0.021262344,2.0,47.031506,0.717919428862825
0.3,0.021262344,2.0,219.45445,0.71718510963794
0.3,0.021262344,2.0,1024.0,0.715043345232025
0.3,0.021262344,3.0,0.0009765625,0.718694543600204
0.3,0.021262344,3.0,0.004556754,0.718674145843957
0.3,0.021262344,3.0,0.021262344,0.718429372768995
0.3,0.021262344,3.0,0.099212565,0.718755736868944
0.3,0.021262344,3.0,0.46293736,0.718286588475268
0.3,0.021262344,3.0,2.1601195,0.719755226925038
0.3,0.021262344,3.0,10.079369,0.720061193268741
0.3,0.021262344,3.0,47.031506,0.72140744518103
0.3,0.021262344,3.0,219.45445,0.722937276899541
0.3,0.021262344,3.0,1024.0,0.721142274349822
0.3,0.021262344,5.0,0.0009765625,0.715532891381948
0.3,0.021262344,5.0,0.004556754,0.717348291687914
0.3,0.021262344,5.0,0.021262344,0.716573176950535
0.3,0.021262344,5.0,0.099212565,0.715879653238144
0.3,0.021262344,5.0,0.46293736,0.717817440081591
0.3,0.021262344,5.0,2.1601195,0.717735849056604
0.3,0.021262344,5.0,10.079369,0.718939316675166
0.3,0.021262344,5.0,47.031506,0.719428862825089
0.3,0.021262344,5.0,219.45445,0.721387047424783
0.3,0.021262344,5.0,1024.0,0.723488016318205
0.3,0.021262344,8.0,0.0009765625,0.714655787863335
0.3,0.021262344,8.0,0.004556754,0.716206017338093
0.3,0.021262344,8.0,0.021262344,0.714247832738399
0.3,0.021262344,8.0,0.099212565,0.715655277919429
0.3,0.021262344,8.0,0.46293736,0.717327893931667
0.3,0.021262344,8.0,2.1601195,0.717735849056604
0.3,0.021262344,8.0,10.079369,0.720285568587456
0.3,0.021262344,8.0,47.031506,0.720489546149923
0.3,0.021262344,8.0,219.45445,0.720754716981132
0.3,0.021262344,8.0,1024.0,0.723182049974503
0.3,0.021262344,13.0,0.0009765625,0.717572667006629
0.3,0.021262344,13.0,0.004556754,0.716267210606833
0.3,0.021262344,13.0,0.021262344,0.71763386027537
0.3,0.021262344,13.0,0.099212565,0.718735339112697
0.3,0.021262344,13.0,0.46293736,0.717389087200408
0.3,0.021262344,13.0,2.1601195,0.719286078531362
0.3,0.021262344,13.0,10.079369,0.719082100968893
0.3,0.021262344,13.0,47.031506,0.72050994390617
0.3,0.021262344,13.0,219.45445,0.722916879143294
0.3,0.021262344,13.0,1024.0,0.723977562468128
0.3,0.021262344,20.0,0.0009765625,0.715573686894442
0.3,0.021262344,20.0,0.004556754,0.713860275369709
0.3,0.021262344,20.0,0.021262344,0.713370729219786
0.3,0.021262344,20.0,0.099212565,0.715308516063233
0.3,0.021262344,20.0,0.46293736,0.716695563488016
0.3,0.021262344,20.0,2.1601195,0.718674145843957
0.3,0.021262344,20.0,10.079369,0.721876593574707
0.3,0.021262344,20.0,47.031506,0.722019377868435
0.3,0.021262344,20.0,219.45445,0.722141764405915
0.3,0.021262344,20.0,1024.0,0.724732279449261
0.3,0.021262344,32.0,0.0009765625,0.714166241713412
0.3,0.021262344,32.0,0.004556754,0.713146353901071
0.3,0.021262344,32.0,0.021262344,0.711840897501275
0.3,0.021262344,32.0,0.099212565,0.714309026007139
0.3,0.021262344,32.0,0.46293736,0.715349311575727
0.3,0.021262344,32.0,2.1601195,0.719306476287608
0.3,0.021262344,32.0,10.079369,0.720571137174911
0.3,0.021262344,32.0,47.031506,0.723916369199388
0.3,0.021262344,32.0,219.45445,0.723630800611933
0.3,0.021262344,32.0,1024.0,0.723957164711882
0.3,0.021262344,50.0,0.0009765625,0.712350841407445
0.3,0.021262344,50.0,0.004556754,0.71206527281999
0.3,0.021262344,50.0,0.021262344,0.713656297807241
0.3,0.021262344,50.0,0.099212565,0.714003059663437
0.3,0.021262344,50.0,0.46293736,0.713901070882203
0.3,0.021262344,50.0,2.1601195,0.717389087200408
0.3,0.021262344,50.0,10.079369,0.722060173380928
0.3,0.021262344,50.0,47.031506,0.722060173380928
0.3,0.021262344,50.0,219.45445,0.723793982661907
0.3,0.021262344,50.0,1024.0,0.723488016318205
0.3,0.045929205,1.0,0.0009765625,0.701050484446711
0.3,0.045929205,1.0,0.004556754,0.700764915859255
0.3,0.045929205,1.0,0.021262344,0.700785313615502
0.3,0.045929205,1.0,0.099212565,0.700805711371749
0.3,0.045929205,1.0,0.46293736,0.700744518103009
0.3,0.045929205,1.0,2.1601195,0.700907700152983
0.3,0.045929205,1.0,10.079369,0.700560938296787
0.3,0.045929205,1.0,47.031506,0.700846506884243
0.3,0.045929205,1.0,219.45445,0.700805711371749
0.3,0.045929205,1.0,1024.0,0.699663437021928
0.3,0.045929205,2.0,0.0009765625,0.716063233044365
0.3,0.045929205,2.0,0.004556754,0.715757266700663
0.3,0.045929205,2.0,0.021262344,0.715369709331974
0.3,0.045929205,2.0,0.099212565,0.717123916369199
0.3,0.045929205,2.0,0.46293736,0.717287098419174
0.3,0.045929205,2.0,2.1601195,0.716777154513004
0.3,0.045929205,2.0,10.079369,0.71679755226925
0.3,0.045929205,2.0,47.031506,0.717919428862825
0.3,0.045929205,2.0,219.45445,0.71718510963794
0.3,0.045929205,2.0,1024.0,0.715043345232025
0.3,0.045929205,3.0,0.0009765625,0.718694543600204
0.3,0.045929205,3.0,0.004556754,0.718674145843957
0.3,0.045929205,3.0,0.021262344,0.718429372768995
0.3,0.045929205,3.0,0.099212565,0.718755736868944
0.3,0.045929205,3.0,0.46293736,0.718286588475268
0.3,0.045929205,3.0,2.1601195,0.719755226925038
0.3,0.045929205,3.0,10.079369,0.720061193268741
0.3,0.045929205,3.0,47.031506,0.72140744518103
0.3,0.045929205,3.0,219.45445,0.722937276899541
0.3,0.045929205,3.0,1024.0,0.721142274349822
0.3,0.045929205,5.0,0.0009765625,0.715532891381948
0.3,0.045929205,5.0,0.004556754,0.717348291687914
0.3,0.045929205,5.0,0.021262344,0.716573176950535
0.3,0.045929205,5.0,0.099212565,0.715879653238144
0.3,0.045929205,5.0,0.46293736,0.717817440081591
0.3,0.045929205,5.0,2.1601195,0.717735849056604
0.3,0.045929205,5.0,10.079369,0.718939316675166
0.3,0.045929205,5.0,47.031506,0.719428862825089
0.3,0.045929205,5.0,219.45445,0.721387047424783
0.3,0.045929205,5.0,1024.0,0.723488016318205
0.3,0.045929205,8.0,0.0009765625,0.714655787863335
0.3,0.045929205,8.0,0.004556754,0.716206017338093
0.3,0.045929205,8.0,0.021262344,0.714247832738399
0.3,0.045929205,8.0,0.099212565,0.715655277919429
0.3,0.045929205,8.0,0.46293736,0.717327893931667
0.3,0.045929205,8.0,2.1601195,0.717735849056604
0.3,0.045929205,8.0,10.079369,0.720285568587456
0.3,0.045929205,8.0,47.031506,0.720489546149923
0.3,0.045929205,8.0,219.45445,0.720754716981132
0.3,0.045929205,8.0,1024.0,0.723182049974503
0.3,0.045929205,13.0,0.0009765625,0.717572667006629
0.3,0.045929205,13.0,0.004556754,0.716267210606833
0.3,0.045929205,13.0,0.021262344,0.71763386027537
0.3,0.045929205,13.0,0.099212565,0.718735339112697
0.3,0.045929205,13.0,0.46293736,0.717389087200408
0.3,0.045929205,13.0,2.1601195,0.719286078531362
0.3,0.045929205,13.0,10.079369,0.719082100968893
0.3,0.045929205,13.0,47.031506,0.72050994390617
0.3,0.045929205,13.0,219.45445,0.722916879143294
0.3,0.045929205,13.0,1024.0,0.723977562468128
0.3,0.045929205,20.0,0.0009765625,0.715573686894442
0.3,0.045929205,20.0,0.004556754,0.713860275369709
0.3,0.045929205,20.0,0.021262344,0.713370729219786
0.3,0.045929205,20.0,0.099212565,0.715308516063233
0.3,0.045929205,20.0,0.46293736,0.716695563488016
0.3,0.045929205,20.0,2.1601195,0.718674145843957
0.3,0.045929205,20.0,10.079369,0.721876593574707
0.3,0.045929205,20.0,47.031506,0.722019377868435
0.3,0.045929205,20.0,219.45445,0.722141764405915
0.3,0.045929205,20.0,1024.0,0.724732279449261
0.3,0.045929205,32.0,0.0009765625,0.714166241713412
0.3,0.045929205,32.0,0.004556754,0.713146353901071
0.3,0.045929205,32.0,0.021262344,0.711840897501275
0.3,0.045929205,32.0,0.099212565,0.714309026007139
0.3,0.045929205,32.0,0.46293736,0.715349311575727
0.3,0.045929205,32.0,2.1601195,0.719306476287608
0.3,0.045929205,32.0,10.079369,0.720571137174911
0.3,0.045929205,32.0,47.031506,0.723916369199388
0.3,0.045929205,32.0,219.45445,0.723630800611933
0.3,0.045929205,32.0,1024.0,0.723957164711882
0.3,0.045929205,50.0,0.0009765625,0.712350841407445
0.3,0.045929205,50.0,0.004556754,0.71206527281999
0.3,0.045929205,50.0,0.021262344,0.713656297807241
0.3,0.045929205,50.0,0.099212565,0.714003059663437
0.3,0.045929205,50.0,0.46293736,0.713901070882203
0.3,0.045929205,50.0,2.1601195,0.717389087200408
0.3,0.045929205,50.0,10.079369,0.722060173380928
0.3,0.045929205,50.0,47.031506,0.722060173380928
0.3,0.045929205,50.0,219.45445,0.723793982661907
0.3,0.045929205,50.0,1024.0,0.723488016318205
0.3,0.099212565,1.0,0.0009765625,0.701050484446711
0.3,0.099212565,1.0,0.004556754,0.700764915859255
0.3,0.099212565,1.0,0.021262344,0.700785313615502
0.3,0.099212565,1.0,0.099212565,0.700805711371749
0.3,0.099212565,1.0,0.46293736,0.700744518103009
0.3,0.099212565,1.0,2.1601195,0.700907700152983
0.3,0.099212565,1.0,10.079369,0.700560938296787
0.3,0.099212565,1.0,47.031506,0.700846506884243
0.3,0.099212565,1.0,219.45445,0.700805711371749
0.3,0.099212565,1.0,1024.0,0.699663437021928
0.3,0.099212565,2.0,0.0009765625,0.716063233044365
0.3,0.099212565,2.0,0.004556754,0.715757266700663
0.3,0.099212565,2.0,0.021262344,0.715369709331974
0.3,0.099212565,2.0,0.099212565,0.717123916369199
0.3,0.099212565,2.0,0.46293736,0.717287098419174
0.3,0.099212565,2.0,2.1601195,0.716777154513004
0.3,0.099212565,2.0,10.079369,0.71679755226925
0.3,0.099212565,2.0,47.031506,0.717919428862825
0.3,0.099212565,2.0,219.45445,0.71718510963794
0.3,0.099212565,2.0,1024.0,0.715043345232025
0.3,0.099212565,3.0,0.0009765625,0.718694543600204
0.3,0.099212565,3.0,0.004556754,0.718674145843957
0.3,0.099212565,3.0,0.021262344,0.718429372768995
0.3,0.099212565,3.0,0.099212565,0.718755736868944
0.3,0.099212565,3.0,0.46293736,0.718286588475268
0.3,0.099212565,3.0,2.1601195,0.719755226925038
0.3,0.099212565,3.0,10.079369,0.720061193268741
0.3,0.099212565,3.0,47.031506,0.72140744518103
0.3,0.099212565,3.0,219.45445,0.722937276899541
0.3,0.099212565,3.0,1024.0,0.721142274349822
0.3,0.099212565,5.0,0.0009765625,0.715532891381948
0.3,0.099212565,5.0,0.004556754,0.717348291687914
0.3,0.099212565,5.0,0.021262344,0.716573176950535
0.3,0.099212565,5.0,0.099212565,0.715879653238144
0.3,0.099212565,5.0,0.46293736,0.717817440081591
0.3,0.099212565,5.0,2.1601195,0.717735849056604
0.3,0.099212565,5.0,10.079369,0.718939316675166
0.3,0.099212565,5.0,47.031506,0.719428862825089
0.3,0.099212565,5.0,219.45445,0.721387047424783
0.3,0.099212565,5.0,1024.0,0.723488016318205
0.3,0.099212565,8.0,0.0009765625,0.714655787863335
0.3,0.099212565,8.0,0.004556754,0.716206017338093
0.3,0.099212565,8.0,0.021262344,0.714247832738399
0.3,0.099212565,8.0,0.099212565,0.715655277919429
0.3,0.099212565,8.0,0.46293736,0.717327893931667
0.3,0.099212565,8.0,2.1601195,0.717735849056604
0.3,0.099212565,8.0,10.079369,0.720285568587456
0.3,0.099212565,8.0,47.031506,0.720489546149923
0.3,0.099212565,8.0,219.45445,0.720754716981132
0.3,0.099212565,8.0,1024.0,0.723182049974503
0.3,0.099212565,13.0,0.0009765625,0.717572667006629
0.3,0.099212565,13.0,0.004556754,0.716267210606833
0.3,0.099212565,13.0,0.021262344,0.71763386027537
0.3,0.099212565,13.0,0.099212565,0.718735339112697
0.3,0.099212565,13.0,0.46293736,0.717389087200408
0.3,0.099212565,13.0,2.1601195,0.719286078531362
0.3,0.099212565,13.0,10.079369,0.719082100968893
0.3,0.099212565,13.0,47.031506,0.72050994390617
0.3,0.099212565,13.0,219.45445,0.722916879143294
0.3,0.099212565,13.0,1024.0,0.723977562468128
0.3,0.099212565,20.0,0.0009765625,0.715573686894442
0.3,0.099212565,20.0,0.004556754,0.713860275369709
0.3,0.099212565,20.0,0.021262344,0.713370729219786
0.3,0.099212565,20.0,0.099212565,0.715308516063233
0.3,0.099212565,20.0,0.46293736,0.716695563488016
0.3,0.099212565,20.0,2.1601195,0.718674145843957
0.3,0.099212565,20.0,10.079369,0.721876593574707
0.3,0.099212565,20.0,47.031506,0.722019377868435
0.3,0.099212565,20.0,219.45445,0.722141764405915
0.3,0.099212565,20.0,1024.0,0.724732279449261
0.3,0.099212565,32.0,0.0009765625,0.714166241713412
0.3,0.099212565,32.0,0.004556754,0.713146353901071
0.3,0.099212565,32.0,0.021262344,0.711840897501275
0.3,0.099212565,32.0,0.099212565,0.714309026007139
0.3,0.099212565,32.0,0.46293736,0.715349311575727
0.3,0.099212565,32.0,2.1601195,0.719306476287608
0.3,0.099212565,32.0,10.079369,0.720571137174911
0.3,0.099212565,32.0,47.031506,0.723916369199388
0.3,0.099212565,32.0,219.45445,0.723630800611933
0.3,0.099212565,32.0,1024.0,0.723957164711882
0.3,0.099212565,50.0,0.0009765625,0.712350841407445
0.3,0.099212565,50.0,0.004556754,0.71206527281999
0.3,0.099212565,50.0,0.021262344,0.713656297807241
0.3,0.099212565,50.0,0.099212565,0.714003059663437
0.3,0.099212565,50.0,0.46293736,0.713901070882203
0.3,0.099212565,50.0,2.1601195,0.717389087200408
0.3,0.099212565,50.0,10.079369,0.722060173380928
0.3,0.099212565,50.0,47.031506,0.722060173380928
0.3,0.099212565,50.0,219.45445,0.723793982661907
0.3,0.099212565,50.0,1024.0,0.723488016318205
0.3,0.21431099,1.0,0.0009765625,0.701050484446711
0.3,0.21431099,1.0,0.004556754,0.700764915859255
0.3,0.21431099,1.0,0.021262344,0.700785313615502
0.3,0.21431099,1.0,0.099212565,0.700805711371749
0.3,0.21431099,1.0,0.46293736,0.700744518103009
0.3,0.21431099,1.0,2.1601195,0.700907700152983
0.3,0.21431099,1.0,10.079369,0.700560938296787
0.3,0.21431099,1.0,47.031506,0.700846506884243
0.3,0.21431099,1.0,219.45445,0.700805711371749
0.3,0.21431099,1.0,1024.0,0.699663437021928
0.3,0.21431099,2.0,0.0009765625,0.716063233044365
0.3,0.21431099,2.0,0.004556754,0.715757266700663
0.3,0.21431099,2.0,0.021262344,0.715369709331974
0.3,0.21431099,2.0,0.099212565,0.717123916369199
0.3,0.21431099,2.0,0.46293736,0.717287098419174
0.3,0.21431099,2.0,2.1601195,0.716777154513004
0.3,0.21431099,2.0,10.079369,0.71679755226925
0.3,0.21431099,2.0,47.031506,0.717919428862825
0.3,0.21431099,2.0,219.45445,0.71718510963794
0.3,0.21431099,2.0,1024.0,0.715043345232025
0.3,0.21431099,3.0,0.0009765625,0.718694543600204
0.3,0.21431099,3.0,0.004556754,0.718674145843957
0.3,0.21431099,3.0,0.021262344,0.718429372768995
0.3,0.21431099,3.0,0.099212565,0.718755736868944
0.3,0.21431099,3.0,0.46293736,0.718286588475268
0.3,0.21431099,3.0,2.1601195,0.719755226925038
0.3,0.21431099,3.0,10.079369,0.720061193268741
0.3,0.21431099,3.0,47.031506,0.72140744518103
0.3,0.21431099,3.0,219.45445,0.722937276899541
0.3,0.21431099,3.0,1024.0,0.721142274349822
0.3,0.21431099,5.0,0.0009765625,0.715532891381948
0.3,0.21431099,5.0,0.004556754,0.717348291687914
0.3,0.21431099,5.0,0.021262344,0.716573176950535
0.3,0.21431099,5.0,0.099212565,0.715879653238144
0.3,0.21431099,5.0,0.46293736,0.717817440081591
0.3,0.21431099,5.0,2.1601195,0.717735849056604
0.3,0.21431099,5.0,10.079369,0.718939316675166
0.3,0.21431099,5.0,47.031506,0.719428862825089
0.3,0.21431099,5.0,219.45445,0.721387047424783
0.3,0.21431099,5.0,1024.0,0.723488016318205
0.3,0.21431099,8.0,0.0009765625,0.714655787863335
0.3,0.21431099,8.0,0.004556754,0.716206017338093
0.3,0.21431099,8.0,0.021262344,0.714247832738399
0.3,0.21431099,8.0,0.099212565,0.715655277919429
0.3,0.21431099,8.0,0.46293736,0.717327893931667
0.3,0.21431099,8.0,2.1601195,0.717735849056604
0.3,0.21431099,8.0,10.079369,0.720285568587456
0.3,0.21431099,8.0,47.031506,0.720489546149923
0.3,0.21431099,8.0,219.45445,0.720754716981132
0.3,0.21431099,8.0,1024.0,0.723182049974503
0.3,0.21431099,13.0,0.0009765625,0.717572667006629
0.3,0.21431099,13.0,0.004556754,0.716267210606833
0.3,0.21431099,13.0,0.021262344,0.71763386027537
0.3,0.21431099,13.0,0.099212565,0.718735339112697
0.3,0.21431099,13.0,0.46293736,0.717389087200408
0.3,0.21431099,13.0,2.1601195,0.719286078531362
0.3,0.21431099,13.0,10.079369,0.719082100968893
0.3,0.21431099,13.0,47.031506,0.72050994390617
0.3,0.21431099,13.0,219.45445,0.722916879143294
0.3,0.21431099,13.0,1024.0,0.723977562468128
0.3,0.21431099,20.0,0.0009765625,0.715573686894442
0.3,0.21431099,20.0,0.004556754,0.713860275369709
0.3,0.21431099,20.0,0.021262344,0.713370729219786
0.3,0.21431099,20.0,0.099212565,0.715308516063233
0.3,0.21431099,20.0,0.46293736,0.716695563488016
0.3,0.21431099,20.0,2.1601195,0.718674145843957
0.3,0.21431099,20.0,10.079369,0.721876593574707
0.3,0.21431099,20.0,47.031506,0.722019377868435
0.3,0.21431099,20.0,219.45445,0.722141764405915
0.3,0.21431099,20.0,1024.0,0.724732279449261
0.3,0.21431099,32.0,0.0009765625,0.714166241713412
0.3,0.21431099,32.0,0.004556754,0.713146353901071
0.3,0.21431099,32.0,0.021262344,0.711840897501275
0.3,0.21431099,32.0,0.099212565,0.714309026007139
0.3,0.21431099,32.0,0.46293736,0.715349311575727
0.3,0.21431099,32.0,2.1601195,0.719306476287608
0.3,0.21431099,32.0,10.079369,0.720571137174911
0.3,0.21431099,32.0,47.031506,0.723916369199388
0.3,0.21431099,32.0,219.45445,0.723630800611933
0.3,0.21431099,32.0,1024.0,0.723957164711882
0.3,0.21431099,50.0,0.0009765625,0.712350841407445
0.3,0.21431099,50.0,0.004556754,0.71206527281999
0.3,0.21431099,50.0,0.021262344,0.713656297807241
0.3,0.21431099,50.0,0.099212565,0.714003059663437
0.3,0.21431099,50.0,0.46293736,0.713901070882203
0.3,0.21431099,50.0,2.1601195,0.717389087200408
0.3,0.21431099,50.0,10.079369,0.722060173380928
0.3,0.21431099,50.0,47.031506,0.722060173380928
0.3,0.21431099,50.0,219.45445,0.723793982661907
0.3,0.21431099,50.0,1024.0,0.723488016318205
0.3,0.46293736,1.0,0.0009765625,0.701050484446711
0.3,0.46293736,1.0,0.004556754,0.700764915859255
0.3,0.46293736,1.0,0.021262344,0.700785313615502
0.3,0.46293736,1.0,0.099212565,0.700805711371749
0.3,0.46293736,1.0,0.46293736,0.700744518103009
0.3,0.46293736,1.0,2.1601195,0.700907700152983
0.3,0.46293736,1.0,10.079369,0.700560938296787
0.3,0.46293736,1.0,47.031506,0.700846506884243
0.3,0.46293736,1.0,219.45445,0.700805711371749
0.3,0.46293736,1.0,1024.0,0.699663437021928
0.3,0.46293736,2.0,0.0009765625,0.716063233044365
0.3,0.46293736,2.0,0.004556754,0.715757266700663
0.3,0.46293736,2.0,0.021262344,0.715369709331974
0.3,0.46293736,2.0,0.099212565,0.717123916369199
0.3,0.46293736,2.0,0.46293736,0.717287098419174
0.3,0.46293736,2.0,2.1601195,0.716777154513004
0.3,0.46293736,2.0,10.079369,0.71679755226925
0.3,0.46293736,2.0,47.031506,0.717919428862825
0.3,0.46293736,2.0,219.45445,0.71718510963794
0.3,0.46293736,2.0,1024.0,0.715043345232025
0.3,0.46293736,3.0,0.0009765625,0.718694543600204
0.3,0.46293736,3.0,0.004556754,0.718674145843957
0.3,0.46293736,3.0,0.021262344,0.718429372768995
0.3,0.46293736,3.0,0.099212565,0.718755736868944
0.3,0.46293736,3.0,0.46293736,0.718286588475268
0.3,0.46293736,3.0,2.1601195,0.719755226925038
0.3,0.46293736,3.0,10.079369,0.720061193268741
0.3,0.46293736,3.0,47.031506,0.72140744518103
0.3,0.46293736,3.0,219.45445,0.722937276899541
0.3,0.46293736,3.0,1024.0,0.721142274349822
0.3,0.46293736,5.0,0.0009765625,0.715532891381948
0.3,0.46293736,5.0,0.004556754,0.717348291687914
0.3,0.46293736,5.0,0.021262344,0.716573176950535
0.3,0.46293736,5.0,0.099212565,0.715879653238144
0.3,0.46293736,5.0,0.46293736,0.717817440081591
0.3,0.46293736,5.0,2.1601195,0.717735849056604
0.3,0.46293736,5.0,10.079369,0.718939316675166
0.3,0.46293736,5.0,47.031506,0.719428862825089
0.3,0.46293736,5.0,219.45445,0.721387047424783
0.3,0.46293736,5.0,1024.0,0.723488016318205
0.3,0.46293736,8.0,0.0009765625,0.714655787863335
0.3,0.46293736,8.0,0.004556754,0.716206017338093
0.3,0.46293736,8.0,0.021262344,0.714247832738399
0.3,0.46293736,8.0,0.099212565,0.715655277919429
0.3,0.46293736,8.0,0.46293736,0.717327893931667
0.3,0.46293736,8.0,2.1601195,0.717735849056604
0.3,0.46293736,8.0,10.079369,0.720285568587456
0.3,0.46293736,8.0,47.031506,0.720489546149923
0.3,0.46293736,8.0,219.45445,0.720754716981132
0.3,0.46293736,8.0,1024.0,0.723182049974503
0.3,0.46293736,13.0,0.0009765625,0.717572667006629
0.3,0.46293736,13.0,0.004556754,0.716267210606833
0.3,0.46293736,13.0,0.021262344,0.71763386027537
0.3,0.46293736,13.0,0.099212565,0.718735339112697
0.3,0.46293736,13.0,0.46293736,0.717389087200408
0.3,0.46293736,13.0,2.1601195,0.719286078531362
0.3,0.46293736,13.0,10.079369,0.719082100968893
0.3,0.46293736,13.0,47.031506,0.72050994390617
0.3,0.46293736,13.0,219.45445,0.722916879143294
0.3,0.46293736,13.0,1024.0,0.723977562468128
0.3,0.46293736,20.0,0.0009765625,0.715573686894442
0.3,0.46293736,20.0,0.004556754,0.713860275369709
0.3,0.46293736,20.0,0.021262344,0.713370729219786
0.3,0.46293736,20.0,0.099212565,0.715308516063233
0.3,0.46293736,20.0,0.46293736,0.716695563488016
0.3,0.46293736,20.0,2.1601195,0.718674145843957
0.3,0.46293736,20.0,10.079369,0.721876593574707
0.3,0.46293736,20.0,47.031506,0.722019377868435
0.3,0.46293736,20.0,219.45445,0.722141764405915
0.3,0.46293736,20.0,1024.0,0.724732279449261
0.3,0.46293736,32.0,0.0009765625,0.714166241713412
0.3,0.46293736,32.0,0.004556754,0.713146353901071
0.3,0.46293736,32.0,0.021262344,0.711840897501275
0.3,0.46293736,32.0,0.099212565,0.714309026007139
0.3,0.46293736,32.0,0.46293736,0.715349311575727
0.3,0.46293736,32.0,2.1601195,0.719306476287608
0.3,0.46293736,32.0,10.079369,0.720571137174911
0.3,0.46293736,32.0,47.031506,0.723916369199388
0.3,0.46293736,32.0,219.45445,0.723630800611933
0.3,0.46293736,32.0,1024.0,0.723957164711882
0.3,0.46293736,50.0,0.0009765625,0.712350841407445
0.3,0.46293736,50.0,0.004556754,0.71206527281999
0.3,0.46293736,50.0,0.021262344,0.713656297807241
0.3,0.46293736,50.0,0.099212565,0.714003059663437
0.3,0.46293736,50.0,0.46293736,0.713901070882203
0.3,0.46293736,50.0,2.1601195,0.717389087200408
0.3,0.46293736,50.0,10.079369,0.722060173380928
0.3,0.46293736,50.0,47.031506,0.722060173380928
0.3,0.46293736,50.0,219.45445,0.723793982661907
0.3,0.46293736,50.0,1024.0,0.723488016318205
0.3,1.0,1.0,0.0009765625,0.701050484446711
0.3,1.0,1.0,0.004556754,0.700764915859255
0.3,1.0,1.0,0.021262344,0.700785313615502
0.3,1.0,1.0,0.099212565,0.700805711371749
0.3,1.0,1.0,0.46293736,0.700744518103009
0.3,1.0,1.0,2.1601195,0.700907700152983
0.3,1.0,1.0,10.079369,0.700560938296787
0.3,1.0,1.0,47.031506,0.700846506884243
0.3,1.0,1.0,219.45445,0.700805711371749
0.3,1.0,1.0,1024.0,0.699663437021928
0.3,1.0,2.0,0.0009765625,0.716063233044365
0.3,1.0,2.0,0.004556754,0.715757266700663
0.3,1.0,2.0,0.021262344,0.715369709331974
0.3,1.0,2.0,0.099212565,0.717123916369199
0.3,1.0,2.0,0.46293736,0.717287098419174
0.3,1.0,2.0,2.1601195,0.716777154513004
0.3,1.0,2.0,10.079369,0.71679755226925
0.3,1.0,2.0,47.031506,0.717919428862825
0.3,1.0,2.0,219.45445,0.71718510963794
0.3,1.0,2.0,1024.0,0.715043345232025
0.3,1.0,3.0,0.0009765625,0.718694543600204
0.3,1.0,3.0,0.004556754,0.718674145843957
0.3,1.0,3.0,0.021262344,0.718429372768995
0.3,1.0,3.0,0.099212565,0.718755736868944
0.3,1.0,3.0,0.46293736,0.718286588475268
0.3,1.0,3.0,2.1601195,0.719755226925038
0.3,1.0,3.0,10.079369,0.720061193268741
0.3,1.0,3.0,47.031506,0.72140744518103
0.3,1.0,3.0,219.45445,0.722937276899541
0.3,1.0,3.0,1024.0,0.721142274349822
0.3,1.0,5.0,0.0009765625,0.715532891381948
0.3,1.0,5.0,0.004556754,0.717348291687914
0.3,1.0,5.0,0.021262344,0.716573176950535
0.3,1.0,5.0,0.099212565,0.715879653238144
0.3,1.0,5.0,0.46293736,0.717817440081591
0.3,1.0,5.0,2.1601195,0.717735849056604
0.3,1.0,5.0,10.079369,0.718939316675166
0.3,1.0,5.0,47.031506,0.719428862825089
0.3,1.0,5.0,219.45445,0.721387047424783
0.3,1.0,5.0,1024.0,0.723488016318205
0.3,1.0,8.0,0.0009765625,0.714655787863335
0.3,1.0,8.0,0.004556754,0.716206017338093
0.3,1.0,8.0,0.021262344,0.714247832738399
0.3,1.0,8.0,0.099212565,0.715655277919429
0.3,1.0,8.0,0.46293736,0.717327893931667
0.3,1.0,8.0,2.1601195,0.717735849056604
0.3,1.0,8.0,10.079369,0.720285568587456
0.3,1.0,8.0,47.031506,0.720489546149923
0.3,1.0,8.0,219.45445,0.720754716981132
0.3,1.0,8.0,1024.0,0.723182049974503
0.3,1.0,13.0,0.0009765625,0.717572667006629
0.3,1.0,13.0,0.004556754,0.716267210606833
0.3,1.0,13.0,0.021262344,0.71763386027537
0.3,1.0,13.0,0.099212565,0.718735339112697
0.3,1.0,13.0,0.46293736,0.717389087200408
0.3,1.0,13.0,2.1601195,0.719286078531362
0.3,1.0,13.0,10.079369,0.719082100968893
0.3,1.0,13.0,47.031506,0.72050994390617
0.3,1.0,13.0,219.45445,0.722916879143294
0.3,1.0,13.0,1024.0,0.723977562468128
0.3,1.0,20.0,0.0009765625,0.715573686894442
0.3,1.0,20.0,0.004556754,0.713860275369709
0.3,1.0,20.0,0.021262344,0.713370729219786
0.3,1.0,20.0,0.099212565,0.715308516063233
0.3,1.0,20.0,0.46293736,0.716695563488016
0.3,1.0,20.0,2.1601195,0.718674145843957
0.3,1.0,20.0,10.079369,0.721876593574707
0.3,1.0,20.0,47.031506,0.722019377868435
0.3,1.0,20.0,219.45445,0.722141764405915
0.3,1.0,20.0,1024.0,0.724732279449261
0.3,1.0,32.0,0.0009765625,0.714166241713412
0.3,1.0,32.0,0.004556754,0.713146353901071
0.3,1.0,32.0,0.021262344,0.711840897501275
0.3,1.0,32.0,0.099212565,0.714309026007139
0.3,1.0,32.0,0.46293736,0.715349311575727
0.3,1.0,32.0,2.1601195,0.719306476287608
0.3,1.0,32.0,10.079369,0.720571137174911
0.3,1.0,32.0,47.031506,0.723916369199388
0.3,1.0,32.0,219.45445,0.723630800611933
0.3,1.0,32.0,1024.0,0.723957164711882
0.3,1.0,50.0,0.0009765625,0.712350841407445
0.3,1.0,50.0,0.004556754,0.71206527281999
0.3,1.0,50.0,0.021262344,0.713656297807241
0.3,1.0,50.0,0.099212565,0.714003059663437
0.3,1.0,50.0,0.46293736,0.713901070882203
0.3,1.0,50.0,2.1601195,0.717389087200408
0.3,1.0,50.0,10.079369,0.722060173380928
0.3,1.0,50.0,47.031506,0.722060173380928
0.3,1.0,50.0,219.45445,0.723793982661907
0.3,1.0,50.0,1024.0,0.723488016318205
0.4,0.0009765625,1.0,0.0009765625,0.700642529321775
0.4,0.0009765625,1.0,0.004556754,0.70041815400306
0.4,0.0009765625,1.0,0.021262344,0.700683324834268
0.4,0.0009765625,1.0,0.099212565,0.700662927078021
0.4,0.0009765625,1.0,0.46293736,0.700499745028047
0.4,0.0009765625,1.0,2.1601195,0.700458949515553
0.4,0.0009765625,1.0,10.079369,0.700499745028047
0.4,0.0009765625,1.0,47.031506,0.700540540540541
0.4,0.0009765625,1.0,219.45445,0.700826109127996
0.4,0.0009765625,1.0,1024.0,0.699867414584396
0.4,0.0009765625,2.0,0.0009765625,0.717225905150433
0.4,0.0009765625,2.0,0.004556754,0.717287098419174
0.4,0.0009765625,2.0,0.021262344,0.715022947475778
0.4,0.0009765625,2.0,0.099212565,0.717164711881693
0.4,0.0009765625,2.0,0.46293736,0.716185619581846
0.4,0.0009765625,2.0,2.1601195,0.718225395206527
0.4,0.0009765625,2.0,10.079369,0.717287098419174
0.4,0.0009765625,2.0,47.031506,0.717715451300357
0.4,0.0009765625,2.0,219.45445,0.717593064762876
0.4,0.0009765625,2.0,1024.0,0.715369709331973
0.4,0.0009765625,3.0,0.0009765625,0.718633350331464
0.4,0.0009765625,3.0,0.004556754,0.718959714431412
0.4,0.0009765625,3.0,0.021262344,0.718816930137685
0.4,0.0009765625,3.0,0.099212565,0.71769505354411
0.4,0.0009765625,3.0,0.46293736,0.719388067312596
0.4,0.0009765625,3.0,2.1601195,0.718470168281489
0.4,0.0009765625,3.0,10.079369,0.720081591024987
0.4,0.0009765625,3.0,47.031506,0.720387557368689
0.4,0.0009765625,3.0,219.45445,0.722019377868435
0.4,0.0009765625,3.0,1024.0,0.723528811830699
0.4,0.0009765625,5.0,0.0009765625,0.715920448750637
0.4,0.0009765625,5.0,0.004556754,0.718041815400306
0.4,0.0009765625,5.0,0.021262344,0.718103008669046
0.4,0.0009765625,5.0,0.099212565,0.716409994900561
0.4,0.0009765625,5.0,0.46293736,0.71769505354411
0.4,0.0009765625,5.0,2.1601195,0.721448240693524
0.4,0.0009765625,5.0,10.079369,0.720367159612443
0.4,0.0009765625,5.0,47.031506,0.72050994390617
0.4,0.0009765625,5.0,219.45445,0.723039265680775
0.4,0.0009765625,5.0,1024.0,0.724303926568078
0.4,0.0009765625,8.0,0.0009765625,0.716613972463029
0.4,0.0009765625,8.0,0.004556754,0.71763386027537
0.4,0.0009765625,8.0,0.021262344,0.717389087200408
0.4,0.0009765625,8.0,0.099212565,0.718714941356451
0.4,0.0009765625,8.0,0.46293736,0.718510963793983
0.4,0.0009765625,8.0,2.1601195,0.721223865374809
0.4,0.0009765625,8.0,10.079369,0.718408975012749
0.4,0.0009765625,8.0,47.031506,0.719428862825089
0.4,0.0009765625,8.0,219.45445,0.722182559918409
0.4,0.0009765625,8.0,1024.0,0.72467108618052
0.4,0.0009765625,13.0,0.0009765625,0.719306476287608
0.4,0.0009765625,13.0,0.004556754,0.718470168281489
0.4,0.0009765625,13.0,0.021262344,0.719367669556349
0.4,0.0009765625,13.0,0.099212565,0.719755226925038
0.4,0.0009765625,13.0,0.46293736,0.719306476287608
0.4,0.0009765625,13.0,2.1601195,0.721142274349821
0.4,0.0009765625,13.0,10.079369,0.722427332993371
0.4,0.0009765625,13.0,47.031506,0.723284038755737
0.4,0.0009765625,13.0,219.45445,0.724773074961754
0.4,0.0009765625,13.0,1024.0,0.724528301886792
0.4,0.0009765625,20.0,0.0009765625,0.717960224375319
0.4,0.0009765625,20.0,0.004556754,0.717674655787863
0.4,0.0009765625,20.0,0.021262344,0.719143294237634
0.4,0.0009765625,20.0,0.099212565,0.719612442631311
0.4,0.0009765625,20.0,0.46293736,0.719469658337583
0.4,0.0009765625,20.0,2.1601195,0.721325854156043
0.4,0.0009765625,20.0,10.079369,0.722162162162162
0.4,0.0009765625,20.0,47.031506,0.724140744518103
0.4,0.0009765625,20.0,219.45445,0.722570117287098
0.4,0.0009765625,20.0,1024.0,0.725548189699133
0.4,0.0009765625,32.0,0.0009765625,0.716511983681795
0.4,0.0009765625,32.0,0.004556754,0.717674655787863
0.4,0.0009765625,32.0,0.021262344,0.717001529831718
0.4,0.0009765625,32.0,0.099212565,0.719184089750127
0.4,0.0009765625,32.0,0.46293736,0.718735339112698
0.4,0.0009765625,32.0,2.1601195,0.721998980112188
0.4,0.0009765625,32.0,10.079369,0.722202957674656
0.4,0.0009765625,32.0,47.031506,0.725466598674146
0.4,0.0009765625,32.0,219.45445,0.724079551249363
0.4,0.0009765625,32.0,1024.0,0.725079041305456
0.4,0.0009765625,50.0,0.0009765625,0.717715451300357
0.4,0.0009765625,50.0,0.004556754,0.717674655787863
0.4,0.0009765625,50.0,0.021262344,0.717144314125446
0.4,0.0009765625,50.0,0.099212565,0.718816930137685
0.4,0.0009765625,50.0,0.46293736,0.720571137174911
0.4,0.0009765625,50.0,2.1601195,0.723120856705762
0.4,0.0009765625,50.0,10.079369,0.723386027536971
0.4,0.0009765625,50.0,47.031506,0.723549209586945
0.4,0.0009765625,50.0,219.45445,0.724711881693014
0.4,0.0009765625,50.0,1024.0,0.724732279449261
0.4,0.0021094917,1.0,0.0009765625,0.700642529321775
0.4,0.0021094917,1.0,0.004556754,0.70041815400306
0.4,0.0021094917,1.0,0.021262344,0.700683324834268
0.4,0.0021094917,1.0,0.099212565,0.700662927078021
0.4,0.0021094917,1.0,0.46293736,0.700499745028047
0.4,0.0021094917,1.0,2.1601195,0.700458949515553
0.4,0.0021094917,1.0,10.079369,0.700499745028047
0.4,0.0021094917,1.0,47.031506,0.700540540540541
0.4,0.0021094917,1.0,219.45445,0.700826109127996
0.4,0.0021094917,1.0,1024.0,0.699867414584396
0.4,0.0021094917,2.0,0.0009765625,0.717225905150433
0.4,0.0021094917,2.0,0.004556754,0.717287098419174
0.4,0.0021094917,2.0,0.021262344,0.715022947475778
0.4,0.0021094917,2.0,0.099212565,0.717164711881693
0.4,0.0021094917,2.0,0.46293736,0.716185619581846
0.4,0.0021094917,2.0,2.1601195,0.718225395206527
0.4,0.0021094917,2.0,10.079369,0.717287098419174
0.4,0.0021094917,2.0,47.031506,0.717715451300357
0.4,0.0021094917,2.0,219.45445,0.717593064762876
0.4,0.0021094917,2.0,1024.0,0.715369709331973
0.4,0.0021094917,3.0,0.0009765625,0.718633350331464
0.4,0.0021094917,3.0,0.004556754,0.718959714431412
0.4,0.0021094917,3.0,0.021262344,0.718816930137685
0.4,0.0021094917,3.0,0.099212565,0.71769505354411
0.4,0.0021094917,3.0,0.46293736,0.719388067312596
0.4,0.0021094917,3.0,2.1601195,0.718470168281489
0.4,0.0021094917,3.0,10.079369,0.720081591024987
0.4,0.0021094917,3.0,47.031506,0.720387557368689
0.4,0.0021094917,3.0,219.45445,0.722019377868435
0.4,0.0021094917,3.0,1024.0,0.723528811830699
0.4,0.0021094917,5.0,0.0009765625,0.715920448750637
0.4,0.0021094917,5.0,0.004556754,0.718041815400306
0.4,0.0021094917,5.0,0.021262344,0.718103008669046
0.4,0.0021094917,5.0,0.099212565,0.716409994900561
0.4,0.0021094917,5.0,0.46293736,0.71769505354411
0.4,0.0021094917,5.0,2.1601195,0.721448240693524
0.4,0.0021094917,5.0,10.079369,0.720367159612443
0.4,0.0021094917,5.0,47.031506,0.72050994390617
0.4,0.0021094917,5.0,219.45445,0.723039265680775
0.4,0.0021094917,5.0,1024.0,0.724303926568078
0.4,0.0021094917,8.0,0.0009765625,0.716613972463029
0.4,0.0021094917,8.0,0.004556754,0.71763386027537
0.4,0.0021094917,8.0,0.021262344,0.717389087200408
0.4,0.0021094917,8.0,0.099212565,0.718714941356451
0.4,0.0021094917,8.0,0.46293736,0.718510963793983
0.4,0.0021094917,8.0,2.1601195,0.721223865374809
0.4,0.0021094917,8.0,10.079369,0.718408975012749
0.4,0.0021094917,8.0,47.031506,0.719428862825089
0.4,0.0021094917,8.0,219.45445,0.722182559918409
0.4,0.0021094917,8.0,1024.0,0.72467108618052
0.4,0.0021094917,13.0,0.0009765625,0.719306476287608
0.4,0.0021094917,13.0,0.004556754,0.718470168281489
0.4,0.0021094917,13.0,0.021262344,0.719367669556349
0.4,0.0021094917,13.0,0.099212565,0.719755226925038
0.4,0.0021094917,13.0,0.46293736,0.719306476287608
0.4,0.0021094917,13.0,2.1601195,0.721142274349821
0.4,0.0021094917,13.0,10.079369,0.722427332993371
0.4,0.0021094917,13.0,47.031506,0.723284038755737
0.4,0.0021094917,13.0,219.45445,0.724773074961754
0.4,0.0021094917,13.0,1024.0,0.724528301886792
0.4,0.0021094917,20.0,0.0009765625,0.717960224375319
0.4,0.0021094917,20.0,0.004556754,0.717674655787863
0.4,0.0021094917,20.0,0.021262344,0.719143294237634
0.4,0.0021094917,20.0,0.099212565,0.719612442631311
0.4,0.0021094917,20.0,0.46293736,0.719469658337583
0.4,0.0021094917,20.0,2.1601195,0.721325854156043
0.4,0.0021094917,20.0,10.079369,0.722162162162162
0.4,0.0021094917,20.0,47.031506,0.724140744518103
0.4,0.0021094917,20.0,219.45445,0.722570117287098
0.4,0.0021094917,20.0,1024.0,0.725548189699133
0.4,0.0021094917,32.0,0.0009765625,0.716511983681795
0.4,0.0021094917,32.0,0.004556754,0.717674655787863
0.4,0.0021094917,32.0,0.021262344,0.717001529831718
0.4,0.0021094917,32.0,0.099212565,0.719184089750127
0.4,0.0021094917,32.0,0.46293736,0.718735339112698
0.4,0.0021094917,32.0,2.1601195,0.721998980112188
0.4,0.0021094917,32.0,10.079369,0.722202957674656
0.4,0.0021094917,32.0,47.031506,0.725466598674146
0.4,0.0021094917,32.0,219.45445,0.724079551249363
0.4,0.0021094917,32.0,1024.0,0.725079041305456
0.4,0.0021094917,50.0,0.0009765625,0.717715451300357
0.4,0.0021094917,50.0,0.004556754,0.717674655787863
0.4,0.0021094917,50.0,0.021262344,0.717144314125446
0.4,0.0021094917,50.0,0.099212565,0.718816930137685
0.4,0.0021094917,50.0,0.46293736,0.720571137174911
0.4,0.0021094917,50.0,2.1601195,0.723120856705762
0.4,0.0021094917,50.0,10.079369,0.723386027536971
0.4,0.0021094917,50.0,47.031506,0.723549209586945
0.4,0.0021094917,50.0,219.45445,0.724711881693014
0.4,0.0021094917,50.0,1024.0,0.724732279449261
0.4,0.004556754,1.0,0.0009765625,0.700642529321775
0.4,0.004556754,1.0,0.004556754,0.70041815400306
0.4,0.004556754,1.0,0.021262344,0.700683324834268
0.4,0.004556754,1.0,0.099212565,0.700662927078021
0.4,0.004556754,1.0,0.46293736,0.700499745028047
0.4,0.004556754,1.0,2.1601195,0.700458949515553
0.4,0.004556754,1.0,10.079369,0.700499745028047
0.4,0.004556754,1.0,47.031506,0.700540540540541
0.4,0.004556754,1.0,219.45445,0.700826109127996
0.4,0.004556754,1.0,1024.0,0.699867414584396
0.4,0.004556754,2.0,0.0009765625,0.717225905150433
0.4,0.004556754,2.0,0.004556754,0.717287098419174
0.4,0.004556754,2.0,0.021262344,0.715022947475778
0.4,0.004556754,2.0,0.099212565,0.717164711881693
0.4,0.004556754,2.0,0.46293736,0.716185619581846
0.4,0.004556754,2.0,2.1601195,0.718225395206527
0.4,0.004556754,2.0,10.079369,0.717287098419174
0.4,0.004556754,2.0,47.031506,0.717715451300357
0.4,0.004556754,2.0,219.45445,0.717593064762876
0.4,0.004556754,2.0,1024.0,0.715369709331973
0.4,0.004556754,3.0,0.0009765625,0.718633350331464
0.4,0.004556754,3.0,0.004556754,0.718959714431412
0.4,0.004556754,3.0,0.021262344,0.718816930137685
0.4,0.004556754,3.0,0.099212565,0.71769505354411
0.4,0.004556754,3.0,0.46293736,0.719388067312596
0.4,0.004556754,3.0,2.1601195,0.718470168281489
0.4,0.004556754,3.0,10.079369,0.720081591024987
0.4,0.004556754,3.0,47.031506,0.720387557368689
0.4,0.004556754,3.0,219.45445,0.722019377868435
0.4,0.004556754,3.0,1024.0,0.723528811830699
0.4,0.004556754,5.0,0.0009765625,0.715920448750637
0.4,0.004556754,5.0,0.004556754,0.718041815400306
0.4,0.004556754,5.0,0.021262344,0.718103008669046
0.4,0.004556754,5.0,0.099212565,0.716409994900561
0.4,0.004556754,5.0,0.46293736,0.71769505354411
0.4,0.004556754,5.0,2.1601195,0.721448240693524
0.4,0.004556754,5.0,10.079369,0.720367159612443
0.4,0.004556754,5.0,47.031506,0.72050994390617
0.4,0.004556754,5.0,219.45445,0.723039265680775
0.4,0.004556754,5.0,1024.0,0.724303926568078
0.4,0.004556754,8.0,0.0009765625,0.716613972463029
0.4,0.004556754,8.0,0.004556754,0.71763386027537
0.4,0.004556754,8.0,0.021262344,0.717389087200408
0.4,0.004556754,8.0,0.099212565,0.718714941356451
0.4,0.004556754,8.0,0.46293736,0.718510963793983
0.4,0.004556754,8.0,2.1601195,0.721223865374809
0.4,0.004556754,8.0,10.079369,0.718408975012749
0.4,0.004556754,8.0,47.031506,0.719428862825089
0.4,0.004556754,8.0,219.45445,0.722182559918409
0.4,0.004556754,8.0,1024.0,0.72467108618052
0.4,0.004556754,13.0,0.0009765625,0.719306476287608
0.4,0.004556754,13.0,0.004556754,0.718470168281489
0.4,0.004556754,13.0,0.021262344,0.719367669556349
0.4,0.004556754,13.0,0.099212565,0.719755226925038
0.4,0.004556754,13.0,0.46293736,0.719306476287608
0.4,0.004556754,13.0,2.1601195,0.721142274349821
0.4,0.004556754,13.0,10.079369,0.722427332993371
0.4,0.004556754,13.0,47.031506,0.723284038755737
0.4,0.004556754,13.0,219.45445,0.724773074961754
0.4,0.004556754,13.0,1024.0,0.724528301886792
0.4,0.004556754,20.0,0.0009765625,0.717960224375319
0.4,0.004556754,20.0,0.004556754,0.717674655787863
0.4,0.004556754,20.0,0.021262344,0.719143294237634
0.4,0.004556754,20.0,0.099212565,0.719612442631311
0.4,0.004556754,20.0,0.46293736,0.719469658337583
0.4,0.004556754,20.0,2.1601195,0.721325854156043
0.4,0.004556754,20.0,10.079369,0.722162162162162
0.4,0.004556754,20.0,47.031506,0.724140744518103
0.4,0.004556754,20.0,219.45445,0.722570117287098
0.4,0.004556754,20.0,1024.0,0.725548189699133
0.4,0.004556754,32.0,0.0009765625,0.716511983681795
0.4,0.004556754,32.0,0.004556754,0.717674655787863
0.4,0.004556754,32.0,0.021262344,0.717001529831718
0.4,0.004556754,32.0,0.099212565,0.719184089750127
0.4,0.004556754,32.0,0.46293736,0.718735339112698
0.4,0.004556754,32.0,2.1601195,0.721998980112188
0.4,0.004556754,32.0,10.079369,0.722202957674656
0.4,0.004556754,32.0,47.031506,0.725466598674146
0.4,0.004556754,32.0,219.45445,0.724079551249363
0.4,0.004556754,32.0,1024.0,0.725079041305456
0.4,0.004556754,50.0,0.0009765625,0.717715451300357
0.4,0.004556754,50.0,0.004556754,0.717674655787863
0.4,0.004556754,50.0,0.021262344,0.717144314125446
0.4,0.004556754,50.0,0.099212565,0.718816930137685
0.4,0.004556754,50.0,0.46293736,0.720571137174911
0.4,0.004556754,50.0,2.1601195,0.723120856705762
0.4,0.004556754,50.0,10.079369,0.723386027536971
0.4,0.004556754,50.0,47.031506,0.723549209586945
0.4,0.004556754,50.0,219.45445,0.724711881693014
0.4,0.004556754,50.0,1024.0,0.724732279449261
0.4,0.009843133,1.0,0.0009765625,0.700642529321775
0.4,0.009843133,1.0,0.004556754,0.70041815400306
0.4,0.009843133,1.0,0.021262344,0.700683324834268
0.4,0.009843133,1.0,0.099212565,0.700662927078021
0.4,0.009843133,1.0,0.46293736,0.700499745028047
0.4,0.009843133,1.0,2.1601195,0.700458949515553
0.4,0.009843133,1.0,10.079369,0.700499745028047
0.4,0.009843133,1.0,47.031506,0.700540540540541
0.4,0.009843133,1.0,219.45445,0.700826109127996
0.4,0.009843133,1.0,1024.0,0.699867414584396
0.4,0.009843133,2.0,0.0009765625,0.717225905150433
0.4,0.009843133,2.0,0.004556754,0.717287098419174
0.4,0.009843133,2.0,0.021262344,0.715022947475778
0.4,0.009843133,2.0,0.099212565,0.717164711881693
0.4,0.009843133,2.0,0.46293736,0.716185619581846
0.4,0.009843133,2.0,2.1601195,0.718225395206527
0.4,0.009843133,2.0,10.079369,0.717287098419174
0.4,0.009843133,2.0,47.031506,0.717715451300357
0.4,0.009843133,2.0,219.45445,0.717593064762876
0.4,0.009843133,2.0,1024.0,0.715369709331973
0.4,0.009843133,3.0,0.0009765625,0.718633350331464
0.4,0.009843133,3.0,0.004556754,0.718959714431412
0.4,0.009843133,3.0,0.021262344,0.718816930137685
0.4,0.009843133,3.0,0.099212565,0.71769505354411
0.4,0.009843133,3.0,0.46293736,0.719388067312596
0.4,0.009843133,3.0,2.1601195,0.718470168281489
0.4,0.009843133,3.0,10.079369,0.720081591024987
0.4,0.009843133,3.0,47.031506,0.720387557368689
0.4,0.009843133,3.0,219.45445,0.722019377868435
0.4,0.009843133,3.0,1024.0,0.723528811830699
0.4,0.009843133,5.0,0.0009765625,0.715920448750637
0.4,0.009843133,5.0,0.004556754,0.718041815400306
0.4,0.009843133,5.0,0.021262344,0.718103008669046
0.4,0.009843133,5.0,0.099212565,0.716409994900561
0.4,0.009843133,5.0,0.46293736,0.71769505354411
0.4,0.009843133,5.0,2.1601195,0.721448240693524
0.4,0.009843133,5.0,10.079369,0.720367159612443
0.4,0.009843133,5.0,47.031506,0.72050994390617
0.4,0.009843133,5.0,219.45445,0.723039265680775
0.4,0.009843133,5.0,1024.0,0.724303926568078
0.4,0.009843133,8.0,0.0009765625,0.716613972463029
0.4,0.009843133,8.0,0.004556754,0.71763386027537
0.4,0.009843133,8.0,0.021262344,0.717389087200408
0.4,0.009843133,8.0,0.099212565,0.718714941356451
0.4,0.009843133,8.0,0.46293736,0.718510963793983
0.4,0.009843133,8.0,2.1601195,0.721223865374809
0.4,0.009843133,8.0,10.079369,0.718408975012749
0.4,0.009843133,8.0,47.031506,0.719428862825089
0.4,0.009843133,8.0,219.45445,0.722182559918409
0.4,0.009843133,8.0,1024.0,0.72467108618052
0.4,0.009843133,13.0,0.0009765625,0.719306476287608
0.4,0.009843133,13.0,0.004556754,0.718470168281489
0.4,0.009843133,13.0,0.021262344,0.719367669556349
0.4,0.009843133,13.0,0.099212565,0.719755226925038
0.4,0.009843133,13.0,0.46293736,0.719306476287608
0.4,0.009843133,13.0,2.1601195,0.721142274349821
0.4,0.009843133,13.0,10.079369,0.722427332993371
0.4,0.009843133,13.0,47.031506,0.723284038755737
0.4,0.009843133,13.0,219.45445,0.724773074961754
0.4,0.009843133,13.0,1024.0,0.724528301886792
0.4,0.009843133,20.0,0.0009765625,0.717960224375319
0.4,0.009843133,20.0,0.004556754,0.717674655787863
0.4,0.009843133,20.0,0.021262344,0.719143294237634
0.4,0.009843133,20.0,0.099212565,0.719612442631311
0.4,0.009843133,20.0,0.46293736,0.719469658337583
0.4,0.009843133,20.0,2.1601195,0.721325854156043
0.4,0.009843133,20.0,10.079369,0.722162162162162
0.4,0.009843133,20.0,47.031506,0.724140744518103
0.4,0.009843133,20.0,219.45445,0.722570117287098
0.4,0.009843133,20.0,1024.0,0.725548189699133
0.4,0.009843133,32.0,0.0009765625,0.716511983681795
0.4,0.009843133,32.0,0.004556754,0.717674655787863
0.4,0.009843133,32.0,0.021262344,0.717001529831718
0.4,0.009843133,32.0,0.099212565,0.719184089750127
0.4,0.009843133,32.0,0.46293736,0.718735339112698
0.4,0.009843133,32.0,2.1601195,0.721998980112188
0.4,0.009843133,32.0,10.079369,0.722202957674656
0.4,0.009843133,32.0,47.031506,0.725466598674146
0.4,0.009843133,32.0,219.45445,0.724079551249363
0.4,0.009843133,32.0,1024.0,0.725079041305456
0.4,0.009843133,50.0,0.0009765625,0.717715451300357
0.4,0.009843133,50.0,0.004556754,0.717674655787863
0.4,0.009843133,50.0,0.021262344,0.717144314125446
0.4,0.009843133,50.0,0.099212565,0.718816930137685
0.4,0.009843133,50.0,0.46293736,0.720571137174911
0.4,0.009843133,50.0,2.1601195,0.723120856705762
0.4,0.009843133,50.0,10.079369,0.723386027536971
0.4,0.009843133,50.0,47.031506,0.723549209586945
0.4,0.009843133,50.0,219.45445,0.724711881693014
0.4,0.009843133,50.0,1024.0,0.724732279449261
0.4,0.021262344,1.0,0.0009765625,0.700642529321775
0.4,0.021262344,1.0,0.004556754,0.70041815400306
0.4,0.021262344,1.0,0.021262344,0.700683324834268
0.4,0.021262344,1.0,0.099212565,0.700662927078021
0.4,0.021262344,1.0,0.46293736,0.700499745028047
0.4,0.021262344,1.0,2.1601195,0.700458949515553
0.4,0.021262344,1.0,10.079369,0.700499745028047
0.4,0.021262344,1.0,47.031506,0.700540540540541
0.4,0.021262344,1.0,219.45445,0.700826109127996
0.4,0.021262344,1.0,1024.0,0.699867414584396
0.4,0.021262344,2.0,0.0009765625,0.717225905150433
0.4,0.021262344,2.0,0.004556754,0.717287098419174
0.4,0.021262344,2.0,0.021262344,0.715022947475778
0.4,0.021262344,2.0,0.099212565,0.717164711881693
0.4,0.021262344,2.0,0.46293736,0.716185619581846
0.4,0.021262344,2.0,2.1601195,0.718225395206527
0.4,0.021262344,2.0,10.079369,0.717287098419174
0.4,0.021262344,2.0,47.031506,0.717715451300357
0.4,0.021262344,2.0,219.45445,0.717593064762876
0.4,0.021262344,2.0,1024.0,0.715369709331973
0.4,0.021262344,3.0,0.0009765625,0.718633350331464
0.4,0.021262344,3.0,0.004556754,0.718959714431412
0.4,0.021262344,3.0,0.021262344,0.718816930137685
0.4,0.021262344,3.0,0.099212565,0.71769505354411
0.4,0.021262344,3.0,0.46293736,0.719388067312596
0.4,0.021262344,3.0,2.1601195,0.718470168281489
0.4,0.021262344,3.0,10.079369,0.720081591024987
0.4,0.021262344,3.0,47.031506,0.720387557368689
0.4,0.021262344,3.0,219.45445,0.722019377868435
0.4,0.021262344,3.0,1024.0,0.723528811830699
0.4,0.021262344,5.0,0.0009765625,0.715920448750637
0.4,0.021262344,5.0,0.004556754,0.718041815400306
0.4,0.021262344,5.0,0.021262344,0.718103008669046
0.4,0.021262344,5.0,0.099212565,0.716409994900561
0.4,0.021262344,5.0,0.46293736,0.71769505354411
0.4,0.021262344,5.0,2.1601195,0.721448240693524
0.4,0.021262344,5.0,10.079369,0.720367159612443
0.4,0.021262344,5.0,47.031506,0.72050994390617
0.4,0.021262344,5.0,219.45445,0.723039265680775
0.4,0.021262344,5.0,1024.0,0.724303926568078
0.4,0.021262344,8.0,0.0009765625,0.716613972463029
0.4,0.021262344,8.0,0.004556754,0.71763386027537
0.4,0.021262344,8.0,0.021262344,0.717389087200408
0.4,0.021262344,8.0,0.099212565,0.718714941356451
0.4,0.021262344,8.0,0.46293736,0.718510963793983
0.4,0.021262344,8.0,2.1601195,0.721223865374809
0.4,0.021262344,8.0,10.079369,0.718408975012749
0.4,0.021262344,8.0,47.031506,0.719428862825089
0.4,0.021262344,8.0,219.45445,0.722182559918409
0.4,0.021262344,8.0,1024.0,0.72467108618052
0.4,0.021262344,13.0,0.0009765625,0.719306476287608
0.4,0.021262344,13.0,0.004556754,0.718470168281489
0.4,0.021262344,13.0,0.021262344,0.719367669556349
0.4,0.021262344,13.0,0.099212565,0.719755226925038
0.4,0.021262344,13.0,0.46293736,0.719306476287608
0.4,0.021262344,13.0,2.1601195,0.721142274349821
0.4,0.021262344,13.0,10.079369,0.722427332993371
0.4,0.021262344,13.0,47.031506,0.723284038755737
0.4,0.021262344,13.0,219.45445,0.724773074961754
0.4,0.021262344,13.0,1024.0,0.724528301886792
0.4,0.021262344,20.0,0.0009765625,0.717960224375319
0.4,0.021262344,20.0,0.004556754,0.717674655787863
0.4,0.021262344,20.0,0.021262344,0.719143294237634
0.4,0.021262344,20.0,0.099212565,0.719612442631311
0.4,0.021262344,20.0,0.46293736,0.719469658337583
0.4,0.021262344,20.0,2.1601195,0.721325854156043
0.4,0.021262344,20.0,10.079369,0.722162162162162
0.4,0.021262344,20.0,47.031506,0.724140744518103
0.4,0.021262344,20.0,219.45445,0.722570117287098
0.4,0.021262344,20.0,1024.0,0.725548189699133
0.4,0.021262344,32.0,0.0009765625,0.716511983681795
0.4,0.021262344,32.0,0.004556754,0.717674655787863
0.4,0.021262344,32.0,0.021262344,0.717001529831718
0.4,0.021262344,32.0,0.099212565,0.719184089750127
0.4,0.021262344,32.0,0.46293736,0.718735339112698
0.4,0.021262344,32.0,2.1601195,0.721998980112188
0.4,0.021262344,32.0,10.079369,0.722202957674656
0.4,0.021262344,32.0,47.031506,0.725466598674146
0.4,0.021262344,32.0,219.45445,0.724079551249363
0.4,0.021262344,32.0,1024.0,0.725079041305456
0.4,0.021262344,50.0,0.0009765625,0.717715451300357
0.4,0.021262344,50.0,0.004556754,0.717674655787863
0.4,0.021262344,50.0,0.021262344,0.717144314125446
0.4,0.021262344,50.0,0.099212565,0.718816930137685
0.4,0.021262344,50.0,0.46293736,0.720571137174911
0.4,0.021262344,50.0,2.1601195,0.723120856705762
0.4,0.021262344,50.0,10.079369,0.723386027536971
0.4,0.021262344,50.0,47.031506,0.723549209586945
0.4,0.021262344,50.0,219.45445,0.724711881693014
0.4,0.021262344,50.0,1024.0,0.724732279449261
0.4,0.045929205,1.0,0.0009765625,0.700642529321775
0.4,0.045929205,1.0,0.004556754,0.70041815400306
0.4,0.045929205,1.0,0.021262344,0.700683324834268
0.4,0.045929205,1.0,0.099212565,0.700662927078021
0.4,0.045929205,1.0,0.46293736,0.700499745028047
0.4,0.045929205,1.0,2.1601195,0.700458949515553
0.4,0.045929205,1.0,10.079369,0.700499745028047
0.4,0.045929205,1.0,47.031506,0.700540540540541
0.4,0.045929205,1.0,219.45445,0.700826109127996
0.4,0.045929205,1.0,1024.0,0.699867414584396
0.4,0.045929205,2.0,0.0009765625,0.717225905150433
0.4,0.045929205,2.0,0.004556754,0.717287098419174
0.4,0.045929205,2.0,0.021262344,0.715022947475778
0.4,0.045929205,2.0,0.099212565,0.717164711881693
0.4,0.045929205,2.0,0.46293736,0.716185619581846
0.4,0.045929205,2.0,2.1601195,0.718225395206527
0.4,0.045929205,2.0,10.079369,0.717287098419174
0.4,0.045929205,2.0,47.031506,0.717715451300357
0.4,0.045929205,2.0,219.45445,0.717593064762876
0.4,0.045929205,2.0,1024.0,0.715369709331973
0.4,0.045929205,3.0,0.0009765625,0.718633350331464
0.4,0.045929205,3.0,0.004556754,0.718959714431412
0.4,0.045929205,3.0,0.021262344,0.718816930137685
0.4,0.045929205,3.0,0.099212565,0.71769505354411
0.4,0.045929205,3.0,0.46293736,0.719388067312596
0.4,0.045929205,3.0,2.1601195,0.718470168281489
0.4,0.045929205,3.0,10.079369,0.720081591024987
0.4,0.045929205,3.0,47.031506,0.720387557368689
0.4,0.045929205,3.0,219.45445,0.722019377868435
0.4,0.045929205,3.0,1024.0,0.723528811830699
0.4,0.045929205,5.0,0.0009765625,0.715920448750637
0.4,0.045929205,5.0,0.004556754,0.718041815400306
0.4,0.045929205,5.0,0.021262344,0.718103008669046
0.4,0.045929205,5.0,0.099212565,0.716409994900561
0.4,0.045929205,5.0,0.46293736,0.71769505354411
0.4,0.045929205,5.0,2.1601195,0.721448240693524
0.4,0.045929205,5.0,10.079369,0.720367159612443
0.4,0.045929205,5.0,47.031506,0.72050994390617
0.4,0.045929205,5.0,219.45445,0.723039265680775
0.4,0.045929205,5.0,1024.0,0.724303926568078
0.4,0.045929205,8.0,0.0009765625,0.716613972463029
0.4,0.045929205,8.0,0.004556754,0.71763386027537
0.4,0.045929205,8.0,0.021262344,0.717389087200408
0.4,0.045929205,8.0,0.099212565,0.718714941356451
0.4,0.045929205,8.0,0.46293736,0.718510963793983
0.4,0.045929205,8.0,2.1601195,0.721223865374809
0.4,0.045929205,8.0,10.079369,0.718408975012749
0.4,0.045929205,8.0,47.031506,0.719428862825089
0.4,0.045929205,8.0,219.45445,0.722182559918409
0.4,0.045929205,8.0,1024.0,0.72467108618052
0.4,0.045929205,13.0,0.0009765625,0.719306476287608
0.4,0.045929205,13.0,0.004556754,0.718470168281489
0.4,0.045929205,13.0,0.021262344,0.719367669556349
0.4,0.045929205,13.0,0.099212565,0.719755226925038
0.4,0.045929205,13.0,0.46293736,0.719306476287608
0.4,0.045929205,13.0,2.1601195,0.721142274349821
0.4,0.045929205,13.0,10.079369,0.722427332993371
0.4,0.045929205,13.0,47.031506,0.723284038755737
0.4,0.045929205,13.0,219.45445,0.724773074961754
0.4,0.045929205,13.0,1024.0,0.724528301886792
0.4,0.045929205,20.0,0.0009765625,0.717960224375319
0.4,0.045929205,20.0,0.004556754,0.717674655787863
0.4,0.045929205,20.0,0.021262344,0.719143294237634
0.4,0.045929205,20.0,0.099212565,0.719612442631311
0.4,0.045929205,20.0,0.46293736,0.719469658337583
0.4,0.045929205,20.0,2.1601195,0.721325854156043
0.4,0.045929205,20.0,10.079369,0.722162162162162
0.4,0.045929205,20.0,47.031506,0.724140744518103
0.4,0.045929205,20.0,219.45445,0.722570117287098
0.4,0.045929205,20.0,1024.0,0.725548189699133
0.4,0.045929205,32.0,0.0009765625,0.716511983681795
0.4,0.045929205,32.0,0.004556754,0.717674655787863
0.4,0.045929205,32.0,0.021262344,0.717001529831718
0.4,0.045929205,32.0,0.099212565,0.719184089750127
0.4,0.045929205,32.0,0.46293736,0.718735339112698
0.4,0.045929205,32.0,2.1601195,0.721998980112188
0.4,0.045929205,32.0,10.079369,0.722202957674656
0.4,0.045929205,32.0,47.031506,0.725466598674146
0.4,0.045929205,32.0,219.45445,0.724079551249363
0.4,0.045929205,32.0,1024.0,0.725079041305456
0.4,0.045929205,50.0,0.0009765625,0.717715451300357
0.4,0.045929205,50.0,0.004556754,0.717674655787863
0.4,0.045929205,50.0,0.021262344,0.717144314125446
0.4,0.045929205,50.0,0.099212565,0.718816930137685
0.4,0.045929205,50.0,0.46293736,0.720571137174911
0.4,0.045929205,50.0,2.1601195,0.723120856705762
0.4,0.045929205,50.0,10.079369,0.723386027536971
0.4,0.045929205,50.0,47.031506,0.723549209586945
0.4,0.045929205,50.0,219.45445,0.724711881693014
0.4,0.045929205,50.0,1024.0,0.724732279449261
0.4,0.099212565,1.0,0.0009765625,0.700642529321775
0.4,0.099212565,1.0,0.004556754,0.70041815400306
0.4,0.099212565,1.0,0.021262344,0.700683324834268
0.4,0.099212565,1.0,0.099212565,0.700662927078021
0.4,0.099212565,1.0,0.46293736,0.700499745028047
0.4,0.099212565,1.0,2.1601195,0.700458949515553
0.4,0.099212565,1.0,10.079369,0.700499745028047
0.4,0.099212565,1.0,47.031506,0.700540540540541
0.4,0.099212565,1.0,219.45445,0.700826109127996
0.4,0.099212565,1.0,1024.0,0.699867414584396
0.4,0.099212565,2.0,0.0009765625,0.717225905150433
0.4,0.099212565,2.0,0.004556754,0.717287098419174
0.4,0.099212565,2.0,0.021262344,0.715022947475778
0.4,0.099212565,2.0,0.099212565,0.717164711881693
0.4,0.099212565,2.0,0.46293736,0.716185619581846
0.4,0.099212565,2.0,2.1601195,0.718225395206527
0.4,0.099212565,2.0,10.079369,0.717287098419174
0.4,0.099212565,2.0,47.031506,0.717715451300357
0.4,0.099212565,2.0,219.45445,0.717593064762876
0.4,0.099212565,2.0,1024.0,0.715369709331973
0.4,0.099212565,3.0,0.0009765625,0.718633350331464
0.4,0.099212565,3.0,0.004556754,0.718959714431412
0.4,0.099212565,3.0,0.021262344,0.718816930137685
0.4,0.099212565,3.0,0.099212565,0.71769505354411
0.4,0.099212565,3.0,0.46293736,0.719388067312596
0.4,0.099212565,3.0,2.1601195,0.718470168281489
0.4,0.099212565,3.0,10.079369,0.720081591024987
0.4,0.099212565,3.0,47.031506,0.720387557368689
0.4,0.099212565,3.0,219.45445,0.722019377868435
0.4,0.099212565,3.0,1024.0,0.723528811830699
0.4,0.099212565,5.0,0.0009765625,0.715920448750637
0.4,0.099212565,5.0,0.004556754,0.718041815400306
0.4,0.099212565,5.0,0.021262344,0.718103008669046
0.4,0.099212565,5.0,0.099212565,0.716409994900561
0.4,0.099212565,5.0,0.46293736,0.71769505354411
0.4,0.099212565,5.0,2.1601195,0.721448240693524
0.4,0.099212565,5.0,10.079369,0.720367159612443
0.4,0.099212565,5.0,47.031506,0.72050994390617
0.4,0.099212565,5.0,219.45445,0.723039265680775
0.4,0.099212565,5.0,1024.0,0.724303926568078
0.4,0.099212565,8.0,0.0009765625,0.716613972463029
0.4,0.099212565,8.0,0.004556754,0.71763386027537
0.4,0.099212565,8.0,0.021262344,0.717389087200408
0.4,0.099212565,8.0,0.099212565,0.718714941356451
0.4,0.099212565,8.0,0.46293736,0.718510963793983
0.4,0.099212565,8.0,2.1601195,0.721223865374809
0.4,0.099212565,8.0,10.079369,0.718408975012749
0.4,0.099212565,8.0,47.031506,0.719428862825089
0.4,0.099212565,8.0,219.45445,0.722182559918409
0.4,0.099212565,8.0,1024.0,0.72467108618052
0.4,0.099212565,13.0,0.0009765625,0.719306476287608
0.4,0.099212565,13.0,0.004556754,0.718470168281489
0.4,0.099212565,13.0,0.021262344,0.719367669556349
0.4,0.099212565,13.0,0.099212565,0.719755226925038
0.4,0.099212565,13.0,0.46293736,0.719306476287608
0.4,0.099212565,13.0,2.1601195,0.721142274349821
0.4,0.099212565,13.0,10.079369,0.722427332993371
0.4,0.099212565,13.0,47.031506,0.723284038755737
0.4,0.099212565,13.0,219.45445,0.724773074961754
0.4,0.099212565,13.0,1024.0,0.724528301886792
0.4,0.099212565,20.0,0.0009765625,0.717960224375319
0.4,0.099212565,20.0,0.004556754,0.717674655787863
0.4,0.099212565,20.0,0.021262344,0.719143294237634
0.4,0.099212565,20.0,0.099212565,0.719612442631311
0.4,0.099212565,20.0,0.46293736,0.719469658337583
0.4,0.099212565,20.0,2.1601195,0.721325854156043
0.4,0.099212565,20.0,10.079369,0.722162162162162
0.4,0.099212565,20.0,47.031506,0.724140744518103
0.4,0.099212565,20.0,219.45445,0.722570117287098
0.4,0.099212565,20.0,1024.0,0.725548189699133
0.4,0.099212565,32.0,0.0009765625,0.716511983681795
0.4,0.099212565,32.0,0.004556754,0.717674655787863
0.4,0.099212565,32.0,0.021262344,0.717001529831718
0.4,0.099212565,32.0,0.099212565,0.719184089750127
0.4,0.099212565,32.0,0.46293736,0.718735339112698
0.4,0.099212565,32.0,2.1601195,0.721998980112188
0.4,0.099212565,32.0,10.079369,0.722202957674656
0.4,0.099212565,32.0,47.031506,0.725466598674146
0.4,0.099212565,32.0,219.45445,0.724079551249363
0.4,0.099212565,32.0,1024.0,0.725079041305456
0.4,0.099212565,50.0,0.0009765625,0.717715451300357
0.4,0.099212565,50.0,0.004556754,0.717674655787863
0.4,0.099212565,50.0,0.021262344,0.717144314125446
0.4,0.099212565,50.0,0.099212565,0.718816930137685
0.4,0.099212565,50.0,0.46293736,0.720571137174911
0.4,0.099212565,50.0,2.1601195,0.723120856705762
0.4,0.099212565,50.0,10.079369,0.723386027536971
0.4,0.099212565,50.0,47.031506,0.723549209586945
0.4,0.099212565,50.0,219.45445,0.724711881693014
0.4,0.099212565,50.0,1024.0,0.724732279449261
0.4,0.21431099,1.0,0.0009765625,0.700642529321775
0.4,0.21431099,1.0,0.004556754,0.70041815400306
0.4,0.21431099,1.0,0.021262344,0.700683324834268
0.4,0.21431099,1.0,0.099212565,0.700662927078021
0.4,0.21431099,1.0,0.46293736,0.700499745028047
0.4,0.21431099,1.0,2.1601195,0.700458949515553
0.4,0.21431099,1.0,10.079369,0.700499745028047
0.4,0.21431099,1.0,47.031506,0.700540540540541
0.4,0.21431099,1.0,219.45445,0.700826109127996
0.4,0.21431099,1.0,1024.0,0.699867414584396
0.4,0.21431099,2.0,0.0009765625,0.717225905150433
0.4,0.21431099,2.0,0.004556754,0.717287098419174
0.4,0.21431099,2.0,0.021262344,0.715022947475778
0.4,0.21431099,2.0,0.099212565,0.717164711881693
0.4,0.21431099,2.0,0.46293736,0.716185619581846
0.4,0.21431099,2.0,2.1601195,0.718225395206527
0.4,0.21431099,2.0,10.079369,0.717287098419174
0.4,0.21431099,2.0,47.031506,0.717715451300357
0.4,0.21431099,2.0,219.45445,0.717593064762876
0.4,0.21431099,2.0,1024.0,0.715369709331973
0.4,0.21431099,3.0,0.0009765625,0.718633350331464
0.4,0.21431099,3.0,0.004556754,0.718959714431412
0.4,0.21431099,3.0,0.021262344,0.718816930137685
0.4,0.21431099,3.0,0.099212565,0.71769505354411
0.4,0.21431099,3.0,0.46293736,0.719388067312596
0.4,0.21431099,3.0,2.1601195,0.718470168281489
0.4,0.21431099,3.0,10.079369,0.720081591024987
0.4,0.21431099,3.0,47.031506,0.720387557368689
0.4,0.21431099,3.0,219.45445,0.722019377868435
0.4,0.21431099,3.0,1024.0,0.723528811830699
0.4,0.21431099,5.0,0.0009765625,0.715920448750637
0.4,0.21431099,5.0,0.004556754,0.718041815400306
0.4,0.21431099,5.0,0.021262344,0.718103008669046
0.4,0.21431099,5.0,0.099212565,0.716409994900561
0.4,0.21431099,5.0,0.46293736,0.71769505354411
0.4,0.21431099,5.0,2.1601195,0.721448240693524
0.4,0.21431099,5.0,10.079369,0.720367159612443
0.4,0.21431099,5.0,47.031506,0.72050994390617
0.4,0.21431099,5.0,219.45445,0.723039265680775
0.4,0.21431099,5.0,1024.0,0.724303926568078
0.4,0.21431099,8.0,0.0009765625,0.716613972463029
0.4,0.21431099,8.0,0.004556754,0.71763386027537
0.4,0.21431099,8.0,0.021262344,0.717389087200408
0.4,0.21431099,8.0,0.099212565,0.718714941356451
0.4,0.21431099,8.0,0.46293736,0.718510963793983
0.4,0.21431099,8.0,2.1601195,0.721223865374809
0.4,0.21431099,8.0,10.079369,0.718408975012749
0.4,0.21431099,8.0,47.031506,0.719428862825089
0.4,0.21431099,8.0,219.45445,0.722182559918409
0.4,0.21431099,8.0,1024.0,0.72467108618052
0.4,0.21431099,13.0,0.0009765625,0.719306476287608
0.4,0.21431099,13.0,0.004556754,0.718470168281489
0.4,0.21431099,13.0,0.021262344,0.719367669556349
0.4,0.21431099,13.0,0.099212565,0.719755226925038
0.4,0.21431099,13.0,0.46293736,0.719306476287608
0.4,0.21431099,13.0,2.1601195,0.721142274349821
0.4,0.21431099,13.0,10.079369,0.722427332993371
0.4,0.21431099,13.0,47.031506,0.723284038755737
0.4,0.21431099,13.0,219.45445,0.724773074961754
0.4,0.21431099,13.0,1024.0,0.724528301886792
0.4,0.21431099,20.0,0.0009765625,0.717960224375319
0.4,0.21431099,20.0,0.004556754,0.717674655787863
0.4,0.21431099,20.0,0.021262344,0.719143294237634
0.4,0.21431099,20.0,0.099212565,0.719612442631311
0.4,0.21431099,20.0,0.46293736,0.719469658337583
0.4,0.21431099,20.0,2.1601195,0.721325854156043
0.4,0.21431099,20.0,10.079369,0.722162162162162
0.4,0.21431099,20.0,47.031506,0.724140744518103
0.4,0.21431099,20.0,219.45445,0.722570117287098
0.4,0.21431099,20.0,1024.0,0.725548189699133
0.4,0.21431099,32.0,0.0009765625,0.716511983681795
0.4,0.21431099,32.0,0.004556754,0.717674655787863
0.4,0.21431099,32.0,0.021262344,0.717001529831718
0.4,0.21431099,32.0,0.099212565,0.719184089750127
0.4,0.21431099,32.0,0.46293736,0.718735339112698
0.4,0.21431099,32.0,2.1601195,0.721998980112188
0.4,0.21431099,32.0,10.079369,0.722202957674656
0.4,0.21431099,32.0,47.031506,0.725466598674146
0.4,0.21431099,32.0,219.45445,0.724079551249363
0.4,0.21431099,32.0,1024.0,0.725079041305456
0.4,0.21431099,50.0,0.0009765625,0.717715451300357
0.4,0.21431099,50.0,0.004556754,0.717674655787863
0.4,0.21431099,50.0,0.021262344,0.717144314125446
0.4,0.21431099,50.0,0.099212565,0.718816930137685
0.4,0.21431099,50.0,0.46293736,0.720571137174911
0.4,0.21431099,50.0,2.1601195,0.723120856705762
0.4,0.21431099,50.0,10.079369,0.723386027536971
0.4,0.21431099,50.0,47.031506,0.723549209586945
0.4,0.21431099,50.0,219.45445,0.724711881693014
0.4,0.21431099,50.0,1024.0,0.724732279449261
0.4,0.46293736,1.0,0.0009765625,0.700642529321775
0.4,0.46293736,1.0,0.004556754,0.70041815400306
0.4,0.46293736,1.0,0.021262344,0.700683324834268
0.4,0.46293736,1.0,0.099212565,0.700662927078021
0.4,0.46293736,1.0,0.46293736,0.700499745028047
0.4,0.46293736,1.0,2.1601195,0.700458949515553
0.4,0.46293736,1.0,10.079369,0.700499745028047
0.4,0.46293736,1.0,47.031506,0.700540540540541
0.4,0.46293736,1.0,219.45445,0.700826109127996
0.4,0.46293736,1.0,1024.0,0.699867414584396
0.4,0.46293736,2.0,0.0009765625,0.717225905150433
0.4,0.46293736,2.0,0.004556754,0.717287098419174
0.4,0.46293736,2.0,0.021262344,0.715022947475778
0.4,0.46293736,2.0,0.099212565,0.717164711881693
0.4,0.46293736,2.0,0.46293736,0.716185619581846
0.4,0.46293736,2.0,2.1601195,0.718225395206527
0.4,0.46293736,2.0,10.079369,0.717287098419174
0.4,0.46293736,2.0,47.031506,0.717715451300357
0.4,0.46293736,2.0,219.45445,0.717593064762876
0.4,0.46293736,2.0,1024.0,0.715369709331973
0.4,0.46293736,3.0,0.0009765625,0.718633350331464
0.4,0.46293736,3.0,0.004556754,0.718959714431412
0.4,0.46293736,3.0,0.021262344,0.718816930137685
0.4,0.46293736,3.0,0.099212565,0.71769505354411
0.4,0.46293736,3.0,0.46293736,0.719388067312596
0.4,0.46293736,3.0,2.1601195,0.718470168281489
0.4,0.46293736,3.0,10.079369,0.720081591024987
0.4,0.46293736,3.0,47.031506,0.720387557368689
0.4,0.46293736,3.0,219.45445,0.722019377868435
0.4,0.46293736,3.0,1024.0,0.723528811830699
0.4,0.46293736,5.0,0.0009765625,0.715920448750637
0.4,0.46293736,5.0,0.004556754,0.718041815400306
0.4,0.46293736,5.0,0.021262344,0.718103008669046
0.4,0.46293736,5.0,0.099212565,0.716409994900561
0.4,0.46293736,5.0,0.46293736,0.71769505354411
0.4,0.46293736,5.0,2.1601195,0.721448240693524
0.4,0.46293736,5.0,10.079369,0.720367159612443
0.4,0.46293736,5.0,47.031506,0.72050994390617
0.4,0.46293736,5.0,219.45445,0.723039265680775
0.4,0.46293736,5.0,1024.0,0.724303926568078
0.4,0.46293736,8.0,0.0009765625,0.716613972463029
0.4,0.46293736,8.0,0.004556754,0.71763386027537
0.4,0.46293736,8.0,0.021262344,0.717389087200408
0.4,0.46293736,8.0,0.099212565,0.718714941356451
0.4,0.46293736,8.0,0.46293736,0.718510963793983
0.4,0.46293736,8.0,2.1601195,0.721223865374809
0.4,0.46293736,8.0,10.079369,0.718408975012749
0.4,0.46293736,8.0,47.031506,0.719428862825089
0.4,0.46293736,8.0,219.45445,0.722182559918409
0.4,0.46293736,8.0,1024.0,0.72467108618052
0.4,0.46293736,13.0,0.0009765625,0.719306476287608
0.4,0.46293736,13.0,0.004556754,0.718470168281489
0.4,0.46293736,13.0,0.021262344,0.719367669556349
0.4,0.46293736,13.0,0.099212565,0.719755226925038
0.4,0.46293736,13.0,0.46293736,0.719306476287608
0.4,0.46293736,13.0,2.1601195,0.721142274349821
0.4,0.46293736,13.0,10.079369,0.722427332993371
0.4,0.46293736,13.0,47.031506,0.723284038755737
0.4,0.46293736,13.0,219.45445,0.724773074961754
0.4,0.46293736,13.0,1024.0,0.724528301886792
0.4,0.46293736,20.0,0.0009765625,0.717960224375319
0.4,0.46293736,20.0,0.004556754,0.717674655787863
0.4,0.46293736,20.0,0.021262344,0.719143294237634
0.4,0.46293736,20.0,0.099212565,0.719612442631311
0.4,0.46293736,20.0,0.46293736,0.719469658337583
0.4,0.46293736,20.0,2.1601195,0.721325854156043
0.4,0.46293736,20.0,10.079369,0.722162162162162
0.4,0.46293736,20.0,47.031506,0.724140744518103
0.4,0.46293736,20.0,219.45445,0.722570117287098
0.4,0.46293736,20.0,1024.0,0.725548189699133
0.4,0.46293736,32.0,0.0009765625,0.716511983681795
0.4,0.46293736,32.0,0.004556754,0.717674655787863
0.4,0.46293736,32.0,0.021262344,0.717001529831718
0.4,0.46293736,32.0,0.099212565,0.719184089750127
0.4,0.46293736,32.0,0.46293736,0.718735339112698
0.4,0.46293736,32.0,2.1601195,0.721998980112188
0.4,0.46293736,32.0,10.079369,0.722202957674656
0.4,0.46293736,32.0,47.031506,0.725466598674146
0.4,0.46293736,32.0,219.45445,0.724079551249363
0.4,0.46293736,32.0,1024.0,0.725079041305456
0.4,0.46293736,50.0,0.0009765625,0.717715451300357
0.4,0.46293736,50.0,0.004556754,0.717674655787863
0.4,0.46293736,50.0,0.021262344,0.717144314125446
0.4,0.46293736,50.0,0.099212565,0.718816930137685
0.4,0.46293736,50.0,0.46293736,0.720571137174911
0.4,0.46293736,50.0,2.1601195,0.723120856705762
0.4,0.46293736,50.0,10.079369,0.723386027536971
0.4,0.46293736,50.0,47.031506,0.723549209586945
0.4,0.46293736,50.0,219.45445,0.724711881693014
0.4,0.46293736,50.0,1024.0,0.724732279449261
0.4,1.0,1.0,0.0009765625,0.700642529321775
0.4,1.0,1.0,0.004556754,0.70041815400306
0.4,1.0,1.0,0.021262344,0.700683324834268
0.4,1.0,1.0,0.099212565,0.700662927078021
0.4,1.0,1.0,0.46293736,0.700499745028047
0.4,1.0,1.0,2.1601195,0.700458949515553
0.4,1.0,1.0,10.079369,0.700499745028047
0.4,1.0,1.0,47.031506,0.700540540540541
0.4,1.0,1.0,219.45445,0.700826109127996
0.4,1.0,1.0,1024.0,0.699867414584396
0.4,1.0,2.0,0.0009765625,0.717225905150433
0.4,1.0,2.0,0.004556754,0.717287098419174
0.4,1.0,2.0,0.021262344,0.715022947475778
0.4,1.0,2.0,0.099212565,0.717164711881693
0.4,1.0,2.0,0.46293736,0.716185619581846
0.4,1.0,2.0,2.1601195,0.718225395206527
0.4,1.0,2.0,10.079369,0.717287098419174
0.4,1.0,2.0,47.031506,0.717715451300357
0.4,1.0,2.0,219.45445,0.717593064762876
0.4,1.0,2.0,1024.0,0.715369709331973
0.4,1.0,3.0,0.0009765625,0.718633350331464
0.4,1.0,3.0,0.004556754,0.718959714431412
0.4,1.0,3.0,0.021262344,0.718816930137685
0.4,1.0,3.0,0.099212565,0.71769505354411
0.4,1.0,3.0,0.46293736,0.719388067312596
0.4,1.0,3.0,2.1601195,0.718470168281489
0.4,1.0,3.0,10.079369,0.720081591024987
0.4,1.0,3.0,47.031506,0.720387557368689
0.4,1.0,3.0,219.45445,0.722019377868435
0.4,1.0,3.0,1024.0,0.723528811830699
0.4,1.0,5.0,0.0009765625,0.715920448750637
0.4,1.0,5.0,0.004556754,0.718041815400306
0.4,1.0,5.0,0.021262344,0.718103008669046
0.4,1.0,5.0,0.099212565,0.716409994900561
0.4,1.0,5.0,0.46293736,0.71769505354411
0.4,1.0,5.0,2.1601195,0.721448240693524
0.4,1.0,5.0,10.079369,0.720367159612443
0.4,1.0,5.0,47.031506,0.72050994390617
0.4,1.0,5.0,219.45445,0.723039265680775
0.4,1.0,5.0,1024.0,0.724303926568078
0.4,1.0,8.0,0.0009765625,0.716613972463029
0.4,1.0,8.0,0.004556754,0.71763386027537
0.4,1.0,8.0,0.021262344,0.717389087200408
0.4,1.0,8.0,0.099212565,0.718714941356451
0.4,1.0,8.0,0.46293736,0.718510963793983
0.4,1.0,8.0,2.1601195,0.721223865374809
0.4,1.0,8.0,10.079369,0.718408975012749
0.4,1.0,8.0,47.031506,0.719428862825089
0.4,1.0,8.0,219.45445,0.722182559918409
0.4,1.0,8.0,1024.0,0.72467108618052
0.4,1.0,13.0,0.0009765625,0.719306476287608
0.4,1.0,13.0,0.004556754,0.718470168281489
0.4,1.0,13.0,0.021262344,0.719367669556349
0.4,1.0,13.0,0.099212565,0.719755226925038
0.4,1.0,13.0,0.46293736,0.719306476287608
0.4,1.0,13.0,2.1601195,0.721142274349821
0.4,1.0,13.0,10.079369,0.722427332993371
0.4,1.0,13.0,47.031506,0.723284038755737
0.4,1.0,13.0,219.45445,0.724773074961754
0.4,1.0,13.0,1024.0,0.724528301886792
0.4,1.0,20.0,0.0009765625,0.717960224375319
0.4,1.0,20.0,0.004556754,0.717674655787863
0.4,1.0,20.0,0.021262344,0.719143294237634
0.4,1.0,20.0,0.099212565,0.719612442631311
0.4,1.0,20.0,0.46293736,0.719469658337583
0.4,1.0,20.0,2.1601195,0.721325854156043
0.4,1.0,20.0,10.079369,0.722162162162162
0.4,1.0,20.0,47.031506,0.724140744518103
0.4,1.0,20.0,219.45445,0.722570117287098
0.4,1.0,20.0,1024.0,0.725548189699133
0.4,1.0,32.0,0.0009765625,0.716511983681795
0.4,1.0,32.0,0.004556754,0.717674655787863
0.4,1.0,32.0,0.021262344,0.717001529831718
0.4,1.0,32.0,0.099212565,0.719184089750127
0.4,1.0,32.0,0.46293736,0.718735339112698
0.4,1.0,32.0,2.1601195,0.721998980112188
0.4,1.0,32.0,10.079369,0.722202957674656
0.4,1.0,32.0,47.031506,0.725466598674146
0.4,1.0,32.0,219.45445,0.724079551249363
0.4,1.0,32.0,1024.0,0.725079041305456
0.4,1.0,50.0,0.0009765625,0.717715451300357
0.4,1.0,50.0,0.004556754,0.717674655787863
0.4,1.0,50.0,0.021262344,0.717144314125446
0.4,1.0,50.0,0.099212565,0.718816930137685
0.4,1.0,50.0,0.46293736,0.720571137174911
0.4,1.0,50.0,2.1601195,0.723120856705762
0.4,1.0,50.0,10.079369,0.723386027536971
0.4,1.0,50.0,47.031506,0.723549209586945
0.4,1.0,50.0,219.45445,0.724711881693014
0.4,1.0,50.0,1024.0,0.724732279449261
0.5,0.0009765625,1.0,0.0009765625,0.700703722590515
0.5,0.0009765625,1.0,0.004556754,0.700622131565528
0.5,0.0009765625,1.0,0.021262344,0.7004793472718
0.5,0.0009765625,1.0,0.099212565,0.700662927078021
0.5,0.0009765625,1.0,0.46293736,0.700560938296787
0.5,0.0009765625,1.0,2.1601195,0.700397756246813
0.5,0.0009765625,1.0,10.079369,0.700683324834268
0.5,0.0009765625,1.0,47.031506,0.700458949515553
0.5,0.0009765625,1.0,219.45445,0.70092809790923
0.5,0.0009765625,1.0,1024.0,0.699765425803162
0.5,0.0009765625,2.0,0.0009765625,0.715940846506884
0.5,0.0009765625,2.0,0.004556754,0.715859255481897
0.5,0.0009765625,2.0,0.021262344,0.71634880163182
0.5,0.0009765625,2.0,0.099212565,0.716308006119327
0.5,0.0009765625,2.0,0.46293736,0.717470678225395
0.5,0.0009765625,2.0,2.1601195,0.717083120856706
0.5,0.0009765625,2.0,10.079369,0.718694543600204
0.5,0.0009765625,2.0,47.031506,0.717266700662927
0.5,0.0009765625,2.0,219.45445,0.718837327893932
0.5,0.0009765625,2.0,1024.0,0.715879653238144
0.5,0.0009765625,3.0,0.0009765625,0.7180826109128
0.5,0.0009765625,3.0,0.004556754,0.718225395206527
0.5,0.0009765625,3.0,0.021262344,0.71820499745028
0.5,0.0009765625,3.0,0.099212565,0.720101988781234
0.5,0.0009765625,3.0,0.46293736,0.719184089750127
0.5,0.0009765625,3.0,2.1601195,0.718918918918919
0.5,0.0009765625,3.0,10.079369,0.720224375318715
0.5,0.0009765625,3.0,47.031506,0.720265170831209
0.5,0.0009765625,3.0,219.45445,0.721835798062213
0.5,0.0009765625,3.0,1024.0,0.723406425293218
0.5,0.0009765625,5.0,0.0009765625,0.715818459969403
0.5,0.0009765625,5.0,0.004556754,0.718225395206527
0.5,0.0009765625,5.0,0.021262344,0.71532891381948
0.5,0.0009765625,5.0,0.099212565,0.716022437531872
0.5,0.0009765625,5.0,0.46293736,0.717021927587965
0.5,0.0009765625,5.0,2.1601195,0.717960224375319
0.5,0.0009765625,5.0,10.079369,0.719245283018868
0.5,0.0009765625,5.0,47.031506,0.719673635900051
0.5,0.0009765625,5.0,219.45445,0.722468128505864
0.5,0.0009765625,5.0,1024.0,0.723793982661907
0.5,0.0009765625,8.0,0.0009765625,0.717899031106578
0.5,0.0009765625,8.0,0.004556754,0.718898521162672
0.5,0.0009765625,8.0,0.021262344,0.718245792962774
0.5,0.0009765625,8.0,0.099212565,0.719061703212647
0.5,0.0009765625,8.0,0.46293736,0.719061703212647
0.5,0.0009765625,8.0,2.1601195,0.721244263131056
0.5,0.0009765625,8.0,10.079369,0.720142784293728
0.5,0.0009765625,8.0,47.031506,0.720469148393677
0.5,0.0009765625,8.0,219.45445,0.721040285568587
0.5,0.0009765625,8.0,1024.0,0.724569097399286
0.5,0.0009765625,13.0,0.0009765625,0.720224375318715
0.5,0.0009765625,13.0,0.004556754,0.719020907700153
0.5,0.0009765625,13.0,0.021262344,0.721366649668536
0.5,0.0009765625,13.0,0.099212565,0.720734319224885
0.5,0.0009765625,13.0,0.46293736,0.720815910249873
0.5,0.0009765625,13.0,2.1601195,0.722019377868435
0.5,0.0009765625,13.0,10.079369,0.724079551249363
0.5,0.0009765625,13.0,47.031506,0.724507904130546
0.5,0.0009765625,13.0,219.45445,0.724385517593065
0.5,0.0009765625,13.0,1024.0,0.725160632330444
0.5,0.0009765625,20.0,0.0009765625,0.720979092299847
0.5,0.0009765625,20.0,0.004556754,0.72044875063743
0.5,0.0009765625,20.0,0.021262344,0.720163182049975
0.5,0.0009765625,20.0,0.099212565,0.7190413054564
0.5,0.0009765625,20.0,0.46293736,0.72275369709332
0.5,0.0009765625,20.0,2.1601195,0.723141254462009
0.5,0.0009765625,20.0,10.079369,0.722916879143294
0.5,0.0009765625,20.0,47.031506,0.724650688424273
0.5,0.0009765625,20.0,219.45445,0.724834268230495
0.5,0.0009765625,20.0,1024.0,0.727465578786334
0.5,0.0009765625,32.0,0.0009765625,0.719857215706272
0.5,0.0009765625,32.0,0.004556754,0.719877613462519
0.5,0.0009765625,32.0,0.021262344,0.719530851606323
0.5,0.0009765625,32.0,0.099212565,0.719816420193779
0.5,0.0009765625,32.0,0.46293736,0.721121876593575
0.5,0.0009765625,32.0,2.1601195,0.723100458949516
0.5,0.0009765625,32.0,10.079369,0.725160632330444
0.5,0.0009765625,32.0,47.031506,0.725283018867925
0.5,0.0009765625,32.0,219.45445,0.725996940336563
0.5,0.0009765625,32.0,1024.0,0.727832738398776
0.5,0.0009765625,50.0,0.0009765625,0.719449260581336
0.5,0.0009765625,50.0,0.004556754,0.719734829168791
0.5,0.0009765625,50.0,0.021262344,0.719612442631311
0.5,0.0009765625,50.0,0.099212565,0.718959714431412
0.5,0.0009765625,50.0,0.46293736,0.722508924018358
0.5,0.0009765625,50.0,2.1601195,0.724140744518103
0.5,0.0009765625,50.0,10.079369,0.724507904130546
0.5,0.0009765625,50.0,47.031506,0.726058133605303
0.5,0.0009765625,50.0,219.45445,0.725303416624171
0.5,0.0009765625,50.0,1024.0,0.726445690973993
0.5,0.0021094917,1.0,0.0009765625,0.700703722590515
0.5,0.0021094917,1.0,0.004556754,0.700622131565528
0.5,0.0021094917,1.0,0.021262344,0.7004793472718
0.5,0.0021094917,1.0,0.099212565,0.700662927078021
0.5,0.0021094917,1.0,0.46293736,0.700560938296787
0.5,0.0021094917,1.0,2.1601195,0.700397756246813
0.5,0.0021094917,1.0,10.079369,0.700683324834268
0.5,0.0021094917,1.0,47.031506,0.700458949515553
0.5,0.0021094917,1.0,219.45445,0.70092809790923
0.5,0.0021094917,1.0,1024.0,0.699765425803162
0.5,0.0021094917,2.0,0.0009765625,0.715940846506884
0.5,0.0021094917,2.0,0.004556754,0.715859255481897
0.5,0.0021094917,2.0,0.021262344,0.71634880163182
0.5,0.0021094917,2.0,0.099212565,0.716308006119327
0.5,0.0021094917,2.0,0.46293736,0.717470678225395
0.5,0.0021094917,2.0,2.1601195,0.717083120856706
0.5,0.0021094917,2.0,10.079369,0.718694543600204
0.5,0.0021094917,2.0,47.031506,0.717266700662927
0.5,0.0021094917,2.0,219.45445,0.718837327893932
0.5,0.0021094917,2.0,1024.0,0.715879653238144
0.5,0.0021094917,3.0,0.0009765625,0.7180826109128
0.5,0.0021094917,3.0,0.004556754,0.718225395206527
0.5,0.0021094917,3.0,0.021262344,0.71820499745028
0.5,0.0021094917,3.0,0.099212565,0.720101988781234
0.5,0.0021094917,3.0,0.46293736,0.719184089750127
0.5,0.0021094917,3.0,2.1601195,0.718918918918919
0.5,0.0021094917,3.0,10.079369,0.720224375318715
0.5,0.0021094917,3.0,47.031506,0.720265170831209
0.5,0.0021094917,3.0,219.45445,0.721835798062213
0.5,0.0021094917,3.0,1024.0,0.723406425293218
0.5,0.0021094917,5.0,0.0009765625,0.715818459969403
0.5,0.0021094917,5.0,0.004556754,0.718225395206527
0.5,0.0021094917,5.0,0.021262344,0.71532891381948
0.5,0.0021094917,5.0,0.099212565,0.716022437531872
0.5,0.0021094917,5.0,0.46293736,0.717021927587965
0.5,0.0021094917,5.0,2.1601195,0.717960224375319
0.5,0.0021094917,5.0,10.079369,0.719245283018868
0.5,0.0021094917,5.0,47.031506,0.719673635900051
0.5,0.0021094917,5.0,219.45445,0.722468128505864
0.5,0.0021094917,5.0,1024.0,0.723793982661907
0.5,0.0021094917,8.0,0.0009765625,0.717899031106578
0.5,0.0021094917,8.0,0.004556754,0.718898521162672
0.5,0.0021094917,8.0,0.021262344,0.718245792962774
0.5,0.0021094917,8.0,0.099212565,0.719061703212647
0.5,0.0021094917,8.0,0.46293736,0.719061703212647
0.5,0.0021094917,8.0,2.1601195,0.721244263131056
0.5,0.0021094917,8.0,10.079369,0.720142784293728
0.5,0.0021094917,8.0,47.031506,0.720469148393677
0.5,0.0021094917,8.0,219.45445,0.721040285568587
0.5,0.0021094917,8.0,1024.0,0.724569097399286
0.5,0.0021094917,13.0,0.0009765625,0.720224375318715
0.5,0.0021094917,13.0,0.004556754,0.719020907700153
0.5,0.0021094917,13.0,0.021262344,0.721366649668536
0.5,0.0021094917,13.0,0.099212565,0.720734319224885
0.5,0.0021094917,13.0,0.46293736,0.720815910249873
0.5,0.0021094917,13.0,2.1601195,0.722019377868435
0.5,0.0021094917,13.0,10.079369,0.724079551249363
0.5,0.0021094917,13.0,47.031506,0.724507904130546
0.5,0.0021094917,13.0,219.45445,0.724385517593065
0.5,0.0021094917,13.0,1024.0,0.725160632330444
0.5,0.0021094917,20.0,0.0009765625,0.720979092299847
0.5,0.0021094917,20.0,0.004556754,0.72044875063743
0.5,0.0021094917,20.0,0.021262344,0.720163182049975
0.5,0.0021094917,20.0,0.099212565,0.7190413054564
0.5,0.0021094917,20.0,0.46293736,0.72275369709332
0.5,0.0021094917,20.0,2.1601195,0.723141254462009
0.5,0.0021094917,20.0,10.079369,0.722916879143294
0.5,0.0021094917,20.0,47.031506,0.724650688424273
0.5,0.0021094917,20.0,219.45445,0.724834268230495
0.5,0.0021094917,20.0,1024.0,0.727465578786334
0.5,0.0021094917,32.0,0.0009765625,0.719857215706272
0.5,0.0021094917,32.0,0.004556754,0.719877613462519
0.5,0.0021094917,32.0,0.021262344,0.719530851606323
0.5,0.0021094917,32.0,0.099212565,0.719816420193779
0.5,0.0021094917,32.0,0.46293736,0.721121876593575
0.5,0.0021094917,32.0,2.1601195,0.723100458949516
0.5,0.0021094917,32.0,10.079369,0.725160632330444
0.5,0.0021094917,32.0,47.031506,0.725283018867925
0.5,0.0021094917,32.0,219.45445,0.725996940336563
0.5,0.0021094917,32.0,1024.0,0.727832738398776
0.5,0.0021094917,50.0,0.0009765625,0.719449260581336
0.5,0.0021094917,50.0,0.004556754,0.719734829168791
0.5,0.0021094917,50.0,0.021262344,0.719612442631311
0.5,0.0021094917,50.0,0.099212565,0.718959714431412
0.5,0.0021094917,50.0,0.46293736,0.722508924018358
0.5,0.0021094917,50.0,2.1601195,0.724140744518103
0.5,0.0021094917,50.0,10.079369,0.724507904130546
0.5,0.0021094917,50.0,47.031506,0.726058133605303
0.5,0.0021094917,50.0,219.45445,0.725303416624171
0.5,0.0021094917,50.0,1024.0,0.726445690973993
0.5,0.004556754,1.0,0.0009765625,0.700703722590515
0.5,0.004556754,1.0,0.004556754,0.700622131565528
0.5,0.004556754,1.0,0.021262344,0.7004793472718
0.5,0.004556754,1.0,0.099212565,0.700662927078021
0.5,0.004556754,1.0,0.46293736,0.700560938296787
0.5,0.004556754,1.0,2.1601195,0.700397756246813
0.5,0.004556754,1.0,10.079369,0.700683324834268
0.5,0.004556754,1.0,47.031506,0.700458949515553
0.5,0.004556754,1.0,219.45445,0.70092809790923
0.5,0.004556754,1.0,1024.0,0.699765425803162
0.5,0.004556754,2.0,0.0009765625,0.715940846506884
0.5,0.004556754,2.0,0.004556754,0.715859255481897
0.5,0.004556754,2.0,0.021262344,0.71634880163182
0.5,0.004556754,2.0,0.099212565,0.716308006119327
0.5,0.004556754,2.0,0.46293736,0.717470678225395
0.5,0.004556754,2.0,2.1601195,0.717083120856706
0.5,0.004556754,2.0,10.079369,0.718694543600204
0.5,0.004556754,2.0,47.031506,0.717266700662927
0.5,0.004556754,2.0,219.45445,0.718837327893932
0.5,0.004556754,2.0,1024.0,0.715879653238144
0.5,0.004556754,3.0,0.0009765625,0.7180826109128
0.5,0.004556754,3.0,0.004556754,0.718225395206527
0.5,0.004556754,3.0,0.021262344,0.71820499745028
0.5,0.004556754,3.0,0.099212565,0.720101988781234
0.5,0.004556754,3.0,0.46293736,0.719184089750127
0.5,0.004556754,3.0,2.1601195,0.718918918918919
0.5,0.004556754,3.0,10.079369,0.720224375318715
0.5,0.004556754,3.0,47.031506,0.720265170831209
0.5,0.004556754,3.0,219.45445,0.721835798062213
0.5,0.004556754,3.0,1024.0,0.723406425293218
0.5,0.004556754,5.0,0.0009765625,0.715818459969403
0.5,0.004556754,5.0,0.004556754,0.718225395206527
0.5,0.004556754,5.0,0.021262344,0.71532891381948
0.5,0.004556754,5.0,0.099212565,0.716022437531872
0.5,0.004556754,5.0,0.46293736,0.717021927587965
0.5,0.004556754,5.0,2.1601195,0.717960224375319
0.5,0.004556754,5.0,10.079369,0.719245283018868
0.5,0.004556754,5.0,47.031506,0.719673635900051
0.5,0.004556754,5.0,219.45445,0.722468128505864
0.5,0.004556754,5.0,1024.0,0.723793982661907
0.5,0.004556754,8.0,0.0009765625,0.717899031106578
0.5,0.004556754,8.0,0.004556754,0.718898521162672
0.5,0.004556754,8.0,0.021262344,0.718245792962774
0.5,0.004556754,8.0,0.099212565,0.719061703212647
0.5,0.004556754,8.0,0.46293736,0.719061703212647
0.5,0.004556754,8.0,2.1601195,0.721244263131056
0.5,0.004556754,8.0,10.079369,0.720142784293728
0.5,0.004556754,8.0,47.031506,0.720469148393677
0.5,0.004556754,8.0,219.45445,0.721040285568587
0.5,0.004556754,8.0,1024.0,0.724569097399286
0.5,0.004556754,13.0,0.0009765625,0.720224375318715
0.5,0.004556754,13.0,0.004556754,0.719020907700153
0.5,0.004556754,13.0,0.021262344,0.721366649668536
0.5,0.004556754,13.0,0.099212565,0.720734319224885
0.5,0.004556754,13.0,0.46293736,0.720815910249873
0.5,0.004556754,13.0,2.1601195,0.722019377868435
0.5,0.004556754,13.0,10.079369,0.724079551249363
0.5,0.004556754,13.0,47.031506,0.724507904130546
0.5,0.004556754,13.0,219.45445,0.724385517593065
0.5,0.004556754,13.0,1024.0,0.725160632330444
0.5,0.004556754,20.0,0.0009765625,0.720979092299847
0.5,0.004556754,20.0,0.004556754,0.72044875063743
0.5,0.004556754,20.0,0.021262344,0.720163182049975
0.5,0.004556754,20.0,0.099212565,0.7190413054564
0.5,0.004556754,20.0,0.46293736,0.72275369709332
0.5,0.004556754,20.0,2.1601195,0.723141254462009
0.5,0.004556754,20.0,10.079369,0.722916879143294
0.5,0.004556754,20.0,47.031506,0.724650688424273
0.5,0.004556754,20.0,219.45445,0.724834268230495
0.5,0.004556754,20.0,1024.0,0.727465578786334
0.5,0.004556754,32.0,0.0009765625,0.719857215706272
0.5,0.004556754,32.0,0.004556754,0.719877613462519
0.5,0.004556754,32.0,0.021262344,0.719530851606323
0.5,0.004556754,32.0,0.099212565,0.719816420193779
0.5,0.004556754,32.0,0.46293736,0.721121876593575
0.5,0.004556754,32.0,2.1601195,0.723100458949516
0.5,0.004556754,32.0,10.079369,0.725160632330444
0.5,0.004556754,32.0,47.031506,0.725283018867925
0.5,0.004556754,32.0,219.45445,0.725996940336563
0.5,0.004556754,32.0,1024.0,0.727832738398776
0.5,0.004556754,50.0,0.0009765625,0.719449260581336
0.5,0.004556754,50.0,0.004556754,0.719734829168791
0.5,0.004556754,50.0,0.021262344,0.719612442631311
0.5,0.004556754,50.0,0.099212565,0.718959714431412
0.5,0.004556754,50.0,0.46293736,0.722508924018358
0.5,0.004556754,50.0,2.1601195,0.724140744518103
0.5,0.004556754,50.0,10.079369,0.724507904130546
0.5,0.004556754,50.0,47.031506,0.726058133605303
0.5,0.004556754,50.0,219.45445,0.725303416624171
0.5,0.004556754,50.0,1024.0,0.726445690973993
0.5,0.009843133,1.0,0.0009765625,0.700703722590515
0.5,0.009843133,1.0,0.004556754,0.700622131565528
0.5,0.009843133,1.0,0.021262344,0.7004793472718
0.5,0.009843133,1.0,0.099212565,0.700662927078021
0.5,0.009843133,1.0,0.46293736,0.700560938296787
0.5,0.009843133,1.0,2.1601195,0.700397756246813
0.5,0.009843133,1.0,10.079369,0.700683324834268
0.5,0.009843133,1.0,47.031506,0.700458949515553
0.5,0.009843133,1.0,219.45445,0.70092809790923
0.5,0.009843133,1.0,1024.0,0.699765425803162
0.5,0.009843133,2.0,0.0009765625,0.715940846506884
0.5,0.009843133,2.0,0.004556754,0.715859255481897
0.5,0.009843133,2.0,0.021262344,0.71634880163182
0.5,0.009843133,2.0,0.099212565,0.716308006119327
0.5,0.009843133,2.0,0.46293736,0.717470678225395
0.5,0.009843133,2.0,2.1601195,0.717083120856706
0.5,0.009843133,2.0,10.079369,0.718694543600204
0.5,0.009843133,2.0,47.031506,0.717266700662927
0.5,0.009843133,2.0,219.45445,0.718837327893932
0.5,0.009843133,2.0,1024.0,0.715879653238144
0.5,0.009843133,3.0,0.0009765625,0.7180826109128
0.5,0.009843133,3.0,0.004556754,0.718225395206527
0.5,0.009843133,3.0,0.021262344,0.71820499745028
0.5,0.009843133,3.0,0.099212565,0.720101988781234
0.5,0.009843133,3.0,0.46293736,0.719184089750127
0.5,0.009843133,3.0,2.1601195,0.718918918918919
0.5,0.009843133,3.0,10.079369,0.720224375318715
0.5,0.009843133,3.0,47.031506,0.720265170831209
0.5,0.009843133,3.0,219.45445,0.721835798062213
0.5,0.009843133,3.0,1024.0,0.723406425293218
0.5,0.009843133,5.0,0.0009765625,0.715818459969403
0.5,0.009843133,5.0,0.004556754,0.718225395206527
0.5,0.009843133,5.0,0.021262344,0.71532891381948
0.5,0.009843133,5.0,0.099212565,0.716022437531872
0.5,0.009843133,5.0,0.46293736,0.717021927587965
0.5,0.009843133,5.0,2.1601195,0.717960224375319
0.5,0.009843133,5.0,10.079369,0.719245283018868
0.5,0.009843133,5.0,47.031506,0.719673635900051
0.5,0.009843133,5.0,219.45445,0.722468128505864
0.5,0.009843133,5.0,1024.0,0.723793982661907
0.5,0.009843133,8.0,0.0009765625,0.717899031106578
0.5,0.009843133,8.0,0.004556754,0.718898521162672
0.5,0.009843133,8.0,0.021262344,0.718245792962774
0.5,0.009843133,8.0,0.099212565,0.719061703212647
0.5,0.009843133,8.0,0.46293736,0.719061703212647
0.5,0.009843133,8.0,2.1601195,0.721244263131056
0.5,0.009843133,8.0,10.079369,0.720142784293728
0.5,0.009843133,8.0,47.031506,0.720469148393677
0.5,0.009843133,8.0,219.45445,0.721040285568587
0.5,0.009843133,8.0,1024.0,0.724569097399286
0.5,0.009843133,13.0,0.0009765625,0.720224375318715
0.5,0.009843133,13.0,0.004556754,0.719020907700153
0.5,0.009843133,13.0,0.021262344,0.721366649668536
0.5,0.009843133,13.0,0.099212565,0.720734319224885
0.5,0.009843133,13.0,0.46293736,0.720815910249873
0.5,0.009843133,13.0,2.1601195,0.722019377868435
0.5,0.009843133,13.0,10.079369,0.724079551249363
0.5,0.009843133,13.0,47.031506,0.724507904130546
0.5,0.009843133,13.0,219.45445,0.724385517593065
0.5,0.009843133,13.0,1024.0,0.725160632330444
0.5,0.009843133,20.0,0.0009765625,0.720979092299847
0.5,0.009843133,20.0,0.004556754,0.72044875063743
0.5,0.009843133,20.0,0.021262344,0.720163182049975
0.5,0.009843133,20.0,0.099212565,0.7190413054564
0.5,0.009843133,20.0,0.46293736,0.72275369709332
0.5,0.009843133,20.0,2.1601195,0.723141254462009
0.5,0.009843133,20.0,10.079369,0.722916879143294
0.5,0.009843133,20.0,47.031506,0.724650688424273
0.5,0.009843133,20.0,219.45445,0.724834268230495
0.5,0.009843133,20.0,1024.0,0.727465578786334
0.5,0.009843133,32.0,0.0009765625,0.719857215706272
0.5,0.009843133,32.0,0.004556754,0.719877613462519
0.5,0.009843133,32.0,0.021262344,0.719530851606323
0.5,0.009843133,32.0,0.099212565,0.719816420193779
0.5,0.009843133,32.0,0.46293736,0.721121876593575
0.5,0.009843133,32.0,2.1601195,0.723100458949516
0.5,0.009843133,32.0,10.079369,0.725160632330444
0.5,0.009843133,32.0,47.031506,0.725283018867925
0.5,0.009843133,32.0,219.45445,0.725996940336563
0.5,0.009843133,32.0,1024.0,0.727832738398776
0.5,0.009843133,50.0,0.0009765625,0.719449260581336
0.5,0.009843133,50.0,0.004556754,0.719734829168791
0.5,0.009843133,50.0,0.021262344,0.719612442631311
0.5,0.009843133,50.0,0.099212565,0.718959714431412
0.5,0.009843133,50.0,0.46293736,0.722508924018358
0.5,0.009843133,50.0,2.1601195,0.724140744518103
0.5,0.009843133,50.0,10.079369,0.724507904130546
0.5,0.009843133,50.0,47.031506,0.726058133605303
0.5,0.009843133,50.0,219.45445,0.725303416624171
0.5,0.009843133,50.0,1024.0,0.726445690973993
0.5,0.021262344,1.0,0.0009765625,0.700703722590515
0.5,0.021262344,1.0,0.004556754,0.700622131565528
0.5,0.021262344,1.0,0.021262344,0.7004793472718
0.5,0.021262344,1.0,0.099212565,0.700662927078021
0.5,0.021262344,1.0,0.46293736,0.700560938296787
0.5,0.021262344,1.0,2.1601195,0.700397756246813
0.5,0.021262344,1.0,10.079369,0.700683324834268
0.5,0.021262344,1.0,47.031506,0.700458949515553
0.5,0.021262344,1.0,219.45445,0.70092809790923
0.5,0.021262344,1.0,1024.0,0.699765425803162
0.5,0.021262344,2.0,0.0009765625,0.715940846506884
0.5,0.021262344,2.0,0.004556754,0.715859255481897
0.5,0.021262344,2.0,0.021262344,0.71634880163182
0.5,0.021262344,2.0,0.099212565,0.716308006119327
0.5,0.021262344,2.0,0.46293736,0.717470678225395
0.5,0.021262344,2.0,2.1601195,0.717083120856706
0.5,0.021262344,2.0,10.079369,0.718694543600204
0.5,0.021262344,2.0,47.031506,0.717266700662927
0.5,0.021262344,2.0,219.45445,0.718837327893932
0.5,0.021262344,2.0,1024.0,0.715879653238144
0.5,0.021262344,3.0,0.0009765625,0.7180826109128
0.5,0.021262344,3.0,0.004556754,0.718225395206527
0.5,0.021262344,3.0,0.021262344,0.71820499745028
0.5,0.021262344,3.0,0.099212565,0.720101988781234
0.5,0.021262344,3.0,0.46293736,0.719184089750127
0.5,0.021262344,3.0,2.1601195,0.718918918918919
0.5,0.021262344,3.0,10.079369,0.720224375318715
0.5,0.021262344,3.0,47.031506,0.720265170831209
0.5,0.021262344,3.0,219.45445,0.721835798062213
0.5,0.021262344,3.0,1024.0,0.723406425293218
0.5,0.021262344,5.0,0.0009765625,0.715818459969403
0.5,0.021262344,5.0,0.004556754,0.718225395206527
0.5,0.021262344,5.0,0.021262344,0.71532891381948
0.5,0.021262344,5.0,0.099212565,0.716022437531872
0.5,0.021262344,5.0,0.46293736,0.717021927587965
0.5,0.021262344,5.0,2.1601195,0.717960224375319
0.5,0.021262344,5.0,10.079369,0.719245283018868
0.5,0.021262344,5.0,47.031506,0.719673635900051
0.5,0.021262344,5.0,219.45445,0.722468128505864
0.5,0.021262344,5.0,1024.0,0.723793982661907
0.5,0.021262344,8.0,0.0009765625,0.717899031106578
0.5,0.021262344,8.0,0.004556754,0.718898521162672
0.5,0.021262344,8.0,0.021262344,0.718245792962774
0.5,0.021262344,8.0,0.099212565,0.719061703212647
0.5,0.021262344,8.0,0.46293736,0.719061703212647
0.5,0.021262344,8.0,2.1601195,0.721244263131056
0.5,0.021262344,8.0,10.079369,0.720142784293728
0.5,0.021262344,8.0,47.031506,0.720469148393677
0.5,0.021262344,8.0,219.45445,0.721040285568587
0.5,0.021262344,8.0,1024.0,0.724569097399286
0.5,0.021262344,13.0,0.0009765625,0.720224375318715
0.5,0.021262344,13.0,0.004556754,0.719020907700153
0.5,0.021262344,13.0,0.021262344,0.721366649668536
0.5,0.021262344,13.0,0.099212565,0.720734319224885
0.5,0.021262344,13.0,0.46293736,0.720815910249873
0.5,0.021262344,13.0,2.1601195,0.722019377868435
0.5,0.021262344,13.0,10.079369,0.724079551249363
0.5,0.021262344,13.0,47.031506,0.724507904130546
0.5,0.021262344,13.0,219.45445,0.724385517593065
0.5,0.021262344,13.0,1024.0,0.725160632330444
0.5,0.021262344,20.0,0.0009765625,0.720979092299847
0.5,0.021262344,20.0,0.004556754,0.72044875063743
0.5,0.021262344,20.0,0.021262344,0.720163182049975
0.5,0.021262344,20.0,0.099212565,0.7190413054564
0.5,0.021262344,20.0,0.46293736,0.72275369709332
0.5,0.021262344,20.0,2.1601195,0.723141254462009
0.5,0.021262344,20.0,10.079369,0.722916879143294
0.5,0.021262344,20.0,47.031506,0.724650688424273
0.5,0.021262344,20.0,219.45445,0.724834268230495
0.5,0.021262344,20.0,1024.0,0.727465578786334
0.5,0.021262344,32.0,0.0009765625,0.719857215706272
0.5,0.021262344,32.0,0.004556754,0.719877613462519
0.5,0.021262344,32.0,0.021262344,0.719530851606323
0.5,0.021262344,32.0,0.099212565,0.719816420193779
0.5,0.021262344,32.0,0.46293736,0.721121876593575
0.5,0.021262344,32.0,2.1601195,0.723100458949516
0.5,0.021262344,32.0,10.079369,0.725160632330444
0.5,0.021262344,32.0,47.031506,0.725283018867925
0.5,0.021262344,32.0,219.45445,0.725996940336563
0.5,0.021262344,32.0,1024.0,0.727832738398776
0.5,0.021262344,50.0,0.0009765625,0.719449260581336
0.5,0.021262344,50.0,0.004556754,0.719734829168791
0.5,0.021262344,50.0,0.021262344,0.719612442631311
0.5,0.021262344,50.0,0.099212565,0.718959714431412
0.5,0.021262344,50.0,0.46293736,0.722508924018358
0.5,0.021262344,50.0,2.1601195,0.724140744518103
0.5,0.021262344,50.0,10.079369,0.724507904130546
0.5,0.021262344,50.0,47.031506,0.726058133605303
0.5,0.021262344,50.0,219.45445,0.725303416624171
0.5,0.021262344,50.0,1024.0,0.726445690973993
0.5,0.045929205,1.0,0.0009765625,0.700703722590515
0.5,0.045929205,1.0,0.004556754,0.700622131565528
0.5,0.045929205,1.0,0.021262344,0.7004793472718
0.5,0.045929205,1.0,0.099212565,0.700662927078021
0.5,0.045929205,1.0,0.46293736,0.700560938296787
0.5,0.045929205,1.0,2.1601195,0.700397756246813
0.5,0.045929205,1.0,10.079369,0.700683324834268
0.5,0.045929205,1.0,47.031506,0.700458949515553
0.5,0.045929205,1.0,219.45445,0.70092809790923
0.5,0.045929205,1.0,1024.0,0.699765425803162
0.5,0.045929205,2.0,0.0009765625,0.715940846506884
0.5,0.045929205,2.0,0.004556754,0.715859255481897
0.5,0.045929205,2.0,0.021262344,0.71634880163182
0.5,0.045929205,2.0,0.099212565,0.716308006119327
0.5,0.045929205,2.0,0.46293736,0.717470678225395
0.5,0.045929205,2.0,2.1601195,0.717083120856706
0.5,0.045929205,2.0,10.079369,0.718694543600204
0.5,0.045929205,2.0,47.031506,0.717266700662927
0.5,0.045929205,2.0,219.45445,0.718837327893932
0.5,0.045929205,2.0,1024.0,0.715879653238144
0.5,0.045929205,3.0,0.0009765625,0.7180826109128
0.5,0.045929205,3.0,0.004556754,0.718225395206527
0.5,0.045929205,3.0,0.021262344,0.71820499745028
0.5,0.045929205,3.0,0.099212565,0.720101988781234
0.5,0.045929205,3.0,0.46293736,0.719184089750127
0.5,0.045929205,3.0,2.1601195,0.718918918918919
0.5,0.045929205,3.0,10.079369,0.720224375318715
0.5,0.045929205,3.0,47.031506,0.720265170831209
0.5,0.045929205,3.0,219.45445,0.721835798062213
0.5,0.045929205,3.0,1024.0,0.723406425293218
0.5,0.045929205,5.0,0.0009765625,0.715818459969403
0.5,0.045929205,5.0,0.004556754,0.718225395206527
0.5,0.045929205,5.0,0.021262344,0.71532891381948
0.5,0.045929205,5.0,0.099212565,0.716022437531872
0.5,0.045929205,5.0,0.46293736,0.717021927587965
0.5,0.045929205,5.0,2.1601195,0.717960224375319
0.5,0.045929205,5.0,10.079369,0.719245283018868
0.5,0.045929205,5.0,47.031506,0.719673635900051
0.5,0.045929205,5.0,219.45445,0.722468128505864
0.5,0.045929205,5.0,1024.0,0.723793982661907
0.5,0.045929205,8.0,0.0009765625,0.717899031106578
0.5,0.045929205,8.0,0.004556754,0.718898521162672
0.5,0.045929205,8.0,0.021262344,0.718245792962774
0.5,0.045929205,8.0,0.099212565,0.719061703212647
0.5,0.045929205,8.0,0.46293736,0.719061703212647
0.5,0.045929205,8.0,2.1601195,0.721244263131056
0.5,0.045929205,8.0,10.079369,0.720142784293728
0.5,0.045929205,8.0,47.031506,0.720469148393677
0.5,0.045929205,8.0,219.45445,0.721040285568587
0.5,0.045929205,8.0,1024.0,0.724569097399286
0.5,0.045929205,13.0,0.0009765625,0.720224375318715
0.5,0.045929205,13.0,0.004556754,0.719020907700153
0.5,0.045929205,13.0,0.021262344,0.721366649668536
0.5,0.045929205,13.0,0.099212565,0.720734319224885
0.5,0.045929205,13.0,0.46293736,0.720815910249873
0.5,0.045929205,13.0,2.1601195,0.722019377868435
0.5,0.045929205,13.0,10.079369,0.724079551249363
0.5,0.045929205,13.0,47.031506,0.724507904130546
0.5,0.045929205,13.0,219.45445,0.724385517593065
0.5,0.045929205,13.0,1024.0,0.725160632330444
0.5,0.045929205,20.0,0.0009765625,0.720979092299847
0.5,0.045929205,20.0,0.004556754,0.72044875063743
0.5,0.045929205,20.0,0.021262344,0.720163182049975
0.5,0.045929205,20.0,0.099212565,0.7190413054564
0.5,0.045929205,20.0,0.46293736,0.72275369709332
0.5,0.045929205,20.0,2.1601195,0.723141254462009
0.5,0.045929205,20.0,10.079369,0.722916879143294
0.5,0.045929205,20.0,47.031506,0.724650688424273
0.5,0.045929205,20.0,219.45445,0.724834268230495
0.5,0.045929205,20.0,1024.0,0.727465578786334
0.5,0.045929205,32.0,0.0009765625,0.719857215706272
0.5,0.045929205,32.0,0.004556754,0.719877613462519
0.5,0.045929205,32.0,0.021262344,0.719530851606323
0.5,0.045929205,32.0,0.099212565,0.719816420193779
0.5,0.045929205,32.0,0.46293736,0.721121876593575
0.5,0.045929205,32.0,2.1601195,0.723100458949516
0.5,0.045929205,32.0,10.079369,0.725160632330444
0.5,0.045929205,32.0,47.031506,0.725283018867925
0.5,0.045929205,32.0,219.45445,0.725996940336563
0.5,0.045929205,32.0,1024.0,0.727832738398776
0.5,0.045929205,50.0,0.0009765625,0.719449260581336
0.5,0.045929205,50.0,0.004556754,0.719734829168791
0.5,0.045929205,50.0,0.021262344,0.719612442631311
0.5,0.045929205,50.0,0.099212565,0.718959714431412
0.5,0.045929205,50.0,0.46293736,0.722508924018358
0.5,0.045929205,50.0,2.1601195,0.724140744518103
0.5,0.045929205,50.0,10.079369,0.724507904130546
0.5,0.045929205,50.0,47.031506,0.726058133605303
0.5,0.045929205,50.0,219.45445,0.725303416624171
0.5,0.045929205,50.0,1024.0,0.726445690973993
0.5,0.099212565,1.0,0.0009765625,0.700703722590515
0.5,0.099212565,1.0,0.004556754,0.700622131565528
0.5,0.099212565,1.0,0.021262344,0.7004793472718
0.5,0.099212565,1.0,0.099212565,0.700662927078021
0.5,0.099212565,1.0,0.46293736,0.700560938296787
0.5,0.099212565,1.0,2.1601195,0.700397756246813
0.5,0.099212565,1.0,10.079369,0.700683324834268
0.5,0.099212565,1.0,47.031506,0.700458949515553
0.5,0.099212565,1.0,219.45445,0.70092809790923
0.5,0.099212565,1.0,1024.0,0.699765425803162
0.5,0.099212565,2.0,0.0009765625,0.715940846506884
0.5,0.099212565,2.0,0.004556754,0.715859255481897
0.5,0.099212565,2.0,0.021262344,0.71634880163182
0.5,0.099212565,2.0,0.099212565,0.716308006119327
0.5,0.099212565,2.0,0.46293736,0.717470678225395
0.5,0.099212565,2.0,2.1601195,0.717083120856706
0.5,0.099212565,2.0,10.079369,0.718694543600204
0.5,0.099212565,2.0,47.031506,0.717266700662927
0.5,0.099212565,2.0,219.45445,0.718837327893932
0.5,0.099212565,2.0,1024.0,0.715879653238144
0.5,0.099212565,3.0,0.0009765625,0.7180826109128
0.5,0.099212565,3.0,0.004556754,0.718225395206527
0.5,0.099212565,3.0,0.021262344,0.71820499745028
0.5,0.099212565,3.0,0.099212565,0.720101988781234
0.5,0.099212565,3.0,0.46293736,0.719184089750127
0.5,0.099212565,3.0,2.1601195,0.718918918918919
0.5,0.099212565,3.0,10.079369,0.720224375318715
0.5,0.099212565,3.0,47.031506,0.720265170831209
0.5,0.099212565,3.0,219.45445,0.721835798062213
0.5,0.099212565,3.0,1024.0,0.723406425293218
0.5,0.099212565,5.0,0.0009765625,0.715818459969403
0.5,0.099212565,5.0,0.004556754,0.718225395206527
0.5,0.099212565,5.0,0.021262344,0.71532891381948
0.5,0.099212565,5.0,0.099212565,0.716022437531872
0.5,0.099212565,5.0,0.46293736,0.717021927587965
0.5,0.099212565,5.0,2.1601195,0.717960224375319
0.5,0.099212565,5.0,10.079369,0.719245283018868
0.5,0.099212565,5.0,47.031506,0.719673635900051
0.5,0.099212565,5.0,219.45445,0.722468128505864
0.5,0.099212565,5.0,1024.0,0.723793982661907
0.5,0.099212565,8.0,0.0009765625,0.717899031106578
0.5,0.099212565,8.0,0.004556754,0.718898521162672
0.5,0.099212565,8.0,0.021262344,0.718245792962774
0.5,0.099212565,8.0,0.099212565,0.719061703212647
0.5,0.099212565,8.0,0.46293736,0.719061703212647
0.5,0.099212565,8.0,2.1601195,0.721244263131056
0.5,0.099212565,8.0,10.079369,0.720142784293728
0.5,0.099212565,8.0,47.031506,0.720469148393677
0.5,0.099212565,8.0,219.45445,0.721040285568587
0.5,0.099212565,8.0,1024.0,0.724569097399286
0.5,0.099212565,13.0,0.0009765625,0.720224375318715
0.5,0.099212565,13.0,0.004556754,0.719020907700153
0.5,0.099212565,13.0,0.021262344,0.721366649668536
0.5,0.099212565,13.0,0.099212565,0.720734319224885
0.5,0.099212565,13.0,0.46293736,0.720815910249873
0.5,0.099212565,13.0,2.1601195,0.722019377868435
0.5,0.099212565,13.0,10.079369,0.724079551249363
0.5,0.099212565,13.0,47.031506,0.724507904130546
0.5,0.099212565,13.0,219.45445,0.724385517593065
0.5,0.099212565,13.0,1024.0,0.725160632330444
0.5,0.099212565,20.0,0.0009765625,0.720979092299847
0.5,0.099212565,20.0,0.004556754,0.72044875063743
0.5,0.099212565,20.0,0.021262344,0.720163182049975
0.5,0.099212565,20.0,0.099212565,0.7190413054564
0.5,0.099212565,20.0,0.46293736,0.72275369709332
0.5,0.099212565,20.0,2.1601195,0.723141254462009
0.5,0.099212565,20.0,10.079369,0.722916879143294
0.5,0.099212565,20.0,47.031506,0.724650688424273
0.5,0.099212565,20.0,219.45445,0.724834268230495
0.5,0.099212565,20.0,1024.0,0.727465578786334
0.5,0.099212565,32.0,0.0009765625,0.719857215706272
0.5,0.099212565,32.0,0.004556754,0.719877613462519
0.5,0.099212565,32.0,0.021262344,0.719530851606323
0.5,0.099212565,32.0,0.099212565,0.719816420193779
0.5,0.099212565,32.0,0.46293736,0.721121876593575
0.5,0.099212565,32.0,2.1601195,0.723100458949516
0.5,0.099212565,32.0,10.079369,0.725160632330444
0.5,0.099212565,32.0,47.031506,0.725283018867925
0.5,0.099212565,32.0,219.45445,0.725996940336563
0.5,0.099212565,32.0,1024.0,0.727832738398776
0.5,0.099212565,50.0,0.0009765625,0.719449260581336
0.5,0.099212565,50.0,0.004556754,0.719734829168791
0.5,0.099212565,50.0,0.021262344,0.719612442631311
0.5,0.099212565,50.0,0.099212565,0.718959714431412
0.5,0.099212565,50.0,0.46293736,0.722508924018358
0.5,0.099212565,50.0,2.1601195,0.724140744518103
0.5,0.099212565,50.0,10.079369,0.724507904130546
0.5,0.099212565,50.0,47.031506,0.726058133605303
0.5,0.099212565,50.0,219.45445,0.725303416624171
0.5,0.099212565,50.0,1024.0,0.726445690973993
0.5,0.21431099,1.0,0.0009765625,0.700703722590515
0.5,0.21431099,1.0,0.004556754,0.700622131565528
0.5,0.21431099,1.0,0.021262344,0.7004793472718
0.5,0.21431099,1.0,0.099212565,0.700662927078021
0.5,0.21431099,1.0,0.46293736,0.700560938296787
0.5,0.21431099,1.0,2.1601195,0.700397756246813
0.5,0.21431099,1.0,10.079369,0.700683324834268
0.5,0.21431099,1.0,47.031506,0.700458949515553
0.5,0.21431099,1.0,219.45445,0.70092809790923
0.5,0.21431099,1.0,1024.0,0.699765425803162
0.5,0.21431099,2.0,0.0009765625,0.715940846506884
0.5,0.21431099,2.0,0.004556754,0.715859255481897
0.5,0.21431099,2.0,0.021262344,0.71634880163182
0.5,0.21431099,2.0,0.099212565,0.716308006119327
0.5,0.21431099,2.0,0.46293736,0.717470678225395
0.5,0.21431099,2.0,2.1601195,0.717083120856706
0.5,0.21431099,2.0,10.079369,0.718694543600204
0.5,0.21431099,2.0,47.031506,0.717266700662927
0.5,0.21431099,2.0,219.45445,0.718837327893932
0.5,0.21431099,2.0,1024.0,0.715879653238144
0.5,0.21431099,3.0,0.0009765625,0.7180826109128
0.5,0.21431099,3.0,0.004556754,0.718225395206527
0.5,0.21431099,3.0,0.021262344,0.71820499745028
0.5,0.21431099,3.0,0.099212565,0.720101988781234
0.5,0.21431099,3.0,0.46293736,0.719184089750127
0.5,0.21431099,3.0,2.1601195,0.718918918918919
0.5,0.21431099,3.0,10.079369,0.720224375318715
0.5,0.21431099,3.0,47.031506,0.720265170831209
0.5,0.21431099,3.0,219.45445,0.721835798062213
0.5,0.21431099,3.0,1024.0,0.723406425293218
0.5,0.21431099,5.0,0.0009765625,0.715818459969403
0.5,0.21431099,5.0,0.004556754,0.718225395206527
0.5,0.21431099,5.0,0.021262344,0.71532891381948
0.5,0.21431099,5.0,0.099212565,0.716022437531872
0.5,0.21431099,5.0,0.46293736,0.717021927587965
0.5,0.21431099,5.0,2.1601195,0.717960224375319
0.5,0.21431099,5.0,10.079369,0.719245283018868
0.5,0.21431099,5.0,47.031506,0.719673635900051
0.5,0.21431099,5.0,219.45445,0.722468128505864
0.5,0.21431099,5.0,1024.0,0.723793982661907
0.5,0.21431099,8.0,0.0009765625,0.717899031106578
0.5,0.21431099,8.0,0.004556754,0.718898521162672
0.5,0.21431099,8.0,0.021262344,0.718245792962774
0.5,0.21431099,8.0,0.099212565,0.719061703212647
0.5,0.21431099,8.0,0.46293736,0.719061703212647
0.5,0.21431099,8.0,2.1601195,0.721244263131056
0.5,0.21431099,8.0,10.079369,0.720142784293728
0.5,0.21431099,8.0,47.031506,0.720469148393677
0.5,0.21431099,8.0,219.45445,0.721040285568587
0.5,0.21431099,8.0,1024.0,0.724569097399286
0.5,0.21431099,13.0,0.0009765625,0.720224375318715
0.5,0.21431099,13.0,0.004556754,0.719020907700153
0.5,0.21431099,13.0,0.021262344,0.721366649668536
0.5,0.21431099,13.0,0.099212565,0.720734319224885
0.5,0.21431099,13.0,0.46293736,0.720815910249873
0.5,0.21431099,13.0,2.1601195,0.722019377868435
0.5,0.21431099,13.0,10.079369,0.724079551249363
0.5,0.21431099,13.0,47.031506,0.724507904130546
0.5,0.21431099,13.0,219.45445,0.724385517593065
0.5,0.21431099,13.0,1024.0,0.725160632330444
0.5,0.21431099,20.0,0.0009765625,0.720979092299847
0.5,0.21431099,20.0,0.004556754,0.72044875063743
0.5,0.21431099,20.0,0.021262344,0.720163182049975
0.5,0.21431099,20.0,0.099212565,0.7190413054564
0.5,0.21431099,20.0,0.46293736,0.72275369709332
0.5,0.21431099,20.0,2.1601195,0.723141254462009
0.5,0.21431099,20.0,10.079369,0.722916879143294
0.5,0.21431099,20.0,47.031506,0.724650688424273
0.5,0.21431099,20.0,219.45445,0.724834268230495
0.5,0.21431099,20.0,1024.0,0.727465578786334
0.5,0.21431099,32.0,0.0009765625,0.719857215706272
0.5,0.21431099,32.0,0.004556754,0.719877613462519
0.5,0.21431099,32.0,0.021262344,0.719530851606323
0.5,0.21431099,32.0,0.099212565,0.719816420193779
0.5,0.21431099,32.0,0.46293736,0.721121876593575
0.5,0.21431099,32.0,2.1601195,0.723100458949516
0.5,0.21431099,32.0,10.079369,0.725160632330444
0.5,0.21431099,32.0,47.031506,0.725283018867925
0.5,0.21431099,32.0,219.45445,0.725996940336563
0.5,0.21431099,32.0,1024.0,0.727832738398776
0.5,0.21431099,50.0,0.0009765625,0.719449260581336
0.5,0.21431099,50.0,0.004556754,0.719734829168791
0.5,0.21431099,50.0,0.021262344,0.719612442631311
0.5,0.21431099,50.0,0.099212565,0.718959714431412
0.5,0.21431099,50.0,0.46293736,0.722508924018358
0.5,0.21431099,50.0,2.1601195,0.724140744518103
0.5,0.21431099,50.0,10.079369,0.724507904130546
0.5,0.21431099,50.0,47.031506,0.726058133605303
0.5,0.21431099,50.0,219.45445,0.725303416624171
0.5,0.21431099,50.0,1024.0,0.726445690973993
0.5,0.46293736,1.0,0.0009765625,0.700703722590515
0.5,0.46293736,1.0,0.004556754,0.700622131565528
0.5,0.46293736,1.0,0.021262344,0.7004793472718
0.5,0.46293736,1.0,0.099212565,0.700662927078021
0.5,0.46293736,1.0,0.46293736,0.700560938296787
0.5,0.46293736,1.0,2.1601195,0.700397756246813
0.5,0.46293736,1.0,10.079369,0.700683324834268
0.5,0.46293736,1.0,47.031506,0.700458949515553
0.5,0.46293736,1.0,219.45445,0.70092809790923
0.5,0.46293736,1.0,1024.0,0.699765425803162
0.5,0.46293736,2.0,0.0009765625,0.715940846506884
0.5,0.46293736,2.0,0.004556754,0.715859255481897
0.5,0.46293736,2.0,0.021262344,0.71634880163182
0.5,0.46293736,2.0,0.099212565,0.716308006119327
0.5,0.46293736,2.0,0.46293736,0.717470678225395
0.5,0.46293736,2.0,2.1601195,0.717083120856706
0.5,0.46293736,2.0,10.079369,0.718694543600204
0.5,0.46293736,2.0,47.031506,0.717266700662927
0.5,0.46293736,2.0,219.45445,0.718837327893932
0.5,0.46293736,2.0,1024.0,0.715879653238144
0.5,0.46293736,3.0,0.0009765625,0.7180826109128
0.5,0.46293736,3.0,0.004556754,0.718225395206527
0.5,0.46293736,3.0,0.021262344,0.71820499745028
0.5,0.46293736,3.0,0.099212565,0.720101988781234
0.5,0.46293736,3.0,0.46293736,0.719184089750127
0.5,0.46293736,3.0,2.1601195,0.718918918918919
0.5,0.46293736,3.0,10.079369,0.720224375318715
0.5,0.46293736,3.0,47.031506,0.720265170831209
0.5,0.46293736,3.0,219.45445,0.721835798062213
0.5,0.46293736,3.0,1024.0,0.723406425293218
0.5,0.46293736,5.0,0.0009765625,0.715818459969403
0.5,0.46293736,5.0,0.004556754,0.718225395206527
0.5,0.46293736,5.0,0.021262344,0.71532891381948
0.5,0.46293736,5.0,0.099212565,0.716022437531872
0.5,0.46293736,5.0,0.46293736,0.717021927587965
0.5,0.46293736,5.0,2.1601195,0.717960224375319
0.5,0.46293736,5.0,10.079369,0.719245283018868
0.5,0.46293736,5.0,47.031506,0.719673635900051
0.5,0.46293736,5.0,219.45445,0.722468128505864
0.5,0.46293736,5.0,1024.0,0.723793982661907
0.5,0.46293736,8.0,0.0009765625,0.717899031106578
0.5,0.46293736,8.0,0.004556754,0.718898521162672
0.5,0.46293736,8.0,0.021262344,0.718245792962774
0.5,0.46293736,8.0,0.099212565,0.719061703212647
0.5,0.46293736,8.0,0.46293736,0.719061703212647
0.5,0.46293736,8.0,2.1601195,0.721244263131056
0.5,0.46293736,8.0,10.079369,0.720142784293728
0.5,0.46293736,8.0,47.031506,0.720469148393677
0.5,0.46293736,8.0,219.45445,0.721040285568587
0.5,0.46293736,8.0,1024.0,0.724569097399286
0.5,0.46293736,13.0,0.0009765625,0.720224375318715
0.5,0.46293736,13.0,0.004556754,0.719020907700153
0.5,0.46293736,13.0,0.021262344,0.721366649668536
0.5,0.46293736,13.0,0.099212565,0.720734319224885
0.5,0.46293736,13.0,0.46293736,0.720815910249873
0.5,0.46293736,13.0,2.1601195,0.722019377868435
0.5,0.46293736,13.0,10.079369,0.724079551249363
0.5,0.46293736,13.0,47.031506,0.724507904130546
0.5,0.46293736,13.0,219.45445,0.724385517593065
0.5,0.46293736,13.0,1024.0,0.725160632330444
0.5,0.46293736,20.0,0.0009765625,0.720979092299847
0.5,0.46293736,20.0,0.004556754,0.72044875063743
0.5,0.46293736,20.0,0.021262344,0.720163182049975
0.5,0.46293736,20.0,0.099212565,0.7190413054564
0.5,0.46293736,20.0,0.46293736,0.72275369709332
0.5,0.46293736,20.0,2.1601195,0.723141254462009
0.5,0.46293736,20.0,10.079369,0.722916879143294
0.5,0.46293736,20.0,47.031506,0.724650688424273
0.5,0.46293736,20.0,219.45445,0.724834268230495
0.5,0.46293736,20.0,1024.0,0.727465578786334
0.5,0.46293736,32.0,0.0009765625,0.719857215706272
0.5,0.46293736,32.0,0.004556754,0.719877613462519
0.5,0.46293736,32.0,0.021262344,0.719530851606323
0.5,0.46293736,32.0,0.099212565,0.719816420193779
0.5,0.46293736,32.0,0.46293736,0.721121876593575
0.5,0.46293736,32.0,2.1601195,0.723100458949516
0.5,0.46293736,32.0,10.079369,0.725160632330444
0.5,0.46293736,32.0,47.031506,0.725283018867925
0.5,0.46293736,32.0,219.45445,0.725996940336563
0.5,0.46293736,32.0,1024.0,0.727832738398776
0.5,0.46293736,50.0,0.0009765625,0.719449260581336
0.5,0.46293736,50.0,0.004556754,0.719734829168791
0.5,0.46293736,50.0,0.021262344,0.719612442631311
0.5,0.46293736,50.0,0.099212565,0.718959714431412
0.5,0.46293736,50.0,0.46293736,0.722508924018358
0.5,0.46293736,50.0,2.1601195,0.724140744518103
0.5,0.46293736,50.0,10.079369,0.724507904130546
0.5,0.46293736,50.0,47.031506,0.726058133605303
0.5,0.46293736,50.0,219.45445,0.725303416624171
0.5,0.46293736,50.0,1024.0,0.726445690973993
0.5,1.0,1.0,0.0009765625,0.700703722590515
0.5,1.0,1.0,0.004556754,0.700622131565528
0.5,1.0,1.0,0.021262344,0.7004793472718
0.5,1.0,1.0,0.099212565,0.700662927078021
0.5,1.0,1.0,0.46293736,0.700560938296787
0.5,1.0,1.0,2.1601195,0.700397756246813
0.5,1.0,1.0,10.079369,0.700683324834268
0.5,1.0,1.0,47.031506,0.700458949515553
0.5,1.0,1.0,219.45445,0.70092809790923
0.5,1.0,1.0,1024.0,0.699765425803162
0.5,1.0,2.0,0.0009765625,0.715940846506884
0.5,1.0,2.0,0.004556754,0.715859255481897
0.5,1.0,2.0,0.021262344,0.71634880163182
0.5,1.0,2.0,0.099212565,0.716308006119327
0.5,1.0,2.0,0.46293736,0.717470678225395
0.5,1.0,2.0,2.1601195,0.717083120856706
0.5,1.0,2.0,10.079369,0.718694543600204
0.5,1.0,2.0,47.031506,0.717266700662927
0.5,1.0,2.0,219.45445,0.718837327893932
0.5,1.0,2.0,1024.0,0.715879653238144
0.5,1.0,3.0,0.0009765625,0.7180826109128
0.5,1.0,3.0,0.004556754,0.718225395206527
0.5,1.0,3.0,0.021262344,0.71820499745028
0.5,1.0,3.0,0.099212565,0.720101988781234
0.5,1.0,3.0,0.46293736,0.719184089750127
0.5,1.0,3.0,2.1601195,0.718918918918919
0.5,1.0,3.0,10.079369,0.720224375318715
0.5,1.0,3.0,47.031506,0.720265170831209
0.5,1.0,3.0,219.45445,0.721835798062213
0.5,1.0,3.0,1024.0,0.723406425293218
0.5,1.0,5.0,0.0009765625,0.715818459969403
0.5,1.0,5.0,0.004556754,0.718225395206527
0.5,1.0,5.0,0.021262344,0.71532891381948
0.5,1.0,5.0,0.099212565,0.716022437531872
0.5,1.0,5.0,0.46293736,0.717021927587965
0.5,1.0,5.0,2.1601195,0.717960224375319
0.5,1.0,5.0,10.079369,0.719245283018868
0.5,1.0,5.0,47.031506,0.719673635900051
0.5,1.0,5.0,219.45445,0.722468128505864
0.5,1.0,5.0,1024.0,0.723793982661907
0.5,1.0,8.0,0.0009765625,0.717899031106578
0.5,1.0,8.0,0.004556754,0.718898521162672
0.5,1.0,8.0,0.021262344,0.718245792962774
0.5,1.0,8.0,0.099212565,0.719061703212647
0.5,1.0,8.0,0.46293736,0.719061703212647
0.5,1.0,8.0,2.1601195,0.721244263131056
0.5,1.0,8.0,10.079369,0.720142784293728
0.5,1.0,8.0,47.031506,0.720469148393677
0.5,1.0,8.0,219.45445,0.721040285568587
0.5,1.0,8.0,1024.0,0.724569097399286
0.5,1.0,13.0,0.0009765625,0.720224375318715
0.5,1.0,13.0,0.004556754,0.719020907700153
0.5,1.0,13.0,0.021262344,0.721366649668536
0.5,1.0,13.0,0.099212565,0.720734319224885
0.5,1.0,13.0,0.46293736,0.720815910249873
0.5,1.0,13.0,2.1601195,0.722019377868435
0.5,1.0,13.0,10.079369,0.724079551249363
0.5,1.0,13.0,47.031506,0.724507904130546
0.5,1.0,13.0,219.45445,0.724385517593065
0.5,1.0,13.0,1024.0,0.725160632330444
0.5,1.0,20.0,0.0009765625,0.720979092299847
0.5,1.0,20.0,0.004556754,0.72044875063743
0.5,1.0,20.0,0.021262344,0.720163182049975
0.5,1.0,20.0,0.099212565,0.7190413054564
0.5,1.0,20.0,0.46293736,0.72275369709332
0.5,1.0,20.0,2.1601195,0.723141254462009
0.5,1.0,20.0,10.079369,0.722916879143294
0.5,1.0,20.0,47.031506,0.724650688424273
0.5,1.0,20.0,219.45445,0.724834268230495
0.5,1.0,20.0,1024.0,0.727465578786334
0.5,1.0,32.0,0.0009765625,0.719857215706272
0.5,1.0,32.0,0.004556754,0.719877613462519
0.5,1.0,32.0,0.021262344,0.719530851606323
0.5,1.0,32.0,0.099212565,0.719816420193779
0.5,1.0,32.0,0.46293736,0.721121876593575
0.5,1.0,32.0,2.1601195,0.723100458949516
0.5,1.0,32.0,10.079369,0.725160632330444
0.5,1.0,32.0,47.031506,0.725283018867925
0.5,1.0,32.0,219.45445,0.725996940336563
0.5,1.0,32.0,1024.0,0.727832738398776
0.5,1.0,50.0,0.0009765625,0.719449260581336
0.5,1.0,50.0,0.004556754,0.719734829168791
0.5,1.0,50.0,0.021262344,0.719612442631311
0.5,1.0,50.0,0.099212565,0.718959714431412
0.5,1.0,50.0,0.46293736,0.722508924018358
0.5,1.0,50.0,2.1601195,0.724140744518103
0.5,1.0,50.0,10.079369,0.724507904130546
0.5,1.0,50.0,47.031506,0.726058133605303
0.5,1.0,50.0,219.45445,0.725303416624171
0.5,1.0,50.0,1024.0,0.726445690973993
0.6,0.0009765625,1.0,0.0009765625,0.700316165221826
0.6,0.0009765625,1.0,0.004556754,0.700622131565528
0.6,0.0009765625,1.0,0.021262344,0.700316165221826
0.6,0.0009765625,1.0,0.099212565,0.700458949515553
0.6,0.0009765625,1.0,0.46293736,0.700520142784294
0.6,0.0009765625,1.0,2.1601195,0.700316165221826
0.6,0.0009765625,1.0,10.079369,0.700642529321775
0.6,0.0009765625,1.0,47.031506,0.700520142784294
0.6,0.0009765625,1.0,219.45445,0.701213666496685
0.6,0.0009765625,1.0,1024.0,0.699887812340643
0.6,0.0009765625,2.0,0.0009765625,0.717348291687914
0.6,0.0009765625,2.0,0.004556754,0.717613462519123
0.6,0.0009765625,2.0,0.021262344,0.716838347781744
0.6,0.0009765625,2.0,0.099212565,0.716777154513004
0.6,0.0009765625,2.0,0.46293736,0.716634370219276
0.6,0.0009765625,2.0,2.1601195,0.716981132075472
0.6,0.0009765625,2.0,10.079369,0.719449260581336
0.6,0.0009765625,2.0,47.031506,0.719428862825089
0.6,0.0009765625,2.0,219.45445,0.717368689444161
0.6,0.0009765625,2.0,1024.0,0.715614482406935
0.6,0.0009765625,3.0,0.0009765625,0.719388067312596
0.6,0.0009765625,3.0,0.004556754,0.718796532381438
0.6,0.0009765625,3.0,0.021262344,0.717735849056604
0.6,0.0009765625,3.0,0.099212565,0.7180826109128
0.6,0.0009765625,3.0,0.46293736,0.71865374808771
0.6,0.0009765625,3.0,2.1601195,0.719755226925038
0.6,0.0009765625,3.0,10.079369,0.719796022437532
0.6,0.0009765625,3.0,47.031506,0.721631820499745
0.6,0.0009765625,3.0,219.45445,0.721998980112188
0.6,0.0009765625,3.0,1024.0,0.722468128505864
0.6,0.0009765625,5.0,0.0009765625,0.717287098419174
0.6,0.0009765625,5.0,0.004556754,0.716573176950535
0.6,0.0009765625,5.0,0.021262344,0.717164711881693
0.6,0.0009765625,5.0,0.099212565,0.715696073431922
0.6,0.0009765625,5.0,0.46293736,0.716899541050484
0.6,0.0009765625,5.0,2.1601195,0.718327383987761
0.6,0.0009765625,5.0,10.079369,0.720081591024987
0.6,0.0009765625,5.0,47.031506,0.718123406425293
0.6,0.0009765625,5.0,219.45445,0.722957674655788
0.6,0.0009765625,5.0,1024.0,0.72460989291178
0.6,0.0009765625,8.0,0.0009765625,0.718531361550229
0.6,0.0009765625,8.0,0.004556754,0.719122896481387
0.6,0.0009765625,8.0,0.021262344,0.717593064762876
0.6,0.0009765625,8.0,0.099212565,0.717368689444161
0.6,0.0009765625,8.0,0.46293736,0.718470168281489
0.6,0.0009765625,8.0,2.1601195,0.719857215706272
0.6,0.0009765625,8.0,10.079369,0.719469658337583
0.6,0.0009765625,8.0,47.031506,0.720673125956145
0.6,0.0009765625,8.0,219.45445,0.721244263131055
0.6,0.0009765625,8.0,1024.0,0.724099949005609
0.6,0.0009765625,13.0,0.0009765625,0.719673635900051
0.6,0.0009765625,13.0,0.004556754,0.72089750127486
0.6,0.0009765625,13.0,0.021262344,0.720877103518613
0.6,0.0009765625,13.0,0.099212565,0.721774604793473
0.6,0.0009765625,13.0,0.46293736,0.721937786843447
0.6,0.0009765625,13.0,2.1601195,0.72134625191229
0.6,0.0009765625,13.0,10.079369,0.72556858745538
0.6,0.0009765625,13.0,47.031506,0.725140234574197
0.6,0.0009765625,13.0,219.45445,0.726792452830189
0.6,0.0009765625,13.0,1024.0,0.726588475267721
0.6,0.0009765625,20.0,0.0009765625,0.721509433962264
0.6,0.0009765625,20.0,0.004556754,0.71955124936257
0.6,0.0009765625,20.0,0.021262344,0.721713411524732
0.6,0.0009765625,20.0,0.099212565,0.719796022437532
0.6,0.0009765625,20.0,0.46293736,0.72146863844977
0.6,0.0009765625,20.0,2.1601195,0.722610912799592
0.6,0.0009765625,20.0,10.079369,0.724405915349312
0.6,0.0009765625,20.0,47.031506,0.724038755736869
0.6,0.0009765625,20.0,219.45445,0.724569097399286
0.6,0.0009765625,20.0,1024.0,0.725731769505354
0.6,0.0009765625,32.0,0.0009765625,0.720428352881183
0.6,0.0009765625,32.0,0.004556754,0.720836308006119
0.6,0.0009765625,32.0,0.021262344,0.721529831718511
0.6,0.0009765625,32.0,0.099212565,0.722243753187149
0.6,0.0009765625,32.0,0.46293736,0.721835798062213
0.6,0.0009765625,32.0,2.1601195,0.724201937786843
0.6,0.0009765625,32.0,10.079369,0.724344722080571
0.6,0.0009765625,32.0,47.031506,0.725935747067822
0.6,0.0009765625,32.0,219.45445,0.724773074961754
0.6,0.0009765625,32.0,1024.0,0.726710861805201
0.6,0.0009765625,50.0,0.0009765625,0.718898521162672
0.6,0.0009765625,50.0,0.004556754,0.720775114737379
0.6,0.0009765625,50.0,0.021262344,0.721570627231005
0.6,0.0009765625,50.0,0.099212565,0.720142784293728
0.6,0.0009765625,50.0,0.46293736,0.72281489036206
0.6,0.0009765625,50.0,2.1601195,0.723100458949516
0.6,0.0009765625,50.0,10.079369,0.723671596124426
0.6,0.0009765625,50.0,47.031506,0.725446200917899
0.6,0.0009765625,50.0,219.45445,0.725548189699133
0.6,0.0009765625,50.0,1024.0,0.725854156042835
0.6,0.0021094917,1.0,0.0009765625,0.700316165221826
0.6,0.0021094917,1.0,0.004556754,0.700622131565528
0.6,0.0021094917,1.0,0.021262344,0.700316165221826
0.6,0.0021094917,1.0,0.099212565,0.700458949515553
0.6,0.0021094917,1.0,0.46293736,0.700520142784294
0.6,0.0021094917,1.0,2.1601195,0.700316165221826
0.6,0.0021094917,1.0,10.079369,0.700642529321775
0.6,0.0021094917,1.0,47.031506,0.700520142784294
0.6,0.0021094917,1.0,219.45445,0.701213666496685
0.6,0.0021094917,1.0,1024.0,0.699887812340643
0.6,0.0021094917,2.0,0.0009765625,0.717348291687914
0.6,0.0021094917,2.0,0.004556754,0.717613462519123
0.6,0.0021094917,2.0,0.021262344,0.716838347781744
0.6,0.0021094917,2.0,0.099212565,0.716777154513004
0.6,0.0021094917,2.0,0.46293736,0.716634370219276
0.6,0.0021094917,2.0,2.1601195,0.716981132075472
0.6,0.0021094917,2.0,10.079369,0.719449260581336
0.6,0.0021094917,2.0,47.031506,0.719428862825089
0.6,0.0021094917,2.0,219.45445,0.717368689444161
0.6,0.0021094917,2.0,1024.0,0.715614482406935
0.6,0.0021094917,3.0,0.0009765625,0.719388067312596
0.6,0.0021094917,3.0,0.004556754,0.718796532381438
0.6,0.0021094917,3.0,0.021262344,0.717735849056604
0.6,0.0021094917,3.0,0.099212565,0.7180826109128
0.6,0.0021094917,3.0,0.46293736,0.71865374808771
0.6,0.0021094917,3.0,2.1601195,0.719755226925038
0.6,0.0021094917,3.0,10.079369,0.719796022437532
0.6,0.0021094917,3.0,47.031506,0.721631820499745
0.6,0.0021094917,3.0,219.45445,0.721998980112188
0.6,0.0021094917,3.0,1024.0,0.722468128505864
0.6,0.0021094917,5.0,0.0009765625,0.717287098419174
0.6,0.0021094917,5.0,0.004556754,0.716573176950535
0.6,0.0021094917,5.0,0.021262344,0.717164711881693
0.6,0.0021094917,5.0,0.099212565,0.715696073431922
0.6,0.0021094917,5.0,0.46293736,0.716899541050484
0.6,0.0021094917,5.0,2.1601195,0.718327383987761
0.6,0.0021094917,5.0,10.079369,0.720081591024987
0.6,0.0021094917,5.0,47.031506,0.718123406425293
0.6,0.0021094917,5.0,219.45445,0.722957674655788
0.6,0.0021094917,5.0,1024.0,0.72460989291178
0.6,0.0021094917,8.0,0.0009765625,0.718531361550229
0.6,0.0021094917,8.0,0.004556754,0.719122896481387
0.6,0.0021094917,8.0,0.021262344,0.717593064762876
0.6,0.0021094917,8.0,0.099212565,0.717368689444161
0.6,0.0021094917,8.0,0.46293736,0.718470168281489
0.6,0.0021094917,8.0,2.1601195,0.719857215706272
0.6,0.0021094917,8.0,10.079369,0.719469658337583
0.6,0.0021094917,8.0,47.031506,0.720673125956145
0.6,0.0021094917,8.0,219.45445,0.721244263131055
0.6,0.0021094917,8.0,1024.0,0.724099949005609
0.6,0.0021094917,13.0,0.0009765625,0.719673635900051
0.6,0.0021094917,13.0,0.004556754,0.72089750127486
0.6,0.0021094917,13.0,0.021262344,0.720877103518613
0.6,0.0021094917,13.0,0.099212565,0.721774604793473
0.6,0.0021094917,13.0,0.46293736,0.721937786843447
0.6,0.0021094917,13.0,2.1601195,0.72134625191229
0.6,0.0021094917,13.0,10.079369,0.72556858745538
0.6,0.0021094917,13.0,47.031506,0.725140234574197
0.6,0.0021094917,13.0,219.45445,0.726792452830189
0.6,0.0021094917,13.0,1024.0,0.726588475267721
0.6,0.0021094917,20.0,0.0009765625,0.721509433962264
0.6,0.0021094917,20.0,0.004556754,0.71955124936257
0.6,0.0021094917,20.0,0.021262344,0.721713411524732
0.6,0.0021094917,20.0,0.099212565,0.719796022437532
0.6,0.0021094917,20.0,0.46293736,0.72146863844977
0.6,0.0021094917,20.0,2.1601195,0.722610912799592
0.6,0.0021094917,20.0,10.079369,0.724405915349312
0.6,0.0021094917,20.0,47.031506,0.724038755736869
0.6,0.0021094917,20.0,219.45445,0.724569097399286
0.6,0.0021094917,20.0,1024.0,0.725731769505354
0.6,0.0021094917,32.0,0.0009765625,0.720428352881183
0.6,0.0021094917,32.0,0.004556754,0.720836308006119
0.6,0.0021094917,32.0,0.021262344,0.721529831718511
0.6,0.0021094917,32.0,0.099212565,0.722243753187149
0.6,0.0021094917,32.0,0.46293736,0.721835798062213
0.6,0.0021094917,32.0,2.1601195,0.724201937786843
0.6,0.0021094917,32.0,10.079369,0.724344722080571
0.6,0.0021094917,32.0,47.031506,0.725935747067822
0.6,0.0021094917,32.0,219.45445,0.724773074961754
0.6,0.0021094917,32.0,1024.0,0.726710861805201
0.6,0.0021094917,50.0,0.0009765625,0.718898521162672
0.6,0.0021094917,50.0,0.004556754,0.720775114737379
0.6,0.0021094917,50.0,0.021262344,0.721570627231005
0.6,0.0021094917,50.0,0.099212565,0.720142784293728
0.6,0.0021094917,50.0,0.46293736,0.72281489036206
0.6,0.0021094917,50.0,2.1601195,0.723100458949516
0.6,0.0021094917,50.0,10.079369,0.723671596124426
0.6,0.0021094917,50.0,47.031506,0.725446200917899
0.6,0.0021094917,50.0,219.45445,0.725548189699133
0.6,0.0021094917,50.0,1024.0,0.725854156042835
0.6,0.004556754,1.0,0.0009765625,0.700316165221826
0.6,0.004556754,1.0,0.004556754,0.700622131565528
0.6,0.004556754,1.0,0.021262344,0.700316165221826
0.6,0.004556754,1.0,0.099212565,0.700458949515553
0.6,0.004556754,1.0,0.46293736,0.700520142784294
0.6,0.004556754,1.0,2.1601195,0.700316165221826
0.6,0.004556754,1.0,10.079369,0.700642529321775
0.6,0.004556754,1.0,47.031506,0.700520142784294
0.6,0.004556754,1.0,219.45445,0.701213666496685
0.6,0.004556754,1.0,1024.0,0.699887812340643
0.6,0.004556754,2.0,0.0009765625,0.717348291687914
0.6,0.004556754,2.0,0.004556754,0.717613462519123
0.6,0.004556754,2.0,0.021262344,0.716838347781744
0.6,0.004556754,2.0,0.099212565,0.716777154513004
0.6,0.004556754,2.0,0.46293736,0.716634370219276
0.6,0.004556754,2.0,2.1601195,0.716981132075472
0.6,0.004556754,2.0,10.079369,0.719449260581336
0.6,0.004556754,2.0,47.031506,0.719428862825089
0.6,0.004556754,2.0,219.45445,0.717368689444161
0.6,0.004556754,2.0,1024.0,0.715614482406935
0.6,0.004556754,3.0,0.0009765625,0.719388067312596
0.6,0.004556754,3.0,0.004556754,0.718796532381438
0.6,0.004556754,3.0,0.021262344,0.717735849056604
0.6,0.004556754,3.0,0.099212565,0.7180826109128
0.6,0.004556754,3.0,0.46293736,0.71865374808771
0.6,0.004556754,3.0,2.1601195,0.719755226925038
0.6,0.004556754,3.0,10.079369,0.719796022437532
0.6,0.004556754,3.0,47.031506,0.721631820499745
0.6,0.004556754,3.0,219.45445,0.721998980112188
0.6,0.004556754,3.0,1024.0,0.722468128505864
0.6,0.004556754,5.0,0.0009765625,0.717287098419174
0.6,0.004556754,5.0,0.004556754,0.716573176950535
0.6,0.004556754,5.0,0.021262344,0.717164711881693
0.6,0.004556754,5.0,0.099212565,0.715696073431922
0.6,0.004556754,5.0,0.46293736,0.716899541050484
0.6,0.004556754,5.0,2.1601195,0.718327383987761
0.6,0.004556754,5.0,10.079369,0.720081591024987
0.6,0.004556754,5.0,47.031506,0.718123406425293
0.6,0.004556754,5.0,219.45445,0.722957674655788
0.6,0.004556754,5.0,1024.0,0.72460989291178
0.6,0.004556754,8.0,0.0009765625,0.718531361550229
0.6,0.004556754,8.0,0.004556754,0.719122896481387
0.6,0.004556754,8.0,0.021262344,0.717593064762876
0.6,0.004556754,8.0,0.099212565,0.717368689444161
0.6,0.004556754,8.0,0.46293736,0.718470168281489
0.6,0.004556754,8.0,2.1601195,0.719857215706272
0.6,0.004556754,8.0,10.079369,0.719469658337583
0.6,0.004556754,8.0,47.031506,0.720673125956145
0.6,0.004556754,8.0,219.45445,0.721244263131055
0.6,0.004556754,8.0,1024.0,0.724099949005609
0.6,0.004556754,13.0,0.0009765625,0.719673635900051
0.6,0.004556754,13.0,0.004556754,0.72089750127486
0.6,0.004556754,13.0,0.021262344,0.720877103518613
0.6,0.004556754,13.0,0.099212565,0.721774604793473
0.6,0.004556754,13.0,0.46293736,0.721937786843447
0.6,0.004556754,13.0,2.1601195,0.72134625191229
0.6,0.004556754,13.0,10.079369,0.72556858745538
0.6,0.004556754,13.0,47.031506,0.725140234574197
0.6,0.004556754,13.0,219.45445,0.726792452830189
0.6,0.004556754,13.0,1024.0,0.726588475267721
0.6,0.004556754,20.0,0.0009765625,0.721509433962264
0.6,0.004556754,20.0,0.004556754,0.71955124936257
0.6,0.004556754,20.0,0.021262344,0.721713411524732
0.6,0.004556754,20.0,0.099212565,0.719796022437532
0.6,0.004556754,20.0,0.46293736,0.72146863844977
0.6,0.004556754,20.0,2.1601195,0.722610912799592
0.6,0.004556754,20.0,10.079369,0.724405915349312
0.6,0.004556754,20.0,47.031506,0.724038755736869
0.6,0.004556754,20.0,219.45445,0.724569097399286
0.6,0.004556754,20.0,1024.0,0.725731769505354
0.6,0.004556754,32.0,0.0009765625,0.720428352881183
0.6,0.004556754,32.0,0.004556754,0.720836308006119
0.6,0.004556754,32.0,0.021262344,0.721529831718511
0.6,0.004556754,32.0,0.099212565,0.722243753187149
0.6,0.004556754,32.0,0.46293736,0.721835798062213
0.6,0.004556754,32.0,2.1601195,0.724201937786843
0.6,0.004556754,32.0,10.079369,0.724344722080571
0.6,0.004556754,32.0,47.031506,0.725935747067822
0.6,0.004556754,32.0,219.45445,0.724773074961754
0.6,0.004556754,32.0,1024.0,0.726710861805201
0.6,0.004556754,50.0,0.0009765625,0.718898521162672
0.6,0.004556754,50.0,0.004556754,0.720775114737379
0.6,0.004556754,50.0,0.021262344,0.721570627231005
0.6,0.004556754,50.0,0.099212565,0.720142784293728
0.6,0.004556754,50.0,0.46293736,0.72281489036206
0.6,0.004556754,50.0,2.1601195,0.723100458949516
0.6,0.004556754,50.0,10.079369,0.723671596124426
0.6,0.004556754,50.0,47.031506,0.725446200917899
0.6,0.004556754,50.0,219.45445,0.725548189699133
0.6,0.004556754,50.0,1024.0,0.725854156042835
0.6,0.009843133,1.0,0.0009765625,0.700316165221826
0.6,0.009843133,1.0,0.004556754,0.700622131565528
0.6,0.009843133,1.0,0.021262344,0.700316165221826
0.6,0.009843133,1.0,0.099212565,0.700458949515553
0.6,0.009843133,1.0,0.46293736,0.700520142784294
0.6,0.009843133,1.0,2.1601195,0.700316165221826
0.6,0.009843133,1.0,10.079369,0.700642529321775
0.6,0.009843133,1.0,47.031506,0.700520142784294
0.6,0.009843133,1.0,219.45445,0.701213666496685
0.6,0.009843133,1.0,1024.0,0.699887812340643
0.6,0.009843133,2.0,0.0009765625,0.717348291687914
0.6,0.009843133,2.0,0.004556754,0.717613462519123
0.6,0.009843133,2.0,0.021262344,0.716838347781744
0.6,0.009843133,2.0,0.099212565,0.716777154513004
0.6,0.009843133,2.0,0.46293736,0.716634370219276
0.6,0.009843133,2.0,2.1601195,0.716981132075472
0.6,0.009843133,2.0,10.079369,0.719449260581336
0.6,0.009843133,2.0,47.031506,0.719428862825089
0.6,0.009843133,2.0,219.45445,0.717368689444161
0.6,0.009843133,2.0,1024.0,0.715614482406935
0.6,0.009843133,3.0,0.0009765625,0.719388067312596
0.6,0.009843133,3.0,0.004556754,0.718796532381438
0.6,0.009843133,3.0,0.021262344,0.717735849056604
0.6,0.009843133,3.0,0.099212565,0.7180826109128
0.6,0.009843133,3.0,0.46293736,0.71865374808771
0.6,0.009843133,3.0,2.1601195,0.719755226925038
0.6,0.009843133,3.0,10.079369,0.719796022437532
0.6,0.009843133,3.0,47.031506,0.721631820499745
0.6,0.009843133,3.0,219.45445,0.721998980112188
0.6,0.009843133,3.0,1024.0,0.722468128505864
0.6,0.009843133,5.0,0.0009765625,0.717287098419174
0.6,0.009843133,5.0,0.004556754,0.716573176950535
0.6,0.009843133,5.0,0.021262344,0.717164711881693
0.6,0.009843133,5.0,0.099212565,0.715696073431922
0.6,0.009843133,5.0,0.46293736,0.716899541050484
0.6,0.009843133,5.0,2.1601195,0.718327383987761
0.6,0.009843133,5.0,10.079369,0.720081591024987
0.6,0.009843133,5.0,47.031506,0.718123406425293
0.6,0.009843133,5.0,219.45445,0.722957674655788
0.6,0.009843133,5.0,1024.0,0.72460989291178
0.6,0.009843133,8.0,0.0009765625,0.718531361550229
0.6,0.009843133,8.0,0.004556754,0.719122896481387
0.6,0.009843133,8.0,0.021262344,0.717593064762876
0.6,0.009843133,8.0,0.099212565,0.717368689444161
0.6,0.009843133,8.0,0.46293736,0.718470168281489
0.6,0.009843133,8.0,2.1601195,0.719857215706272
0.6,0.009843133,8.0,10.079369,0.719469658337583
0.6,0.009843133,8.0,47.031506,0.720673125956145
0.6,0.009843133,8.0,219.45445,0.721244263131055
0.6,0.009843133,8.0,1024.0,0.724099949005609
0.6,0.009843133,13.0,0.0009765625,0.719673635900051
0.6,0.009843133,13.0,0.004556754,0.72089750127486
0.6,0.009843133,13.0,0.021262344,0.720877103518613
0.6,0.009843133,13.0,0.099212565,0.721774604793473
0.6,0.009843133,13.0,0.46293736,0.721937786843447
0.6,0.009843133,13.0,2.1601195,0.72134625191229
0.6,0.009843133,13.0,10.079369,0.72556858745538
0.6,0.009843133,13.0,47.031506,0.725140234574197
0.6,0.009843133,13.0,219.45445,0.726792452830189
0.6,0.009843133,13.0,1024.0,0.726588475267721
0.6,0.009843133,20.0,0.0009765625,0.721509433962264
0.6,0.009843133,20.0,0.004556754,0.71955124936257
0.6,0.009843133,20.0,0.021262344,0.721713411524732
0.6,0.009843133,20.0,0.099212565,0.719796022437532
0.6,0.009843133,20.0,0.46293736,0.72146863844977
0.6,0.009843133,20.0,2.1601195,0.722610912799592
0.6,0.009843133,20.0,10.079369,0.724405915349312
0.6,0.009843133,20.0,47.031506,0.724038755736869
0.6,0.009843133,20.0,219.45445,0.724569097399286
0.6,0.009843133,20.0,1024.0,0.725731769505354
0.6,0.009843133,32.0,0.0009765625,0.720428352881183
0.6,0.009843133,32.0,0.004556754,0.720836308006119
0.6,0.009843133,32.0,0.021262344,0.721529831718511
0.6,0.009843133,32.0,0.099212565,0.722243753187149
0.6,0.009843133,32.0,0.46293736,0.721835798062213
0.6,0.009843133,32.0,2.1601195,0.724201937786843
0.6,0.009843133,32.0,10.079369,0.724344722080571
0.6,0.009843133,32.0,47.031506,0.725935747067822
0.6,0.009843133,32.0,219.45445,0.724773074961754
0.6,0.009843133,32.0,1024.0,0.726710861805201
0.6,0.009843133,50.0,0.0009765625,0.718898521162672
0.6,0.009843133,50.0,0.004556754,0.720775114737379
0.6,0.009843133,50.0,0.021262344,0.721570627231005
0.6,0.009843133,50.0,0.099212565,0.720142784293728
0.6,0.009843133,50.0,0.46293736,0.72281489036206
0.6,0.009843133,50.0,2.1601195,0.723100458949516
0.6,0.009843133,50.0,10.079369,0.723671596124426
0.6,0.009843133,50.0,47.031506,0.725446200917899
0.6,0.009843133,50.0,219.45445,0.725548189699133
0.6,0.009843133,50.0,1024.0,0.725854156042835
0.6,0.021262344,1.0,0.0009765625,0.700316165221826
0.6,0.021262344,1.0,0.004556754,0.700622131565528
0.6,0.021262344,1.0,0.021262344,0.700316165221826
0.6,0.021262344,1.0,0.099212565,0.700458949515553
0.6,0.021262344,1.0,0.46293736,0.700520142784294
0.6,0.021262344,1.0,2.1601195,0.700316165221826
0.6,0.021262344,1.0,10.079369,0.700642529321775
0.6,0.021262344,1.0,47.031506,0.700520142784294
0.6,0.021262344,1.0,219.45445,0.701213666496685
0.6,0.021262344,1.0,1024.0,0.699887812340643
0.6,0.021262344,2.0,0.0009765625,0.717348291687914
0.6,0.021262344,2.0,0.004556754,0.717613462519123
0.6,0.021262344,2.0,0.021262344,0.716838347781744
0.6,0.021262344,2.0,0.099212565,0.716777154513004
0.6,0.021262344,2.0,0.46293736,0.716634370219276
0.6,0.021262344,2.0,2.1601195,0.716981132075472
0.6,0.021262344,2.0,10.079369,0.719449260581336
0.6,0.021262344,2.0,47.031506,0.719428862825089
0.6,0.021262344,2.0,219.45445,0.717368689444161
0.6,0.021262344,2.0,1024.0,0.715614482406935
0.6,0.021262344,3.0,0.0009765625,0.719388067312596
0.6,0.021262344,3.0,0.004556754,0.718796532381438
0.6,0.021262344,3.0,0.021262344,0.717735849056604
0.6,0.021262344,3.0,0.099212565,0.7180826109128
0.6,0.021262344,3.0,0.46293736,0.71865374808771
0.6,0.021262344,3.0,2.1601195,0.719755226925038
0.6,0.021262344,3.0,10.079369,0.719796022437532
0.6,0.021262344,3.0,47.031506,0.721631820499745
0.6,0.021262344,3.0,219.45445,0.721998980112188
0.6,0.021262344,3.0,1024.0,0.722468128505864
0.6,0.021262344,5.0,0.0009765625,0.717287098419174
0.6,0.021262344,5.0,0.004556754,0.716573176950535
0.6,0.021262344,5.0,0.021262344,0.717164711881693
0.6,0.021262344,5.0,0.099212565,0.715696073431922
0.6,0.021262344,5.0,0.46293736,0.716899541050484
0.6,0.021262344,5.0,2.1601195,0.718327383987761
0.6,0.021262344,5.0,10.079369,0.720081591024987
0.6,0.021262344,5.0,47.031506,0.718123406425293
0.6,0.021262344,5.0,219.45445,0.722957674655788
0.6,0.021262344,5.0,1024.0,0.72460989291178
0.6,0.021262344,8.0,0.0009765625,0.718531361550229
0.6,0.021262344,8.0,0.004556754,0.719122896481387
0.6,0.021262344,8.0,0.021262344,0.717593064762876
0.6,0.021262344,8.0,0.099212565,0.717368689444161
0.6,0.021262344,8.0,0.46293736,0.718470168281489
0.6,0.021262344,8.0,2.1601195,0.719857215706272
0.6,0.021262344,8.0,10.079369,0.719469658337583
0.6,0.021262344,8.0,47.031506,0.720673125956145
0.6,0.021262344,8.0,219.45445,0.721244263131055
0.6,0.021262344,8.0,1024.0,0.724099949005609
0.6,0.021262344,13.0,0.0009765625,0.719673635900051
0.6,0.021262344,13.0,0.004556754,0.72089750127486
0.6,0.021262344,13.0,0.021262344,0.720877103518613
0.6,0.021262344,13.0,0.099212565,0.721774604793473
0.6,0.021262344,13.0,0.46293736,0.721937786843447
0.6,0.021262344,13.0,2.1601195,0.72134625191229
0.6,0.021262344,13.0,10.079369,0.72556858745538
0.6,0.021262344,13.0,47.031506,0.725140234574197
0.6,0.021262344,13.0,219.45445,0.726792452830189
0.6,0.021262344,13.0,1024.0,0.726588475267721
0.6,0.021262344,20.0,0.0009765625,0.721509433962264
0.6,0.021262344,20.0,0.004556754,0.71955124936257
0.6,0.021262344,20.0,0.021262344,0.721713411524732
0.6,0.021262344,20.0,0.099212565,0.719796022437532
0.6,0.021262344,20.0,0.46293736,0.72146863844977
0.6,0.021262344,20.0,2.1601195,0.722610912799592
0.6,0.021262344,20.0,10.079369,0.724405915349312
0.6,0.021262344,20.0,47.031506,0.724038755736869
0.6,0.021262344,20.0,219.45445,0.724569097399286
0.6,0.021262344,20.0,1024.0,0.725731769505354
0.6,0.021262344,32.0,0.0009765625,0.720428352881183
0.6,0.021262344,32.0,0.004556754,0.720836308006119
0.6,0.021262344,32.0,0.021262344,0.721529831718511
0.6,0.021262344,32.0,0.099212565,0.722243753187149
0.6,0.021262344,32.0,0.46293736,0.721835798062213
0.6,0.021262344,32.0,2.1601195,0.724201937786843
0.6,0.021262344,32.0,10.079369,0.724344722080571
0.6,0.021262344,32.0,47.031506,0.725935747067822
0.6,0.021262344,32.0,219.45445,0.724773074961754
0.6,0.021262344,32.0,1024.0,0.726710861805201
0.6,0.021262344,50.0,0.0009765625,0.718898521162672
0.6,0.021262344,50.0,0.004556754,0.720775114737379
0.6,0.021262344,50.0,0.021262344,0.721570627231005
0.6,0.021262344,50.0,0.099212565,0.720142784293728
0.6,0.021262344,50.0,0.46293736,0.72281489036206
0.6,0.021262344,50.0,2.1601195,0.723100458949516
0.6,0.021262344,50.0,10.079369,0.723671596124426
0.6,0.021262344,50.0,47.031506,0.725446200917899
0.6,0.021262344,50.0,219.45445,0.725548189699133
0.6,0.021262344,50.0,1024.0,0.725854156042835
0.6,0.045929205,1.0,0.0009765625,0.700316165221826
0.6,0.045929205,1.0,0.004556754,0.700622131565528
0.6,0.045929205,1.0,0.021262344,0.700316165221826
0.6,0.045929205,1.0,0.099212565,0.700458949515553
0.6,0.045929205,1.0,0.46293736,0.700520142784294
0.6,0.045929205,1.0,2.1601195,0.700316165221826
0.6,0.045929205,1.0,10.079369,0.700642529321775
0.6,0.045929205,1.0,47.031506,0.700520142784294
0.6,0.045929205,1.0,219.45445,0.701213666496685
0.6,0.045929205,1.0,1024.0,0.699887812340643
0.6,0.045929205,2.0,0.0009765625,0.717348291687914
0.6,0.045929205,2.0,0.004556754,0.717613462519123
0.6,0.045929205,2.0,0.021262344,0.716838347781744
0.6,0.045929205,2.0,0.099212565,0.716777154513004
0.6,0.045929205,2.0,0.46293736,0.716634370219276
0.6,0.045929205,2.0,2.1601195,0.716981132075472
0.6,0.045929205,2.0,10.079369,0.719449260581336
0.6,0.045929205,2.0,47.031506,0.719428862825089
0.6,0.045929205,2.0,219.45445,0.717368689444161
0.6,0.045929205,2.0,1024.0,0.715614482406935
0.6,0.045929205,3.0,0.0009765625,0.719388067312596
0.6,0.045929205,3.0,0.004556754,0.718796532381438
0.6,0.045929205,3.0,0.021262344,0.717735849056604
0.6,0.045929205,3.0,0.099212565,0.7180826109128
0.6,0.045929205,3.0,0.46293736,0.71865374808771
0.6,0.045929205,3.0,2.1601195,0.719755226925038
0.6,0.045929205,3.0,10.079369,0.719796022437532
0.6,0.045929205,3.0,47.031506,0.721631820499745
0.6,0.045929205,3.0,219.45445,0.721998980112188
0.6,0.045929205,3.0,1024.0,0.722468128505864
0.6,0.045929205,5.0,0.0009765625,0.717287098419174
0.6,0.045929205,5.0,0.004556754,0.716573176950535
0.6,0.045929205,5.0,0.021262344,0.717164711881693
0.6,0.045929205,5.0,0.099212565,0.715696073431922
0.6,0.045929205,5.0,0.46293736,0.716899541050484
0.6,0.045929205,5.0,2.1601195,0.718327383987761
0.6,0.045929205,5.0,10.079369,0.720081591024987
0.6,0.045929205,5.0,47.031506,0.718123406425293
0.6,0.045929205,5.0,219.45445,0.722957674655788
0.6,0.045929205,5.0,1024.0,0.72460989291178
0.6,0.045929205,8.0,0.0009765625,0.718531361550229
0.6,0.045929205,8.0,0.004556754,0.719122896481387
0.6,0.045929205,8.0,0.021262344,0.717593064762876
0.6,0.045929205,8.0,0.099212565,0.717368689444161
0.6,0.045929205,8.0,0.46293736,0.718470168281489
0.6,0.045929205,8.0,2.1601195,0.719857215706272
0.6,0.045929205,8.0,10.079369,0.719469658337583
0.6,0.045929205,8.0,47.031506,0.720673125956145
0.6,0.045929205,8.0,219.45445,0.721244263131055
0.6,0.045929205,8.0,1024.0,0.724099949005609
0.6,0.045929205,13.0,0.0009765625,0.719673635900051
0.6,0.045929205,13.0,0.004556754,0.72089750127486
0.6,0.045929205,13.0,0.021262344,0.720877103518613
0.6,0.045929205,13.0,0.099212565,0.721774604793473
0.6,0.045929205,13.0,0.46293736,0.721937786843447
0.6,0.045929205,13.0,2.1601195,0.72134625191229
0.6,0.045929205,13.0,10.079369,0.72556858745538
0.6,0.045929205,13.0,47.031506,0.725140234574197
0.6,0.045929205,13.0,219.45445,0.726792452830189
0.6,0.045929205,13.0,1024.0,0.726588475267721
0.6,0.045929205,20.0,0.0009765625,0.721509433962264
0.6,0.045929205,20.0,0.004556754,0.71955124936257
0.6,0.045929205,20.0,0.021262344,0.721713411524732
0.6,0.045929205,20.0,0.099212565,0.719796022437532
0.6,0.045929205,20.0,0.46293736,0.72146863844977
0.6,0.045929205,20.0,2.1601195,0.722610912799592
0.6,0.045929205,20.0,10.079369,0.724405915349312
0.6,0.045929205,20.0,47.031506,0.724038755736869
0.6,0.045929205,20.0,219.45445,0.724569097399286
0.6,0.045929205,20.0,1024.0,0.725731769505354
0.6,0.045929205,32.0,0.0009765625,0.720428352881183
0.6,0.045929205,32.0,0.004556754,0.720836308006119
0.6,0.045929205,32.0,0.021262344,0.721529831718511
0.6,0.045929205,32.0,0.099212565,0.722243753187149
0.6,0.045929205,32.0,0.46293736,0.721835798062213
0.6,0.045929205,32.0,2.1601195,0.724201937786843
0.6,0.045929205,32.0,10.079369,0.724344722080571
0.6,0.045929205,32.0,47.031506,0.725935747067822
0.6,0.045929205,32.0,219.45445,0.724773074961754
0.6,0.045929205,32.0,1024.0,0.726710861805201
0.6,0.045929205,50.0,0.0009765625,0.718898521162672
0.6,0.045929205,50.0,0.004556754,0.720775114737379
0.6,0.045929205,50.0,0.021262344,0.721570627231005
0.6,0.045929205,50.0,0.099212565,0.720142784293728
0.6,0.045929205,50.0,0.46293736,0.72281489036206
0.6,0.045929205,50.0,2.1601195,0.723100458949516
0.6,0.045929205,50.0,10.079369,0.723671596124426
0.6,0.045929205,50.0,47.031506,0.725446200917899
0.6,0.045929205,50.0,219.45445,0.725548189699133
0.6,0.045929205,50.0,1024.0,0.725854156042835
0.6,0.099212565,1.0,0.0009765625,0.700316165221826
0.6,0.099212565,1.0,0.004556754,0.700622131565528
0.6,0.099212565,1.0,0.021262344,0.700316165221826
0.6,0.099212565,1.0,0.099212565,0.700458949515553
0.6,0.099212565,1.0,0.46293736,0.700520142784294
0.6,0.099212565,1.0,2.1601195,0.700316165221826
0.6,0.099212565,1.0,10.079369,0.700642529321775
0.6,0.099212565,1.0,47.031506,0.700520142784294
0.6,0.099212565,1.0,219.45445,0.701213666496685
0.6,0.099212565,1.0,1024.0,0.699887812340643
0.6,0.099212565,2.0,0.0009765625,0.717348291687914
0.6,0.099212565,2.0,0.004556754,0.717613462519123
0.6,0.099212565,2.0,0.021262344,0.716838347781744
0.6,0.099212565,2.0,0.099212565,0.716777154513004
0.6,0.099212565,2.0,0.46293736,0.716634370219276
0.6,0.099212565,2.0,2.1601195,0.716981132075472
0.6,0.099212565,2.0,10.079369,0.719449260581336
0.6,0.099212565,2.0,47.031506,0.719428862825089
0.6,0.099212565,2.0,219.45445,0.717368689444161
0.6,0.099212565,2.0,1024.0,0.715614482406935
0.6,0.099212565,3.0,0.0009765625,0.719388067312596
0.6,0.099212565,3.0,0.004556754,0.718796532381438
0.6,0.099212565,3.0,0.021262344,0.717735849056604
0.6,0.099212565,3.0,0.099212565,0.7180826109128
0.6,0.099212565,3.0,0.46293736,0.71865374808771
0.6,0.099212565,3.0,2.1601195,0.719755226925038
0.6,0.099212565,3.0,10.079369,0.719796022437532
0.6,0.099212565,3.0,47.031506,0.721631820499745
0.6,0.099212565,3.0,219.45445,0.721998980112188
0.6,0.099212565,3.0,1024.0,0.722468128505864
0.6,0.099212565,5.0,0.0009765625,0.717287098419174
0.6,0.099212565,5.0,0.004556754,0.716573176950535
0.6,0.099212565,5.0,0.021262344,0.717164711881693
0.6,0.099212565,5.0,0.099212565,0.715696073431922
0.6,0.099212565,5.0,0.46293736,0.716899541050484
0.6,0.099212565,5.0,2.1601195,0.718327383987761
0.6,0.099212565,5.0,10.079369,0.720081591024987
0.6,0.099212565,5.0,47.031506,0.718123406425293
0.6,0.099212565,5.0,219.45445,0.722957674655788
0.6,0.099212565,5.0,1024.0,0.72460989291178
0.6,0.099212565,8.0,0.0009765625,0.718531361550229
0.6,0.099212565,8.0,0.004556754,0.719122896481387
0.6,0.099212565,8.0,0.021262344,0.717593064762876
0.6,0.099212565,8.0,0.099212565,0.717368689444161
0.6,0.099212565,8.0,0.46293736,0.718470168281489
0.6,0.099212565,8.0,2.1601195,0.719857215706272
0.6,0.099212565,8.0,10.079369,0.719469658337583
0.6,0.099212565,8.0,47.031506,0.720673125956145
0.6,0.099212565,8.0,219.45445,0.721244263131055
0.6,0.099212565,8.0,1024.0,0.724099949005609
0.6,0.099212565,13.0,0.0009765625,0.719673635900051
0.6,0.099212565,13.0,0.004556754,0.72089750127486
0.6,0.099212565,13.0,0.021262344,0.720877103518613
0.6,0.099212565,13.0,0.099212565,0.721774604793473
0.6,0.099212565,13.0,0.46293736,0.721937786843447
0.6,0.099212565,13.0,2.1601195,0.72134625191229
0.6,0.099212565,13.0,10.079369,0.72556858745538
0.6,0.099212565,13.0,47.031506,0.725140234574197
0.6,0.099212565,13.0,219.45445,0.726792452830189
0.6,0.099212565,13.0,1024.0,0.726588475267721
0.6,0.099212565,20.0,0.0009765625,0.721509433962264
0.6,0.099212565,20.0,0.004556754,0.71955124936257
0.6,0.099212565,20.0,0.021262344,0.721713411524732
0.6,0.099212565,20.0,0.099212565,0.719796022437532
0.6,0.099212565,20.0,0.46293736,0.72146863844977
0.6,0.099212565,20.0,2.1601195,0.722610912799592
0.6,0.099212565,20.0,10.079369,0.724405915349312
0.6,0.099212565,20.0,47.031506,0.724038755736869
0.6,0.099212565,20.0,219.45445,0.724569097399286
0.6,0.099212565,20.0,1024.0,0.725731769505354
0.6,0.099212565,32.0,0.0009765625,0.720428352881183
0.6,0.099212565,32.0,0.004556754,0.720836308006119
0.6,0.099212565,32.0,0.021262344,0.721529831718511
0.6,0.099212565,32.0,0.099212565,0.722243753187149
0.6,0.099212565,32.0,0.46293736,0.721835798062213
0.6,0.099212565,32.0,2.1601195,0.724201937786843
0.6,0.099212565,32.0,10.079369,0.724344722080571
0.6,0.099212565,32.0,47.031506,0.725935747067822
0.6,0.099212565,32.0,219.45445,0.724773074961754
0.6,0.099212565,32.0,1024.0,0.726710861805201
0.6,0.099212565,50.0,0.0009765625,0.718898521162672
0.6,0.099212565,50.0,0.004556754,0.720775114737379
0.6,0.099212565,50.0,0.021262344,0.721570627231005
0.6,0.099212565,50.0,0.099212565,0.720142784293728
0.6,0.099212565,50.0,0.46293736,0.72281489036206
0.6,0.099212565,50.0,2.1601195,0.723100458949516
0.6,0.099212565,50.0,10.079369,0.723671596124426
0.6,0.099212565,50.0,47.031506,0.725446200917899
0.6,0.099212565,50.0,219.45445,0.725548189699133
0.6,0.099212565,50.0,1024.0,0.725854156042835
0.6,0.21431099,1.0,0.0009765625,0.700316165221826
0.6,0.21431099,1.0,0.004556754,0.700622131565528
0.6,0.21431099,1.0,0.021262344,0.700316165221826
0.6,0.21431099,1.0,0.099212565,0.700458949515553
0.6,0.21431099,1.0,0.46293736,0.700520142784294
0.6,0.21431099,1.0,2.1601195,0.700316165221826
0.6,0.21431099,1.0,10.079369,0.700642529321775
0.6,0.21431099,1.0,47.031506,0.700520142784294
0.6,0.21431099,1.0,219.45445,0.701213666496685
0.6,0.21431099,1.0,1024.0,0.699887812340643
0.6,0.21431099,2.0,0.0009765625,0.717348291687914
0.6,0.21431099,2.0,0.004556754,0.717613462519123
0.6,0.21431099,2.0,0.021262344,0.716838347781744
0.6,0.21431099,2.0,0.099212565,0.716777154513004
0.6,0.21431099,2.0,0.46293736,0.716634370219276
0.6,0.21431099,2.0,2.1601195,0.716981132075472
0.6,0.21431099,2.0,10.079369,0.719449260581336
0.6,0.21431099,2.0,47.031506,0.719428862825089
0.6,0.21431099,2.0,219.45445,0.717368689444161
0.6,0.21431099,2.0,1024.0,0.715614482406935
0.6,0.21431099,3.0,0.0009765625,0.719388067312596
0.6,0.21431099,3.0,0.004556754,0.718796532381438
0.6,0.21431099,3.0,0.021262344,0.717735849056604
0.6,0.21431099,3.0,0.099212565,0.7180826109128
0.6,0.21431099,3.0,0.46293736,0.71865374808771
0.6,0.21431099,3.0,2.1601195,0.719755226925038
0.6,0.21431099,3.0,10.079369,0.719796022437532
0.6,0.21431099,3.0,47.031506,0.721631820499745
0.6,0.21431099,3.0,219.45445,0.721998980112188
0.6,0.21431099,3.0,1024.0,0.722468128505864
0.6,0.21431099,5.0,0.0009765625,0.717287098419174
0.6,0.21431099,5.0,0.004556754,0.716573176950535
0.6,0.21431099,5.0,0.021262344,0.717164711881693
0.6,0.21431099,5.0,0.099212565,0.715696073431922
0.6,0.21431099,5.0,0.46293736,0.716899541050484
0.6,0.21431099,5.0,2.1601195,0.718327383987761
0.6,0.21431099,5.0,10.079369,0.720081591024987
0.6,0.21431099,5.0,47.031506,0.718123406425293
0.6,0.21431099,5.0,219.45445,0.722957674655788
0.6,0.21431099,5.0,1024.0,0.72460989291178
0.6,0.21431099,8.0,0.0009765625,0.718531361550229
0.6,0.21431099,8.0,0.004556754,0.719122896481387
0.6,0.21431099,8.0,0.021262344,0.717593064762876
0.6,0.21431099,8.0,0.099212565,0.717368689444161
0.6,0.21431099,8.0,0.46293736,0.718470168281489
0.6,0.21431099,8.0,2.1601195,0.719857215706272
0.6,0.21431099,8.0,10.079369,0.719469658337583
0.6,0.21431099,8.0,47.031506,0.720673125956145
0.6,0.21431099,8.0,219.45445,0.721244263131055
0.6,0.21431099,8.0,1024.0,0.724099949005609
0.6,0.21431099,13.0,0.0009765625,0.719673635900051
0.6,0.21431099,13.0,0.004556754,0.72089750127486
0.6,0.21431099,13.0,0.021262344,0.720877103518613
0.6,0.21431099,13.0,0.099212565,0.721774604793473
0.6,0.21431099,13.0,0.46293736,0.721937786843447
0.6,0.21431099,13.0,2.1601195,0.72134625191229
0.6,0.21431099,13.0,10.079369,0.72556858745538
0.6,0.21431099,13.0,47.031506,0.725140234574197
0.6,0.21431099,13.0,219.45445,0.726792452830189
0.6,0.21431099,13.0,1024.0,0.726588475267721
0.6,0.21431099,20.0,0.0009765625,0.721509433962264
0.6,0.21431099,20.0,0.004556754,0.71955124936257
0.6,0.21431099,20.0,0.021262344,0.721713411524732
0.6,0.21431099,20.0,0.099212565,0.719796022437532
0.6,0.21431099,20.0,0.46293736,0.72146863844977
0.6,0.21431099,20.0,2.1601195,0.722610912799592
0.6,0.21431099,20.0,10.079369,0.724405915349312
0.6,0.21431099,20.0,47.031506,0.724038755736869
0.6,0.21431099,20.0,219.45445,0.724569097399286
0.6,0.21431099,20.0,1024.0,0.725731769505354
0.6,0.21431099,32.0,0.0009765625,0.720428352881183
0.6,0.21431099,32.0,0.004556754,0.720836308006119
0.6,0.21431099,32.0,0.021262344,0.721529831718511
0.6,0.21431099,32.0,0.099212565,0.722243753187149
0.6,0.21431099,32.0,0.46293736,0.721835798062213
0.6,0.21431099,32.0,2.1601195,0.724201937786843
0.6,0.21431099,32.0,10.079369,0.724344722080571
0.6,0.21431099,32.0,47.031506,0.725935747067822
0.6,0.21431099,32.0,219.45445,0.724773074961754
0.6,0.21431099,32.0,1024.0,0.726710861805201
0.6,0.21431099,50.0,0.0009765625,0.718898521162672
0.6,0.21431099,50.0,0.004556754,0.720775114737379
0.6,0.21431099,50.0,0.021262344,0.721570627231005
0.6,0.21431099,50.0,0.099212565,0.720142784293728
0.6,0.21431099,50.0,0.46293736,0.72281489036206
0.6,0.21431099,50.0,2.1601195,0.723100458949516
0.6,0.21431099,50.0,10.079369,0.723671596124426
0.6,0.21431099,50.0,47.031506,0.725446200917899
0.6,0.21431099,50.0,219.45445,0.725548189699133
0.6,0.21431099,50.0,1024.0,0.725854156042835
0.6,0.46293736,1.0,0.0009765625,0.700316165221826
0.6,0.46293736,1.0,0.004556754,0.700622131565528
0.6,0.46293736,1.0,0.021262344,0.700316165221826
0.6,0.46293736,1.0,0.099212565,0.700458949515553
0.6,0.46293736,1.0,0.46293736,0.700520142784294
0.6,0.46293736,1.0,2.1601195,0.700316165221826
0.6,0.46293736,1.0,10.079369,0.700642529321775
0.6,0.46293736,1.0,47.031506,0.700520142784294
0.6,0.46293736,1.0,219.45445,0.701213666496685
0.6,0.46293736,1.0,1024.0,0.699887812340643
0.6,0.46293736,2.0,0.0009765625,0.717348291687914
0.6,0.46293736,2.0,0.004556754,0.717613462519123
0.6,0.46293736,2.0,0.021262344,0.716838347781744
0.6,0.46293736,2.0,0.099212565,0.716777154513004
0.6,0.46293736,2.0,0.46293736,0.716634370219276
0.6,0.46293736,2.0,2.1601195,0.716981132075472
0.6,0.46293736,2.0,10.079369,0.719449260581336
0.6,0.46293736,2.0,47.031506,0.719428862825089
0.6,0.46293736,2.0,219.45445,0.717368689444161
0.6,0.46293736,2.0,1024.0,0.715614482406935
0.6,0.46293736,3.0,0.0009765625,0.719388067312596
0.6,0.46293736,3.0,0.004556754,0.718796532381438
0.6,0.46293736,3.0,0.021262344,0.717735849056604
0.6,0.46293736,3.0,0.099212565,0.7180826109128
0.6,0.46293736,3.0,0.46293736,0.71865374808771
0.6,0.46293736,3.0,2.1601195,0.719755226925038
0.6,0.46293736,3.0,10.079369,0.719796022437532
0.6,0.46293736,3.0,47.031506,0.721631820499745
0.6,0.46293736,3.0,219.45445,0.721998980112188
0.6,0.46293736,3.0,1024.0,0.722468128505864
0.6,0.46293736,5.0,0.0009765625,0.717287098419174
0.6,0.46293736,5.0,0.004556754,0.716573176950535
0.6,0.46293736,5.0,0.021262344,0.717164711881693
0.6,0.46293736,5.0,0.099212565,0.715696073431922
0.6,0.46293736,5.0,0.46293736,0.716899541050484
0.6,0.46293736,5.0,2.1601195,0.718327383987761
0.6,0.46293736,5.0,10.079369,0.720081591024987
0.6,0.46293736,5.0,47.031506,0.718123406425293
0.6,0.46293736,5.0,219.45445,0.722957674655788
0.6,0.46293736,5.0,1024.0,0.72460989291178
0.6,0.46293736,8.0,0.0009765625,0.718531361550229
0.6,0.46293736,8.0,0.004556754,0.719122896481387
0.6,0.46293736,8.0,0.021262344,0.717593064762876
0.6,0.46293736,8.0,0.099212565,0.717368689444161
0.6,0.46293736,8.0,0.46293736,0.718470168281489
0.6,0.46293736,8.0,2.1601195,0.719857215706272
0.6,0.46293736,8.0,10.079369,0.719469658337583
0.6,0.46293736,8.0,47.031506,0.720673125956145
0.6,0.46293736,8.0,219.45445,0.721244263131055
0.6,0.46293736,8.0,1024.0,0.724099949005609
0.6,0.46293736,13.0,0.0009765625,0.719673635900051
0.6,0.46293736,13.0,0.004556754,0.72089750127486
0.6,0.46293736,13.0,0.021262344,0.720877103518613
0.6,0.46293736,13.0,0.099212565,0.721774604793473
0.6,0.46293736,13.0,0.46293736,0.721937786843447
0.6,0.46293736,13.0,2.1601195,0.72134625191229
0.6,0.46293736,13.0,10.079369,0.72556858745538
0.6,0.46293736,13.0,47.031506,0.725140234574197
0.6,0.46293736,13.0,219.45445,0.726792452830189
0.6,0.46293736,13.0,1024.0,0.726588475267721
0.6,0.46293736,20.0,0.0009765625,0.721509433962264
0.6,0.46293736,20.0,0.004556754,0.71955124936257
0.6,0.46293736,20.0,0.021262344,0.721713411524732
0.6,0.46293736,20.0,0.099212565,0.719796022437532
0.6,0.46293736,20.0,0.46293736,0.72146863844977
0.6,0.46293736,20.0,2.1601195,0.722610912799592
0.6,0.46293736,20.0,10.079369,0.724405915349312
0.6,0.46293736,20.0,47.031506,0.724038755736869
0.6,0.46293736,20.0,219.45445,0.724569097399286
0.6,0.46293736,20.0,1024.0,0.725731769505354
0.6,0.46293736,32.0,0.0009765625,0.720428352881183
0.6,0.46293736,32.0,0.004556754,0.720836308006119
0.6,0.46293736,32.0,0.021262344,0.721529831718511
0.6,0.46293736,32.0,0.099212565,0.722243753187149
0.6,0.46293736,32.0,0.46293736,0.721835798062213
0.6,0.46293736,32.0,2.1601195,0.724201937786843
0.6,0.46293736,32.0,10.079369,0.724344722080571
0.6,0.46293736,32.0,47.031506,0.725935747067822
0.6,0.46293736,32.0,219.45445,0.724773074961754
0.6,0.46293736,32.0,1024.0,0.726710861805201
0.6,0.46293736,50.0,0.0009765625,0.718898521162672
0.6,0.46293736,50.0,0.004556754,0.720775114737379
0.6,0.46293736,50.0,0.021262344,0.721570627231005
0.6,0.46293736,50.0,0.099212565,0.720142784293728
0.6,0.46293736,50.0,0.46293736,0.72281489036206
0.6,0.46293736,50.0,2.1601195,0.723100458949516
0.6,0.46293736,50.0,10.079369,0.723671596124426
0.6,0.46293736,50.0,47.031506,0.725446200917899
0.6,0.46293736,50.0,219.45445,0.725548189699133
0.6,0.46293736,50.0,1024.0,0.725854156042835
0.6,1.0,1.0,0.0009765625,0.700316165221826
0.6,1.0,1.0,0.004556754,0.700622131565528
0.6,1.0,1.0,0.021262344,0.700316165221826
0.6,1.0,1.0,0.099212565,0.700458949515553
0.6,1.0,1.0,0.46293736,0.700520142784294
0.6,1.0,1.0,2.1601195,0.700316165221826
0.6,1.0,1.0,10.079369,0.700642529321775
0.6,1.0,1.0,47.031506,0.700520142784294
0.6,1.0,1.0,219.45445,0.701213666496685
0.6,1.0,1.0,1024.0,0.699887812340643
0.6,1.0,2.0,0.0009765625,0.717348291687914
0.6,1.0,2.0,0.004556754,0.717613462519123
0.6,1.0,2.0,0.021262344,0.716838347781744
0.6,1.0,2.0,0.099212565,0.716777154513004
0.6,1.0,2.0,0.46293736,0.716634370219276
0.6,1.0,2.0,2.1601195,0.716981132075472
0.6,1.0,2.0,10.079369,0.719449260581336
0.6,1.0,2.0,47.031506,0.719428862825089
0.6,1.0,2.0,219.45445,0.717368689444161
0.6,1.0,2.0,1024.0,0.715614482406935
0.6,1.0,3.0,0.0009765625,0.719388067312596
0.6,1.0,3.0,0.004556754,0.718796532381438
0.6,1.0,3.0,0.021262344,0.717735849056604
0.6,1.0,3.0,0.099212565,0.7180826109128
0.6,1.0,3.0,0.46293736,0.71865374808771
0.6,1.0,3.0,2.1601195,0.719755226925038
0.6,1.0,3.0,10.079369,0.719796022437532
0.6,1.0,3.0,47.031506,0.721631820499745
0.6,1.0,3.0,219.45445,0.721998980112188
0.6,1.0,3.0,1024.0,0.722468128505864
0.6,1.0,5.0,0.0009765625,0.717287098419174
0.6,1.0,5.0,0.004556754,0.716573176950535
0.6,1.0,5.0,0.021262344,0.717164711881693
0.6,1.0,5.0,0.099212565,0.715696073431922
0.6,1.0,5.0,0.46293736,0.716899541050484
0.6,1.0,5.0,2.1601195,0.718327383987761
0.6,1.0,5.0,10.079369,0.720081591024987
0.6,1.0,5.0,47.031506,0.718123406425293
0.6,1.0,5.0,219.45445,0.722957674655788
0.6,1.0,5.0,1024.0,0.72460989291178
0.6,1.0,8.0,0.0009765625,0.718531361550229
0.6,1.0,8.0,0.004556754,0.719122896481387
0.6,1.0,8.0,0.021262344,0.717593064762876
0.6,1.0,8.0,0.099212565,0.717368689444161
0.6,1.0,8.0,0.46293736,0.718470168281489
0.6,1.0,8.0,2.1601195,0.719857215706272
0.6,1.0,8.0,10.079369,0.719469658337583
0.6,1.0,8.0,47.031506,0.720673125956145
0.6,1.0,8.0,219.45445,0.721244263131055
0.6,1.0,8.0,1024.0,0.724099949005609
0.6,1.0,13.0,0.0009765625,0.719673635900051
0.6,1.0,13.0,0.004556754,0.72089750127486
0.6,1.0,13.0,0.021262344,0.720877103518613
0.6,1.0,13.0,0.099212565,0.721774604793473
0.6,1.0,13.0,0.46293736,0.721937786843447
0.6,1.0,13.0,2.1601195,0.72134625191229
0.6,1.0,13.0,10.079369,0.72556858745538
0.6,1.0,13.0,47.031506,0.725140234574197
0.6,1.0,13.0,219.45445,0.726792452830189
0.6,1.0,13.0,1024.0,0.726588475267721
0.6,1.0,20.0,0.0009765625,0.721509433962264
0.6,1.0,20.0,0.004556754,0.71955124936257
0.6,1.0,20.0,0.021262344,0.721713411524732
0.6,1.0,20.0,0.099212565,0.719796022437532
0.6,1.0,20.0,0.46293736,0.72146863844977
0.6,1.0,20.0,2.1601195,0.722610912799592
0.6,1.0,20.0,10.079369,0.724405915349312
0.6,1.0,20.0,47.031506,0.724038755736869
0.6,1.0,20.0,219.45445,0.724569097399286
0.6,1.0,20.0,1024.0,0.725731769505354
0.6,1.0,32.0,0.0009765625,0.720428352881183
0.6,1.0,32.0,0.004556754,0.720836308006119
0.6,1.0,32.0,0.021262344,0.721529831718511
0.6,1.0,32.0,0.099212565,0.722243753187149
0.6,1.0,32.0,0.46293736,0.721835798062213
0.6,1.0,32.0,2.1601195,0.724201937786843
0.6,1.0,32.0,10.079369,0.724344722080571
0.6,1.0,32.0,47.031506,0.725935747067822
0.6,1.0,32.0,219.45445,0.724773074961754
0.6,1.0,32.0,1024.0,0.726710861805201
0.6,1.0,50.0,0.0009765625,0.718898521162672
0.6,1.0,50.0,0.004556754,0.720775114737379
0.6,1.0,50.0,0.021262344,0.721570627231005
0.6,1.0,50.0,0.099212565,0.720142784293728
0.6,1.0,50.0,0.46293736,0.72281489036206
0.6,1.0,50.0,2.1601195,0.723100458949516
0.6,1.0,50.0,10.079369,0.723671596124426
0.6,1.0,50.0,47.031506,0.725446200917899
0.6,1.0,50.0,219.45445,0.725548189699133
0.6,1.0,50.0,1024.0,0.725854156042835
0.7,0.0009765625,1.0,0.0009765625,0.700458949515553
0.7,0.0009765625,1.0,0.004556754,0.700377358490566
0.7,0.0009765625,1.0,0.021262344,0.700581336053034
0.7,0.0009765625,1.0,0.099212565,0.700764915859255
0.7,0.0009765625,1.0,0.46293736,0.70041815400306
0.7,0.0009765625,1.0,2.1601195,0.700295767465579
0.7,0.0009765625,1.0,10.079369,0.700826109127996
0.7,0.0009765625,1.0,47.031506,0.700152983171851
0.7,0.0009765625,1.0,219.45445,0.701091279959205
0.7,0.0009765625,1.0,1024.0,0.699622641509434
0.7,0.0009765625,2.0,0.0009765625,0.716879143294238
0.7,0.0009765625,2.0,0.004556754,0.716613972463029
0.7,0.0009765625,2.0,0.021262344,0.715573686894442
0.7,0.0009765625,2.0,0.099212565,0.715716471188169
0.7,0.0009765625,2.0,0.46293736,0.716695563488016
0.7,0.0009765625,2.0,2.1601195,0.717266700662927
0.7,0.0009765625,2.0,10.079369,0.718225395206527
0.7,0.0009765625,2.0,47.031506,0.719326874043855
0.7,0.0009765625,2.0,219.45445,0.718021417644059
0.7,0.0009765625,2.0,1024.0,0.716777154513004
0.7,0.0009765625,3.0,0.0009765625,0.718164201937787
0.7,0.0009765625,3.0,0.004556754,0.717858235594085
0.7,0.0009765625,3.0,0.021262344,0.71949005609383
0.7,0.0009765625,3.0,0.099212565,0.71820499745028
0.7,0.0009765625,3.0,0.46293736,0.71853136155023
0.7,0.0009765625,3.0,2.1601195,0.719163691993881
0.7,0.0009765625,3.0,10.079369,0.720020397756247
0.7,0.0009765625,3.0,47.031506,0.721305456399796
0.7,0.0009765625,3.0,219.45445,0.721958184599694
0.7,0.0009765625,3.0,1024.0,0.723182049974503
0.7,0.0009765625,5.0,0.0009765625,0.717858235594085
0.7,0.0009765625,5.0,0.004556754,0.714982151963284
0.7,0.0009765625,5.0,0.021262344,0.717042325344212
0.7,0.0009765625,5.0,0.099212565,0.716552779194289
0.7,0.0009765625,5.0,0.46293736,0.714207037225905
0.7,0.0009765625,5.0,2.1601195,0.720305966343702
0.7,0.0009765625,5.0,10.079369,0.717756246812851
0.7,0.0009765625,5.0,47.031506,0.719694033656298
0.7,0.0009765625,5.0,219.45445,0.721713411524732
0.7,0.0009765625,5.0,1024.0,0.724079551249363
0.7,0.0009765625,8.0,0.0009765625,0.717511473737889
0.7,0.0009765625,8.0,0.004556754,0.719510453850077
0.7,0.0009765625,8.0,0.021262344,0.720224375318715
0.7,0.0009765625,8.0,0.099212565,0.7190413054564
0.7,0.0009765625,8.0,0.46293736,0.719020907700153
0.7,0.0009765625,8.0,2.1601195,0.718408975012749
0.7,0.0009765625,8.0,10.079369,0.720979092299847
0.7,0.0009765625,8.0,47.031506,0.719918408975013
0.7,0.0009765625,8.0,219.45445,0.72224375318715
0.7,0.0009765625,8.0,1024.0,0.723528811830699
0.7,0.0009765625,13.0,0.0009765625,0.721570627231005
0.7,0.0009765625,13.0,0.004556754,0.722896481387048
0.7,0.0009765625,13.0,0.021262344,0.720775114737379
0.7,0.0009765625,13.0,0.099212565,0.722039775624681
0.7,0.0009765625,13.0,0.46293736,0.721978582355941
0.7,0.0009765625,13.0,2.1601195,0.724283528811831
0.7,0.0009765625,13.0,10.079369,0.725609382967874
0.7,0.0009765625,13.0,47.031506,0.72422233554309
0.7,0.0009765625,13.0,219.45445,0.724548699643039
0.7,0.0009765625,13.0,1024.0,0.724752677205508
0.7,0.0009765625,20.0,0.0009765625,0.722610912799592
0.7,0.0009765625,20.0,0.004556754,0.721264660887302
0.7,0.0009765625,20.0,0.021262344,0.721693013768485
0.7,0.0009765625,20.0,0.099212565,0.722998470168281
0.7,0.0009765625,20.0,0.46293736,0.722570117287098
0.7,0.0009765625,20.0,2.1601195,0.725548189699133
0.7,0.0009765625,20.0,10.079369,0.724487506374299
0.7,0.0009765625,20.0,47.031506,0.725242223355431
0.7,0.0009765625,20.0,219.45445,0.725160632330444
0.7,0.0009765625,20.0,1024.0,0.726384497705252
0.7,0.0009765625,32.0,0.0009765625,0.7219173890872
0.7,0.0009765625,32.0,0.004556754,0.723080061193269
0.7,0.0009765625,32.0,0.021262344,0.722529321774605
0.7,0.0009765625,32.0,0.099212565,0.722080571137175
0.7,0.0009765625,32.0,0.46293736,0.721815400305966
0.7,0.0009765625,32.0,2.1601195,0.723182049974503
0.7,0.0009765625,32.0,10.079369,0.724773074961754
0.7,0.0009765625,32.0,47.031506,0.724691483936767
0.7,0.0009765625,32.0,219.45445,0.72562978072412
0.7,0.0009765625,32.0,1024.0,0.726343702192759
0.7,0.0009765625,50.0,0.0009765625,0.72146863844977
0.7,0.0009765625,50.0,0.004556754,0.721244263131056
0.7,0.0009765625,50.0,0.021262344,0.721509433962264
0.7,0.0009765625,50.0,0.099212565,0.722916879143294
0.7,0.0009765625,50.0,0.46293736,0.721733809280979
0.7,0.0009765625,50.0,2.1601195,0.725201427842937
0.7,0.0009765625,50.0,10.079369,0.724589495155533
0.7,0.0009765625,50.0,47.031506,0.726649668536461
0.7,0.0009765625,50.0,219.45445,0.726486486486487
0.7,0.0009765625,50.0,1024.0,0.727628760836308
0.7,0.0021094917,1.0,0.0009765625,0.700458949515553
0.7,0.0021094917,1.0,0.004556754,0.700377358490566
0.7,0.0021094917,1.0,0.021262344,0.700581336053034
0.7,0.0021094917,1.0,0.099212565,0.700764915859255
0.7,0.0021094917,1.0,0.46293736,0.70041815400306
0.7,0.0021094917,1.0,2.1601195,0.700295767465579
0.7,0.0021094917,1.0,10.079369,0.700826109127996
0.7,0.0021094917,1.0,47.031506,0.700152983171851
0.7,0.0021094917,1.0,219.45445,0.701091279959205
0.7,0.0021094917,1.0,1024.0,0.699622641509434
0.7,0.0021094917,2.0,0.0009765625,0.716879143294238
0.7,0.0021094917,2.0,0.004556754,0.716613972463029
0.7,0.0021094917,2.0,0.021262344,0.715573686894442
0.7,0.0021094917,2.0,0.099212565,0.715716471188169
0.7,0.0021094917,2.0,0.46293736,0.716695563488016
0.7,0.0021094917,2.0,2.1601195,0.717266700662927
0.7,0.0021094917,2.0,10.079369,0.718225395206527
0.7,0.0021094917,2.0,47.031506,0.719326874043855
0.7,0.0021094917,2.0,219.45445,0.718021417644059
0.7,0.0021094917,2.0,1024.0,0.716777154513004
0.7,0.0021094917,3.0,0.0009765625,0.718164201937787
0.7,0.0021094917,3.0,0.004556754,0.717858235594085
0.7,0.0021094917,3.0,0.021262344,0.71949005609383
0.7,0.0021094917,3.0,0.099212565,0.71820499745028
0.7,0.0021094917,3.0,0.46293736,0.71853136155023
0.7,0.0021094917,3.0,2.1601195,0.719163691993881
0.7,0.0021094917,3.0,10.079369,0.720020397756247
0.7,0.0021094917,3.0,47.031506,0.721305456399796
0.7,0.0021094917,3.0,219.45445,0.721958184599694
0.7,0.0021094917,3.0,1024.0,0.723182049974503
0.7,0.0021094917,5.0,0.0009765625,0.717858235594085
0.7,0.0021094917,5.0,0.004556754,0.714982151963284
0.7,0.0021094917,5.0,0.021262344,0.717042325344212
0.7,0.0021094917,5.0,0.099212565,0.716552779194289
0.7,0.0021094917,5.0,0.46293736,0.714207037225905
0.7,0.0021094917,5.0,2.1601195,0.720305966343702
0.7,0.0021094917,5.0,10.079369,0.717756246812851
0.7,0.0021094917,5.0,47.031506,0.719694033656298
0.7,0.0021094917,5.0,219.45445,0.721713411524732
0.7,0.0021094917,5.0,1024.0,0.724079551249363
0.7,0.0021094917,8.0,0.0009765625,0.717511473737889
0.7,0.0021094917,8.0,0.004556754,0.719510453850077
0.7,0.0021094917,8.0,0.021262344,0.720224375318715
0.7,0.0021094917,8.0,0.099212565,0.7190413054564
0.7,0.0021094917,8.0,0.46293736,0.719020907700153
0.7,0.0021094917,8.0,2.1601195,0.718408975012749
0.7,0.0021094917,8.0,10.079369,0.720979092299847
0.7,0.0021094917,8.0,47.031506,0.719918408975013
0.7,0.0021094917,8.0,219.45445,0.72224375318715
0.7,0.0021094917,8.0,1024.0,0.723528811830699
0.7,0.0021094917,13.0,0.0009765625,0.721570627231005
0.7,0.0021094917,13.0,0.004556754,0.722896481387048
0.7,0.0021094917,13.0,0.021262344,0.720775114737379
0.7,0.0021094917,13.0,0.099212565,0.722039775624681
0.7,0.0021094917,13.0,0.46293736,0.721978582355941
0.7,0.0021094917,13.0,2.1601195,0.724283528811831
0.7,0.0021094917,13.0,10.079369,0.725609382967874
0.7,0.0021094917,13.0,47.031506,0.72422233554309
0.7,0.0021094917,13.0,219.45445,0.724548699643039
0.7,0.0021094917,13.0,1024.0,0.724752677205508
0.7,0.0021094917,20.0,0.0009765625,0.722610912799592
0.7,0.0021094917,20.0,0.004556754,0.721264660887302
0.7,0.0021094917,20.0,0.021262344,0.721693013768485
0.7,0.0021094917,20.0,0.099212565,0.722998470168281
0.7,0.0021094917,20.0,0.46293736,0.722570117287098
0.7,0.0021094917,20.0,2.1601195,0.725548189699133
0.7,0.0021094917,20.0,10.079369,0.724487506374299
0.7,0.0021094917,20.0,47.031506,0.725242223355431
0.7,0.0021094917,20.0,219.45445,0.725160632330444
0.7,0.0021094917,20.0,1024.0,0.726384497705252
0.7,0.0021094917,32.0,0.0009765625,0.7219173890872
0.7,0.0021094917,32.0,0.004556754,0.723080061193269
0.7,0.0021094917,32.0,0.021262344,0.722529321774605
0.7,0.0021094917,32.0,0.099212565,0.722080571137175
0.7,0.0021094917,32.0,0.46293736,0.721815400305966
0.7,0.0021094917,32.0,2.1601195,0.723182049974503
0.7,0.0021094917,32.0,10.079369,0.724773074961754
0.7,0.0021094917,32.0,47.031506,0.724691483936767
0.7,0.0021094917,32.0,219.45445,0.72562978072412
0.7,0.0021094917,32.0,1024.0,0.726343702192759
0.7,0.0021094917,50.0,0.0009765625,0.72146863844977
0.7,0.0021094917,50.0,0.004556754,0.721244263131056
0.7,0.0021094917,50.0,0.021262344,0.721509433962264
0.7,0.0021094917,50.0,0.099212565,0.722916879143294
0.7,0.0021094917,50.0,0.46293736,0.721733809280979
0.7,0.0021094917,50.0,2.1601195,0.725201427842937
0.7,0.0021094917,50.0,10.079369,0.724589495155533
0.7,0.0021094917,50.0,47.031506,0.726649668536461
0.7,0.0021094917,50.0,219.45445,0.726486486486487
0.7,0.0021094917,50.0,1024.0,0.727628760836308
0.7,0.004556754,1.0,0.0009765625,0.700458949515553
0.7,0.004556754,1.0,0.004556754,0.700377358490566
0.7,0.004556754,1.0,0.021262344,0.700581336053034
0.7,0.004556754,1.0,0.099212565,0.700764915859255
0.7,0.004556754,1.0,0.46293736,0.70041815400306
0.7,0.004556754,1.0,2.1601195,0.700295767465579
0.7,0.004556754,1.0,10.079369,0.700826109127996
0.7,0.004556754,1.0,47.031506,0.700152983171851
0.7,0.004556754,1.0,219.45445,0.701091279959205
0.7,0.004556754,1.0,1024.0,0.699622641509434
0.7,0.004556754,2.0,0.0009765625,0.716879143294238
0.7,0.004556754,2.0,0.004556754,0.716613972463029
0.7,0.004556754,2.0,0.021262344,0.715573686894442
0.7,0.004556754,2.0,0.099212565,0.715716471188169
0.7,0.004556754,2.0,0.46293736,0.716695563488016
0.7,0.004556754,2.0,2.1601195,0.717266700662927
0.7,0.004556754,2.0,10.079369,0.718225395206527
0.7,0.004556754,2.0,47.031506,0.719326874043855
0.7,0.004556754,2.0,219.45445,0.718021417644059
0.7,0.004556754,2.0,1024.0,0.716777154513004
0.7,0.004556754,3.0,0.0009765625,0.718164201937787
0.7,0.004556754,3.0,0.004556754,0.717858235594085
0.7,0.004556754,3.0,0.021262344,0.71949005609383
0.7,0.004556754,3.0,0.099212565,0.71820499745028
0.7,0.004556754,3.0,0.46293736,0.71853136155023
0.7,0.004556754,3.0,2.1601195,0.719163691993881
0.7,0.004556754,3.0,10.079369,0.720020397756247
0.7,0.004556754,3.0,47.031506,0.721305456399796
0.7,0.004556754,3.0,219.45445,0.721958184599694
0.7,0.004556754,3.0,1024.0,0.723182049974503
0.7,0.004556754,5.0,0.0009765625,0.717858235594085
0.7,0.004556754,5.0,0.004556754,0.714982151963284
0.7,0.004556754,5.0,0.021262344,0.717042325344212
0.7,0.004556754,5.0,0.099212565,0.716552779194289
0.7,0.004556754,5.0,0.46293736,0.714207037225905
0.7,0.004556754,5.0,2.1601195,0.720305966343702
0.7,0.004556754,5.0,10.079369,0.717756246812851
0.7,0.004556754,5.0,47.031506,0.719694033656298
0.7,0.004556754,5.0,219.45445,0.721713411524732
0.7,0.004556754,5.0,1024.0,0.724079551249363
0.7,0.004556754,8.0,0.0009765625,0.717511473737889
0.7,0.004556754,8.0,0.004556754,0.719510453850077
0.7,0.004556754,8.0,0.021262344,0.720224375318715
0.7,0.004556754,8.0,0.099212565,0.7190413054564
0.7,0.004556754,8.0,0.46293736,0.719020907700153
0.7,0.004556754,8.0,2.1601195,0.718408975012749
0.7,0.004556754,8.0,10.079369,0.720979092299847
0.7,0.004556754,8.0,47.031506,0.719918408975013
0.7,0.004556754,8.0,219.45445,0.72224375318715
0.7,0.004556754,8.0,1024.0,0.723528811830699
0.7,0.004556754,13.0,0.0009765625,0.721570627231005
0.7,0.004556754,13.0,0.004556754,0.722896481387048
0.7,0.004556754,13.0,0.021262344,0.720775114737379
0.7,0.004556754,13.0,0.099212565,0.722039775624681
0.7,0.004556754,13.0,0.46293736,0.721978582355941
0.7,0.004556754,13.0,2.1601195,0.724283528811831
0.7,0.004556754,13.0,10.079369,0.725609382967874
0.7,0.004556754,13.0,47.031506,0.72422233554309
0.7,0.004556754,13.0,219.45445,0.724548699643039
0.7,0.004556754,13.0,1024.0,0.724752677205508
0.7,0.004556754,20.0,0.0009765625,0.722610912799592
0.7,0.004556754,20.0,0.004556754,0.721264660887302
0.7,0.004556754,20.0,0.021262344,0.721693013768485
0.7,0.004556754,20.0,0.099212565,0.722998470168281
0.7,0.004556754,20.0,0.46293736,0.722570117287098
0.7,0.004556754,20.0,2.1601195,0.725548189699133
0.7,0.004556754,20.0,10.079369,0.724487506374299
0.7,0.004556754,20.0,47.031506,0.725242223355431
0.7,0.004556754,20.0,219.45445,0.725160632330444
0.7,0.004556754,20.0,1024.0,0.726384497705252
0.7,0.004556754,32.0,0.0009765625,0.7219173890872
0.7,0.004556754,32.0,0.004556754,0.723080061193269
0.7,0.004556754,32.0,0.021262344,0.722529321774605
0.7,0.004556754,32.0,0.099212565,0.722080571137175
0.7,0.004556754,32.0,0.46293736,0.721815400305966
0.7,0.004556754,32.0,2.1601195,0.723182049974503
0.7,0.004556754,32.0,10.079369,0.724773074961754
0.7,0.004556754,32.0,47.031506,0.724691483936767
0.7,0.004556754,32.0,219.45445,0.72562978072412
0.7,0.004556754,32.0,1024.0,0.726343702192759
0.7,0.004556754,50.0,0.0009765625,0.72146863844977
0.7,0.004556754,50.0,0.004556754,0.721244263131056
0.7,0.004556754,50.0,0.021262344,0.721509433962264
0.7,0.004556754,50.0,0.099212565,0.722916879143294
0.7,0.004556754,50.0,0.46293736,0.721733809280979
0.7,0.004556754,50.0,2.1601195,0.725201427842937
0.7,0.004556754,50.0,10.079369,0.724589495155533
0.7,0.004556754,50.0,47.031506,0.726649668536461
0.7,0.004556754,50.0,219.45445,0.726486486486487
0.7,0.004556754,50.0,1024.0,0.727628760836308
0.7,0.009843133,1.0,0.0009765625,0.700458949515553
0.7,0.009843133,1.0,0.004556754,0.700377358490566
0.7,0.009843133,1.0,0.021262344,0.700581336053034
0.7,0.009843133,1.0,0.099212565,0.700764915859255
0.7,0.009843133,1.0,0.46293736,0.70041815400306
0.7,0.009843133,1.0,2.1601195,0.700295767465579
0.7,0.009843133,1.0,10.079369,0.700826109127996
0.7,0.009843133,1.0,47.031506,0.700152983171851
0.7,0.009843133,1.0,219.45445,0.701091279959205
0.7,0.009843133,1.0,1024.0,0.699622641509434
0.7,0.009843133,2.0,0.0009765625,0.716879143294238
0.7,0.009843133,2.0,0.004556754,0.716613972463029
0.7,0.009843133,2.0,0.021262344,0.715573686894442
0.7,0.009843133,2.0,0.099212565,0.715716471188169
0.7,0.009843133,2.0,0.46293736,0.716695563488016
0.7,0.009843133,2.0,2.1601195,0.717266700662927
0.7,0.009843133,2.0,10.079369,0.718225395206527
0.7,0.009843133,2.0,47.031506,0.719326874043855
0.7,0.009843133,2.0,219.45445,0.718021417644059
0.7,0.009843133,2.0,1024.0,0.716777154513004
0.7,0.009843133,3.0,0.0009765625,0.718164201937787
0.7,0.009843133,3.0,0.004556754,0.717858235594085
0.7,0.009843133,3.0,0.021262344,0.71949005609383
0.7,0.009843133,3.0,0.099212565,0.71820499745028
0.7,0.009843133,3.0,0.46293736,0.71853136155023
0.7,0.009843133,3.0,2.1601195,0.719163691993881
0.7,0.009843133,3.0,10.079369,0.720020397756247
0.7,0.009843133,3.0,47.031506,0.721305456399796
0.7,0.009843133,3.0,219.45445,0.721958184599694
0.7,0.009843133,3.0,1024.0,0.723182049974503
0.7,0.009843133,5.0,0.0009765625,0.717858235594085
0.7,0.009843133,5.0,0.004556754,0.714982151963284
0.7,0.009843133,5.0,0.021262344,0.717042325344212
0.7,0.009843133,5.0,0.099212565,0.716552779194289
0.7,0.009843133,5.0,0.46293736,0.714207037225905
0.7,0.009843133,5.0,2.1601195,0.720305966343702
0.7,0.009843133,5.0,10.079369,0.717756246812851
0.7,0.009843133,5.0,47.031506,0.719694033656298
0.7,0.009843133,5.0,219.45445,0.721713411524732
0.7,0.009843133,5.0,1024.0,0.724079551249363
0.7,0.009843133,8.0,0.0009765625,0.717511473737889
0.7,0.009843133,8.0,0.004556754,0.719510453850077
0.7,0.009843133,8.0,0.021262344,0.720224375318715
0.7,0.009843133,8.0,0.099212565,0.7190413054564
0.7,0.009843133,8.0,0.46293736,0.719020907700153
0.7,0.009843133,8.0,2.1601195,0.718408975012749
0.7,0.009843133,8.0,10.079369,0.720979092299847
0.7,0.009843133,8.0,47.031506,0.719918408975013
0.7,0.009843133,8.0,219.45445,0.72224375318715
0.7,0.009843133,8.0,1024.0,0.723528811830699
0.7,0.009843133,13.0,0.0009765625,0.721570627231005
0.7,0.009843133,13.0,0.004556754,0.722896481387048
0.7,0.009843133,13.0,0.021262344,0.720775114737379
0.7,0.009843133,13.0,0.099212565,0.722039775624681
0.7,0.009843133,13.0,0.46293736,0.721978582355941
0.7,0.009843133,13.0,2.1601195,0.724283528811831
0.7,0.009843133,13.0,10.079369,0.725609382967874
0.7,0.009843133,13.0,47.031506,0.72422233554309
0.7,0.009843133,13.0,219.45445,0.724548699643039
0.7,0.009843133,13.0,1024.0,0.724752677205508
0.7,0.009843133,20.0,0.0009765625,0.722610912799592
0.7,0.009843133,20.0,0.004556754,0.721264660887302
0.7,0.009843133,20.0,0.021262344,0.721693013768485
0.7,0.009843133,20.0,0.099212565,0.722998470168281
0.7,0.009843133,20.0,0.46293736,0.722570117287098
0.7,0.009843133,20.0,2.1601195,0.725548189699133
0.7,0.009843133,20.0,10.079369,0.724487506374299
0.7,0.009843133,20.0,47.031506,0.725242223355431
0.7,0.009843133,20.0,219.45445,0.725160632330444
0.7,0.009843133,20.0,1024.0,0.726384497705252
0.7,0.009843133,32.0,0.0009765625,0.7219173890872
0.7,0.009843133,32.0,0.004556754,0.723080061193269
0.7,0.009843133,32.0,0.021262344,0.722529321774605
0.7,0.009843133,32.0,0.099212565,0.722080571137175
0.7,0.009843133,32.0,0.46293736,0.721815400305966
0.7,0.009843133,32.0,2.1601195,0.723182049974503
0.7,0.009843133,32.0,10.079369,0.724773074961754
0.7,0.009843133,32.0,47.031506,0.724691483936767
0.7,0.009843133,32.0,219.45445,0.72562978072412
0.7,0.009843133,32.0,1024.0,0.726343702192759
0.7,0.009843133,50.0,0.0009765625,0.72146863844977
0.7,0.009843133,50.0,0.004556754,0.721244263131056
0.7,0.009843133,50.0,0.021262344,0.721509433962264
0.7,0.009843133,50.0,0.099212565,0.722916879143294
0.7,0.009843133,50.0,0.46293736,0.721733809280979
0.7,0.009843133,50.0,2.1601195,0.725201427842937
0.7,0.009843133,50.0,10.079369,0.724589495155533
0.7,0.009843133,50.0,47.031506,0.726649668536461
0.7,0.009843133,50.0,219.45445,0.726486486486487
0.7,0.009843133,50.0,1024.0,0.727628760836308
0.7,0.021262344,1.0,0.0009765625,0.700458949515553
0.7,0.021262344,1.0,0.004556754,0.700377358490566
0.7,0.021262344,1.0,0.021262344,0.700581336053034
0.7,0.021262344,1.0,0.099212565,0.700764915859255
0.7,0.021262344,1.0,0.46293736,0.70041815400306
0.7,0.021262344,1.0,2.1601195,0.700295767465579
0.7,0.021262344,1.0,10.079369,0.700826109127996
0.7,0.021262344,1.0,47.031506,0.700152983171851
0.7,0.021262344,1.0,219.45445,0.701091279959205
0.7,0.021262344,1.0,1024.0,0.699622641509434
0.7,0.021262344,2.0,0.0009765625,0.716879143294238
0.7,0.021262344,2.0,0.004556754,0.716613972463029
0.7,0.021262344,2.0,0.021262344,0.715573686894442
0.7,0.021262344,2.0,0.099212565,0.715716471188169
0.7,0.021262344,2.0,0.46293736,0.716695563488016
0.7,0.021262344,2.0,2.1601195,0.717266700662927
0.7,0.021262344,2.0,10.079369,0.718225395206527
0.7,0.021262344,2.0,47.031506,0.719326874043855
0.7,0.021262344,2.0,219.45445,0.718021417644059
0.7,0.021262344,2.0,1024.0,0.716777154513004
0.7,0.021262344,3.0,0.0009765625,0.718164201937787
0.7,0.021262344,3.0,0.004556754,0.717858235594085
0.7,0.021262344,3.0,0.021262344,0.71949005609383
0.7,0.021262344,3.0,0.099212565,0.71820499745028
0.7,0.021262344,3.0,0.46293736,0.71853136155023
0.7,0.021262344,3.0,2.1601195,0.719163691993881
0.7,0.021262344,3.0,10.079369,0.720020397756247
0.7,0.021262344,3.0,47.031506,0.721305456399796
0.7,0.021262344,3.0,219.45445,0.721958184599694
0.7,0.021262344,3.0,1024.0,0.723182049974503
0.7,0.021262344,5.0,0.0009765625,0.717858235594085
0.7,0.021262344,5.0,0.004556754,0.714982151963284
0.7,0.021262344,5.0,0.021262344,0.717042325344212
0.7,0.021262344,5.0,0.099212565,0.716552779194289
0.7,0.021262344,5.0,0.46293736,0.714207037225905
0.7,0.021262344,5.0,2.1601195,0.720305966343702
0.7,0.021262344,5.0,10.079369,0.717756246812851
0.7,0.021262344,5.0,47.031506,0.719694033656298
0.7,0.021262344,5.0,219.45445,0.721713411524732
0.7,0.021262344,5.0,1024.0,0.724079551249363
0.7,0.021262344,8.0,0.0009765625,0.717511473737889
0.7,0.021262344,8.0,0.004556754,0.719510453850077
0.7,0.021262344,8.0,0.021262344,0.720224375318715
0.7,0.021262344,8.0,0.099212565,0.7190413054564
0.7,0.021262344,8.0,0.46293736,0.719020907700153
0.7,0.021262344,8.0,2.1601195,0.718408975012749
0.7,0.021262344,8.0,10.079369,0.720979092299847
0.7,0.021262344,8.0,47.031506,0.719918408975013
0.7,0.021262344,8.0,219.45445,0.72224375318715
0.7,0.021262344,8.0,1024.0,0.723528811830699
0.7,0.021262344,13.0,0.0009765625,0.721570627231005
0.7,0.021262344,13.0,0.004556754,0.722896481387048
0.7,0.021262344,13.0,0.021262344,0.720775114737379
0.7,0.021262344,13.0,0.099212565,0.722039775624681
0.7,0.021262344,13.0,0.46293736,0.721978582355941
0.7,0.021262344,13.0,2.1601195,0.724283528811831
0.7,0.021262344,13.0,10.079369,0.725609382967874
0.7,0.021262344,13.0,47.031506,0.72422233554309
0.7,0.021262344,13.0,219.45445,0.724548699643039
0.7,0.021262344,13.0,1024.0,0.724752677205508
0.7,0.021262344,20.0,0.0009765625,0.722610912799592
0.7,0.021262344,20.0,0.004556754,0.721264660887302
0.7,0.021262344,20.0,0.021262344,0.721693013768485
0.7,0.021262344,20.0,0.099212565,0.722998470168281
0.7,0.021262344,20.0,0.46293736,0.722570117287098
0.7,0.021262344,20.0,2.1601195,0.725548189699133
0.7,0.021262344,20.0,10.079369,0.724487506374299
0.7,0.021262344,20.0,47.031506,0.725242223355431
0.7,0.021262344,20.0,219.45445,0.725160632330444
0.7,0.021262344,20.0,1024.0,0.726384497705252
0.7,0.021262344,32.0,0.0009765625,0.7219173890872
0.7,0.021262344,32.0,0.004556754,0.723080061193269
0.7,0.021262344,32.0,0.021262344,0.722529321774605
0.7,0.021262344,32.0,0.099212565,0.722080571137175
0.7,0.021262344,32.0,0.46293736,0.721815400305966
0.7,0.021262344,32.0,2.1601195,0.723182049974503
0.7,0.021262344,32.0,10.079369,0.724773074961754
0.7,0.021262344,32.0,47.031506,0.724691483936767
0.7,0.021262344,32.0,219.45445,0.72562978072412
0.7,0.021262344,32.0,1024.0,0.726343702192759
0.7,0.021262344,50.0,0.0009765625,0.72146863844977
0.7,0.021262344,50.0,0.004556754,0.721244263131056
0.7,0.021262344,50.0,0.021262344,0.721509433962264
0.7,0.021262344,50.0,0.099212565,0.722916879143294
0.7,0.021262344,50.0,0.46293736,0.721733809280979
0.7,0.021262344,50.0,2.1601195,0.725201427842937
0.7,0.021262344,50.0,10.079369,0.724589495155533
0.7,0.021262344,50.0,47.031506,0.726649668536461
0.7,0.021262344,50.0,219.45445,0.726486486486487
0.7,0.021262344,50.0,1024.0,0.727628760836308
0.7,0.045929205,1.0,0.0009765625,0.700458949515553
0.7,0.045929205,1.0,0.004556754,0.700377358490566
0.7,0.045929205,1.0,0.021262344,0.700581336053034
0.7,0.045929205,1.0,0.099212565,0.700764915859255
0.7,0.045929205,1.0,0.46293736,0.70041815400306
0.7,0.045929205,1.0,2.1601195,0.700295767465579
0.7,0.045929205,1.0,10.079369,0.700826109127996
0.7,0.045929205,1.0,47.031506,0.700152983171851
0.7,0.045929205,1.0,219.45445,0.701091279959205
0.7,0.045929205,1.0,1024.0,0.699622641509434
0.7,0.045929205,2.0,0.0009765625,0.716879143294238
0.7,0.045929205,2.0,0.004556754,0.716613972463029
0.7,0.045929205,2.0,0.021262344,0.715573686894442
0.7,0.045929205,2.0,0.099212565,0.715716471188169
0.7,0.045929205,2.0,0.46293736,0.716695563488016
0.7,0.045929205,2.0,2.1601195,0.717266700662927
0.7,0.045929205,2.0,10.079369,0.718225395206527
0.7,0.045929205,2.0,47.031506,0.719326874043855
0.7,0.045929205,2.0,219.45445,0.718021417644059
0.7,0.045929205,2.0,1024.0,0.716777154513004
0.7,0.045929205,3.0,0.0009765625,0.718164201937787
0.7,0.045929205,3.0,0.004556754,0.717858235594085
0.7,0.045929205,3.0,0.021262344,0.71949005609383
0.7,0.045929205,3.0,0.099212565,0.71820499745028
0.7,0.045929205,3.0,0.46293736,0.71853136155023
0.7,0.045929205,3.0,2.1601195,0.719163691993881
0.7,0.045929205,3.0,10.079369,0.720020397756247
0.7,0.045929205,3.0,47.031506,0.721305456399796
0.7,0.045929205,3.0,219.45445,0.721958184599694
0.7,0.045929205,3.0,1024.0,0.723182049974503
0.7,0.045929205,5.0,0.0009765625,0.717858235594085
0.7,0.045929205,5.0,0.004556754,0.714982151963284
0.7,0.045929205,5.0,0.021262344,0.717042325344212
0.7,0.045929205,5.0,0.099212565,0.716552779194289
0.7,0.045929205,5.0,0.46293736,0.714207037225905
0.7,0.045929205,5.0,2.1601195,0.720305966343702
0.7,0.045929205,5.0,10.079369,0.717756246812851
0.7,0.045929205,5.0,47.031506,0.719694033656298
0.7,0.045929205,5.0,219.45445,0.721713411524732
0.7,0.045929205,5.0,1024.0,0.724079551249363
0.7,0.045929205,8.0,0.0009765625,0.717511473737889
0.7,0.045929205,8.0,0.004556754,0.719510453850077
0.7,0.045929205,8.0,0.021262344,0.720224375318715
0.7,0.045929205,8.0,0.099212565,0.7190413054564
0.7,0.045929205,8.0,0.46293736,0.719020907700153
0.7,0.045929205,8.0,2.1601195,0.718408975012749
0.7,0.045929205,8.0,10.079369,0.720979092299847
0.7,0.045929205,8.0,47.031506,0.719918408975013
0.7,0.045929205,8.0,219.45445,0.72224375318715
0.7,0.045929205,8.0,1024.0,0.723528811830699
0.7,0.045929205,13.0,0.0009765625,0.721570627231005
0.7,0.045929205,13.0,0.004556754,0.722896481387048
0.7,0.045929205,13.0,0.021262344,0.720775114737379
0.7,0.045929205,13.0,0.099212565,0.722039775624681
0.7,0.045929205,13.0,0.46293736,0.721978582355941
0.7,0.045929205,13.0,2.1601195,0.724283528811831
0.7,0.045929205,13.0,10.079369,0.725609382967874
0.7,0.045929205,13.0,47.031506,0.72422233554309
0.7,0.045929205,13.0,219.45445,0.724548699643039
0.7,0.045929205,13.0,1024.0,0.724752677205508
0.7,0.045929205,20.0,0.0009765625,0.722610912799592
0.7,0.045929205,20.0,0.004556754,0.721264660887302
0.7,0.045929205,20.0,0.021262344,0.721693013768485
0.7,0.045929205,20.0,0.099212565,0.722998470168281
0.7,0.045929205,20.0,0.46293736,0.722570117287098
0.7,0.045929205,20.0,2.1601195,0.725548189699133
0.7,0.045929205,20.0,10.079369,0.724487506374299
0.7,0.045929205,20.0,47.031506,0.725242223355431
0.7,0.045929205,20.0,219.45445,0.725160632330444
0.7,0.045929205,20.0,1024.0,0.726384497705252
0.7,0.045929205,32.0,0.0009765625,0.7219173890872
0.7,0.045929205,32.0,0.004556754,0.723080061193269
0.7,0.045929205,32.0,0.021262344,0.722529321774605
0.7,0.045929205,32.0,0.099212565,0.722080571137175
0.7,0.045929205,32.0,0.46293736,0.721815400305966
0.7,0.045929205,32.0,2.1601195,0.723182049974503
0.7,0.045929205,32.0,10.079369,0.724773074961754
0.7,0.045929205,32.0,47.031506,0.724691483936767
0.7,0.045929205,32.0,219.45445,0.72562978072412
0.7,0.045929205,32.0,1024.0,0.726343702192759
0.7,0.045929205,50.0,0.0009765625,0.72146863844977
0.7,0.045929205,50.0,0.004556754,0.721244263131056
0.7,0.045929205,50.0,0.021262344,0.721509433962264
0.7,0.045929205,50.0,0.099212565,0.722916879143294
0.7,0.045929205,50.0,0.46293736,0.721733809280979
0.7,0.045929205,50.0,2.1601195,0.725201427842937
0.7,0.045929205,50.0,10.079369,0.724589495155533
0.7,0.045929205,50.0,47.031506,0.726649668536461
0.7,0.045929205,50.0,219.45445,0.726486486486487
0.7,0.045929205,50.0,1024.0,0.727628760836308
0.7,0.099212565,1.0,0.0009765625,0.700458949515553
0.7,0.099212565,1.0,0.004556754,0.700377358490566
0.7,0.099212565,1.0,0.021262344,0.700581336053034
0.7,0.099212565,1.0,0.099212565,0.700764915859255
0.7,0.099212565,1.0,0.46293736,0.70041815400306
0.7,0.099212565,1.0,2.1601195,0.700295767465579
0.7,0.099212565,1.0,10.079369,0.700826109127996
0.7,0.099212565,1.0,47.031506,0.700152983171851
0.7,0.099212565,1.0,219.45445,0.701091279959205
0.7,0.099212565,1.0,1024.0,0.699622641509434
0.7,0.099212565,2.0,0.0009765625,0.716879143294238
0.7,0.099212565,2.0,0.004556754,0.716613972463029
0.7,0.099212565,2.0,0.021262344,0.715573686894442
0.7,0.099212565,2.0,0.099212565,0.715716471188169
0.7,0.099212565,2.0,0.46293736,0.716695563488016
0.7,0.099212565,2.0,2.1601195,0.717266700662927
0.7,0.099212565,2.0,10.079369,0.718225395206527
0.7,0.099212565,2.0,47.031506,0.719326874043855
0.7,0.099212565,2.0,219.45445,0.718021417644059
0.7,0.099212565,2.0,1024.0,0.716777154513004
0.7,0.099212565,3.0,0.0009765625,0.718164201937787
0.7,0.099212565,3.0,0.004556754,0.717858235594085
0.7,0.099212565,3.0,0.021262344,0.71949005609383
0.7,0.099212565,3.0,0.099212565,0.71820499745028
0.7,0.099212565,3.0,0.46293736,0.71853136155023
0.7,0.099212565,3.0,2.1601195,0.719163691993881
0.7,0.099212565,3.0,10.079369,0.720020397756247
0.7,0.099212565,3.0,47.031506,0.721305456399796
0.7,0.099212565,3.0,219.45445,0.721958184599694
0.7,0.099212565,3.0,1024.0,0.723182049974503
0.7,0.099212565,5.0,0.0009765625,0.717858235594085
0.7,0.099212565,5.0,0.004556754,0.714982151963284
0.7,0.099212565,5.0,0.021262344,0.717042325344212
0.7,0.099212565,5.0,0.099212565,0.716552779194289
0.7,0.099212565,5.0,0.46293736,0.714207037225905
0.7,0.099212565,5.0,2.1601195,0.720305966343702
0.7,0.099212565,5.0,10.079369,0.717756246812851
0.7,0.099212565,5.0,47.031506,0.719694033656298
0.7,0.099212565,5.0,219.45445,0.721713411524732
0.7,0.099212565,5.0,1024.0,0.724079551249363
0.7,0.099212565,8.0,0.0009765625,0.717511473737889
0.7,0.099212565,8.0,0.004556754,0.719510453850077
0.7,0.099212565,8.0,0.021262344,0.720224375318715
0.7,0.099212565,8.0,0.099212565,0.7190413054564
0.7,0.099212565,8.0,0.46293736,0.719020907700153
0.7,0.099212565,8.0,2.1601195,0.718408975012749
0.7,0.099212565,8.0,10.079369,0.720979092299847
0.7,0.099212565,8.0,47.031506,0.719918408975013
0.7,0.099212565,8.0,219.45445,0.72224375318715
0.7,0.099212565,8.0,1024.0,0.723528811830699
0.7,0.099212565,13.0,0.0009765625,0.721570627231005
0.7,0.099212565,13.0,0.004556754,0.722896481387048
0.7,0.099212565,13.0,0.021262344,0.720775114737379
0.7,0.099212565,13.0,0.099212565,0.722039775624681
0.7,0.099212565,13.0,0.46293736,0.721978582355941
0.7,0.099212565,13.0,2.1601195,0.724283528811831
0.7,0.099212565,13.0,10.079369,0.725609382967874
0.7,0.099212565,13.0,47.031506,0.72422233554309
0.7,0.099212565,13.0,219.45445,0.724548699643039
0.7,0.099212565,13.0,1024.0,0.724752677205508
0.7,0.099212565,20.0,0.0009765625,0.722610912799592
0.7,0.099212565,20.0,0.004556754,0.721264660887302
0.7,0.099212565,20.0,0.021262344,0.721693013768485
0.7,0.099212565,20.0,0.099212565,0.722998470168281
0.7,0.099212565,20.0,0.46293736,0.722570117287098
0.7,0.099212565,20.0,2.1601195,0.725548189699133
0.7,0.099212565,20.0,10.079369,0.724487506374299
0.7,0.099212565,20.0,47.031506,0.725242223355431
0.7,0.099212565,20.0,219.45445,0.725160632330444
0.7,0.099212565,20.0,1024.0,0.726384497705252
0.7,0.099212565,32.0,0.0009765625,0.7219173890872
0.7,0.099212565,32.0,0.004556754,0.723080061193269
0.7,0.099212565,32.0,0.021262344,0.722529321774605
0.7,0.099212565,32.0,0.099212565,0.722080571137175
0.7,0.099212565,32.0,0.46293736,0.721815400305966
0.7,0.099212565,32.0,2.1601195,0.723182049974503
0.7,0.099212565,32.0,10.079369,0.724773074961754
0.7,0.099212565,32.0,47.031506,0.724691483936767
0.7,0.099212565,32.0,219.45445,0.72562978072412
0.7,0.099212565,32.0,1024.0,0.726343702192759
0.7,0.099212565,50.0,0.0009765625,0.72146863844977
0.7,0.099212565,50.0,0.004556754,0.721244263131056
0.7,0.099212565,50.0,0.021262344,0.721509433962264
0.7,0.099212565,50.0,0.099212565,0.722916879143294
0.7,0.099212565,50.0,0.46293736,0.721733809280979
0.7,0.099212565,50.0,2.1601195,0.725201427842937
0.7,0.099212565,50.0,10.079369,0.724589495155533
0.7,0.099212565,50.0,47.031506,0.726649668536461
0.7,0.099212565,50.0,219.45445,0.726486486486487
0.7,0.099212565,50.0,1024.0,0.727628760836308
0.7,0.21431099,1.0,0.0009765625,0.700458949515553
0.7,0.21431099,1.0,0.004556754,0.700377358490566
0.7,0.21431099,1.0,0.021262344,0.700581336053034
0.7,0.21431099,1.0,0.099212565,0.700764915859255
0.7,0.21431099,1.0,0.46293736,0.70041815400306
0.7,0.21431099,1.0,2.1601195,0.700295767465579
0.7,0.21431099,1.0,10.079369,0.700826109127996
0.7,0.21431099,1.0,47.031506,0.700152983171851
0.7,0.21431099,1.0,219.45445,0.701091279959205
0.7,0.21431099,1.0,1024.0,0.699622641509434
0.7,0.21431099,2.0,0.0009765625,0.716879143294238
0.7,0.21431099,2.0,0.004556754,0.716613972463029
0.7,0.21431099,2.0,0.021262344,0.715573686894442
0.7,0.21431099,2.0,0.099212565,0.715716471188169
0.7,0.21431099,2.0,0.46293736,0.716695563488016
0.7,0.21431099,2.0,2.1601195,0.717266700662927
0.7,0.21431099,2.0,10.079369,0.718225395206527
0.7,0.21431099,2.0,47.031506,0.719326874043855
0.7,0.21431099,2.0,219.45445,0.718021417644059
0.7,0.21431099,2.0,1024.0,0.716777154513004
0.7,0.21431099,3.0,0.0009765625,0.718164201937787
0.7,0.21431099,3.0,0.004556754,0.717858235594085
0.7,0.21431099,3.0,0.021262344,0.71949005609383
0.7,0.21431099,3.0,0.099212565,0.71820499745028
0.7,0.21431099,3.0,0.46293736,0.71853136155023
0.7,0.21431099,3.0,2.1601195,0.719163691993881
0.7,0.21431099,3.0,10.079369,0.720020397756247
0.7,0.21431099,3.0,47.031506,0.721305456399796
0.7,0.21431099,3.0,219.45445,0.721958184599694
0.7,0.21431099,3.0,1024.0,0.723182049974503
0.7,0.21431099,5.0,0.0009765625,0.717858235594085
0.7,0.21431099,5.0,0.004556754,0.714982151963284
0.7,0.21431099,5.0,0.021262344,0.717042325344212
0.7,0.21431099,5.0,0.099212565,0.716552779194289
0.7,0.21431099,5.0,0.46293736,0.714207037225905
0.7,0.21431099,5.0,2.1601195,0.720305966343702
0.7,0.21431099,5.0,10.079369,0.717756246812851
0.7,0.21431099,5.0,47.031506,0.719694033656298
0.7,0.21431099,5.0,219.45445,0.721713411524732
0.7,0.21431099,5.0,1024.0,0.724079551249363
0.7,0.21431099,8.0,0.0009765625,0.717511473737889
0.7,0.21431099,8.0,0.004556754,0.719510453850077
0.7,0.21431099,8.0,0.021262344,0.720224375318715
0.7,0.21431099,8.0,0.099212565,0.7190413054564
0.7,0.21431099,8.0,0.46293736,0.719020907700153
0.7,0.21431099,8.0,2.1601195,0.718408975012749
0.7,0.21431099,8.0,10.079369,0.720979092299847
0.7,0.21431099,8.0,47.031506,0.719918408975013
0.7,0.21431099,8.0,219.45445,0.72224375318715
0.7,0.21431099,8.0,1024.0,0.723528811830699
0.7,0.21431099,13.0,0.0009765625,0.721570627231005
0.7,0.21431099,13.0,0.004556754,0.722896481387048
0.7,0.21431099,13.0,0.021262344,0.720775114737379
0.7,0.21431099,13.0,0.099212565,0.722039775624681
0.7,0.21431099,13.0,0.46293736,0.721978582355941
0.7,0.21431099,13.0,2.1601195,0.724283528811831
0.7,0.21431099,13.0,10.079369,0.725609382967874
0.7,0.21431099,13.0,47.031506,0.72422233554309
0.7,0.21431099,13.0,219.45445,0.724548699643039
0.7,0.21431099,13.0,1024.0,0.724752677205508
0.7,0.21431099,20.0,0.0009765625,0.722610912799592
0.7,0.21431099,20.0,0.004556754,0.721264660887302
0.7,0.21431099,20.0,0.021262344,0.721693013768485
0.7,0.21431099,20.0,0.099212565,0.722998470168281
0.7,0.21431099,20.0,0.46293736,0.722570117287098
0.7,0.21431099,20.0,2.1601195,0.725548189699133
0.7,0.21431099,20.0,10.079369,0.724487506374299
0.7,0.21431099,20.0,47.031506,0.725242223355431
0.7,0.21431099,20.0,219.45445,0.725160632330444
0.7,0.21431099,20.0,1024.0,0.726384497705252
0.7,0.21431099,32.0,0.0009765625,0.7219173890872
0.7,0.21431099,32.0,0.004556754,0.723080061193269
0.7,0.21431099,32.0,0.021262344,0.722529321774605
0.7,0.21431099,32.0,0.099212565,0.722080571137175
0.7,0.21431099,32.0,0.46293736,0.721815400305966
0.7,0.21431099,32.0,2.1601195,0.723182049974503
0.7,0.21431099,32.0,10.079369,0.724773074961754
0.7,0.21431099,32.0,47.031506,0.724691483936767
0.7,0.21431099,32.0,219.45445,0.72562978072412
0.7,0.21431099,32.0,1024.0,0.726343702192759
0.7,0.21431099,50.0,0.0009765625,0.72146863844977
0.7,0.21431099,50.0,0.004556754,0.721244263131056
0.7,0.21431099,50.0,0.021262344,0.721509433962264
0.7,0.21431099,50.0,0.099212565,0.722916879143294
0.7,0.21431099,50.0,0.46293736,0.721733809280979
0.7,0.21431099,50.0,2.1601195,0.725201427842937
0.7,0.21431099,50.0,10.079369,0.724589495155533
0.7,0.21431099,50.0,47.031506,0.726649668536461
0.7,0.21431099,50.0,219.45445,0.726486486486487
0.7,0.21431099,50.0,1024.0,0.727628760836308
0.7,0.46293736,1.0,0.0009765625,0.700458949515553
0.7,0.46293736,1.0,0.004556754,0.700377358490566
0.7,0.46293736,1.0,0.021262344,0.700581336053034
0.7,0.46293736,1.0,0.099212565,0.700764915859255
0.7,0.46293736,1.0,0.46293736,0.70041815400306
0.7,0.46293736,1.0,2.1601195,0.700295767465579
0.7,0.46293736,1.0,10.079369,0.700826109127996
0.7,0.46293736,1.0,47.031506,0.700152983171851
0.7,0.46293736,1.0,219.45445,0.701091279959205
0.7,0.46293736,1.0,1024.0,0.699622641509434
0.7,0.46293736,2.0,0.0009765625,0.716879143294238
0.7,0.46293736,2.0,0.004556754,0.716613972463029
0.7,0.46293736,2.0,0.021262344,0.715573686894442
0.7,0.46293736,2.0,0.099212565,0.715716471188169
0.7,0.46293736,2.0,0.46293736,0.716695563488016
0.7,0.46293736,2.0,2.1601195,0.717266700662927
0.7,0.46293736,2.0,10.079369,0.718225395206527
0.7,0.46293736,2.0,47.031506,0.719326874043855
0.7,0.46293736,2.0,219.45445,0.718021417644059
0.7,0.46293736,2.0,1024.0,0.716777154513004
0.7,0.46293736,3.0,0.0009765625,0.718164201937787
0.7,0.46293736,3.0,0.004556754,0.717858235594085
0.7,0.46293736,3.0,0.021262344,0.71949005609383
0.7,0.46293736,3.0,0.099212565,0.71820499745028
0.7,0.46293736,3.0,0.46293736,0.71853136155023
0.7,0.46293736,3.0,2.1601195,0.719163691993881
0.7,0.46293736,3.0,10.079369,0.720020397756247
0.7,0.46293736,3.0,47.031506,0.721305456399796
0.7,0.46293736,3.0,219.45445,0.721958184599694
0.7,0.46293736,3.0,1024.0,0.723182049974503
0.7,0.46293736,5.0,0.0009765625,0.717858235594085
0.7,0.46293736,5.0,0.004556754,0.714982151963284
0.7,0.46293736,5.0,0.021262344,0.717042325344212
0.7,0.46293736,5.0,0.099212565,0.716552779194289
0.7,0.46293736,5.0,0.46293736,0.714207037225905
0.7,0.46293736,5.0,2.1601195,0.720305966343702
0.7,0.46293736,5.0,10.079369,0.717756246812851
0.7,0.46293736,5.0,47.031506,0.719694033656298
0.7,0.46293736,5.0,219.45445,0.721713411524732
0.7,0.46293736,5.0,1024.0,0.724079551249363
0.7,0.46293736,8.0,0.0009765625,0.717511473737889
0.7,0.46293736,8.0,0.004556754,0.719510453850077
0.7,0.46293736,8.0,0.021262344,0.720224375318715
0.7,0.46293736,8.0,0.099212565,0.7190413054564
0.7,0.46293736,8.0,0.46293736,0.719020907700153
0.7,0.46293736,8.0,2.1601195,0.718408975012749
0.7,0.46293736,8.0,10.079369,0.720979092299847
0.7,0.46293736,8.0,47.031506,0.719918408975013
0.7,0.46293736,8.0,219.45445,0.72224375318715
0.7,0.46293736,8.0,1024.0,0.723528811830699
0.7,0.46293736,13.0,0.0009765625,0.721570627231005
0.7,0.46293736,13.0,0.004556754,0.722896481387048
0.7,0.46293736,13.0,0.021262344,0.720775114737379
0.7,0.46293736,13.0,0.099212565,0.722039775624681
0.7,0.46293736,13.0,0.46293736,0.721978582355941
0.7,0.46293736,13.0,2.1601195,0.724283528811831
0.7,0.46293736,13.0,10.079369,0.725609382967874
0.7,0.46293736,13.0,47.031506,0.72422233554309
0.7,0.46293736,13.0,219.45445,0.724548699643039
0.7,0.46293736,13.0,1024.0,0.724752677205508
0.7,0.46293736,20.0,0.0009765625,0.722610912799592
0.7,0.46293736,20.0,0.004556754,0.721264660887302
0.7,0.46293736,20.0,0.021262344,0.721693013768485
0.7,0.46293736,20.0,0.099212565,0.722998470168281
0.7,0.46293736,20.0,0.46293736,0.722570117287098
0.7,0.46293736,20.0,2.1601195,0.725548189699133
0.7,0.46293736,20.0,10.079369,0.724487506374299
0.7,0.46293736,20.0,47.031506,0.725242223355431
0.7,0.46293736,20.0,219.45445,0.725160632330444
0.7,0.46293736,20.0,1024.0,0.726384497705252
0.7,0.46293736,32.0,0.0009765625,0.7219173890872
0.7,0.46293736,32.0,0.004556754,0.723080061193269
0.7,0.46293736,32.0,0.021262344,0.722529321774605
0.7,0.46293736,32.0,0.099212565,0.722080571137175
0.7,0.46293736,32.0,0.46293736,0.721815400305966
0.7,0.46293736,32.0,2.1601195,0.723182049974503
0.7,0.46293736,32.0,10.079369,0.724773074961754
0.7,0.46293736,32.0,47.031506,0.724691483936767
0.7,0.46293736,32.0,219.45445,0.72562978072412
0.7,0.46293736,32.0,1024.0,0.726343702192759
0.7,0.46293736,50.0,0.0009765625,0.72146863844977
0.7,0.46293736,50.0,0.004556754,0.721244263131056
0.7,0.46293736,50.0,0.021262344,0.721509433962264
0.7,0.46293736,50.0,0.099212565,0.722916879143294
0.7,0.46293736,50.0,0.46293736,0.721733809280979
0.7,0.46293736,50.0,2.1601195,0.725201427842937
0.7,0.46293736,50.0,10.079369,0.724589495155533
0.7,0.46293736,50.0,47.031506,0.726649668536461
0.7,0.46293736,50.0,219.45445,0.726486486486487
0.7,0.46293736,50.0,1024.0,0.727628760836308
0.7,1.0,1.0,0.0009765625,0.700458949515553
0.7,1.0,1.0,0.004556754,0.700377358490566
0.7,1.0,1.0,0.021262344,0.700581336053034
0.7,1.0,1.0,0.099212565,0.700764915859255
0.7,1.0,1.0,0.46293736,0.70041815400306
0.7,1.0,1.0,2.1601195,0.700295767465579
0.7,1.0,1.0,10.079369,0.700826109127996
0.7,1.0,1.0,47.031506,0.700152983171851
0.7,1.0,1.0,219.45445,0.701091279959205
0.7,1.0,1.0,1024.0,0.699622641509434
0.7,1.0,2.0,0.0009765625,0.716879143294238
0.7,1.0,2.0,0.004556754,0.716613972463029
0.7,1.0,2.0,0.021262344,0.715573686894442
0.7,1.0,2.0,0.099212565,0.715716471188169
0.7,1.0,2.0,0.46293736,0.716695563488016
0.7,1.0,2.0,2.1601195,0.717266700662927
0.7,1.0,2.0,10.079369,0.718225395206527
0.7,1.0,2.0,47.031506,0.719326874043855
0.7,1.0,2.0,219.45445,0.718021417644059
0.7,1.0,2.0,1024.0,0.716777154513004
0.7,1.0,3.0,0.0009765625,0.718164201937787
0.7,1.0,3.0,0.004556754,0.717858235594085
0.7,1.0,3.0,0.021262344,0.71949005609383
0.7,1.0,3.0,0.099212565,0.71820499745028
0.7,1.0,3.0,0.46293736,0.71853136155023
0.7,1.0,3.0,2.1601195,0.719163691993881
0.7,1.0,3.0,10.079369,0.720020397756247
0.7,1.0,3.0,47.031506,0.721305456399796
0.7,1.0,3.0,219.45445,0.721958184599694
0.7,1.0,3.0,1024.0,0.723182049974503
0.7,1.0,5.0,0.0009765625,0.717858235594085
0.7,1.0,5.0,0.004556754,0.714982151963284
0.7,1.0,5.0,0.021262344,0.717042325344212
0.7,1.0,5.0,0.099212565,0.716552779194289
0.7,1.0,5.0,0.46293736,0.714207037225905
0.7,1.0,5.0,2.1601195,0.720305966343702
0.7,1.0,5.0,10.079369,0.717756246812851
0.7,1.0,5.0,47.031506,0.719694033656298
0.7,1.0,5.0,219.45445,0.721713411524732
0.7,1.0,5.0,1024.0,0.724079551249363
0.7,1.0,8.0,0.0009765625,0.717511473737889
0.7,1.0,8.0,0.004556754,0.719510453850077
0.7,1.0,8.0,0.021262344,0.720224375318715
0.7,1.0,8.0,0.099212565,0.7190413054564
0.7,1.0,8.0,0.46293736,0.719020907700153
0.7,1.0,8.0,2.1601195,0.718408975012749
0.7,1.0,8.0,10.079369,0.720979092299847
0.7,1.0,8.0,47.031506,0.719918408975013
0.7,1.0,8.0,219.45445,0.72224375318715
0.7,1.0,8.0,1024.0,0.723528811830699
0.7,1.0,13.0,0.0009765625,0.721570627231005
0.7,1.0,13.0,0.004556754,0.722896481387048
0.7,1.0,13.0,0.021262344,0.720775114737379
0.7,1.0,13.0,0.099212565,0.722039775624681
0.7,1.0,13.0,0.46293736,0.721978582355941
0.7,1.0,13.0,2.1601195,0.724283528811831
0.7,1.0,13.0,10.079369,0.725609382967874
0.7,1.0,13.0,47.031506,0.72422233554309
0.7,1.0,13.0,219.45445,0.724548699643039
0.7,1.0,13.0,1024.0,0.724752677205508
0.7,1.0,20.0,0.0009765625,0.722610912799592
0.7,1.0,20.0,0.004556754,0.721264660887302
0.7,1.0,20.0,0.021262344,0.721693013768485
0.7,1.0,20.0,0.099212565,0.722998470168281
0.7,1.0,20.0,0.46293736,0.722570117287098
0.7,1.0,20.0,2.1601195,0.725548189699133
0.7,1.0,20.0,10.079369,0.724487506374299
0.7,1.0,20.0,47.031506,0.725242223355431
0.7,1.0,20.0,219.45445,0.725160632330444
0.7,1.0,20.0,1024.0,0.726384497705252
0.7,1.0,32.0,0.0009765625,0.7219173890872
0.7,1.0,32.0,0.004556754,0.723080061193269
0.7,1.0,32.0,0.021262344,0.722529321774605
0.7,1.0,32.0,0.099212565,0.722080571137175
0.7,1.0,32.0,0.46293736,0.721815400305966
0.7,1.0,32.0,2.1601195,0.723182049974503
0.7,1.0,32.0,10.079369,0.724773074961754
0.7,1.0,32.0,47.031506,0.724691483936767
0.7,1.0,32.0,219.45445,0.72562978072412
0.7,1.0,32.0,1024.0,0.726343702192759
0.7,1.0,50.0,0.0009765625,0.72146863844977
0.7,1.0,50.0,0.004556754,0.721244263131056
0.7,1.0,50.0,0.021262344,0.721509433962264
0.7,1.0,50.0,0.099212565,0.722916879143294
0.7,1.0,50.0,0.46293736,0.721733809280979
0.7,1.0,50.0,2.1601195,0.725201427842937
0.7,1.0,50.0,10.079369,0.724589495155533
0.7,1.0,50.0,47.031506,0.726649668536461
0.7,1.0,50.0,219.45445,0.726486486486487
0.7,1.0,50.0,1024.0,0.727628760836308
0.8,0.0009765625,1.0,0.0009765625,0.700948495665477
0.8,0.0009765625,1.0,0.004556754,0.700887302396736
0.8,0.0009765625,1.0,0.021262344,0.700887302396736
0.8,0.0009765625,1.0,0.099212565,0.700764915859255
0.8,0.0009765625,1.0,0.46293736,0.700662927078021
0.8,0.0009765625,1.0,2.1601195,0.700520142784294
0.8,0.0009765625,1.0,10.079369,0.701030086690464
0.8,0.0009765625,1.0,47.031506,0.700499745028047
0.8,0.0009765625,1.0,219.45445,0.700826109127996
0.8,0.0009765625,1.0,1024.0,0.699724630290668
0.8,0.0009765625,2.0,0.0009765625,0.716879143294238
0.8,0.0009765625,2.0,0.004556754,0.71763386027537
0.8,0.0009765625,2.0,0.021262344,0.716104028556859
0.8,0.0009765625,2.0,0.099212565,0.716308006119327
0.8,0.0009765625,2.0,0.46293736,0.716654767975523
0.8,0.0009765625,2.0,2.1601195,0.717348291687914
0.8,0.0009765625,2.0,10.079369,0.717715451300357
0.8,0.0009765625,2.0,47.031506,0.718857725650178
0.8,0.0009765625,2.0,219.45445,0.718347781744008
0.8,0.0009765625,2.0,1024.0,0.716206017338093
0.8,0.0009765625,3.0,0.0009765625,0.717327893931668
0.8,0.0009765625,3.0,0.004556754,0.717409484956655
0.8,0.0009765625,3.0,0.021262344,0.718449770525242
0.8,0.0009765625,3.0,0.099212565,0.71859255481897
0.8,0.0009765625,3.0,0.46293736,0.71865374808771
0.8,0.0009765625,3.0,2.1601195,0.718755736868944
0.8,0.0009765625,3.0,10.079369,0.720305966343702
0.8,0.0009765625,3.0,47.031506,0.721285058643549
0.8,0.0009765625,3.0,219.45445,0.720122386537481
0.8,0.0009765625,3.0,1024.0,0.722447730749617
0.8,0.0009765625,5.0,0.0009765625,0.716328403875574
0.8,0.0009765625,5.0,0.004556754,0.716756756756757
0.8,0.0009765625,5.0,0.021262344,0.716919938806731
0.8,0.0009765625,5.0,0.099212565,0.716899541050484
0.8,0.0009765625,5.0,0.46293736,0.716777154513004
0.8,0.0009765625,5.0,2.1601195,0.717715451300357
0.8,0.0009765625,5.0,10.079369,0.719020907700153
0.8,0.0009765625,5.0,47.031506,0.719653238143804
0.8,0.0009765625,5.0,219.45445,0.721223865374809
0.8,0.0009765625,5.0,1024.0,0.722427332993371
0.8,0.0009765625,8.0,0.0009765625,0.717939826619072
0.8,0.0009765625,8.0,0.004556754,0.720632330443651
0.8,0.0009765625,8.0,0.021262344,0.716593574706782
0.8,0.0009765625,8.0,0.099212565,0.717776644569097
0.8,0.0009765625,8.0,0.46293736,0.716960734319225
0.8,0.0009765625,8.0,2.1601195,0.720367159612443
0.8,0.0009765625,8.0,10.079369,0.721876593574707
0.8,0.0009765625,8.0,47.031506,0.720836308006119
0.8,0.0009765625,8.0,219.45445,0.721060683324834
0.8,0.0009765625,8.0,1024.0,0.724242733299337
0.8,0.0009765625,13.0,0.0009765625,0.723059663437022
0.8,0.0009765625,13.0,0.004556754,0.723222845486996
0.8,0.0009765625,13.0,0.021262344,0.720917899031107
0.8,0.0009765625,13.0,0.099212565,0.72146863844977
0.8,0.0009765625,13.0,0.46293736,0.723161652218256
0.8,0.0009765625,13.0,2.1601195,0.721774604793473
0.8,0.0009765625,13.0,10.079369,0.723386027536971
0.8,0.0009765625,13.0,47.031506,0.723100458949516
0.8,0.0009765625,13.0,219.45445,0.724997450280469
0.8,0.0009765625,13.0,1024.0,0.725262621111678
0.8,0.0009765625,20.0,0.0009765625,0.721591024987251
0.8,0.0009765625,20.0,0.004556754,0.722937276899541
0.8,0.0009765625,20.0,0.021262344,0.721081081081081
0.8,0.0009765625,20.0,0.099212565,0.721305456399796
0.8,0.0009765625,20.0,0.46293736,0.723814380418154
0.8,0.0009765625,20.0,2.1601195,0.724977052524222
0.8,0.0009765625,20.0,10.079369,0.724732279449261
0.8,0.0009765625,20.0,47.031506,0.725588985211627
0.8,0.0009765625,20.0,219.45445,0.724936257011729
0.8,0.0009765625,20.0,1024.0,0.726812850586436
0.8,0.0009765625,32.0,0.0009765625,0.723834778174401
0.8,0.0009765625,32.0,0.004556754,0.722488526262111
0.8,0.0009765625,32.0,0.021262344,0.723222845486996
0.8,0.0009765625,32.0,0.099212565,0.721550229474758
0.8,0.0009765625,32.0,0.46293736,0.723120856705762
0.8,0.0009765625,32.0,2.1601195,0.724446710861805
0.8,0.0009765625,32.0,10.079369,0.725038245792963
0.8,0.0009765625,32.0,47.031506,0.725813360530342
0.8,0.0009765625,32.0,219.45445,0.725446200917899
0.8,0.0009765625,32.0,1024.0,0.72793472718001
0.8,0.0009765625,50.0,0.0009765625,0.722141764405915
0.8,0.0009765625,50.0,0.004556754,0.722896481387047
0.8,0.0009765625,50.0,0.021262344,0.722978072412035
0.8,0.0009765625,50.0,0.099212565,0.722978072412035
0.8,0.0009765625,50.0,0.46293736,0.7219173890872
0.8,0.0009765625,50.0,2.1601195,0.723508414074452
0.8,0.0009765625,50.0,10.079369,0.724711881693014
0.8,0.0009765625,50.0,47.031506,0.725792962774095
0.8,0.0009765625,50.0,219.45445,0.725486996430393
0.8,0.0009765625,50.0,1024.0,0.725976542580316
0.8,0.0021094917,1.0,0.0009765625,0.700948495665477
0.8,0.0021094917,1.0,0.004556754,0.700887302396736
0.8,0.0021094917,1.0,0.021262344,0.700887302396736
0.8,0.0021094917,1.0,0.099212565,0.700764915859255
0.8,0.0021094917,1.0,0.46293736,0.700662927078021
0.8,0.0021094917,1.0,2.1601195,0.700520142784294
0.8,0.0021094917,1.0,10.079369,0.701030086690464
0.8,0.0021094917,1.0,47.031506,0.700499745028047
0.8,0.0021094917,1.0,219.45445,0.700826109127996
0.8,0.0021094917,1.0,1024.0,0.699724630290668
0.8,0.0021094917,2.0,0.0009765625,0.716879143294238
0.8,0.0021094917,2.0,0.004556754,0.71763386027537
0.8,0.0021094917,2.0,0.021262344,0.716104028556859
0.8,0.0021094917,2.0,0.099212565,0.716308006119327
0.8,0.0021094917,2.0,0.46293736,0.716654767975523
0.8,0.0021094917,2.0,2.1601195,0.717348291687914
0.8,0.0021094917,2.0,10.079369,0.717715451300357
0.8,0.0021094917,2.0,47.031506,0.718857725650178
0.8,0.0021094917,2.0,219.45445,0.718347781744008
0.8,0.0021094917,2.0,1024.0,0.716206017338093
0.8,0.0021094917,3.0,0.0009765625,0.717327893931668
0.8,0.0021094917,3.0,0.004556754,0.717409484956655
0.8,0.0021094917,3.0,0.021262344,0.718449770525242
0.8,0.0021094917,3.0,0.099212565,0.71859255481897
0.8,0.0021094917,3.0,0.46293736,0.71865374808771
0.8,0.0021094917,3.0,2.1601195,0.718755736868944
0.8,0.0021094917,3.0,10.079369,0.720305966343702
0.8,0.0021094917,3.0,47.031506,0.721285058643549
0.8,0.0021094917,3.0,219.45445,0.720122386537481
0.8,0.0021094917,3.0,1024.0,0.722447730749617
0.8,0.0021094917,5.0,0.0009765625,0.716328403875574
0.8,0.0021094917,5.0,0.004556754,0.716756756756757
0.8,0.0021094917,5.0,0.021262344,0.716919938806731
0.8,0.0021094917,5.0,0.099212565,0.716899541050484
0.8,0.0021094917,5.0,0.46293736,0.716777154513004
0.8,0.0021094917,5.0,2.1601195,0.717715451300357
0.8,0.0021094917,5.0,10.079369,0.719020907700153
0.8,0.0021094917,5.0,47.031506,0.719653238143804
0.8,0.0021094917,5.0,219.45445,0.721223865374809
0.8,0.0021094917,5.0,1024.0,0.722427332993371
0.8,0.0021094917,8.0,0.0009765625,0.717939826619072
0.8,0.0021094917,8.0,0.004556754,0.720632330443651
0.8,0.0021094917,8.0,0.021262344,0.716593574706782
0.8,0.0021094917,8.0,0.099212565,0.717776644569097
0.8,0.0021094917,8.0,0.46293736,0.716960734319225
0.8,0.0021094917,8.0,2.1601195,0.720367159612443
0.8,0.0021094917,8.0,10.079369,0.721876593574707
0.8,0.0021094917,8.0,47.031506,0.720836308006119
0.8,0.0021094917,8.0,219.45445,0.721060683324834
0.8,0.0021094917,8.0,1024.0,0.724242733299337
0.8,0.0021094917,13.0,0.0009765625,0.723059663437022
0.8,0.0021094917,13.0,0.004556754,0.723222845486996
0.8,0.0021094917,13.0,0.021262344,0.720917899031107
0.8,0.0021094917,13.0,0.099212565,0.72146863844977
0.8,0.0021094917,13.0,0.46293736,0.723161652218256
0.8,0.0021094917,13.0,2.1601195,0.721774604793473
0.8,0.0021094917,13.0,10.079369,0.723386027536971
0.8,0.0021094917,13.0,47.031506,0.723100458949516
0.8,0.0021094917,13.0,219.45445,0.724997450280469
0.8,0.0021094917,13.0,1024.0,0.725262621111678
0.8,0.0021094917,20.0,0.0009765625,0.721591024987251
0.8,0.0021094917,20.0,0.004556754,0.722937276899541
0.8,0.0021094917,20.0,0.021262344,0.721081081081081
0.8,0.0021094917,20.0,0.099212565,0.721305456399796
0.8,0.0021094917,20.0,0.46293736,0.723814380418154
0.8,0.0021094917,20.0,2.1601195,0.724977052524222
0.8,0.0021094917,20.0,10.079369,0.724732279449261
0.8,0.0021094917,20.0,47.031506,0.725588985211627
0.8,0.0021094917,20.0,219.45445,0.724936257011729
0.8,0.0021094917,20.0,1024.0,0.726812850586436
0.8,0.0021094917,32.0,0.0009765625,0.723834778174401
0.8,0.0021094917,32.0,0.004556754,0.722488526262111
0.8,0.0021094917,32.0,0.021262344,0.723222845486996
0.8,0.0021094917,32.0,0.099212565,0.721550229474758
0.8,0.0021094917,32.0,0.46293736,0.723120856705762
0.8,0.0021094917,32.0,2.1601195,0.724446710861805
0.8,0.0021094917,32.0,10.079369,0.725038245792963
0.8,0.0021094917,32.0,47.031506,0.725813360530342
0.8,0.0021094917,32.0,219.45445,0.725446200917899
0.8,0.0021094917,32.0,1024.0,0.72793472718001
0.8,0.0021094917,50.0,0.0009765625,0.722141764405915
0.8,0.0021094917,50.0,0.004556754,0.722896481387047
0.8,0.0021094917,50.0,0.021262344,0.722978072412035
0.8,0.0021094917,50.0,0.099212565,0.722978072412035
0.8,0.0021094917,50.0,0.46293736,0.7219173890872
0.8,0.0021094917,50.0,2.1601195,0.723508414074452
0.8,0.0021094917,50.0,10.079369,0.724711881693014
0.8,0.0021094917,50.0,47.031506,0.725792962774095
0.8,0.0021094917,50.0,219.45445,0.725486996430393
0.8,0.0021094917,50.0,1024.0,0.725976542580316
0.8,0.004556754,1.0,0.0009765625,0.700948495665477
0.8,0.004556754,1.0,0.004556754,0.700887302396736
0.8,0.004556754,1.0,0.021262344,0.700887302396736
0.8,0.004556754,1.0,0.099212565,0.700764915859255
0.8,0.004556754,1.0,0.46293736,0.700662927078021
0.8,0.004556754,1.0,2.1601195,0.700520142784294
0.8,0.004556754,1.0,10.079369,0.701030086690464
0.8,0.004556754,1.0,47.031506,0.700499745028047
0.8,0.004556754,1.0,219.45445,0.700826109127996
0.8,0.004556754,1.0,1024.0,0.699724630290668
0.8,0.004556754,2.0,0.0009765625,0.716879143294238
0.8,0.004556754,2.0,0.004556754,0.71763386027537
0.8,0.004556754,2.0,0.021262344,0.716104028556859
0.8,0.004556754,2.0,0.099212565,0.716308006119327
0.8,0.004556754,2.0,0.46293736,0.716654767975523
0.8,0.004556754,2.0,2.1601195,0.717348291687914
0.8,0.004556754,2.0,10.079369,0.717715451300357
0.8,0.004556754,2.0,47.031506,0.718857725650178
0.8,0.004556754,2.0,219.45445,0.718347781744008
0.8,0.004556754,2.0,1024.0,0.716206017338093
0.8,0.004556754,3.0,0.0009765625,0.717327893931668
0.8,0.004556754,3.0,0.004556754,0.717409484956655
0.8,0.004556754,3.0,0.021262344,0.718449770525242
0.8,0.004556754,3.0,0.099212565,0.71859255481897
0.8,0.004556754,3.0,0.46293736,0.71865374808771
0.8,0.004556754,3.0,2.1601195,0.718755736868944
0.8,0.004556754,3.0,10.079369,0.720305966343702
0.8,0.004556754,3.0,47.031506,0.721285058643549
0.8,0.004556754,3.0,219.45445,0.720122386537481
0.8,0.004556754,3.0,1024.0,0.722447730749617
0.8,0.004556754,5.0,0.0009765625,0.716328403875574
0.8,0.004556754,5.0,0.004556754,0.716756756756757
0.8,0.004556754,5.0,0.021262344,0.716919938806731
0.8,0.004556754,5.0,0.099212565,0.716899541050484
0.8,0.004556754,5.0,0.46293736,0.716777154513004
0.8,0.004556754,5.0,2.1601195,0.717715451300357
0.8,0.004556754,5.0,10.079369,0.719020907700153
0.8,0.004556754,5.0,47.031506,0.719653238143804
0.8,0.004556754,5.0,219.45445,0.721223865374809
0.8,0.004556754,5.0,1024.0,0.722427332993371
0.8,0.004556754,8.0,0.0009765625,0.717939826619072
0.8,0.004556754,8.0,0.004556754,0.720632330443651
0.8,0.004556754,8.0,0.021262344,0.716593574706782
0.8,0.004556754,8.0,0.099212565,0.717776644569097
0.8,0.004556754,8.0,0.46293736,0.716960734319225
0.8,0.004556754,8.0,2.1601195,0.720367159612443
0.8,0.004556754,8.0,10.079369,0.721876593574707
0.8,0.004556754,8.0,47.031506,0.720836308006119
0.8,0.004556754,8.0,219.45445,0.721060683324834
0.8,0.004556754,8.0,1024.0,0.724242733299337
0.8,0.004556754,13.0,0.0009765625,0.723059663437022
0.8,0.004556754,13.0,0.004556754,0.723222845486996
0.8,0.004556754,13.0,0.021262344,0.720917899031107
0.8,0.004556754,13.0,0.099212565,0.72146863844977
0.8,0.004556754,13.0,0.46293736,0.723161652218256
0.8,0.004556754,13.0,2.1601195,0.721774604793473
0.8,0.004556754,13.0,10.079369,0.723386027536971
0.8,0.004556754,13.0,47.031506,0.723100458949516
0.8,0.004556754,13.0,219.45445,0.724997450280469
0.8,0.004556754,13.0,1024.0,0.725262621111678
0.8,0.004556754,20.0,0.0009765625,0.721591024987251
0.8,0.004556754,20.0,0.004556754,0.722937276899541
0.8,0.004556754,20.0,0.021262344,0.721081081081081
0.8,0.004556754,20.0,0.099212565,0.721305456399796
0.8,0.004556754,20.0,0.46293736,0.723814380418154
0.8,0.004556754,20.0,2.1601195,0.724977052524222
0.8,0.004556754,20.0,10.079369,0.724732279449261
0.8,0.004556754,20.0,47.031506,0.725588985211627
0.8,0.004556754,20.0,219.45445,0.724936257011729
0.8,0.004556754,20.0,1024.0,0.726812850586436
0.8,0.004556754,32.0,0.0009765625,0.723834778174401
0.8,0.004556754,32.0,0.004556754,0.722488526262111
0.8,0.004556754,32.0,0.021262344,0.723222845486996
0.8,0.004556754,32.0,0.099212565,0.721550229474758
0.8,0.004556754,32.0,0.46293736,0.723120856705762
0.8,0.004556754,32.0,2.1601195,0.724446710861805
0.8,0.004556754,32.0,10.079369,0.725038245792963
0.8,0.004556754,32.0,47.031506,0.725813360530342
0.8,0.004556754,32.0,219.45445,0.725446200917899
0.8,0.004556754,32.0,1024.0,0.72793472718001
0.8,0.004556754,50.0,0.0009765625,0.722141764405915
0.8,0.004556754,50.0,0.004556754,0.722896481387047
0.8,0.004556754,50.0,0.021262344,0.722978072412035
0.8,0.004556754,50.0,0.099212565,0.722978072412035
0.8,0.004556754,50.0,0.46293736,0.7219173890872
0.8,0.004556754,50.0,2.1601195,0.723508414074452
0.8,0.004556754,50.0,10.079369,0.724711881693014
0.8,0.004556754,50.0,47.031506,0.725792962774095
0.8,0.004556754,50.0,219.45445,0.725486996430393
0.8,0.004556754,50.0,1024.0,0.725976542580316
0.8,0.009843133,1.0,0.0009765625,0.700948495665477
0.8,0.009843133,1.0,0.004556754,0.700887302396736
0.8,0.009843133,1.0,0.021262344,0.700887302396736
0.8,0.009843133,1.0,0.099212565,0.700764915859255
0.8,0.009843133,1.0,0.46293736,0.700662927078021
0.8,0.009843133,1.0,2.1601195,0.700520142784294
0.8,0.009843133,1.0,10.079369,0.701030086690464
0.8,0.009843133,1.0,47.031506,0.700499745028047
0.8,0.009843133,1.0,219.45445,0.700826109127996
0.8,0.009843133,1.0,1024.0,0.699724630290668
0.8,0.009843133,2.0,0.0009765625,0.716879143294238
0.8,0.009843133,2.0,0.004556754,0.71763386027537
0.8,0.009843133,2.0,0.021262344,0.716104028556859
0.8,0.009843133,2.0,0.099212565,0.716308006119327
0.8,0.009843133,2.0,0.46293736,0.716654767975523
0.8,0.009843133,2.0,2.1601195,0.717348291687914
0.8,0.009843133,2.0,10.079369,0.717715451300357
0.8,0.009843133,2.0,47.031506,0.718857725650178
0.8,0.009843133,2.0,219.45445,0.718347781744008
0.8,0.009843133,2.0,1024.0,0.716206017338093
0.8,0.009843133,3.0,0.0009765625,0.717327893931668
0.8,0.009843133,3.0,0.004556754,0.717409484956655
0.8,0.009843133,3.0,0.021262344,0.718449770525242
0.8,0.009843133,3.0,0.099212565,0.71859255481897
0.8,0.009843133,3.0,0.46293736,0.71865374808771
0.8,0.009843133,3.0,2.1601195,0.718755736868944
0.8,0.009843133,3.0,10.079369,0.720305966343702
0.8,0.009843133,3.0,47.031506,0.721285058643549
0.8,0.009843133,3.0,219.45445,0.720122386537481
0.8,0.009843133,3.0,1024.0,0.722447730749617
0.8,0.009843133,5.0,0.0009765625,0.716328403875574
0.8,0.009843133,5.0,0.004556754,0.716756756756757
0.8,0.009843133,5.0,0.021262344,0.716919938806731
0.8,0.009843133,5.0,0.099212565,0.716899541050484
0.8,0.009843133,5.0,0.46293736,0.716777154513004
0.8,0.009843133,5.0,2.1601195,0.717715451300357
0.8,0.009843133,5.0,10.079369,0.719020907700153
0.8,0.009843133,5.0,47.031506,0.719653238143804
0.8,0.009843133,5.0,219.45445,0.721223865374809
0.8,0.009843133,5.0,1024.0,0.722427332993371
0.8,0.009843133,8.0,0.0009765625,0.717939826619072
0.8,0.009843133,8.0,0.004556754,0.720632330443651
0.8,0.009843133,8.0,0.021262344,0.716593574706782
0.8,0.009843133,8.0,0.099212565,0.717776644569097
0.8,0.009843133,8.0,0.46293736,0.716960734319225
0.8,0.009843133,8.0,2.1601195,0.720367159612443
0.8,0.009843133,8.0,10.079369,0.721876593574707
0.8,0.009843133,8.0,47.031506,0.720836308006119
0.8,0.009843133,8.0,219.45445,0.721060683324834
0.8,0.009843133,8.0,1024.0,0.724242733299337
0.8,0.009843133,13.0,0.0009765625,0.723059663437022
0.8,0.009843133,13.0,0.004556754,0.723222845486996
0.8,0.009843133,13.0,0.021262344,0.720917899031107
0.8,0.009843133,13.0,0.099212565,0.72146863844977
0.8,0.009843133,13.0,0.46293736,0.723161652218256
0.8,0.009843133,13.0,2.1601195,0.721774604793473
0.8,0.009843133,13.0,10.079369,0.723386027536971
0.8,0.009843133,13.0,47.031506,0.723100458949516
0.8,0.009843133,13.0,219.45445,0.724997450280469
0.8,0.009843133,13.0,1024.0,0.725262621111678
0.8,0.009843133,20.0,0.0009765625,0.721591024987251
0.8,0.009843133,20.0,0.004556754,0.722937276899541
0.8,0.009843133,20.0,0.021262344,0.721081081081081
0.8,0.009843133,20.0,0.099212565,0.721305456399796
0.8,0.009843133,20.0,0.46293736,0.723814380418154
0.8,0.009843133,20.0,2.1601195,0.724977052524222
0.8,0.009843133,20.0,10.079369,0.724732279449261
0.8,0.009843133,20.0,47.031506,0.725588985211627
0.8,0.009843133,20.0,219.45445,0.724936257011729
0.8,0.009843133,20.0,1024.0,0.726812850586436
0.8,0.009843133,32.0,0.0009765625,0.723834778174401
0.8,0.009843133,32.0,0.004556754,0.722488526262111
0.8,0.009843133,32.0,0.021262344,0.723222845486996
0.8,0.009843133,32.0,0.099212565,0.721550229474758
0.8,0.009843133,32.0,0.46293736,0.723120856705762
0.8,0.009843133,32.0,2.1601195,0.724446710861805
0.8,0.009843133,32.0,10.079369,0.725038245792963
0.8,0.009843133,32.0,47.031506,0.725813360530342
0.8,0.009843133,32.0,219.45445,0.725446200917899
0.8,0.009843133,32.0,1024.0,0.72793472718001
0.8,0.009843133,50.0,0.0009765625,0.722141764405915
0.8,0.009843133,50.0,0.004556754,0.722896481387047
0.8,0.009843133,50.0,0.021262344,0.722978072412035
0.8,0.009843133,50.0,0.099212565,0.722978072412035
0.8,0.009843133,50.0,0.46293736,0.7219173890872
0.8,0.009843133,50.0,2.1601195,0.723508414074452
0.8,0.009843133,50.0,10.079369,0.724711881693014
0.8,0.009843133,50.0,47.031506,0.725792962774095
0.8,0.009843133,50.0,219.45445,0.725486996430393
0.8,0.009843133,50.0,1024.0,0.725976542580316
0.8,0.021262344,1.0,0.0009765625,0.700948495665477
0.8,0.021262344,1.0,0.004556754,0.700887302396736
0.8,0.021262344,1.0,0.021262344,0.700887302396736
0.8,0.021262344,1.0,0.099212565,0.700764915859255
0.8,0.021262344,1.0,0.46293736,0.700662927078021
0.8,0.021262344,1.0,2.1601195,0.700520142784294
0.8,0.021262344,1.0,10.079369,0.701030086690464
0.8,0.021262344,1.0,47.031506,0.700499745028047
0.8,0.021262344,1.0,219.45445,0.700826109127996
0.8,0.021262344,1.0,1024.0,0.699724630290668
0.8,0.021262344,2.0,0.0009765625,0.716879143294238
0.8,0.021262344,2.0,0.004556754,0.71763386027537
0.8,0.021262344,2.0,0.021262344,0.716104028556859
0.8,0.021262344,2.0,0.099212565,0.716308006119327
0.8,0.021262344,2.0,0.46293736,0.716654767975523
0.8,0.021262344,2.0,2.1601195,0.717348291687914
0.8,0.021262344,2.0,10.079369,0.717715451300357
0.8,0.021262344,2.0,47.031506,0.718857725650178
0.8,0.021262344,2.0,219.45445,0.718347781744008
0.8,0.021262344,2.0,1024.0,0.716206017338093
0.8,0.021262344,3.0,0.0009765625,0.717327893931668
0.8,0.021262344,3.0,0.004556754,0.717409484956655
0.8,0.021262344,3.0,0.021262344,0.718449770525242
0.8,0.021262344,3.0,0.099212565,0.71859255481897
0.8,0.021262344,3.0,0.46293736,0.71865374808771
0.8,0.021262344,3.0,2.1601195,0.718755736868944
0.8,0.021262344,3.0,10.079369,0.720305966343702
0.8,0.021262344,3.0,47.031506,0.721285058643549
0.8,0.021262344,3.0,219.45445,0.720122386537481
0.8,0.021262344,3.0,1024.0,0.722447730749617
0.8,0.021262344,5.0,0.0009765625,0.716328403875574
0.8,0.021262344,5.0,0.004556754,0.716756756756757
0.8,0.021262344,5.0,0.021262344,0.716919938806731
0.8,0.021262344,5.0,0.099212565,0.716899541050484
0.8,0.021262344,5.0,0.46293736,0.716777154513004
0.8,0.021262344,5.0,2.1601195,0.717715451300357
0.8,0.021262344,5.0,10.079369,0.719020907700153
0.8,0.021262344,5.0,47.031506,0.719653238143804
0.8,0.021262344,5.0,219.45445,0.721223865374809
0.8,0.021262344,5.0,1024.0,0.722427332993371
0.8,0.021262344,8.0,0.0009765625,0.717939826619072
0.8,0.021262344,8.0,0.004556754,0.720632330443651
0.8,0.021262344,8.0,0.021262344,0.716593574706782
0.8,0.021262344,8.0,0.099212565,0.717776644569097
0.8,0.021262344,8.0,0.46293736,0.716960734319225
0.8,0.021262344,8.0,2.1601195,0.720367159612443
0.8,0.021262344,8.0,10.079369,0.721876593574707
0.8,0.021262344,8.0,47.031506,0.720836308006119
0.8,0.021262344,8.0,219.45445,0.721060683324834
0.8,0.021262344,8.0,1024.0,0.724242733299337
0.8,0.021262344,13.0,0.0009765625,0.723059663437022
0.8,0.021262344,13.0,0.004556754,0.723222845486996
0.8,0.021262344,13.0,0.021262344,0.720917899031107
0.8,0.021262344,13.0,0.099212565,0.72146863844977
0.8,0.021262344,13.0,0.46293736,0.723161652218256
0.8,0.021262344,13.0,2.1601195,0.721774604793473
0.8,0.021262344,13.0,10.079369,0.723386027536971
0.8,0.021262344,13.0,47.031506,0.723100458949516
0.8,0.021262344,13.0,219.45445,0.724997450280469
0.8,0.021262344,13.0,1024.0,0.725262621111678
0.8,0.021262344,20.0,0.0009765625,0.721591024987251
0.8,0.021262344,20.0,0.004556754,0.722937276899541
0.8,0.021262344,20.0,0.021262344,0.721081081081081
0.8,0.021262344,20.0,0.099212565,0.721305456399796
0.8,0.021262344,20.0,0.46293736,0.723814380418154
0.8,0.021262344,20.0,2.1601195,0.724977052524222
0.8,0.021262344,20.0,10.079369,0.724732279449261
0.8,0.021262344,20.0,47.031506,0.725588985211627
0.8,0.021262344,20.0,219.45445,0.724936257011729
0.8,0.021262344,20.0,1024.0,0.726812850586436
0.8,0.021262344,32.0,0.0009765625,0.723834778174401
0.8,0.021262344,32.0,0.004556754,0.722488526262111
0.8,0.021262344,32.0,0.021262344,0.723222845486996
0.8,0.021262344,32.0,0.099212565,0.721550229474758
0.8,0.021262344,32.0,0.46293736,0.723120856705762
0.8,0.021262344,32.0,2.1601195,0.724446710861805
0.8,0.021262344,32.0,10.079369,0.725038245792963
0.8,0.021262344,32.0,47.031506,0.725813360530342
0.8,0.021262344,32.0,219.45445,0.725446200917899
0.8,0.021262344,32.0,1024.0,0.72793472718001
0.8,0.021262344,50.0,0.0009765625,0.722141764405915
0.8,0.021262344,50.0,0.004556754,0.722896481387047
0.8,0.021262344,50.0,0.021262344,0.722978072412035
0.8,0.021262344,50.0,0.099212565,0.722978072412035
0.8,0.021262344,50.0,0.46293736,0.7219173890872
0.8,0.021262344,50.0,2.1601195,0.723508414074452
0.8,0.021262344,50.0,10.079369,0.724711881693014
0.8,0.021262344,50.0,47.031506,0.725792962774095
0.8,0.021262344,50.0,219.45445,0.725486996430393
0.8,0.021262344,50.0,1024.0,0.725976542580316
0.8,0.045929205,1.0,0.0009765625,0.700948495665477
0.8,0.045929205,1.0,0.004556754,0.700887302396736
0.8,0.045929205,1.0,0.021262344,0.700887302396736
0.8,0.045929205,1.0,0.099212565,0.700764915859255
0.8,0.045929205,1.0,0.46293736,0.700662927078021
0.8,0.045929205,1.0,2.1601195,0.700520142784294
0.8,0.045929205,1.0,10.079369,0.701030086690464
0.8,0.045929205,1.0,47.031506,0.700499745028047
0.8,0.045929205,1.0,219.45445,0.700826109127996
0.8,0.045929205,1.0,1024.0,0.699724630290668
0.8,0.045929205,2.0,0.0009765625,0.716879143294238
0.8,0.045929205,2.0,0.004556754,0.71763386027537
0.8,0.045929205,2.0,0.021262344,0.716104028556859
0.8,0.045929205,2.0,0.099212565,0.716308006119327
0.8,0.045929205,2.0,0.46293736,0.716654767975523
0.8,0.045929205,2.0,2.1601195,0.717348291687914
0.8,0.045929205,2.0,10.079369,0.717715451300357
0.8,0.045929205,2.0,47.031506,0.718857725650178
0.8,0.045929205,2.0,219.45445,0.718347781744008
0.8,0.045929205,2.0,1024.0,0.716206017338093
0.8,0.045929205,3.0,0.0009765625,0.717327893931668
0.8,0.045929205,3.0,0.004556754,0.717409484956655
0.8,0.045929205,3.0,0.021262344,0.718449770525242
0.8,0.045929205,3.0,0.099212565,0.71859255481897
0.8,0.045929205,3.0,0.46293736,0.71865374808771
0.8,0.045929205,3.0,2.1601195,0.718755736868944
0.8,0.045929205,3.0,10.079369,0.720305966343702
0.8,0.045929205,3.0,47.031506,0.721285058643549
0.8,0.045929205,3.0,219.45445,0.720122386537481
0.8,0.045929205,3.0,1024.0,0.722447730749617
0.8,0.045929205,5.0,0.0009765625,0.716328403875574
0.8,0.045929205,5.0,0.004556754,0.716756756756757
0.8,0.045929205,5.0,0.021262344,0.716919938806731
0.8,0.045929205,5.0,0.099212565,0.716899541050484
0.8,0.045929205,5.0,0.46293736,0.716777154513004
0.8,0.045929205,5.0,2.1601195,0.717715451300357
0.8,0.045929205,5.0,10.079369,0.719020907700153
0.8,0.045929205,5.0,47.031506,0.719653238143804
0.8,0.045929205,5.0,219.45445,0.721223865374809
0.8,0.045929205,5.0,1024.0,0.722427332993371
0.8,0.045929205,8.0,0.0009765625,0.717939826619072
0.8,0.045929205,8.0,0.004556754,0.720632330443651
0.8,0.045929205,8.0,0.021262344,0.716593574706782
0.8,0.045929205,8.0,0.099212565,0.717776644569097
0.8,0.045929205,8.0,0.46293736,0.716960734319225
0.8,0.045929205,8.0,2.1601195,0.720367159612443
0.8,0.045929205,8.0,10.079369,0.721876593574707
0.8,0.045929205,8.0,47.031506,0.720836308006119
0.8,0.045929205,8.0,219.45445,0.721060683324834
0.8,0.045929205,8.0,1024.0,0.724242733299337
0.8,0.045929205,13.0,0.0009765625,0.723059663437022
0.8,0.045929205,13.0,0.004556754,0.723222845486996
0.8,0.045929205,13.0,0.021262344,0.720917899031107
0.8,0.045929205,13.0,0.099212565,0.72146863844977
0.8,0.045929205,13.0,0.46293736,0.723161652218256
0.8,0.045929205,13.0,2.1601195,0.721774604793473
0.8,0.045929205,13.0,10.079369,0.723386027536971
0.8,0.045929205,13.0,47.031506,0.723100458949516
0.8,0.045929205,13.0,219.45445,0.724997450280469
0.8,0.045929205,13.0,1024.0,0.725262621111678
0.8,0.045929205,20.0,0.0009765625,0.721591024987251
0.8,0.045929205,20.0,0.004556754,0.722937276899541
0.8,0.045929205,20.0,0.021262344,0.721081081081081
0.8,0.045929205,20.0,0.099212565,0.721305456399796
0.8,0.045929205,20.0,0.46293736,0.723814380418154
0.8,0.045929205,20.0,2.1601195,0.724977052524222
0.8,0.045929205,20.0,10.079369,0.724732279449261
0.8,0.045929205,20.0,47.031506,0.725588985211627
0.8,0.045929205,20.0,219.45445,0.724936257011729
0.8,0.045929205,20.0,1024.0,0.726812850586436
0.8,0.045929205,32.0,0.0009765625,0.723834778174401
0.8,0.045929205,32.0,0.004556754,0.722488526262111
0.8,0.045929205,32.0,0.021262344,0.723222845486996
0.8,0.045929205,32.0,0.099212565,0.721550229474758
0.8,0.045929205,32.0,0.46293736,0.723120856705762
0.8,0.045929205,32.0,2.1601195,0.724446710861805
0.8,0.045929205,32.0,10.079369,0.725038245792963
0.8,0.045929205,32.0,47.031506,0.725813360530342
0.8,0.045929205,32.0,219.45445,0.725446200917899
0.8,0.045929205,32.0,1024.0,0.72793472718001
0.8,0.045929205,50.0,0.0009765625,0.722141764405915
0.8,0.045929205,50.0,0.004556754,0.722896481387047
0.8,0.045929205,50.0,0.021262344,0.722978072412035
0.8,0.045929205,50.0,0.099212565,0.722978072412035
0.8,0.045929205,50.0,0.46293736,0.7219173890872
0.8,0.045929205,50.0,2.1601195,0.723508414074452
0.8,0.045929205,50.0,10.079369,0.724711881693014
0.8,0.045929205,50.0,47.031506,0.725792962774095
0.8,0.045929205,50.0,219.45445,0.725486996430393
0.8,0.045929205,50.0,1024.0,0.725976542580316
0.8,0.099212565,1.0,0.0009765625,0.700948495665477
0.8,0.099212565,1.0,0.004556754,0.700887302396736
0.8,0.099212565,1.0,0.021262344,0.700887302396736
0.8,0.099212565,1.0,0.099212565,0.700764915859255
0.8,0.099212565,1.0,0.46293736,0.700662927078021
0.8,0.099212565,1.0,2.1601195,0.700520142784294
0.8,0.099212565,1.0,10.079369,0.701030086690464
0.8,0.099212565,1.0,47.031506,0.700499745028047
0.8,0.099212565,1.0,219.45445,0.700826109127996
0.8,0.099212565,1.0,1024.0,0.699724630290668
0.8,0.099212565,2.0,0.0009765625,0.716879143294238
0.8,0.099212565,2.0,0.004556754,0.71763386027537
0.8,0.099212565,2.0,0.021262344,0.716104028556859
0.8,0.099212565,2.0,0.099212565,0.716308006119327
0.8,0.099212565,2.0,0.46293736,0.716654767975523
0.8,0.099212565,2.0,2.1601195,0.717348291687914
0.8,0.099212565,2.0,10.079369,0.717715451300357
0.8,0.099212565,2.0,47.031506,0.718857725650178
0.8,0.099212565,2.0,219.45445,0.718347781744008
0.8,0.099212565,2.0,1024.0,0.716206017338093
0.8,0.099212565,3.0,0.0009765625,0.717327893931668
0.8,0.099212565,3.0,0.004556754,0.717409484956655
0.8,0.099212565,3.0,0.021262344,0.718449770525242
0.8,0.099212565,3.0,0.099212565,0.71859255481897
0.8,0.099212565,3.0,0.46293736,0.71865374808771
0.8,0.099212565,3.0,2.1601195,0.718755736868944
0.8,0.099212565,3.0,10.079369,0.720305966343702
0.8,0.099212565,3.0,47.031506,0.721285058643549
0.8,0.099212565,3.0,219.45445,0.720122386537481
0.8,0.099212565,3.0,1024.0,0.722447730749617
0.8,0.099212565,5.0,0.0009765625,0.716328403875574
0.8,0.099212565,5.0,0.004556754,0.716756756756757
0.8,0.099212565,5.0,0.021262344,0.716919938806731
0.8,0.099212565,5.0,0.099212565,0.716899541050484
0.8,0.099212565,5.0,0.46293736,0.716777154513004
0.8,0.099212565,5.0,2.1601195,0.717715451300357
0.8,0.099212565,5.0,10.079369,0.719020907700153
0.8,0.099212565,5.0,47.031506,0.719653238143804
0.8,0.099212565,5.0,219.45445,0.721223865374809
0.8,0.099212565,5.0,1024.0,0.722427332993371
0.8,0.099212565,8.0,0.0009765625,0.717939826619072
0.8,0.099212565,8.0,0.004556754,0.720632330443651
0.8,0.099212565,8.0,0.021262344,0.716593574706782
0.8,0.099212565,8.0,0.099212565,0.717776644569097
0.8,0.099212565,8.0,0.46293736,0.716960734319225
0.8,0.099212565,8.0,2.1601195,0.720367159612443
0.8,0.099212565,8.0,10.079369,0.721876593574707
0.8,0.099212565,8.0,47.031506,0.720836308006119
0.8,0.099212565,8.0,219.45445,0.721060683324834
0.8,0.099212565,8.0,1024.0,0.724242733299337
0.8,0.099212565,13.0,0.0009765625,0.723059663437022
0.8,0.099212565,13.0,0.004556754,0.723222845486996
0.8,0.099212565,13.0,0.021262344,0.720917899031107
0.8,0.099212565,13.0,0.099212565,0.72146863844977
0.8,0.099212565,13.0,0.46293736,0.723161652218256
0.8,0.099212565,13.0,2.1601195,0.721774604793473
0.8,0.099212565,13.0,10.079369,0.723386027536971
0.8,0.099212565,13.0,47.031506,0.723100458949516
0.8,0.099212565,13.0,219.45445,0.724997450280469
0.8,0.099212565,13.0,1024.0,0.725262621111678
0.8,0.099212565,20.0,0.0009765625,0.721591024987251
0.8,0.099212565,20.0,0.004556754,0.722937276899541
0.8,0.099212565,20.0,0.021262344,0.721081081081081
0.8,0.099212565,20.0,0.099212565,0.721305456399796
0.8,0.099212565,20.0,0.46293736,0.723814380418154
0.8,0.099212565,20.0,2.1601195,0.724977052524222
0.8,0.099212565,20.0,10.079369,0.724732279449261
0.8,0.099212565,20.0,47.031506,0.725588985211627
0.8,0.099212565,20.0,219.45445,0.724936257011729
0.8,0.099212565,20.0,1024.0,0.726812850586436
0.8,0.099212565,32.0,0.0009765625,0.723834778174401
0.8,0.099212565,32.0,0.004556754,0.722488526262111
0.8,0.099212565,32.0,0.021262344,0.723222845486996
0.8,0.099212565,32.0,0.099212565,0.721550229474758
0.8,0.099212565,32.0,0.46293736,0.723120856705762
0.8,0.099212565,32.0,2.1601195,0.724446710861805
0.8,0.099212565,32.0,10.079369,0.725038245792963
0.8,0.099212565,32.0,47.031506,0.725813360530342
0.8,0.099212565,32.0,219.45445,0.725446200917899
0.8,0.099212565,32.0,1024.0,0.72793472718001
0.8,0.099212565,50.0,0.0009765625,0.722141764405915
0.8,0.099212565,50.0,0.004556754,0.722896481387047
0.8,0.099212565,50.0,0.021262344,0.722978072412035
0.8,0.099212565,50.0,0.099212565,0.722978072412035
0.8,0.099212565,50.0,0.46293736,0.7219173890872
0.8,0.099212565,50.0,2.1601195,0.723508414074452
0.8,0.099212565,50.0,10.079369,0.724711881693014
0.8,0.099212565,50.0,47.031506,0.725792962774095
0.8,0.099212565,50.0,219.45445,0.725486996430393
0.8,0.099212565,50.0,1024.0,0.725976542580316
0.8,0.21431099,1.0,0.0009765625,0.700948495665477
0.8,0.21431099,1.0,0.004556754,0.700887302396736
0.8,0.21431099,1.0,0.021262344,0.700887302396736
0.8,0.21431099,1.0,0.099212565,0.700764915859255
0.8,0.21431099,1.0,0.46293736,0.700662927078021
0.8,0.21431099,1.0,2.1601195,0.700520142784294
0.8,0.21431099,1.0,10.079369,0.701030086690464
0.8,0.21431099,1.0,47.031506,0.700499745028047
0.8,0.21431099,1.0,219.45445,0.700826109127996
0.8,0.21431099,1.0,1024.0,0.699724630290668
0.8,0.21431099,2.0,0.0009765625,0.716879143294238
0.8,0.21431099,2.0,0.004556754,0.71763386027537
0.8,0.21431099,2.0,0.021262344,0.716104028556859
0.8,0.21431099,2.0,0.099212565,0.716308006119327
0.8,0.21431099,2.0,0.46293736,0.716654767975523
0.8,0.21431099,2.0,2.1601195,0.717348291687914
0.8,0.21431099,2.0,10.079369,0.717715451300357
0.8,0.21431099,2.0,47.031506,0.718857725650178
0.8,0.21431099,2.0,219.45445,0.718347781744008
0.8,0.21431099,2.0,1024.0,0.716206017338093
0.8,0.21431099,3.0,0.0009765625,0.717327893931668
0.8,0.21431099,3.0,0.004556754,0.717409484956655
0.8,0.21431099,3.0,0.021262344,0.718449770525242
0.8,0.21431099,3.0,0.099212565,0.71859255481897
0.8,0.21431099,3.0,0.46293736,0.71865374808771
0.8,0.21431099,3.0,2.1601195,0.718755736868944
0.8,0.21431099,3.0,10.079369,0.720305966343702
0.8,0.21431099,3.0,47.031506,0.721285058643549
0.8,0.21431099,3.0,219.45445,0.720122386537481
0.8,0.21431099,3.0,1024.0,0.722447730749617
0.8,0.21431099,5.0,0.0009765625,0.716328403875574
0.8,0.21431099,5.0,0.004556754,0.716756756756757
0.8,0.21431099,5.0,0.021262344,0.716919938806731
0.8,0.21431099,5.0,0.099212565,0.716899541050484
0.8,0.21431099,5.0,0.46293736,0.716777154513004
0.8,0.21431099,5.0,2.1601195,0.717715451300357
0.8,0.21431099,5.0,10.079369,0.719020907700153
0.8,0.21431099,5.0,47.031506,0.719653238143804
0.8,0.21431099,5.0,219.45445,0.721223865374809
0.8,0.21431099,5.0,1024.0,0.722427332993371
0.8,0.21431099,8.0,0.0009765625,0.717939826619072
0.8,0.21431099,8.0,0.004556754,0.720632330443651
0.8,0.21431099,8.0,0.021262344,0.716593574706782
0.8,0.21431099,8.0,0.099212565,0.717776644569097
0.8,0.21431099,8.0,0.46293736,0.716960734319225
0.8,0.21431099,8.0,2.1601195,0.720367159612443
0.8,0.21431099,8.0,10.079369,0.721876593574707
0.8,0.21431099,8.0,47.031506,0.720836308006119
0.8,0.21431099,8.0,219.45445,0.721060683324834
0.8,0.21431099,8.0,1024.0,0.724242733299337
0.8,0.21431099,13.0,0.0009765625,0.723059663437022
0.8,0.21431099,13.0,0.004556754,0.723222845486996
0.8,0.21431099,13.0,0.021262344,0.720917899031107
0.8,0.21431099,13.0,0.099212565,0.72146863844977
0.8,0.21431099,13.0,0.46293736,0.723161652218256
0.8,0.21431099,13.0,2.1601195,0.721774604793473
0.8,0.21431099,13.0,10.079369,0.723386027536971
0.8,0.21431099,13.0,47.031506,0.723100458949516
0.8,0.21431099,13.0,219.45445,0.724997450280469
0.8,0.21431099,13.0,1024.0,0.725262621111678
0.8,0.21431099,20.0,0.0009765625,0.721591024987251
0.8,0.21431099,20.0,0.004556754,0.722937276899541
0.8,0.21431099,20.0,0.021262344,0.721081081081081
0.8,0.21431099,20.0,0.099212565,0.721305456399796
0.8,0.21431099,20.0,0.46293736,0.723814380418154
0.8,0.21431099,20.0,2.1601195,0.724977052524222
0.8,0.21431099,20.0,10.079369,0.724732279449261
0.8,0.21431099,20.0,47.031506,0.725588985211627
0.8,0.21431099,20.0,219.45445,0.724936257011729
0.8,0.21431099,20.0,1024.0,0.726812850586436
0.8,0.21431099,32.0,0.0009765625,0.723834778174401
0.8,0.21431099,32.0,0.004556754,0.722488526262111
0.8,0.21431099,32.0,0.021262344,0.723222845486996
0.8,0.21431099,32.0,0.099212565,0.721550229474758
0.8,0.21431099,32.0,0.46293736,0.723120856705762
0.8,0.21431099,32.0,2.1601195,0.724446710861805
0.8,0.21431099,32.0,10.079369,0.725038245792963
0.8,0.21431099,32.0,47.031506,0.725813360530342
0.8,0.21431099,32.0,219.45445,0.725446200917899
0.8,0.21431099,32.0,1024.0,0.72793472718001
0.8,0.21431099,50.0,0.0009765625,0.722141764405915
0.8,0.21431099,50.0,0.004556754,0.722896481387047
0.8,0.21431099,50.0,0.021262344,0.722978072412035
0.8,0.21431099,50.0,0.099212565,0.722978072412035
0.8,0.21431099,50.0,0.46293736,0.7219173890872
0.8,0.21431099,50.0,2.1601195,0.723508414074452
0.8,0.21431099,50.0,10.079369,0.724711881693014
0.8,0.21431099,50.0,47.031506,0.725792962774095
0.8,0.21431099,50.0,219.45445,0.725486996430393
0.8,0.21431099,50.0,1024.0,0.725976542580316
0.8,0.46293736,1.0,0.0009765625,0.700948495665477
0.8,0.46293736,1.0,0.004556754,0.700887302396736
0.8,0.46293736,1.0,0.021262344,0.700887302396736
0.8,0.46293736,1.0,0.099212565,0.700764915859255
0.8,0.46293736,1.0,0.46293736,0.700662927078021
0.8,0.46293736,1.0,2.1601195,0.700520142784294
0.8,0.46293736,1.0,10.079369,0.701030086690464
0.8,0.46293736,1.0,47.031506,0.700499745028047
0.8,0.46293736,1.0,219.45445,0.700826109127996
0.8,0.46293736,1.0,1024.0,0.699724630290668
0.8,0.46293736,2.0,0.0009765625,0.716879143294238
0.8,0.46293736,2.0,0.004556754,0.71763386027537
0.8,0.46293736,2.0,0.021262344,0.716104028556859
0.8,0.46293736,2.0,0.099212565,0.716308006119327
0.8,0.46293736,2.0,0.46293736,0.716654767975523
0.8,0.46293736,2.0,2.1601195,0.717348291687914
0.8,0.46293736,2.0,10.079369,0.717715451300357
0.8,0.46293736,2.0,47.031506,0.718857725650178
0.8,0.46293736,2.0,219.45445,0.718347781744008
0.8,0.46293736,2.0,1024.0,0.716206017338093
0.8,0.46293736,3.0,0.0009765625,0.717327893931668
0.8,0.46293736,3.0,0.004556754,0.717409484956655
0.8,0.46293736,3.0,0.021262344,0.718449770525242
0.8,0.46293736,3.0,0.099212565,0.71859255481897
0.8,0.46293736,3.0,0.46293736,0.71865374808771
0.8,0.46293736,3.0,2.1601195,0.718755736868944
0.8,0.46293736,3.0,10.079369,0.720305966343702
0.8,0.46293736,3.0,47.031506,0.721285058643549
0.8,0.46293736,3.0,219.45445,0.720122386537481
0.8,0.46293736,3.0,1024.0,0.722447730749617
0.8,0.46293736,5.0,0.0009765625,0.716328403875574
0.8,0.46293736,5.0,0.004556754,0.716756756756757
0.8,0.46293736,5.0,0.021262344,0.716919938806731
0.8,0.46293736,5.0,0.099212565,0.716899541050484
0.8,0.46293736,5.0,0.46293736,0.716777154513004
0.8,0.46293736,5.0,2.1601195,0.717715451300357
0.8,0.46293736,5.0,10.079369,0.719020907700153
0.8,0.46293736,5.0,47.031506,0.719653238143804
0.8,0.46293736,5.0,219.45445,0.721223865374809
0.8,0.46293736,5.0,1024.0,0.722427332993371
0.8,0.46293736,8.0,0.0009765625,0.717939826619072
0.8,0.46293736,8.0,0.004556754,0.720632330443651
0.8,0.46293736,8.0,0.021262344,0.716593574706782
0.8,0.46293736,8.0,0.099212565,0.717776644569097
0.8,0.46293736,8.0,0.46293736,0.716960734319225
0.8,0.46293736,8.0,2.1601195,0.720367159612443
0.8,0.46293736,8.0,10.079369,0.721876593574707
0.8,0.46293736,8.0,47.031506,0.720836308006119
0.8,0.46293736,8.0,219.45445,0.721060683324834
0.8,0.46293736,8.0,1024.0,0.724242733299337
0.8,0.46293736,13.0,0.0009765625,0.723059663437022
0.8,0.46293736,13.0,0.004556754,0.723222845486996
0.8,0.46293736,13.0,0.021262344,0.720917899031107
0.8,0.46293736,13.0,0.099212565,0.72146863844977
0.8,0.46293736,13.0,0.46293736,0.723161652218256
0.8,0.46293736,13.0,2.1601195,0.721774604793473
0.8,0.46293736,13.0,10.079369,0.723386027536971
0.8,0.46293736,13.0,47.031506,0.723100458949516
0.8,0.46293736,13.0,219.45445,0.724997450280469
0.8,0.46293736,13.0,1024.0,0.725262621111678
0.8,0.46293736,20.0,0.0009765625,0.721591024987251
0.8,0.46293736,20.0,0.004556754,0.722937276899541
0.8,0.46293736,20.0,0.021262344,0.721081081081081
0.8,0.46293736,20.0,0.099212565,0.721305456399796
0.8,0.46293736,20.0,0.46293736,0.723814380418154
0.8,0.46293736,20.0,2.1601195,0.724977052524222
0.8,0.46293736,20.0,10.079369,0.724732279449261
0.8,0.46293736,20.0,47.031506,0.725588985211627
0.8,0.46293736,20.0,219.45445,0.724936257011729
0.8,0.46293736,20.0,1024.0,0.726812850586436
0.8,0.46293736,32.0,0.0009765625,0.723834778174401
0.8,0.46293736,32.0,0.004556754,0.722488526262111
0.8,0.46293736,32.0,0.021262344,0.723222845486996
0.8,0.46293736,32.0,0.099212565,0.721550229474758
0.8,0.46293736,32.0,0.46293736,0.723120856705762
0.8,0.46293736,32.0,2.1601195,0.724446710861805
0.8,0.46293736,32.0,10.079369,0.725038245792963
0.8,0.46293736,32.0,47.031506,0.725813360530342
0.8,0.46293736,32.0,219.45445,0.725446200917899
0.8,0.46293736,32.0,1024.0,0.72793472718001
0.8,0.46293736,50.0,0.0009765625,0.722141764405915
0.8,0.46293736,50.0,0.004556754,0.722896481387047
0.8,0.46293736,50.0,0.021262344,0.722978072412035
0.8,0.46293736,50.0,0.099212565,0.722978072412035
0.8,0.46293736,50.0,0.46293736,0.7219173890872
0.8,0.46293736,50.0,2.1601195,0.723508414074452
0.8,0.46293736,50.0,10.079369,0.724711881693014
0.8,0.46293736,50.0,47.031506,0.725792962774095
0.8,0.46293736,50.0,219.45445,0.725486996430393
0.8,0.46293736,50.0,1024.0,0.725976542580316
0.8,1.0,1.0,0.0009765625,0.700948495665477
0.8,1.0,1.0,0.004556754,0.700887302396736
0.8,1.0,1.0,0.021262344,0.700887302396736
0.8,1.0,1.0,0.099212565,0.700764915859255
0.8,1.0,1.0,0.46293736,0.700662927078021
0.8,1.0,1.0,2.1601195,0.700520142784294
0.8,1.0,1.0,10.079369,0.701030086690464
0.8,1.0,1.0,47.031506,0.700499745028047
0.8,1.0,1.0,219.45445,0.700826109127996
0.8,1.0,1.0,1024.0,0.699724630290668
0.8,1.0,2.0,0.0009765625,0.716879143294238
0.8,1.0,2.0,0.004556754,0.71763386027537
0.8,1.0,2.0,0.021262344,0.716104028556859
0.8,1.0,2.0,0.099212565,0.716308006119327
0.8,1.0,2.0,0.46293736,0.716654767975523
0.8,1.0,2.0,2.1601195,0.717348291687914
0.8,1.0,2.0,10.079369,0.717715451300357
0.8,1.0,2.0,47.031506,0.718857725650178
0.8,1.0,2.0,219.45445,0.718347781744008
0.8,1.0,2.0,1024.0,0.716206017338093
0.8,1.0,3.0,0.0009765625,0.717327893931668
0.8,1.0,3.0,0.004556754,0.717409484956655
0.8,1.0,3.0,0.021262344,0.718449770525242
0.8,1.0,3.0,0.099212565,0.71859255481897
0.8,1.0,3.0,0.46293736,0.71865374808771
0.8,1.0,3.0,2.1601195,0.718755736868944
0.8,1.0,3.0,10.079369,0.720305966343702
0.8,1.0,3.0,47.031506,0.721285058643549
0.8,1.0,3.0,219.45445,0.720122386537481
0.8,1.0,3.0,1024.0,0.722447730749617
0.8,1.0,5.0,0.0009765625,0.716328403875574
0.8,1.0,5.0,0.004556754,0.716756756756757
0.8,1.0,5.0,0.021262344,0.716919938806731
0.8,1.0,5.0,0.099212565,0.716899541050484
0.8,1.0,5.0,0.46293736,0.716777154513004
0.8,1.0,5.0,2.1601195,0.717715451300357
0.8,1.0,5.0,10.079369,0.719020907700153
0.8,1.0,5.0,47.031506,0.719653238143804
0.8,1.0,5.0,219.45445,0.721223865374809
0.8,1.0,5.0,1024.0,0.722427332993371
0.8,1.0,8.0,0.0009765625,0.717939826619072
0.8,1.0,8.0,0.004556754,0.720632330443651
0.8,1.0,8.0,0.021262344,0.716593574706782
0.8,1.0,8.0,0.099212565,0.717776644569097
0.8,1.0,8.0,0.46293736,0.716960734319225
0.8,1.0,8.0,2.1601195,0.720367159612443
0.8,1.0,8.0,10.079369,0.721876593574707
0.8,1.0,8.0,47.031506,0.720836308006119
0.8,1.0,8.0,219.45445,0.721060683324834
0.8,1.0,8.0,1024.0,0.724242733299337
0.8,1.0,13.0,0.0009765625,0.723059663437022
0.8,1.0,13.0,0.004556754,0.723222845486996
0.8,1.0,13.0,0.021262344,0.720917899031107
0.8,1.0,13.0,0.099212565,0.72146863844977
0.8,1.0,13.0,0.46293736,0.723161652218256
0.8,1.0,13.0,2.1601195,0.721774604793473
0.8,1.0,13.0,10.079369,0.723386027536971
0.8,1.0,13.0,47.031506,0.723100458949516
0.8,1.0,13.0,219.45445,0.724997450280469
0.8,1.0,13.0,1024.0,0.725262621111678
0.8,1.0,20.0,0.0009765625,0.721591024987251
0.8,1.0,20.0,0.004556754,0.722937276899541
0.8,1.0,20.0,0.021262344,0.721081081081081
0.8,1.0,20.0,0.099212565,0.721305456399796
0.8,1.0,20.0,0.46293736,0.723814380418154
0.8,1.0,20.0,2.1601195,0.724977052524222
0.8,1.0,20.0,10.079369,0.724732279449261
0.8,1.0,20.0,47.031506,0.725588985211627
0.8,1.0,20.0,219.45445,0.724936257011729
0.8,1.0,20.0,1024.0,0.726812850586436
0.8,1.0,32.0,0.0009765625,0.723834778174401
0.8,1.0,32.0,0.004556754,0.722488526262111
0.8,1.0,32.0,0.021262344,0.723222845486996
0.8,1.0,32.0,0.099212565,0.721550229474758
0.8,1.0,32.0,0.46293736,0.723120856705762
0.8,1.0,32.0,2.1601195,0.724446710861805
0.8,1.0,32.0,10.079369,0.725038245792963
0.8,1.0,32.0,47.031506,0.725813360530342
0.8,1.0,32.0,219.45445,0.725446200917899
0.8,1.0,32.0,1024.0,0.72793472718001
0.8,1.0,50.0,0.0009765625,0.722141764405915
0.8,1.0,50.0,0.004556754,0.722896481387047
0.8,1.0,50.0,0.021262344,0.722978072412035
0.8,1.0,50.0,0.099212565,0.722978072412035
0.8,1.0,50.0,0.46293736,0.7219173890872
0.8,1.0,50.0,2.1601195,0.723508414074452
0.8,1.0,50.0,10.079369,0.724711881693014
0.8,1.0,50.0,47.031506,0.725792962774095
0.8,1.0,50.0,219.45445,0.725486996430393
0.8,1.0,50.0,1024.0,0.725976542580316
0.9,0.0009765625,1.0,0.0009765625,0.700458949515553
0.9,0.0009765625,1.0,0.004556754,0.700683324834268
0.9,0.0009765625,1.0,0.021262344,0.700826109127996
0.9,0.0009765625,1.0,0.099212565,0.700499745028047
0.9,0.0009765625,1.0,0.46293736,0.700377358490566
0.9,0.0009765625,1.0,2.1601195,0.700601733809281
0.9,0.0009765625,1.0,10.079369,0.700438551759307
0.9,0.0009765625,1.0,47.031506,0.700397756246813
0.9,0.0009765625,1.0,219.45445,0.701132075471698
0.9,0.0009765625,1.0,1024.0,0.699806221315655
0.9,0.0009765625,2.0,0.0009765625,0.717552269250382
0.9,0.0009765625,2.0,0.004556754,0.71724630290668
0.9,0.0009765625,2.0,0.021262344,0.717083120856706
0.9,0.0009765625,2.0,0.099212565,0.717531871494136
0.9,0.0009765625,2.0,0.46293736,0.717042325344212
0.9,0.0009765625,2.0,2.1601195,0.717531871494136
0.9,0.0009765625,2.0,10.079369,0.718123406425293
0.9,0.0009765625,2.0,47.031506,0.718164201937787
0.9,0.0009765625,2.0,219.45445,0.718551759306476
0.9,0.0009765625,2.0,1024.0,0.716573176950535
0.9,0.0009765625,3.0,0.0009765625,0.719245283018868
0.9,0.0009765625,3.0,0.004556754,0.717674655787863
0.9,0.0009765625,3.0,0.021262344,0.717470678225395
0.9,0.0009765625,3.0,0.099212565,0.718103008669046
0.9,0.0009765625,3.0,0.46293736,0.717939826619072
0.9,0.0009765625,3.0,2.1601195,0.718368179500255
0.9,0.0009765625,3.0,10.079369,0.721713411524732
0.9,0.0009765625,3.0,47.031506,0.722876083630801
0.9,0.0009765625,3.0,219.45445,0.721285058643549
0.9,0.0009765625,3.0,1024.0,0.722406935237124
0.9,0.0009765625,5.0,0.0009765625,0.71539010708822
0.9,0.0009765625,5.0,0.004556754,0.716981132075472
0.9,0.0009765625,5.0,0.021262344,0.716532381438042
0.9,0.0009765625,5.0,0.099212565,0.717409484956655
0.9,0.0009765625,5.0,0.46293736,0.717083120856706
0.9,0.0009765625,5.0,2.1601195,0.720795512493626
0.9,0.0009765625,5.0,10.079369,0.718898521162672
0.9,0.0009765625,5.0,47.031506,0.719898011218766
0.9,0.0009765625,5.0,219.45445,0.721448240693524
0.9,0.0009765625,5.0,1024.0,0.723018867924528
0.9,0.0009765625,8.0,0.0009765625,0.718266190719021
0.9,0.0009765625,8.0,0.004556754,0.719694033656298
0.9,0.0009765625,8.0,0.021262344,0.719959204487506
0.9,0.0009765625,8.0,0.099212565,0.718837327893932
0.9,0.0009765625,8.0,0.46293736,0.718266190719021
0.9,0.0009765625,8.0,2.1601195,0.71865374808771
0.9,0.0009765625,8.0,10.079369,0.721081081081081
0.9,0.0009765625,8.0,47.031506,0.719836817950026
0.9,0.0009765625,8.0,219.45445,0.721019887812341
0.9,0.0009765625,8.0,1024.0,0.723222845486996
0.9,0.0009765625,13.0,0.0009765625,0.722488526262111
0.9,0.0009765625,13.0,0.004556754,0.721183069862315
0.9,0.0009765625,13.0,0.021262344,0.72281489036206
0.9,0.0009765625,13.0,0.099212565,0.720734319224885
0.9,0.0009765625,13.0,0.46293736,0.721754207037226
0.9,0.0009765625,13.0,2.1601195,0.724038755736869
0.9,0.0009765625,13.0,10.079369,0.723957164711882
0.9,0.0009765625,13.0,47.031506,0.724752677205507
0.9,0.0009765625,13.0,219.45445,0.724018357980622
0.9,0.0009765625,13.0,1024.0,0.725792962774095
0.9,0.0009765625,20.0,0.0009765625,0.723161652218256
0.9,0.0009765625,20.0,0.004556754,0.721244263131056
0.9,0.0009765625,20.0,0.021262344,0.721652218255992
0.9,0.0009765625,20.0,0.099212565,0.721489036206017
0.9,0.0009765625,20.0,0.46293736,0.723977562468128
0.9,0.0009765625,20.0,2.1601195,0.724467108618052
0.9,0.0009765625,20.0,10.079369,0.725017848036716
0.9,0.0009765625,20.0,47.031506,0.72467108618052
0.9,0.0009765625,20.0,219.45445,0.725079041305457
0.9,0.0009765625,20.0,1024.0,0.726608873023967
0.9,0.0009765625,32.0,0.0009765625,0.722141764405915
0.9,0.0009765625,32.0,0.004556754,0.721366649668537
0.9,0.0009765625,32.0,0.021262344,0.722080571137175
0.9,0.0009765625,32.0,0.099212565,0.72179500254972
0.9,0.0009765625,32.0,0.46293736,0.722998470168281
0.9,0.0009765625,32.0,2.1601195,0.723732789393167
0.9,0.0009765625,32.0,10.079369,0.724752677205507
0.9,0.0009765625,32.0,47.031506,0.725935747067823
0.9,0.0009765625,32.0,219.45445,0.725405405405405
0.9,0.0009765625,32.0,1024.0,0.725976542580316
0.9,0.0009765625,50.0,0.0009765625,0.722386537480877
0.9,0.0009765625,50.0,0.004556754,0.722325344212137
0.9,0.0009765625,50.0,0.021262344,0.721060683324834
0.9,0.0009765625,50.0,0.099212565,0.721264660887302
0.9,0.0009765625,50.0,0.46293736,0.722672106068332
0.9,0.0009765625,50.0,2.1601195,0.723549209586945
0.9,0.0009765625,50.0,10.079369,0.725262621111678
0.9,0.0009765625,50.0,47.031506,0.725425803161652
0.9,0.0009765625,50.0,219.45445,0.726384497705252
0.9,0.0009765625,50.0,1024.0,0.726262111167772
0.9,0.0021094917,1.0,0.0009765625,0.700458949515553
0.9,0.0021094917,1.0,0.004556754,0.700683324834268
0.9,0.0021094917,1.0,0.021262344,0.700826109127996
0.9,0.0021094917,1.0,0.099212565,0.700499745028047
0.9,0.0021094917,1.0,0.46293736,0.700377358490566
0.9,0.0021094917,1.0,2.1601195,0.700601733809281
0.9,0.0021094917,1.0,10.079369,0.700438551759307
0.9,0.0021094917,1.0,47.031506,0.700397756246813
0.9,0.0021094917,1.0,219.45445,0.701132075471698
0.9,0.0021094917,1.0,1024.0,0.699806221315655
0.9,0.0021094917,2.0,0.0009765625,0.717552269250382
0.9,0.0021094917,2.0,0.004556754,0.71724630290668
0.9,0.0021094917,2.0,0.021262344,0.717083120856706
0.9,0.0021094917,2.0,0.099212565,0.717531871494136
0.9,0.0021094917,2.0,0.46293736,0.717042325344212
0.9,0.0021094917,2.0,2.1601195,0.717531871494136
0.9,0.0021094917,2.0,10.079369,0.718123406425293
0.9,0.0021094917,2.0,47.031506,0.718164201937787
0.9,0.0021094917,2.0,219.45445,0.718551759306476
0.9,0.0021094917,2.0,1024.0,0.716573176950535
0.9,0.0021094917,3.0,0.0009765625,0.719245283018868
0.9,0.0021094917,3.0,0.004556754,0.717674655787863
0.9,0.0021094917,3.0,0.021262344,0.717470678225395
0.9,0.0021094917,3.0,0.099212565,0.718103008669046
0.9,0.0021094917,3.0,0.46293736,0.717939826619072
0.9,0.0021094917,3.0,2.1601195,0.718368179500255
0.9,0.0021094917,3.0,10.079369,0.721713411524732
0.9,0.0021094917,3.0,47.031506,0.722876083630801
0.9,0.0021094917,3.0,219.45445,0.721285058643549
0.9,0.0021094917,3.0,1024.0,0.722406935237124
0.9,0.0021094917,5.0,0.0009765625,0.71539010708822
0.9,0.0021094917,5.0,0.004556754,0.716981132075472
0.9,0.0021094917,5.0,0.021262344,0.716532381438042
0.9,0.0021094917,5.0,0.099212565,0.717409484956655
0.9,0.0021094917,5.0,0.46293736,0.717083120856706
0.9,0.0021094917,5.0,2.1601195,0.720795512493626
0.9,0.0021094917,5.0,10.079369,0.718898521162672
0.9,0.0021094917,5.0,47.031506,0.719898011218766
0.9,0.0021094917,5.0,219.45445,0.721448240693524
0.9,0.0021094917,5.0,1024.0,0.723018867924528
0.9,0.0021094917,8.0,0.0009765625,0.718266190719021
0.9,0.0021094917,8.0,0.004556754,0.719694033656298
0.9,0.0021094917,8.0,0.021262344,0.719959204487506
0.9,0.0021094917,8.0,0.099212565,0.718837327893932
0.9,0.0021094917,8.0,0.46293736,0.718266190719021
0.9,0.0021094917,8.0,2.1601195,0.71865374808771
0.9,0.0021094917,8.0,10.079369,0.721081081081081
0.9,0.0021094917,8.0,47.031506,0.719836817950026
0.9,0.0021094917,8.0,219.45445,0.721019887812341
0.9,0.0021094917,8.0,1024.0,0.723222845486996
0.9,0.0021094917,13.0,0.0009765625,0.722488526262111
0.9,0.0021094917,13.0,0.004556754,0.721183069862315
0.9,0.0021094917,13.0,0.021262344,0.72281489036206
0.9,0.0021094917,13.0,0.099212565,0.720734319224885
0.9,0.0021094917,13.0,0.46293736,0.721754207037226
0.9,0.0021094917,13.0,2.1601195,0.724038755736869
0.9,0.0021094917,13.0,10.079369,0.723957164711882
0.9,0.0021094917,13.0,47.031506,0.724752677205507
0.9,0.0021094917,13.0,219.45445,0.724018357980622
0.9,0.0021094917,13.0,1024.0,0.725792962774095
0.9,0.0021094917,20.0,0.0009765625,0.723161652218256
0.9,0.0021094917,20.0,0.004556754,0.721244263131056
0.9,0.0021094917,20.0,0.021262344,0.721652218255992
0.9,0.0021094917,20.0,0.099212565,0.721489036206017
0.9,0.0021094917,20.0,0.46293736,0.723977562468128
0.9,0.0021094917,20.0,2.1601195,0.724467108618052
0.9,0.0021094917,20.0,10.079369,0.725017848036716
0.9,0.0021094917,20.0,47.031506,0.72467108618052
0.9,0.0021094917,20.0,219.45445,0.725079041305457
0.9,0.0021094917,20.0,1024.0,0.726608873023967
0.9,0.0021094917,32.0,0.0009765625,0.722141764405915
0.9,0.0021094917,32.0,0.004556754,0.721366649668537
0.9,0.0021094917,32.0,0.021262344,0.722080571137175
0.9,0.0021094917,32.0,0.099212565,0.72179500254972
0.9,0.0021094917,32.0,0.46293736,0.722998470168281
0.9,0.0021094917,32.0,2.1601195,0.723732789393167
0.9,0.0021094917,32.0,10.079369,0.724752677205507
0.9,0.0021094917,32.0,47.031506,0.725935747067823
0.9,0.0021094917,32.0,219.45445,0.725405405405405
0.9,0.0021094917,32.0,1024.0,0.725976542580316
0.9,0.0021094917,50.0,0.0009765625,0.722386537480877
0.9,0.0021094917,50.0,0.004556754,0.722325344212137
0.9,0.0021094917,50.0,0.021262344,0.721060683324834
0.9,0.0021094917,50.0,0.099212565,0.721264660887302
0.9,0.0021094917,50.0,0.46293736,0.722672106068332
0.9,0.0021094917,50.0,2.1601195,0.723549209586945
0.9,0.0021094917,50.0,10.079369,0.725262621111678
0.9,0.0021094917,50.0,47.031506,0.725425803161652
0.9,0.0021094917,50.0,219.45445,0.726384497705252
0.9,0.0021094917,50.0,1024.0,0.726262111167772
0.9,0.004556754,1.0,0.0009765625,0.700458949515553
0.9,0.004556754,1.0,0.004556754,0.700683324834268
0.9,0.004556754,1.0,0.021262344,0.700826109127996
0.9,0.004556754,1.0,0.099212565,0.700499745028047
0.9,0.004556754,1.0,0.46293736,0.700377358490566
0.9,0.004556754,1.0,2.1601195,0.700601733809281
0.9,0.004556754,1.0,10.079369,0.700438551759307
0.9,0.004556754,1.0,47.031506,0.700397756246813
0.9,0.004556754,1.0,219.45445,0.701132075471698
0.9,0.004556754,1.0,1024.0,0.699806221315655
0.9,0.004556754,2.0,0.0009765625,0.717552269250382
0.9,0.004556754,2.0,0.004556754,0.71724630290668
0.9,0.004556754,2.0,0.021262344,0.717083120856706
0.9,0.004556754,2.0,0.099212565,0.717531871494136
0.9,0.004556754,2.0,0.46293736,0.717042325344212
0.9,0.004556754,2.0,2.1601195,0.717531871494136
0.9,0.004556754,2.0,10.079369,0.718123406425293
0.9,0.004556754,2.0,47.031506,0.718164201937787
0.9,0.004556754,2.0,219.45445,0.718551759306476
0.9,0.004556754,2.0,1024.0,0.716573176950535
0.9,0.004556754,3.0,0.0009765625,0.719245283018868
0.9,0.004556754,3.0,0.004556754,0.717674655787863
0.9,0.004556754,3.0,0.021262344,0.717470678225395
0.9,0.004556754,3.0,0.099212565,0.718103008669046
0.9,0.004556754,3.0,0.46293736,0.717939826619072
0.9,0.004556754,3.0,2.1601195,0.718368179500255
0.9,0.004556754,3.0,10.079369,0.721713411524732
0.9,0.004556754,3.0,47.031506,0.722876083630801
0.9,0.004556754,3.0,219.45445,0.721285058643549
0.9,0.004556754,3.0,1024.0,0.722406935237124
0.9,0.004556754,5.0,0.0009765625,0.71539010708822
0.9,0.004556754,5.0,0.004556754,0.716981132075472
0.9,0.004556754,5.0,0.021262344,0.716532381438042
0.9,0.004556754,5.0,0.099212565,0.717409484956655
0.9,0.004556754,5.0,0.46293736,0.717083120856706
0.9,0.004556754,5.0,2.1601195,0.720795512493626
0.9,0.004556754,5.0,10.079369,0.718898521162672
0.9,0.004556754,5.0,47.031506,0.719898011218766
0.9,0.004556754,5.0,219.45445,0.721448240693524
0.9,0.004556754,5.0,1024.0,0.723018867924528
0.9,0.004556754,8.0,0.0009765625,0.718266190719021
0.9,0.004556754,8.0,0.004556754,0.719694033656298
0.9,0.004556754,8.0,0.021262344,0.719959204487506
0.9,0.004556754,8.0,0.099212565,0.718837327893932
0.9,0.004556754,8.0,0.46293736,0.718266190719021
0.9,0.004556754,8.0,2.1601195,0.71865374808771
0.9,0.004556754,8.0,10.079369,0.721081081081081
0.9,0.004556754,8.0,47.031506,0.719836817950026
0.9,0.004556754,8.0,219.45445,0.721019887812341
0.9,0.004556754,8.0,1024.0,0.723222845486996
0.9,0.004556754,13.0,0.0009765625,0.722488526262111
0.9,0.004556754,13.0,0.004556754,0.721183069862315
0.9,0.004556754,13.0,0.021262344,0.72281489036206
0.9,0.004556754,13.0,0.099212565,0.720734319224885
0.9,0.004556754,13.0,0.46293736,0.721754207037226
0.9,0.004556754,13.0,2.1601195,0.724038755736869
0.9,0.004556754,13.0,10.079369,0.723957164711882
0.9,0.004556754,13.0,47.031506,0.724752677205507
0.9,0.004556754,13.0,219.45445,0.724018357980622
0.9,0.004556754,13.0,1024.0,0.725792962774095
0.9,0.004556754,20.0,0.0009765625,0.723161652218256
0.9,0.004556754,20.0,0.004556754,0.721244263131056
0.9,0.004556754,20.0,0.021262344,0.721652218255992
0.9,0.004556754,20.0,0.099212565,0.721489036206017
0.9,0.004556754,20.0,0.46293736,0.723977562468128
0.9,0.004556754,20.0,2.1601195,0.724467108618052
0.9,0.004556754,20.0,10.079369,0.725017848036716
0.9,0.004556754,20.0,47.031506,0.72467108618052
0.9,0.004556754,20.0,219.45445,0.725079041305457
0.9,0.004556754,20.0,1024.0,0.726608873023967
0.9,0.004556754,32.0,0.0009765625,0.722141764405915
0.9,0.004556754,32.0,0.004556754,0.721366649668537
0.9,0.004556754,32.0,0.021262344,0.722080571137175
0.9,0.004556754,32.0,0.099212565,0.72179500254972
0.9,0.004556754,32.0,0.46293736,0.722998470168281
0.9,0.004556754,32.0,2.1601195,0.723732789393167
0.9,0.004556754,32.0,10.079369,0.724752677205507
0.9,0.004556754,32.0,47.031506,0.725935747067823
0.9,0.004556754,32.0,219.45445,0.725405405405405
0.9,0.004556754,32.0,1024.0,0.725976542580316
0.9,0.004556754,50.0,0.0009765625,0.722386537480877
0.9,0.004556754,50.0,0.004556754,0.722325344212137
0.9,0.004556754,50.0,0.021262344,0.721060683324834
0.9,0.004556754,50.0,0.099212565,0.721264660887302
0.9,0.004556754,50.0,0.46293736,0.722672106068332
0.9,0.004556754,50.0,2.1601195,0.723549209586945
0.9,0.004556754,50.0,10.079369,0.725262621111678
0.9,0.004556754,50.0,47.031506,0.725425803161652
0.9,0.004556754,50.0,219.45445,0.726384497705252
0.9,0.004556754,50.0,1024.0,0.726262111167772
0.9,0.009843133,1.0,0.0009765625,0.700458949515553
0.9,0.009843133,1.0,0.004556754,0.700683324834268
0.9,0.009843133,1.0,0.021262344,0.700826109127996
0.9,0.009843133,1.0,0.099212565,0.700499745028047
0.9,0.009843133,1.0,0.46293736,0.700377358490566
0.9,0.009843133,1.0,2.1601195,0.700601733809281
0.9,0.009843133,1.0,10.079369,0.700438551759307
0.9,0.009843133,1.0,47.031506,0.700397756246813
0.9,0.009843133,1.0,219.45445,0.701132075471698
0.9,0.009843133,1.0,1024.0,0.699806221315655
0.9,0.009843133,2.0,0.0009765625,0.717552269250382
0.9,0.009843133,2.0,0.004556754,0.71724630290668
0.9,0.009843133,2.0,0.021262344,0.717083120856706
0.9,0.009843133,2.0,0.099212565,0.717531871494136
0.9,0.009843133,2.0,0.46293736,0.717042325344212
0.9,0.009843133,2.0,2.1601195,0.717531871494136
0.9,0.009843133,2.0,10.079369,0.718123406425293
0.9,0.009843133,2.0,47.031506,0.718164201937787
0.9,0.009843133,2.0,219.45445,0.718551759306476
0.9,0.009843133,2.0,1024.0,0.716573176950535
0.9,0.009843133,3.0,0.0009765625,0.719245283018868
0.9,0.009843133,3.0,0.004556754,0.717674655787863
0.9,0.009843133,3.0,0.021262344,0.717470678225395
0.9,0.009843133,3.0,0.099212565,0.718103008669046
0.9,0.009843133,3.0,0.46293736,0.717939826619072
0.9,0.009843133,3.0,2.1601195,0.718368179500255
0.9,0.009843133,3.0,10.079369,0.721713411524732
0.9,0.009843133,3.0,47.031506,0.722876083630801
0.9,0.009843133,3.0,219.45445,0.721285058643549
0.9,0.009843133,3.0,1024.0,0.722406935237124
0.9,0.009843133,5.0,0.0009765625,0.71539010708822
0.9,0.009843133,5.0,0.004556754,0.716981132075472
0.9,0.009843133,5.0,0.021262344,0.716532381438042
0.9,0.009843133,5.0,0.099212565,0.717409484956655
0.9,0.009843133,5.0,0.46293736,0.717083120856706
0.9,0.009843133,5.0,2.1601195,0.720795512493626
0.9,0.009843133,5.0,10.079369,0.718898521162672
0.9,0.009843133,5.0,47.031506,0.719898011218766
0.9,0.009843133,5.0,219.45445,0.721448240693524
0.9,0.009843133,5.0,1024.0,0.723018867924528
0.9,0.009843133,8.0,0.0009765625,0.718266190719021
0.9,0.009843133,8.0,0.004556754,0.719694033656298
0.9,0.009843133,8.0,0.021262344,0.719959204487506
0.9,0.009843133,8.0,0.099212565,0.718837327893932
0.9,0.009843133,8.0,0.46293736,0.718266190719021
0.9,0.009843133,8.0,2.1601195,0.71865374808771
0.9,0.009843133,8.0,10.079369,0.721081081081081
0.9,0.009843133,8.0,47.031506,0.719836817950026
0.9,0.009843133,8.0,219.45445,0.721019887812341
0.9,0.009843133,8.0,1024.0,0.723222845486996
0.9,0.009843133,13.0,0.0009765625,0.722488526262111
0.9,0.009843133,13.0,0.004556754,0.721183069862315
0.9,0.009843133,13.0,0.021262344,0.72281489036206
0.9,0.009843133,13.0,0.099212565,0.720734319224885
0.9,0.009843133,13.0,0.46293736,0.721754207037226
0.9,0.009843133,13.0,2.1601195,0.724038755736869
0.9,0.009843133,13.0,10.079369,0.723957164711882
0.9,0.009843133,13.0,47.031506,0.724752677205507
0.9,0.009843133,13.0,219.45445,0.724018357980622
0.9,0.009843133,13.0,1024.0,0.725792962774095
0.9,0.009843133,20.0,0.0009765625,0.723161652218256
0.9,0.009843133,20.0,0.004556754,0.721244263131056
0.9,0.009843133,20.0,0.021262344,0.721652218255992
0.9,0.009843133,20.0,0.099212565,0.721489036206017
0.9,0.009843133,20.0,0.46293736,0.723977562468128
0.9,0.009843133,20.0,2.1601195,0.724467108618052
0.9,0.009843133,20.0,10.079369,0.725017848036716
0.9,0.009843133,20.0,47.031506,0.72467108618052
0.9,0.009843133,20.0,219.45445,0.725079041305457
0.9,0.009843133,20.0,1024.0,0.726608873023967
0.9,0.009843133,32.0,0.0009765625,0.722141764405915
0.9,0.009843133,32.0,0.004556754,0.721366649668537
0.9,0.009843133,32.0,0.021262344,0.722080571137175
0.9,0.009843133,32.0,0.099212565,0.72179500254972
0.9,0.009843133,32.0,0.46293736,0.722998470168281
0.9,0.009843133,32.0,2.1601195,0.723732789393167
0.9,0.009843133,32.0,10.079369,0.724752677205507
0.9,0.009843133,32.0,47.031506,0.725935747067823
0.9,0.009843133,32.0,219.45445,0.725405405405405
0.9,0.009843133,32.0,1024.0,0.725976542580316
0.9,0.009843133,50.0,0.0009765625,0.722386537480877
0.9,0.009843133,50.0,0.004556754,0.722325344212137
0.9,0.009843133,50.0,0.021262344,0.721060683324834
0.9,0.009843133,50.0,0.099212565,0.721264660887302
0.9,0.009843133,50.0,0.46293736,0.722672106068332
0.9,0.009843133,50.0,2.1601195,0.723549209586945
0.9,0.009843133,50.0,10.079369,0.725262621111678
0.9,0.009843133,50.0,47.031506,0.725425803161652
0.9,0.009843133,50.0,219.45445,0.726384497705252
0.9,0.009843133,50.0,1024.0,0.726262111167772
0.9,0.021262344,1.0,0.0009765625,0.700458949515553
0.9,0.021262344,1.0,0.004556754,0.700683324834268
0.9,0.021262344,1.0,0.021262344,0.700826109127996
0.9,0.021262344,1.0,0.099212565,0.700499745028047
0.9,0.021262344,1.0,0.46293736,0.700377358490566
0.9,0.021262344,1.0,2.1601195,0.700601733809281
0.9,0.021262344,1.0,10.079369,0.700438551759307
0.9,0.021262344,1.0,47.031506,0.700397756246813
0.9,0.021262344,1.0,219.45445,0.701132075471698
0.9,0.021262344,1.0,1024.0,0.699806221315655
0.9,0.021262344,2.0,0.0009765625,0.717552269250382
0.9,0.021262344,2.0,0.004556754,0.71724630290668
0.9,0.021262344,2.0,0.021262344,0.717083120856706
0.9,0.021262344,2.0,0.099212565,0.717531871494136
0.9,0.021262344,2.0,0.46293736,0.717042325344212
0.9,0.021262344,2.0,2.1601195,0.717531871494136
0.9,0.021262344,2.0,10.079369,0.718123406425293
0.9,0.021262344,2.0,47.031506,0.718164201937787
0.9,0.021262344,2.0,219.45445,0.718551759306476
0.9,0.021262344,2.0,1024.0,0.716573176950535
0.9,0.021262344,3.0,0.0009765625,0.719245283018868
0.9,0.021262344,3.0,0.004556754,0.717674655787863
0.9,0.021262344,3.0,0.021262344,0.717470678225395
0.9,0.021262344,3.0,0.099212565,0.718103008669046
0.9,0.021262344,3.0,0.46293736,0.717939826619072
0.9,0.021262344,3.0,2.1601195,0.718368179500255
0.9,0.021262344,3.0,10.079369,0.721713411524732
0.9,0.021262344,3.0,47.031506,0.722876083630801
0.9,0.021262344,3.0,219.45445,0.721285058643549
0.9,0.021262344,3.0,1024.0,0.722406935237124
0.9,0.021262344,5.0,0.0009765625,0.71539010708822
0.9,0.021262344,5.0,0.004556754,0.716981132075472
0.9,0.021262344,5.0,0.021262344,0.716532381438042
0.9,0.021262344,5.0,0.099212565,0.717409484956655
0.9,0.021262344,5.0,0.46293736,0.717083120856706
0.9,0.021262344,5.0,2.1601195,0.720795512493626
0.9,0.021262344,5.0,10.079369,0.718898521162672
0.9,0.021262344,5.0,47.031506,0.719898011218766
0.9,0.021262344,5.0,219.45445,0.721448240693524
0.9,0.021262344,5.0,1024.0,0.723018867924528
0.9,0.021262344,8.0,0.0009765625,0.718266190719021
0.9,0.021262344,8.0,0.004556754,0.719694033656298
0.9,0.021262344,8.0,0.021262344,0.719959204487506
0.9,0.021262344,8.0,0.099212565,0.718837327893932
0.9,0.021262344,8.0,0.46293736,0.718266190719021
0.9,0.021262344,8.0,2.1601195,0.71865374808771
0.9,0.021262344,8.0,10.079369,0.721081081081081
0.9,0.021262344,8.0,47.031506,0.719836817950026
0.9,0.021262344,8.0,219.45445,0.721019887812341
0.9,0.021262344,8.0,1024.0,0.723222845486996
0.9,0.021262344,13.0,0.0009765625,0.722488526262111
0.9,0.021262344,13.0,0.004556754,0.721183069862315
0.9,0.021262344,13.0,0.021262344,0.72281489036206
0.9,0.021262344,13.0,0.099212565,0.720734319224885
0.9,0.021262344,13.0,0.46293736,0.721754207037226
0.9,0.021262344,13.0,2.1601195,0.724038755736869
0.9,0.021262344,13.0,10.079369,0.723957164711882
0.9,0.021262344,13.0,47.031506,0.724752677205507
0.9,0.021262344,13.0,219.45445,0.724018357980622
0.9,0.021262344,13.0,1024.0,0.725792962774095
0.9,0.021262344,20.0,0.0009765625,0.723161652218256
0.9,0.021262344,20.0,0.004556754,0.721244263131056
0.9,0.021262344,20.0,0.021262344,0.721652218255992
0.9,0.021262344,20.0,0.099212565,0.721489036206017
0.9,0.021262344,20.0,0.46293736,0.723977562468128
0.9,0.021262344,20.0,2.1601195,0.724467108618052
0.9,0.021262344,20.0,10.079369,0.725017848036716
0.9,0.021262344,20.0,47.031506,0.72467108618052
0.9,0.021262344,20.0,219.45445,0.725079041305457
0.9,0.021262344,20.0,1024.0,0.726608873023967
0.9,0.021262344,32.0,0.0009765625,0.722141764405915
0.9,0.021262344,32.0,0.004556754,0.721366649668537
0.9,0.021262344,32.0,0.021262344,0.722080571137175
0.9,0.021262344,32.0,0.099212565,0.72179500254972
0.9,0.021262344,32.0,0.46293736,0.722998470168281
0.9,0.021262344,32.0,2.1601195,0.723732789393167
0.9,0.021262344,32.0,10.079369,0.724752677205507
0.9,0.021262344,32.0,47.031506,0.725935747067823
0.9,0.021262344,32.0,219.45445,0.725405405405405
0.9,0.021262344,32.0,1024.0,0.725976542580316
0.9,0.021262344,50.0,0.0009765625,0.722386537480877
0.9,0.021262344,50.0,0.004556754,0.722325344212137
0.9,0.021262344,50.0,0.021262344,0.721060683324834
0.9,0.021262344,50.0,0.099212565,0.721264660887302
0.9,0.021262344,50.0,0.46293736,0.722672106068332
0.9,0.021262344,50.0,2.1601195,0.723549209586945
0.9,0.021262344,50.0,10.079369,0.725262621111678
0.9,0.021262344,50.0,47.031506,0.725425803161652
0.9,0.021262344,50.0,219.45445,0.726384497705252
0.9,0.021262344,50.0,1024.0,0.726262111167772
0.9,0.045929205,1.0,0.0009765625,0.700458949515553
0.9,0.045929205,1.0,0.004556754,0.700683324834268
0.9,0.045929205,1.0,0.021262344,0.700826109127996
0.9,0.045929205,1.0,0.099212565,0.700499745028047
0.9,0.045929205,1.0,0.46293736,0.700377358490566
0.9,0.045929205,1.0,2.1601195,0.700601733809281
0.9,0.045929205,1.0,10.079369,0.700438551759307
0.9,0.045929205,1.0,47.031506,0.700397756246813
0.9,0.045929205,1.0,219.45445,0.701132075471698
0.9,0.045929205,1.0,1024.0,0.699806221315655
0.9,0.045929205,2.0,0.0009765625,0.717552269250382
0.9,0.045929205,2.0,0.004556754,0.71724630290668
0.9,0.045929205,2.0,0.021262344,0.717083120856706
0.9,0.045929205,2.0,0.099212565,0.717531871494136
0.9,0.045929205,2.0,0.46293736,0.717042325344212
0.9,0.045929205,2.0,2.1601195,0.717531871494136
0.9,0.045929205,2.0,10.079369,0.718123406425293
0.9,0.045929205,2.0,47.031506,0.718164201937787
0.9,0.045929205,2.0,219.45445,0.718551759306476
0.9,0.045929205,2.0,1024.0,0.716573176950535
0.9,0.045929205,3.0,0.0009765625,0.719245283018868
0.9,0.045929205,3.0,0.004556754,0.717674655787863
0.9,0.045929205,3.0,0.021262344,0.717470678225395
0.9,0.045929205,3.0,0.099212565,0.718103008669046
0.9,0.045929205,3.0,0.46293736,0.717939826619072
0.9,0.045929205,3.0,2.1601195,0.718368179500255
0.9,0.045929205,3.0,10.079369,0.721713411524732
0.9,0.045929205,3.0,47.031506,0.722876083630801
0.9,0.045929205,3.0,219.45445,0.721285058643549
0.9,0.045929205,3.0,1024.0,0.722406935237124
0.9,0.045929205,5.0,0.0009765625,0.71539010708822
0.9,0.045929205,5.0,0.004556754,0.716981132075472
0.9,0.045929205,5.0,0.021262344,0.716532381438042
0.9,0.045929205,5.0,0.099212565,0.717409484956655
0.9,0.045929205,5.0,0.46293736,0.717083120856706
0.9,0.045929205,5.0,2.1601195,0.720795512493626
0.9,0.045929205,5.0,10.079369,0.718898521162672
0.9,0.045929205,5.0,47.031506,0.719898011218766
0.9,0.045929205,5.0,219.45445,0.721448240693524
0.9,0.045929205,5.0,1024.0,0.723018867924528
0.9,0.045929205,8.0,0.0009765625,0.718266190719021
0.9,0.045929205,8.0,0.004556754,0.719694033656298
0.9,0.045929205,8.0,0.021262344,0.719959204487506
0.9,0.045929205,8.0,0.099212565,0.718837327893932
0.9,0.045929205,8.0,0.46293736,0.718266190719021
0.9,0.045929205,8.0,2.1601195,0.71865374808771
0.9,0.045929205,8.0,10.079369,0.721081081081081
0.9,0.045929205,8.0,47.031506,0.719836817950026
0.9,0.045929205,8.0,219.45445,0.721019887812341
0.9,0.045929205,8.0,1024.0,0.723222845486996
0.9,0.045929205,13.0,0.0009765625,0.722488526262111
0.9,0.045929205,13.0,0.004556754,0.721183069862315
0.9,0.045929205,13.0,0.021262344,0.72281489036206
0.9,0.045929205,13.0,0.099212565,0.720734319224885
0.9,0.045929205,13.0,0.46293736,0.721754207037226
0.9,0.045929205,13.0,2.1601195,0.724038755736869
0.9,0.045929205,13.0,10.079369,0.723957164711882
0.9,0.045929205,13.0,47.031506,0.724752677205507
0.9,0.045929205,13.0,219.45445,0.724018357980622
0.9,0.045929205,13.0,1024.0,0.725792962774095
0.9,0.045929205,20.0,0.0009765625,0.723161652218256
0.9,0.045929205,20.0,0.004556754,0.721244263131056
0.9,0.045929205,20.0,0.021262344,0.721652218255992
0.9,0.045929205,20.0,0.099212565,0.721489036206017
0.9,0.045929205,20.0,0.46293736,0.723977562468128
0.9,0.045929205,20.0,2.1601195,0.724467108618052
0.9,0.045929205,20.0,10.079369,0.725017848036716
0.9,0.045929205,20.0,47.031506,0.72467108618052
0.9,0.045929205,20.0,219.45445,0.725079041305457
0.9,0.045929205,20.0,1024.0,0.726608873023967
0.9,0.045929205,32.0,0.0009765625,0.722141764405915
0.9,0.045929205,32.0,0.004556754,0.721366649668537
0.9,0.045929205,32.0,0.021262344,0.722080571137175
0.9,0.045929205,32.0,0.099212565,0.72179500254972
0.9,0.045929205,32.0,0.46293736,0.722998470168281
0.9,0.045929205,32.0,2.1601195,0.723732789393167
0.9,0.045929205,32.0,10.079369,0.724752677205507
0.9,0.045929205,32.0,47.031506,0.725935747067823
0.9,0.045929205,32.0,219.45445,0.725405405405405
0.9,0.045929205,32.0,1024.0,0.725976542580316
0.9,0.045929205,50.0,0.0009765625,0.722386537480877
0.9,0.045929205,50.0,0.004556754,0.722325344212137
0.9,0.045929205,50.0,0.021262344,0.721060683324834
0.9,0.045929205,50.0,0.099212565,0.721264660887302
0.9,0.045929205,50.0,0.46293736,0.722672106068332
0.9,0.045929205,50.0,2.1601195,0.723549209586945
0.9,0.045929205,50.0,10.079369,0.725262621111678
0.9,0.045929205,50.0,47.031506,0.725425803161652
0.9,0.045929205,50.0,219.45445,0.726384497705252
0.9,0.045929205,50.0,1024.0,0.726262111167772
0.9,0.099212565,1.0,0.0009765625,0.700458949515553
0.9,0.099212565,1.0,0.004556754,0.700683324834268
0.9,0.099212565,1.0,0.021262344,0.700826109127996
0.9,0.099212565,1.0,0.099212565,0.700499745028047
0.9,0.099212565,1.0,0.46293736,0.700377358490566
0.9,0.099212565,1.0,2.1601195,0.700601733809281
0.9,0.099212565,1.0,10.079369,0.700438551759307
0.9,0.099212565,1.0,47.031506,0.700397756246813
0.9,0.099212565,1.0,219.45445,0.701132075471698
0.9,0.099212565,1.0,1024.0,0.699806221315655
0.9,0.099212565,2.0,0.0009765625,0.717552269250382
0.9,0.099212565,2.0,0.004556754,0.71724630290668
0.9,0.099212565,2.0,0.021262344,0.717083120856706
0.9,0.099212565,2.0,0.099212565,0.717531871494136
0.9,0.099212565,2.0,0.46293736,0.717042325344212
0.9,0.099212565,2.0,2.1601195,0.717531871494136
0.9,0.099212565,2.0,10.079369,0.718123406425293
0.9,0.099212565,2.0,47.031506,0.718164201937787
0.9,0.099212565,2.0,219.45445,0.718551759306476
0.9,0.099212565,2.0,1024.0,0.716573176950535
0.9,0.099212565,3.0,0.0009765625,0.719245283018868
0.9,0.099212565,3.0,0.004556754,0.717674655787863
0.9,0.099212565,3.0,0.021262344,0.717470678225395
0.9,0.099212565,3.0,0.099212565,0.718103008669046
0.9,0.099212565,3.0,0.46293736,0.717939826619072
0.9,0.099212565,3.0,2.1601195,0.718368179500255
0.9,0.099212565,3.0,10.079369,0.721713411524732
0.9,0.099212565,3.0,47.031506,0.722876083630801
0.9,0.099212565,3.0,219.45445,0.721285058643549
0.9,0.099212565,3.0,1024.0,0.722406935237124
0.9,0.099212565,5.0,0.0009765625,0.71539010708822
0.9,0.099212565,5.0,0.004556754,0.716981132075472
0.9,0.099212565,5.0,0.021262344,0.716532381438042
0.9,0.099212565,5.0,0.099212565,0.717409484956655
0.9,0.099212565,5.0,0.46293736,0.717083120856706
0.9,0.099212565,5.0,2.1601195,0.720795512493626
0.9,0.099212565,5.0,10.079369,0.718898521162672
0.9,0.099212565,5.0,47.031506,0.719898011218766
0.9,0.099212565,5.0,219.45445,0.721448240693524
0.9,0.099212565,5.0,1024.0,0.723018867924528
0.9,0.099212565,8.0,0.0009765625,0.718266190719021
0.9,0.099212565,8.0,0.004556754,0.719694033656298
0.9,0.099212565,8.0,0.021262344,0.719959204487506
0.9,0.099212565,8.0,0.099212565,0.718837327893932
0.9,0.099212565,8.0,0.46293736,0.718266190719021
0.9,0.099212565,8.0,2.1601195,0.71865374808771
0.9,0.099212565,8.0,10.079369,0.721081081081081
0.9,0.099212565,8.0,47.031506,0.719836817950026
0.9,0.099212565,8.0,219.45445,0.721019887812341
0.9,0.099212565,8.0,1024.0,0.723222845486996
0.9,0.099212565,13.0,0.0009765625,0.722488526262111
0.9,0.099212565,13.0,0.004556754,0.721183069862315
0.9,0.099212565,13.0,0.021262344,0.72281489036206
0.9,0.099212565,13.0,0.099212565,0.720734319224885
0.9,0.099212565,13.0,0.46293736,0.721754207037226
0.9,0.099212565,13.0,2.1601195,0.724038755736869
0.9,0.099212565,13.0,10.079369,0.723957164711882
0.9,0.099212565,13.0,47.031506,0.724752677205507
0.9,0.099212565,13.0,219.45445,0.724018357980622
0.9,0.099212565,13.0,1024.0,0.725792962774095
0.9,0.099212565,20.0,0.0009765625,0.723161652218256
0.9,0.099212565,20.0,0.004556754,0.721244263131056
0.9,0.099212565,20.0,0.021262344,0.721652218255992
0.9,0.099212565,20.0,0.099212565,0.721489036206017
0.9,0.099212565,20.0,0.46293736,0.723977562468128
0.9,0.099212565,20.0,2.1601195,0.724467108618052
0.9,0.099212565,20.0,10.079369,0.725017848036716
0.9,0.099212565,20.0,47.031506,0.72467108618052
0.9,0.099212565,20.0,219.45445,0.725079041305457
0.9,0.099212565,20.0,1024.0,0.726608873023967
0.9,0.099212565,32.0,0.0009765625,0.722141764405915
0.9,0.099212565,32.0,0.004556754,0.721366649668537
0.9,0.099212565,32.0,0.021262344,0.722080571137175
0.9,0.099212565,32.0,0.099212565,0.72179500254972
0.9,0.099212565,32.0,0.46293736,0.722998470168281
0.9,0.099212565,32.0,2.1601195,0.723732789393167
0.9,0.099212565,32.0,10.079369,0.724752677205507
0.9,0.099212565,32.0,47.031506,0.725935747067823
0.9,0.099212565,32.0,219.45445,0.725405405405405
0.9,0.099212565,32.0,1024.0,0.725976542580316
0.9,0.099212565,50.0,0.0009765625,0.722386537480877
0.9,0.099212565,50.0,0.004556754,0.722325344212137
0.9,0.099212565,50.0,0.021262344,0.721060683324834
0.9,0.099212565,50.0,0.099212565,0.721264660887302
0.9,0.099212565,50.0,0.46293736,0.722672106068332
0.9,0.099212565,50.0,2.1601195,0.723549209586945
0.9,0.099212565,50.0,10.079369,0.725262621111678
0.9,0.099212565,50.0,47.031506,0.725425803161652
0.9,0.099212565,50.0,219.45445,0.726384497705252
0.9,0.099212565,50.0,1024.0,0.726262111167772
0.9,0.21431099,1.0,0.0009765625,0.700458949515553
0.9,0.21431099,1.0,0.004556754,0.700683324834268
0.9,0.21431099,1.0,0.021262344,0.700826109127996
0.9,0.21431099,1.0,0.099212565,0.700499745028047
0.9,0.21431099,1.0,0.46293736,0.700377358490566
0.9,0.21431099,1.0,2.1601195,0.700601733809281
0.9,0.21431099,1.0,10.079369,0.700438551759307
0.9,0.21431099,1.0,47.031506,0.700397756246813
0.9,0.21431099,1.0,219.45445,0.701132075471698
0.9,0.21431099,1.0,1024.0,0.699806221315655
0.9,0.21431099,2.0,0.0009765625,0.717552269250382
0.9,0.21431099,2.0,0.004556754,0.71724630290668
0.9,0.21431099,2.0,0.021262344,0.717083120856706
0.9,0.21431099,2.0,0.099212565,0.717531871494136
0.9,0.21431099,2.0,0.46293736,0.717042325344212
0.9,0.21431099,2.0,2.1601195,0.717531871494136
0.9,0.21431099,2.0,10.079369,0.718123406425293
0.9,0.21431099,2.0,47.031506,0.718164201937787
0.9,0.21431099,2.0,219.45445,0.718551759306476
0.9,0.21431099,2.0,1024.0,0.716573176950535
0.9,0.21431099,3.0,0.0009765625,0.719245283018868
0.9,0.21431099,3.0,0.004556754,0.717674655787863
0.9,0.21431099,3.0,0.021262344,0.717470678225395
0.9,0.21431099,3.0,0.099212565,0.718103008669046
0.9,0.21431099,3.0,0.46293736,0.717939826619072
0.9,0.21431099,3.0,2.1601195,0.718368179500255
0.9,0.21431099,3.0,10.079369,0.721713411524732
0.9,0.21431099,3.0,47.031506,0.722876083630801
0.9,0.21431099,3.0,219.45445,0.721285058643549
0.9,0.21431099,3.0,1024.0,0.722406935237124
0.9,0.21431099,5.0,0.0009765625,0.71539010708822
0.9,0.21431099,5.0,0.004556754,0.716981132075472
0.9,0.21431099,5.0,0.021262344,0.716532381438042
0.9,0.21431099,5.0,0.099212565,0.717409484956655
0.9,0.21431099,5.0,0.46293736,0.717083120856706
0.9,0.21431099,5.0,2.1601195,0.720795512493626
0.9,0.21431099,5.0,10.079369,0.718898521162672
0.9,0.21431099,5.0,47.031506,0.719898011218766
0.9,0.21431099,5.0,219.45445,0.721448240693524
0.9,0.21431099,5.0,1024.0,0.723018867924528
0.9,0.21431099,8.0,0.0009765625,0.718266190719021
0.9,0.21431099,8.0,0.004556754,0.719694033656298
0.9,0.21431099,8.0,0.021262344,0.719959204487506
0.9,0.21431099,8.0,0.099212565,0.718837327893932
0.9,0.21431099,8.0,0.46293736,0.718266190719021
0.9,0.21431099,8.0,2.1601195,0.71865374808771
0.9,0.21431099,8.0,10.079369,0.721081081081081
0.9,0.21431099,8.0,47.031506,0.719836817950026
0.9,0.21431099,8.0,219.45445,0.721019887812341
0.9,0.21431099,8.0,1024.0,0.723222845486996
0.9,0.21431099,13.0,0.0009765625,0.722488526262111
0.9,0.21431099,13.0,0.004556754,0.721183069862315
0.9,0.21431099,13.0,0.021262344,0.72281489036206
0.9,0.21431099,13.0,0.099212565,0.720734319224885
0.9,0.21431099,13.0,0.46293736,0.721754207037226
0.9,0.21431099,13.0,2.1601195,0.724038755736869
0.9,0.21431099,13.0,10.079369,0.723957164711882
0.9,0.21431099,13.0,47.031506,0.724752677205507
0.9,0.21431099,13.0,219.45445,0.724018357980622
0.9,0.21431099,13.0,1024.0,0.725792962774095
0.9,0.21431099,20.0,0.0009765625,0.723161652218256
0.9,0.21431099,20.0,0.004556754,0.721244263131056
0.9,0.21431099,20.0,0.021262344,0.721652218255992
0.9,0.21431099,20.0,0.099212565,0.721489036206017
0.9,0.21431099,20.0,0.46293736,0.723977562468128
0.9,0.21431099,20.0,2.1601195,0.724467108618052
0.9,0.21431099,20.0,10.079369,0.725017848036716
0.9,0.21431099,20.0,47.031506,0.72467108618052
0.9,0.21431099,20.0,219.45445,0.725079041305457
0.9,0.21431099,20.0,1024.0,0.726608873023967
0.9,0.21431099,32.0,0.0009765625,0.722141764405915
0.9,0.21431099,32.0,0.004556754,0.721366649668537
0.9,0.21431099,32.0,0.021262344,0.722080571137175
0.9,0.21431099,32.0,0.099212565,0.72179500254972
0.9,0.21431099,32.0,0.46293736,0.722998470168281
0.9,0.21431099,32.0,2.1601195,0.723732789393167
0.9,0.21431099,32.0,10.079369,0.724752677205507
0.9,0.21431099,32.0,47.031506,0.725935747067823
0.9,0.21431099,32.0,219.45445,0.725405405405405
0.9,0.21431099,32.0,1024.0,0.725976542580316
0.9,0.21431099,50.0,0.0009765625,0.722386537480877
0.9,0.21431099,50.0,0.004556754,0.722325344212137
0.9,0.21431099,50.0,0.021262344,0.721060683324834
0.9,0.21431099,50.0,0.099212565,0.721264660887302
0.9,0.21431099,50.0,0.46293736,0.722672106068332
0.9,0.21431099,50.0,2.1601195,0.723549209586945
0.9,0.21431099,50.0,10.079369,0.725262621111678
0.9,0.21431099,50.0,47.031506,0.725425803161652
0.9,0.21431099,50.0,219.45445,0.726384497705252
0.9,0.21431099,50.0,1024.0,0.726262111167772
0.9,0.46293736,1.0,0.0009765625,0.700458949515553
0.9,0.46293736,1.0,0.004556754,0.700683324834268
0.9,0.46293736,1.0,0.021262344,0.700826109127996
0.9,0.46293736,1.0,0.099212565,0.700499745028047
0.9,0.46293736,1.0,0.46293736,0.700377358490566
0.9,0.46293736,1.0,2.1601195,0.700601733809281
0.9,0.46293736,1.0,10.079369,0.700438551759307
0.9,0.46293736,1.0,47.031506,0.700397756246813
0.9,0.46293736,1.0,219.45445,0.701132075471698
0.9,0.46293736,1.0,1024.0,0.699806221315655
0.9,0.46293736,2.0,0.0009765625,0.717552269250382
0.9,0.46293736,2.0,0.004556754,0.71724630290668
0.9,0.46293736,2.0,0.021262344,0.717083120856706
0.9,0.46293736,2.0,0.099212565,0.717531871494136
0.9,0.46293736,2.0,0.46293736,0.717042325344212
0.9,0.46293736,2.0,2.1601195,0.717531871494136
0.9,0.46293736,2.0,10.079369,0.718123406425293
0.9,0.46293736,2.0,47.031506,0.718164201937787
0.9,0.46293736,2.0,219.45445,0.718551759306476
0.9,0.46293736,2.0,1024.0,0.716573176950535
0.9,0.46293736,3.0,0.0009765625,0.719245283018868
0.9,0.46293736,3.0,0.004556754,0.717674655787863
0.9,0.46293736,3.0,0.021262344,0.717470678225395
0.9,0.46293736,3.0,0.099212565,0.718103008669046
0.9,0.46293736,3.0,0.46293736,0.717939826619072
0.9,0.46293736,3.0,2.1601195,0.718368179500255
0.9,0.46293736,3.0,10.079369,0.721713411524732
0.9,0.46293736,3.0,47.031506,0.722876083630801
0.9,0.46293736,3.0,219.45445,0.721285058643549
0.9,0.46293736,3.0,1024.0,0.722406935237124
0.9,0.46293736,5.0,0.0009765625,0.71539010708822
0.9,0.46293736,5.0,0.004556754,0.716981132075472
0.9,0.46293736,5.0,0.021262344,0.716532381438042
0.9,0.46293736,5.0,0.099212565,0.717409484956655
0.9,0.46293736,5.0,0.46293736,0.717083120856706
0.9,0.46293736,5.0,2.1601195,0.720795512493626
0.9,0.46293736,5.0,10.079369,0.718898521162672
0.9,0.46293736,5.0,47.031506,0.719898011218766
0.9,0.46293736,5.0,219.45445,0.721448240693524
0.9,0.46293736,5.0,1024.0,0.723018867924528
0.9,0.46293736,8.0,0.0009765625,0.718266190719021
0.9,0.46293736,8.0,0.004556754,0.719694033656298
0.9,0.46293736,8.0,0.021262344,0.719959204487506
0.9,0.46293736,8.0,0.099212565,0.718837327893932
0.9,0.46293736,8.0,0.46293736,0.718266190719021
0.9,0.46293736,8.0,2.1601195,0.71865374808771
0.9,0.46293736,8.0,10.079369,0.721081081081081
0.9,0.46293736,8.0,47.031506,0.719836817950026
0.9,0.46293736,8.0,219.45445,0.721019887812341
0.9,0.46293736,8.0,1024.0,0.723222845486996
0.9,0.46293736,13.0,0.0009765625,0.722488526262111
0.9,0.46293736,13.0,0.004556754,0.721183069862315
0.9,0.46293736,13.0,0.021262344,0.72281489036206
0.9,0.46293736,13.0,0.099212565,0.720734319224885
0.9,0.46293736,13.0,0.46293736,0.721754207037226
0.9,0.46293736,13.0,2.1601195,0.724038755736869
0.9,0.46293736,13.0,10.079369,0.723957164711882
0.9,0.46293736,13.0,47.031506,0.724752677205507
0.9,0.46293736,13.0,219.45445,0.724018357980622
0.9,0.46293736,13.0,1024.0,0.725792962774095
0.9,0.46293736,20.0,0.0009765625,0.723161652218256
0.9,0.46293736,20.0,0.004556754,0.721244263131056
0.9,0.46293736,20.0,0.021262344,0.721652218255992
0.9,0.46293736,20.0,0.099212565,0.721489036206017
0.9,0.46293736,20.0,0.46293736,0.723977562468128
0.9,0.46293736,20.0,2.1601195,0.724467108618052
0.9,0.46293736,20.0,10.079369,0.725017848036716
0.9,0.46293736,20.0,47.031506,0.72467108618052
0.9,0.46293736,20.0,219.45445,0.725079041305457
0.9,0.46293736,20.0,1024.0,0.726608873023967
0.9,0.46293736,32.0,0.0009765625,0.722141764405915
0.9,0.46293736,32.0,0.004556754,0.721366649668537
0.9,0.46293736,32.0,0.021262344,0.722080571137175
0.9,0.46293736,32.0,0.099212565,0.72179500254972
0.9,0.46293736,32.0,0.46293736,0.722998470168281
0.9,0.46293736,32.0,2.1601195,0.723732789393167
0.9,0.46293736,32.0,10.079369,0.724752677205507
0.9,0.46293736,32.0,47.031506,0.725935747067823
0.9,0.46293736,32.0,219.45445,0.725405405405405
0.9,0.46293736,32.0,1024.0,0.725976542580316
0.9,0.46293736,50.0,0.0009765625,0.722386537480877
0.9,0.46293736,50.0,0.004556754,0.722325344212137
0.9,0.46293736,50.0,0.021262344,0.721060683324834
0.9,0.46293736,50.0,0.099212565,0.721264660887302
0.9,0.46293736,50.0,0.46293736,0.722672106068332
0.9,0.46293736,50.0,2.1601195,0.723549209586945
0.9,0.46293736,50.0,10.079369,0.725262621111678
0.9,0.46293736,50.0,47.031506,0.725425803161652
0.9,0.46293736,50.0,219.45445,0.726384497705252
0.9,0.46293736,50.0,1024.0,0.726262111167772
0.9,1.0,1.0,0.0009765625,0.700458949515553
0.9,1.0,1.0,0.004556754,0.700683324834268
0.9,1.0,1.0,0.021262344,0.700826109127996
0.9,1.0,1.0,0.099212565,0.700499745028047
0.9,1.0,1.0,0.46293736,0.700377358490566
0.9,1.0,1.0,2.1601195,0.700601733809281
0.9,1.0,1.0,10.079369,0.700438551759307
0.9,1.0,1.0,47.031506,0.700397756246813
0.9,1.0,1.0,219.45445,0.701132075471698
0.9,1.0,1.0,1024.0,0.699806221315655
0.9,1.0,2.0,0.0009765625,0.717552269250382
0.9,1.0,2.0,0.004556754,0.71724630290668
0.9,1.0,2.0,0.021262344,0.717083120856706
0.9,1.0,2.0,0.099212565,0.717531871494136
0.9,1.0,2.0,0.46293736,0.717042325344212
0.9,1.0,2.0,2.1601195,0.717531871494136
0.9,1.0,2.0,10.079369,0.718123406425293
0.9,1.0,2.0,47.031506,0.718164201937787
0.9,1.0,2.0,219.45445,0.718551759306476
0.9,1.0,2.0,1024.0,0.716573176950535
0.9,1.0,3.0,0.0009765625,0.719245283018868
0.9,1.0,3.0,0.004556754,0.717674655787863
0.9,1.0,3.0,0.021262344,0.717470678225395
0.9,1.0,3.0,0.099212565,0.718103008669046
0.9,1.0,3.0,0.46293736,0.717939826619072
0.9,1.0,3.0,2.1601195,0.718368179500255
0.9,1.0,3.0,10.079369,0.721713411524732
0.9,1.0,3.0,47.031506,0.722876083630801
0.9,1.0,3.0,219.45445,0.721285058643549
0.9,1.0,3.0,1024.0,0.722406935237124
0.9,1.0,5.0,0.0009765625,0.71539010708822
0.9,1.0,5.0,0.004556754,0.716981132075472
0.9,1.0,5.0,0.021262344,0.716532381438042
0.9,1.0,5.0,0.099212565,0.717409484956655
0.9,1.0,5.0,0.46293736,0.717083120856706
0.9,1.0,5.0,2.1601195,0.720795512493626
0.9,1.0,5.0,10.079369,0.718898521162672
0.9,1.0,5.0,47.031506,0.719898011218766
0.9,1.0,5.0,219.45445,0.721448240693524
0.9,1.0,5.0,1024.0,0.723018867924528
0.9,1.0,8.0,0.0009765625,0.718266190719021
0.9,1.0,8.0,0.004556754,0.719694033656298
0.9,1.0,8.0,0.021262344,0.719959204487506
0.9,1.0,8.0,0.099212565,0.718837327893932
0.9,1.0,8.0,0.46293736,0.718266190719021
0.9,1.0,8.0,2.1601195,0.71865374808771
0.9,1.0,8.0,10.079369,0.721081081081081
0.9,1.0,8.0,47.031506,0.719836817950026
0.9,1.0,8.0,219.45445,0.721019887812341
0.9,1.0,8.0,1024.0,0.723222845486996
0.9,1.0,13.0,0.0009765625,0.722488526262111
0.9,1.0,13.0,0.004556754,0.721183069862315
0.9,1.0,13.0,0.021262344,0.72281489036206
0.9,1.0,13.0,0.099212565,0.720734319224885
0.9,1.0,13.0,0.46293736,0.721754207037226
0.9,1.0,13.0,2.1601195,0.724038755736869
0.9,1.0,13.0,10.079369,0.723957164711882
0.9,1.0,13.0,47.031506,0.724752677205507
0.9,1.0,13.0,219.45445,0.724018357980622
0.9,1.0,13.0,1024.0,0.725792962774095
0.9,1.0,20.0,0.0009765625,0.723161652218256
0.9,1.0,20.0,0.004556754,0.721244263131056
0.9,1.0,20.0,0.021262344,0.721652218255992
0.9,1.0,20.0,0.099212565,0.721489036206017
0.9,1.0,20.0,0.46293736,0.723977562468128
0.9,1.0,20.0,2.1601195,0.724467108618052
0.9,1.0,20.0,10.079369,0.725017848036716
0.9,1.0,20.0,47.031506,0.72467108618052
0.9,1.0,20.0,219.45445,0.725079041305457
0.9,1.0,20.0,1024.0,0.726608873023967
0.9,1.0,32.0,0.0009765625,0.722141764405915
0.9,1.0,32.0,0.004556754,0.721366649668537
0.9,1.0,32.0,0.021262344,0.722080571137175
0.9,1.0,32.0,0.099212565,0.72179500254972
0.9,1.0,32.0,0.46293736,0.722998470168281
0.9,1.0,32.0,2.1601195,0.723732789393167
0.9,1.0,32.0,10.079369,0.724752677205507
0.9,1.0,32.0,47.031506,0.725935747067823
0.9,1.0,32.0,219.45445,0.725405405405405
0.9,1.0,32.0,1024.0,0.725976542580316
0.9,1.0,50.0,0.0009765625,0.722386537480877
0.9,1.0,50.0,0.004556754,0.722325344212137
0.9,1.0,50.0,0.021262344,0.721060683324834
0.9,1.0,50.0,0.099212565,0.721264660887302
0.9,1.0,50.0,0.46293736,0.722672106068332
0.9,1.0,50.0,2.1601195,0.723549209586945
0.9,1.0,50.0,10.079369,0.725262621111678
0.9,1.0,50.0,47.031506,0.725425803161652
0.9,1.0,50.0,219.45445,0.726384497705252
0.9,1.0,50.0,1024.0,0.726262111167772
1.0,0.0009765625,1.0,0.0009765625,0.700397756246813
1.0,0.0009765625,1.0,0.004556754,0.700662927078021
1.0,0.0009765625,1.0,0.021262344,0.700520142784294
1.0,0.0009765625,1.0,0.099212565,0.700601733809281
1.0,0.0009765625,1.0,0.46293736,0.700499745028047
1.0,0.0009765625,1.0,2.1601195,0.70054054054054
1.0,0.0009765625,1.0,10.079369,0.700744518103009
1.0,0.0009765625,1.0,47.031506,0.700662927078021
1.0,0.0009765625,1.0,219.45445,0.701050484446711
1.0,0.0009765625,1.0,1024.0,0.699908210096889
1.0,0.0009765625,2.0,0.0009765625,0.716409994900561
1.0,0.0009765625,2.0,0.004556754,0.716899541050484
1.0,0.0009765625,2.0,0.021262344,0.716675165731769
1.0,0.0009765625,2.0,0.099212565,0.716532381438042
1.0,0.0009765625,2.0,0.46293736,0.717817440081591
1.0,0.0009765625,2.0,2.1601195,0.717980622131565
1.0,0.0009765625,2.0,10.079369,0.718001019887812
1.0,0.0009765625,2.0,47.031506,0.718837327893932
1.0,0.0009765625,2.0,219.45445,0.717817440081591
1.0,0.0009765625,2.0,1024.0,0.716348801631821
1.0,0.0009765625,3.0,0.0009765625,0.719143294237634
1.0,0.0009765625,3.0,0.004556754,0.71859255481897
1.0,0.0009765625,3.0,0.021262344,0.718551759306476
1.0,0.0009765625,3.0,0.099212565,0.717858235594085
1.0,0.0009765625,3.0,0.46293736,0.718878123406425
1.0,0.0009765625,3.0,2.1601195,0.718572157062723
1.0,0.0009765625,3.0,10.079369,0.720183579806221
1.0,0.0009765625,3.0,47.031506,0.719326874043855
1.0,0.0009765625,3.0,219.45445,0.721448240693524
1.0,0.0009765625,3.0,1024.0,0.722774094849566
1.0,0.0009765625,5.0,0.0009765625,0.714064252932177
1.0,0.0009765625,5.0,0.004556754,0.715512493625701
1.0,0.0009765625,5.0,0.021262344,0.714553799082101
1.0,0.0009765625,5.0,0.099212565,0.714696583375829
1.0,0.0009765625,5.0,0.46293736,0.716063233044365
1.0,0.0009765625,5.0,2.1601195,0.718347781744008
1.0,0.0009765625,5.0,10.079369,0.717980622131566
1.0,0.0009765625,5.0,47.031506,0.719082100968893
1.0,0.0009765625,5.0,219.45445,0.722121366649669
1.0,0.0009765625,5.0,1024.0,0.723059663437022
1.0,0.0009765625,8.0,0.0009765625,0.718470168281489
1.0,0.0009765625,8.0,0.004556754,0.717613462519123
1.0,0.0009765625,8.0,0.021262344,0.719836817950026
1.0,0.0009765625,8.0,0.099212565,0.719347271800102
1.0,0.0009765625,8.0,0.46293736,0.718898521162672
1.0,0.0009765625,8.0,2.1601195,0.720203977562468
1.0,0.0009765625,8.0,10.079369,0.719959204487506
1.0,0.0009765625,8.0,47.031506,0.719388067312596
1.0,0.0009765625,8.0,219.45445,0.721060683324834
1.0,0.0009765625,8.0,1024.0,0.723610402855686
1.0,0.0009765625,13.0,0.0009765625,0.719918408975013
1.0,0.0009765625,13.0,0.004556754,0.721570627231005
1.0,0.0009765625,13.0,0.021262344,0.720061193268741
1.0,0.0009765625,13.0,0.099212565,0.719347271800102
1.0,0.0009765625,13.0,0.46293736,0.721835798062213
1.0,0.0009765625,13.0,2.1601195,0.722978072412035
1.0,0.0009765625,13.0,10.079369,0.724467108618052
1.0,0.0009765625,13.0,47.031506,0.725690973992861
1.0,0.0009765625,13.0,219.45445,0.723304436511984
1.0,0.0009765625,13.0,1024.0,0.725323814380418
1.0,0.0009765625,20.0,0.0009765625,0.720163182049974
1.0,0.0009765625,20.0,0.004556754,0.721162672106068
1.0,0.0009765625,20.0,0.021262344,0.721489036206017
1.0,0.0009765625,20.0,0.099212565,0.722508924018358
1.0,0.0009765625,20.0,0.46293736,0.722549719530852
1.0,0.0009765625,20.0,2.1601195,0.724446710861805
1.0,0.0009765625,20.0,10.079369,0.72422233554309
1.0,0.0009765625,20.0,47.031506,0.72601733809281
1.0,0.0009765625,20.0,219.45445,0.725650178480367
1.0,0.0009765625,20.0,1024.0,0.725833758286589
1.0,0.0009765625,32.0,0.0009765625,0.723284038755737
1.0,0.0009765625,32.0,0.004556754,0.720020397756247
1.0,0.0009765625,32.0,0.021262344,0.720305966343702
1.0,0.0009765625,32.0,0.099212565,0.720877103518613
1.0,0.0009765625,32.0,0.46293736,0.722162162162162
1.0,0.0009765625,32.0,2.1601195,0.724018357980622
1.0,0.0009765625,32.0,10.079369,0.725548189699133
1.0,0.0009765625,32.0,47.031506,0.724773074961754
1.0,0.0009765625,32.0,219.45445,0.72607853136155
1.0,0.0009765625,32.0,1024.0,0.725242223355431
1.0,0.0009765625,50.0,0.0009765625,0.720244773074962
1.0,0.0009765625,50.0,0.004556754,0.722141764405915
1.0,0.0009765625,50.0,0.021262344,0.720693523712392
1.0,0.0009765625,50.0,0.099212565,0.720305966343702
1.0,0.0009765625,50.0,0.46293736,0.721652218255992
1.0,0.0009765625,50.0,2.1601195,0.72281489036206
1.0,0.0009765625,50.0,10.079369,0.726486486486486
1.0,0.0009765625,50.0,47.031506,0.724834268230495
1.0,0.0009765625,50.0,219.45445,0.725731769505354
1.0,0.0009765625,50.0,1024.0,0.725507394186639
1.0,0.0021094917,1.0,0.0009765625,0.700397756246813
1.0,0.0021094917,1.0,0.004556754,0.700662927078021
1.0,0.0021094917,1.0,0.021262344,0.700520142784294
1.0,0.0021094917,1.0,0.099212565,0.700601733809281
1.0,0.0021094917,1.0,0.46293736,0.700499745028047
1.0,0.0021094917,1.0,2.1601195,0.70054054054054
1.0,0.0021094917,1.0,10.079369,0.700744518103009
1.0,0.0021094917,1.0,47.031506,0.700662927078021
1.0,0.0021094917,1.0,219.45445,0.701050484446711
1.0,0.0021094917,1.0,1024.0,0.699908210096889
1.0,0.0021094917,2.0,0.0009765625,0.716409994900561
1.0,0.0021094917,2.0,0.004556754,0.716899541050484
1.0,0.0021094917,2.0,0.021262344,0.716675165731769
1.0,0.0021094917,2.0,0.099212565,0.716532381438042
1.0,0.0021094917,2.0,0.46293736,0.717817440081591
1.0,0.0021094917,2.0,2.1601195,0.717980622131565
1.0,0.0021094917,2.0,10.079369,0.718001019887812
1.0,0.0021094917,2.0,47.031506,0.718837327893932
1.0,0.0021094917,2.0,219.45445,0.717817440081591
1.0,0.0021094917,2.0,1024.0,0.716348801631821
1.0,0.0021094917,3.0,0.0009765625,0.719143294237634
1.0,0.0021094917,3.0,0.004556754,0.71859255481897
1.0,0.0021094917,3.0,0.021262344,0.718551759306476
1.0,0.0021094917,3.0,0.099212565,0.717858235594085
1.0,0.0021094917,3.0,0.46293736,0.718878123406425
1.0,0.0021094917,3.0,2.1601195,0.718572157062723
1.0,0.0021094917,3.0,10.079369,0.720183579806221
1.0,0.0021094917,3.0,47.031506,0.719326874043855
1.0,0.0021094917,3.0,219.45445,0.721448240693524
1.0,0.0021094917,3.0,1024.0,0.722774094849566
1.0,0.0021094917,5.0,0.0009765625,0.714064252932177
1.0,0.0021094917,5.0,0.004556754,0.715512493625701
1.0,0.0021094917,5.0,0.021262344,0.714553799082101
1.0,0.0021094917,5.0,0.099212565,0.714696583375829
1.0,0.0021094917,5.0,0.46293736,0.716063233044365
1.0,0.0021094917,5.0,2.1601195,0.718347781744008
1.0,0.0021094917,5.0,10.079369,0.717980622131566
1.0,0.0021094917,5.0,47.031506,0.719082100968893
1.0,0.0021094917,5.0,219.45445,0.722121366649669
1.0,0.0021094917,5.0,1024.0,0.723059663437022
1.0,0.0021094917,8.0,0.0009765625,0.718470168281489
1.0,0.0021094917,8.0,0.004556754,0.717613462519123
1.0,0.0021094917,8.0,0.021262344,0.719836817950026
1.0,0.0021094917,8.0,0.099212565,0.719347271800102
1.0,0.0021094917,8.0,0.46293736,0.718898521162672
1.0,0.0021094917,8.0,2.1601195,0.720203977562468
1.0,0.0021094917,8.0,10.079369,0.719959204487506
1.0,0.0021094917,8.0,47.031506,0.719388067312596
1.0,0.0021094917,8.0,219.45445,0.721060683324834
1.0,0.0021094917,8.0,1024.0,0.723610402855686
1.0,0.0021094917,13.0,0.0009765625,0.719918408975013
1.0,0.0021094917,13.0,0.004556754,0.721570627231005
1.0,0.0021094917,13.0,0.021262344,0.720061193268741
1.0,0.0021094917,13.0,0.099212565,0.719347271800102
1.0,0.0021094917,13.0,0.46293736,0.721835798062213
1.0,0.0021094917,13.0,2.1601195,0.722978072412035
1.0,0.0021094917,13.0,10.079369,0.724467108618052
1.0,0.0021094917,13.0,47.031506,0.725690973992861
1.0,0.0021094917,13.0,219.45445,0.723304436511984
1.0,0.0021094917,13.0,1024.0,0.725323814380418
1.0,0.0021094917,20.0,0.0009765625,0.720163182049974
1.0,0.0021094917,20.0,0.004556754,0.721162672106068
1.0,0.0021094917,20.0,0.021262344,0.721489036206017
1.0,0.0021094917,20.0,0.099212565,0.722508924018358
1.0,0.0021094917,20.0,0.46293736,0.722549719530852
1.0,0.0021094917,20.0,2.1601195,0.724446710861805
1.0,0.0021094917,20.0,10.079369,0.72422233554309
1.0,0.0021094917,20.0,47.031506,0.72601733809281
1.0,0.0021094917,20.0,219.45445,0.725650178480367
1.0,0.0021094917,20.0,1024.0,0.725833758286589
1.0,0.0021094917,32.0,0.0009765625,0.723284038755737
1.0,0.0021094917,32.0,0.004556754,0.720020397756247
1.0,0.0021094917,32.0,0.021262344,0.720305966343702
1.0,0.0021094917,32.0,0.099212565,0.720877103518613
1.0,0.0021094917,32.0,0.46293736,0.722162162162162
1.0,0.0021094917,32.0,2.1601195,0.724018357980622
1.0,0.0021094917,32.0,10.079369,0.725548189699133
1.0,0.0021094917,32.0,47.031506,0.724773074961754
1.0,0.0021094917,32.0,219.45445,0.72607853136155
1.0,0.0021094917,32.0,1024.0,0.725242223355431
1.0,0.0021094917,50.0,0.0009765625,0.720244773074962
1.0,0.0021094917,50.0,0.004556754,0.722141764405915
1.0,0.0021094917,50.0,0.021262344,0.720693523712392
1.0,0.0021094917,50.0,0.099212565,0.720305966343702
1.0,0.0021094917,50.0,0.46293736,0.721652218255992
1.0,0.0021094917,50.0,2.1601195,0.72281489036206
1.0,0.0021094917,50.0,10.079369,0.726486486486486
1.0,0.0021094917,50.0,47.031506,0.724834268230495
1.0,0.0021094917,50.0,219.45445,0.725731769505354
1.0,0.0021094917,50.0,1024.0,0.725507394186639
1.0,0.004556754,1.0,0.0009765625,0.700397756246813
1.0,0.004556754,1.0,0.004556754,0.700662927078021
1.0,0.004556754,1.0,0.021262344,0.700520142784294
1.0,0.004556754,1.0,0.099212565,0.700601733809281
1.0,0.004556754,1.0,0.46293736,0.700499745028047
1.0,0.004556754,1.0,2.1601195,0.70054054054054
1.0,0.004556754,1.0,10.079369,0.700744518103009
1.0,0.004556754,1.0,47.031506,0.700662927078021
1.0,0.004556754,1.0,219.45445,0.701050484446711
1.0,0.004556754,1.0,1024.0,0.699908210096889
1.0,0.004556754,2.0,0.0009765625,0.716409994900561
1.0,0.004556754,2.0,0.004556754,0.716899541050484
1.0,0.004556754,2.0,0.021262344,0.716675165731769
1.0,0.004556754,2.0,0.099212565,0.716532381438042
1.0,0.004556754,2.0,0.46293736,0.717817440081591
1.0,0.004556754,2.0,2.1601195,0.717980622131565
1.0,0.004556754,2.0,10.079369,0.718001019887812
1.0,0.004556754,2.0,47.031506,0.718837327893932
1.0,0.004556754,2.0,219.45445,0.717817440081591
1.0,0.004556754,2.0,1024.0,0.716348801631821
1.0,0.004556754,3.0,0.0009765625,0.719143294237634
1.0,0.004556754,3.0,0.004556754,0.71859255481897
1.0,0.004556754,3.0,0.021262344,0.718551759306476
1.0,0.004556754,3.0,0.099212565,0.717858235594085
1.0,0.004556754,3.0,0.46293736,0.718878123406425
1.0,0.004556754,3.0,2.1601195,0.718572157062723
1.0,0.004556754,3.0,10.079369,0.720183579806221
1.0,0.004556754,3.0,47.031506,0.719326874043855
1.0,0.004556754,3.0,219.45445,0.721448240693524
1.0,0.004556754,3.0,1024.0,0.722774094849566
1.0,0.004556754,5.0,0.0009765625,0.714064252932177
1.0,0.004556754,5.0,0.004556754,0.715512493625701
1.0,0.004556754,5.0,0.021262344,0.714553799082101
1.0,0.004556754,5.0,0.099212565,0.714696583375829
1.0,0.004556754,5.0,0.46293736,0.716063233044365
1.0,0.004556754,5.0,2.1601195,0.718347781744008
1.0,0.004556754,5.0,10.079369,0.717980622131566
1.0,0.004556754,5.0,47.031506,0.719082100968893
1.0,0.004556754,5.0,219.45445,0.722121366649669
1.0,0.004556754,5.0,1024.0,0.723059663437022
1.0,0.004556754,8.0,0.0009765625,0.718470168281489
1.0,0.004556754,8.0,0.004556754,0.717613462519123
1.0,0.004556754,8.0,0.021262344,0.719836817950026
1.0,0.004556754,8.0,0.099212565,0.719347271800102
1.0,0.004556754,8.0,0.46293736,0.718898521162672
1.0,0.004556754,8.0,2.1601195,0.720203977562468
1.0,0.004556754,8.0,10.079369,0.719959204487506
1.0,0.004556754,8.0,47.031506,0.719388067312596
1.0,0.004556754,8.0,219.45445,0.721060683324834
1.0,0.004556754,8.0,1024.0,0.723610402855686
1.0,0.004556754,13.0,0.0009765625,0.719918408975013
1.0,0.004556754,13.0,0.004556754,0.721570627231005
1.0,0.004556754,13.0,0.021262344,0.720061193268741
1.0,0.004556754,13.0,0.099212565,0.719347271800102
1.0,0.004556754,13.0,0.46293736,0.721835798062213
1.0,0.004556754,13.0,2.1601195,0.722978072412035
1.0,0.004556754,13.0,10.079369,0.724467108618052
1.0,0.004556754,13.0,47.031506,0.725690973992861
1.0,0.004556754,13.0,219.45445,0.723304436511984
1.0,0.004556754,13.0,1024.0,0.725323814380418
1.0,0.004556754,20.0,0.0009765625,0.720163182049974
1.0,0.004556754,20.0,0.004556754,0.721162672106068
1.0,0.004556754,20.0,0.021262344,0.721489036206017
1.0,0.004556754,20.0,0.099212565,0.722508924018358
1.0,0.004556754,20.0,0.46293736,0.722549719530852
1.0,0.004556754,20.0,2.1601195,0.724446710861805
1.0,0.004556754,20.0,10.079369,0.72422233554309
1.0,0.004556754,20.0,47.031506,0.72601733809281
1.0,0.004556754,20.0,219.45445,0.725650178480367
1.0,0.004556754,20.0,1024.0,0.725833758286589
1.0,0.004556754,32.0,0.0009765625,0.723284038755737
1.0,0.004556754,32.0,0.004556754,0.720020397756247
1.0,0.004556754,32.0,0.021262344,0.720305966343702
1.0,0.004556754,32.0,0.099212565,0.720877103518613
1.0,0.004556754,32.0,0.46293736,0.722162162162162
1.0,0.004556754,32.0,2.1601195,0.724018357980622
1.0,0.004556754,32.0,10.079369,0.725548189699133
1.0,0.004556754,32.0,47.031506,0.724773074961754
1.0,0.004556754,32.0,219.45445,0.72607853136155
1.0,0.004556754,32.0,1024.0,0.725242223355431
1.0,0.004556754,50.0,0.0009765625,0.720244773074962
1.0,0.004556754,50.0,0.004556754,0.722141764405915
1.0,0.004556754,50.0,0.021262344,0.720693523712392
1.0,0.004556754,50.0,0.099212565,0.720305966343702
1.0,0.004556754,50.0,0.46293736,0.721652218255992
1.0,0.004556754,50.0,2.1601195,0.72281489036206
1.0,0.004556754,50.0,10.079369,0.726486486486486
1.0,0.004556754,50.0,47.031506,0.724834268230495
1.0,0.004556754,50.0,219.45445,0.725731769505354
1.0,0.004556754,50.0,1024.0,0.725507394186639
1.0,0.009843133,1.0,0.0009765625,0.700397756246813
1.0,0.009843133,1.0,0.004556754,0.700662927078021
1.0,0.009843133,1.0,0.021262344,0.700520142784294
1.0,0.009843133,1.0,0.099212565,0.700601733809281
1.0,0.009843133,1.0,0.46293736,0.700499745028047
1.0,0.009843133,1.0,2.1601195,0.70054054054054
1.0,0.009843133,1.0,10.079369,0.700744518103009
1.0,0.009843133,1.0,47.031506,0.700662927078021
1.0,0.009843133,1.0,219.45445,0.701050484446711
1.0,0.009843133,1.0,1024.0,0.699908210096889
1.0,0.009843133,2.0,0.0009765625,0.716409994900561
1.0,0.009843133,2.0,0.004556754,0.716899541050484
1.0,0.009843133,2.0,0.021262344,0.716675165731769
1.0,0.009843133,2.0,0.099212565,0.716532381438042
1.0,0.009843133,2.0,0.46293736,0.717817440081591
1.0,0.009843133,2.0,2.1601195,0.717980622131565
1.0,0.009843133,2.0,10.079369,0.718001019887812
1.0,0.009843133,2.0,47.031506,0.718837327893932
1.0,0.009843133,2.0,219.45445,0.717817440081591
1.0,0.009843133,2.0,1024.0,0.716348801631821
1.0,0.009843133,3.0,0.0009765625,0.719143294237634
1.0,0.009843133,3.0,0.004556754,0.71859255481897
1.0,0.009843133,3.0,0.021262344,0.718551759306476
1.0,0.009843133,3.0,0.099212565,0.717858235594085
1.0,0.009843133,3.0,0.46293736,0.718878123406425
1.0,0.009843133,3.0,2.1601195,0.718572157062723
1.0,0.009843133,3.0,10.079369,0.720183579806221
1.0,0.009843133,3.0,47.031506,0.719326874043855
1.0,0.009843133,3.0,219.45445,0.721448240693524
1.0,0.009843133,3.0,1024.0,0.722774094849566
1.0,0.009843133,5.0,0.0009765625,0.714064252932177
1.0,0.009843133,5.0,0.004556754,0.715512493625701
1.0,0.009843133,5.0,0.021262344,0.714553799082101
1.0,0.009843133,5.0,0.099212565,0.714696583375829
1.0,0.009843133,5.0,0.46293736,0.716063233044365
1.0,0.009843133,5.0,2.1601195,0.718347781744008
1.0,0.009843133,5.0,10.079369,0.717980622131566
1.0,0.009843133,5.0,47.031506,0.719082100968893
1.0,0.009843133,5.0,219.45445,0.722121366649669
1.0,0.009843133,5.0,1024.0,0.723059663437022
1.0,0.009843133,8.0,0.0009765625,0.718470168281489
1.0,0.009843133,8.0,0.004556754,0.717613462519123
1.0,0.009843133,8.0,0.021262344,0.719836817950026
1.0,0.009843133,8.0,0.099212565,0.719347271800102
1.0,0.009843133,8.0,0.46293736,0.718898521162672
1.0,0.009843133,8.0,2.1601195,0.720203977562468
1.0,0.009843133,8.0,10.079369,0.719959204487506
1.0,0.009843133,8.0,47.031506,0.719388067312596
1.0,0.009843133,8.0,219.45445,0.721060683324834
1.0,0.009843133,8.0,1024.0,0.723610402855686
1.0,0.009843133,13.0,0.0009765625,0.719918408975013
1.0,0.009843133,13.0,0.004556754,0.721570627231005
1.0,0.009843133,13.0,0.021262344,0.720061193268741
1.0,0.009843133,13.0,0.099212565,0.719347271800102
1.0,0.009843133,13.0,0.46293736,0.721835798062213
1.0,0.009843133,13.0,2.1601195,0.722978072412035
1.0,0.009843133,13.0,10.079369,0.724467108618052
1.0,0.009843133,13.0,47.031506,0.725690973992861
1.0,0.009843133,13.0,219.45445,0.723304436511984
1.0,0.009843133,13.0,1024.0,0.725323814380418
1.0,0.009843133,20.0,0.0009765625,0.720163182049974
1.0,0.009843133,20.0,0.004556754,0.721162672106068
1.0,0.009843133,20.0,0.021262344,0.721489036206017
1.0,0.009843133,20.0,0.099212565,0.722508924018358
1.0,0.009843133,20.0,0.46293736,0.722549719530852
1.0,0.009843133,20.0,2.1601195,0.724446710861805
1.0,0.009843133,20.0,10.079369,0.72422233554309
1.0,0.009843133,20.0,47.031506,0.72601733809281
1.0,0.009843133,20.0,219.45445,0.725650178480367
1.0,0.009843133,20.0,1024.0,0.725833758286589
1.0,0.009843133,32.0,0.0009765625,0.723284038755737
1.0,0.009843133,32.0,0.004556754,0.720020397756247
1.0,0.009843133,32.0,0.021262344,0.720305966343702
1.0,0.009843133,32.0,0.099212565,0.720877103518613
1.0,0.009843133,32.0,0.46293736,0.722162162162162
1.0,0.009843133,32.0,2.1601195,0.724018357980622
1.0,0.009843133,32.0,10.079369,0.725548189699133
1.0,0.009843133,32.0,47.031506,0.724773074961754
1.0,0.009843133,32.0,219.45445,0.72607853136155
1.0,0.009843133,32.0,1024.0,0.725242223355431
1.0,0.009843133,50.0,0.0009765625,0.720244773074962
1.0,0.009843133,50.0,0.004556754,0.722141764405915
1.0,0.009843133,50.0,0.021262344,0.720693523712392
1.0,0.009843133,50.0,0.099212565,0.720305966343702
1.0,0.009843133,50.0,0.46293736,0.721652218255992
1.0,0.009843133,50.0,2.1601195,0.72281489036206
1.0,0.009843133,50.0,10.079369,0.726486486486486
1.0,0.009843133,50.0,47.031506,0.724834268230495
1.0,0.009843133,50.0,219.45445,0.725731769505354
1.0,0.009843133,50.0,1024.0,0.725507394186639
1.0,0.021262344,1.0,0.0009765625,0.700397756246813
1.0,0.021262344,1.0,0.004556754,0.700662927078021
1.0,0.021262344,1.0,0.021262344,0.700520142784294
1.0,0.021262344,1.0,0.099212565,0.700601733809281
1.0,0.021262344,1.0,0.46293736,0.700499745028047
1.0,0.021262344,1.0,2.1601195,0.70054054054054
1.0,0.021262344,1.0,10.079369,0.700744518103009
1.0,0.021262344,1.0,47.031506,0.700662927078021
1.0,0.021262344,1.0,219.45445,0.701050484446711
1.0,0.021262344,1.0,1024.0,0.699908210096889
1.0,0.021262344,2.0,0.0009765625,0.716409994900561
1.0,0.021262344,2.0,0.004556754,0.716899541050484
1.0,0.021262344,2.0,0.021262344,0.716675165731769
1.0,0.021262344,2.0,0.099212565,0.716532381438042
1.0,0.021262344,2.0,0.46293736,0.717817440081591
1.0,0.021262344,2.0,2.1601195,0.717980622131565
1.0,0.021262344,2.0,10.079369,0.718001019887812
1.0,0.021262344,2.0,47.031506,0.718837327893932
1.0,0.021262344,2.0,219.45445,0.717817440081591
1.0,0.021262344,2.0,1024.0,0.716348801631821
1.0,0.021262344,3.0,0.0009765625,0.719143294237634
1.0,0.021262344,3.0,0.004556754,0.71859255481897
1.0,0.021262344,3.0,0.021262344,0.718551759306476
1.0,0.021262344,3.0,0.099212565,0.717858235594085
1.0,0.021262344,3.0,0.46293736,0.718878123406425
1.0,0.021262344,3.0,2.1601195,0.718572157062723
1.0,0.021262344,3.0,10.079369,0.720183579806221
1.0,0.021262344,3.0,47.031506,0.719326874043855
1.0,0.021262344,3.0,219.45445,0.721448240693524
1.0,0.021262344,3.0,1024.0,0.722774094849566
1.0,0.021262344,5.0,0.0009765625,0.714064252932177
1.0,0.021262344,5.0,0.004556754,0.715512493625701
1.0,0.021262344,5.0,0.021262344,0.714553799082101
1.0,0.021262344,5.0,0.099212565,0.714696583375829
1.0,0.021262344,5.0,0.46293736,0.716063233044365
1.0,0.021262344,5.0,2.1601195,0.718347781744008
1.0,0.021262344,5.0,10.079369,0.717980622131566
1.0,0.021262344,5.0,47.031506,0.719082100968893
1.0,0.021262344,5.0,219.45445,0.722121366649669
1.0,0.021262344,5.0,1024.0,0.723059663437022
1.0,0.021262344,8.0,0.0009765625,0.718470168281489
1.0,0.021262344,8.0,0.004556754,0.717613462519123
1.0,0.021262344,8.0,0.021262344,0.719836817950026
1.0,0.021262344,8.0,0.099212565,0.719347271800102
1.0,0.021262344,8.0,0.46293736,0.718898521162672
1.0,0.021262344,8.0,2.1601195,0.720203977562468
1.0,0.021262344,8.0,10.079369,0.719959204487506
1.0,0.021262344,8.0,47.031506,0.719388067312596
1.0,0.021262344,8.0,219.45445,0.721060683324834
1.0,0.021262344,8.0,1024.0,0.723610402855686
1.0,0.021262344,13.0,0.0009765625,0.719918408975013
1.0,0.021262344,13.0,0.004556754,0.721570627231005
1.0,0.021262344,13.0,0.021262344,0.720061193268741
1.0,0.021262344,13.0,0.099212565,0.719347271800102
1.0,0.021262344,13.0,0.46293736,0.721835798062213
1.0,0.021262344,13.0,2.1601195,0.722978072412035
1.0,0.021262344,13.0,10.079369,0.724467108618052
1.0,0.021262344,13.0,47.031506,0.725690973992861
1.0,0.021262344,13.0,219.45445,0.723304436511984
1.0,0.021262344,13.0,1024.0,0.725323814380418
1.0,0.021262344,20.0,0.0009765625,0.720163182049974
1.0,0.021262344,20.0,0.004556754,0.721162672106068
1.0,0.021262344,20.0,0.021262344,0.721489036206017
1.0,0.021262344,20.0,0.099212565,0.722508924018358
1.0,0.021262344,20.0,0.46293736,0.722549719530852
1.0,0.021262344,20.0,2.1601195,0.724446710861805
1.0,0.021262344,20.0,10.079369,0.72422233554309
1.0,0.021262344,20.0,47.031506,0.72601733809281
1.0,0.021262344,20.0,219.45445,0.725650178480367
1.0,0.021262344,20.0,1024.0,0.725833758286589
1.0,0.021262344,32.0,0.0009765625,0.723284038755737
1.0,0.021262344,32.0,0.004556754,0.720020397756247
1.0,0.021262344,32.0,0.021262344,0.720305966343702
1.0,0.021262344,32.0,0.099212565,0.720877103518613
1.0,0.021262344,32.0,0.46293736,0.722162162162162
1.0,0.021262344,32.0,2.1601195,0.724018357980622
1.0,0.021262344,32.0,10.079369,0.725548189699133
1.0,0.021262344,32.0,47.031506,0.724773074961754
1.0,0.021262344,32.0,219.45445,0.72607853136155
1.0,0.021262344,32.0,1024.0,0.725242223355431
1.0,0.021262344,50.0,0.0009765625,0.720244773074962
1.0,0.021262344,50.0,0.004556754,0.722141764405915
1.0,0.021262344,50.0,0.021262344,0.720693523712392
1.0,0.021262344,50.0,0.099212565,0.720305966343702
1.0,0.021262344,50.0,0.46293736,0.721652218255992
1.0,0.021262344,50.0,2.1601195,0.72281489036206
1.0,0.021262344,50.0,10.079369,0.726486486486486
1.0,0.021262344,50.0,47.031506,0.724834268230495
1.0,0.021262344,50.0,219.45445,0.725731769505354
1.0,0.021262344,50.0,1024.0,0.725507394186639
1.0,0.045929205,1.0,0.0009765625,0.700397756246813
1.0,0.045929205,1.0,0.004556754,0.700662927078021
1.0,0.045929205,1.0,0.021262344,0.700520142784294
1.0,0.045929205,1.0,0.099212565,0.700601733809281
1.0,0.045929205,1.0,0.46293736,0.700499745028047
1.0,0.045929205,1.0,2.1601195,0.70054054054054
1.0,0.045929205,1.0,10.079369,0.700744518103009
1.0,0.045929205,1.0,47.031506,0.700662927078021
1.0,0.045929205,1.0,219.45445,0.701050484446711
1.0,0.045929205,1.0,1024.0,0.699908210096889
1.0,0.045929205,2.0,0.0009765625,0.716409994900561
1.0,0.045929205,2.0,0.004556754,0.716899541050484
1.0,0.045929205,2.0,0.021262344,0.716675165731769
1.0,0.045929205,2.0,0.099212565,0.716532381438042
1.0,0.045929205,2.0,0.46293736,0.717817440081591
1.0,0.045929205,2.0,2.1601195,0.717980622131565
1.0,0.045929205,2.0,10.079369,0.718001019887812
1.0,0.045929205,2.0,47.031506,0.718837327893932
1.0,0.045929205,2.0,219.45445,0.717817440081591
1.0,0.045929205,2.0,1024.0,0.716348801631821
1.0,0.045929205,3.0,0.0009765625,0.719143294237634
1.0,0.045929205,3.0,0.004556754,0.71859255481897
1.0,0.045929205,3.0,0.021262344,0.718551759306476
1.0,0.045929205,3.0,0.099212565,0.717858235594085
1.0,0.045929205,3.0,0.46293736,0.718878123406425
1.0,0.045929205,3.0,2.1601195,0.718572157062723
1.0,0.045929205,3.0,10.079369,0.720183579806221
1.0,0.045929205,3.0,47.031506,0.719326874043855
1.0,0.045929205,3.0,219.45445,0.721448240693524
1.0,0.045929205,3.0,1024.0,0.722774094849566
1.0,0.045929205,5.0,0.0009765625,0.714064252932177
1.0,0.045929205,5.0,0.004556754,0.715512493625701
1.0,0.045929205,5.0,0.021262344,0.714553799082101
1.0,0.045929205,5.0,0.099212565,0.714696583375829
1.0,0.045929205,5.0,0.46293736,0.716063233044365
1.0,0.045929205,5.0,2.1601195,0.718347781744008
1.0,0.045929205,5.0,10.079369,0.717980622131566
1.0,0.045929205,5.0,47.031506,0.719082100968893
1.0,0.045929205,5.0,219.45445,0.722121366649669
1.0,0.045929205,5.0,1024.0,0.723059663437022
1.0,0.045929205,8.0,0.0009765625,0.718470168281489
1.0,0.045929205,8.0,0.004556754,0.717613462519123
1.0,0.045929205,8.0,0.021262344,0.719836817950026
1.0,0.045929205,8.0,0.099212565,0.719347271800102
1.0,0.045929205,8.0,0.46293736,0.718898521162672
1.0,0.045929205,8.0,2.1601195,0.720203977562468
1.0,0.045929205,8.0,10.079369,0.719959204487506
1.0,0.045929205,8.0,47.031506,0.719388067312596
1.0,0.045929205,8.0,219.45445,0.721060683324834
1.0,0.045929205,8.0,1024.0,0.723610402855686
1.0,0.045929205,13.0,0.0009765625,0.719918408975013
1.0,0.045929205,13.0,0.004556754,0.721570627231005
1.0,0.045929205,13.0,0.021262344,0.720061193268741
1.0,0.045929205,13.0,0.099212565,0.719347271800102
1.0,0.045929205,13.0,0.46293736,0.721835798062213
1.0,0.045929205,13.0,2.1601195,0.722978072412035
1.0,0.045929205,13.0,10.079369,0.724467108618052
1.0,0.045929205,13.0,47.031506,0.725690973992861
1.0,0.045929205,13.0,219.45445,0.723304436511984
1.0,0.045929205,13.0,1024.0,0.725323814380418
1.0,0.045929205,20.0,0.0009765625,0.720163182049974
1.0,0.045929205,20.0,0.004556754,0.721162672106068
1.0,0.045929205,20.0,0.021262344,0.721489036206017
1.0,0.045929205,20.0,0.099212565,0.722508924018358
1.0,0.045929205,20.0,0.46293736,0.722549719530852
1.0,0.045929205,20.0,2.1601195,0.724446710861805
1.0,0.045929205,20.0,10.079369,0.72422233554309
1.0,0.045929205,20.0,47.031506,0.72601733809281
1.0,0.045929205,20.0,219.45445,0.725650178480367
1.0,0.045929205,20.0,1024.0,0.725833758286589
1.0,0.045929205,32.0,0.0009765625,0.723284038755737
1.0,0.045929205,32.0,0.004556754,0.720020397756247
1.0,0.045929205,32.0,0.021262344,0.720305966343702
1.0,0.045929205,32.0,0.099212565,0.720877103518613
1.0,0.045929205,32.0,0.46293736,0.722162162162162
1.0,0.045929205,32.0,2.1601195,0.724018357980622
1.0,0.045929205,32.0,10.079369,0.725548189699133
1.0,0.045929205,32.0,47.031506,0.724773074961754
1.0,0.045929205,32.0,219.45445,0.72607853136155
1.0,0.045929205,32.0,1024.0,0.725242223355431
1.0,0.045929205,50.0,0.0009765625,0.720244773074962
1.0,0.045929205,50.0,0.004556754,0.722141764405915
1.0,0.045929205,50.0,0.021262344,0.720693523712392
1.0,0.045929205,50.0,0.099212565,0.720305966343702
1.0,0.045929205,50.0,0.46293736,0.721652218255992
1.0,0.045929205,50.0,2.1601195,0.72281489036206
1.0,0.045929205,50.0,10.079369,0.726486486486486
1.0,0.045929205,50.0,47.031506,0.724834268230495
1.0,0.045929205,50.0,219.45445,0.725731769505354
1.0,0.045929205,50.0,1024.0,0.725507394186639
1.0,0.099212565,1.0,0.0009765625,0.700397756246813
1.0,0.099212565,1.0,0.004556754,0.700662927078021
1.0,0.099212565,1.0,0.021262344,0.700520142784294
1.0,0.099212565,1.0,0.099212565,0.700601733809281
1.0,0.099212565,1.0,0.46293736,0.700499745028047
1.0,0.099212565,1.0,2.1601195,0.70054054054054
1.0,0.099212565,1.0,10.079369,0.700744518103009
1.0,0.099212565,1.0,47.031506,0.700662927078021
1.0,0.099212565,1.0,219.45445,0.701050484446711
1.0,0.099212565,1.0,1024.0,0.699908210096889
1.0,0.099212565,2.0,0.0009765625,0.716409994900561
1.0,0.099212565,2.0,0.004556754,0.716899541050484
1.0,0.099212565,2.0,0.021262344,0.716675165731769
1.0,0.099212565,2.0,0.099212565,0.716532381438042
1.0,0.099212565,2.0,0.46293736,0.717817440081591
1.0,0.099212565,2.0,2.1601195,0.717980622131565
1.0,0.099212565,2.0,10.079369,0.718001019887812
1.0,0.099212565,2.0,47.031506,0.718837327893932
1.0,0.099212565,2.0,219.45445,0.717817440081591
1.0,0.099212565,2.0,1024.0,0.716348801631821
1.0,0.099212565,3.0,0.0009765625,0.719143294237634
1.0,0.099212565,3.0,0.004556754,0.71859255481897
1.0,0.099212565,3.0,0.021262344,0.718551759306476
1.0,0.099212565,3.0,0.099212565,0.717858235594085
1.0,0.099212565,3.0,0.46293736,0.718878123406425
1.0,0.099212565,3.0,2.1601195,0.718572157062723
1.0,0.099212565,3.0,10.079369,0.720183579806221
1.0,0.099212565,3.0,47.031506,0.719326874043855
1.0,0.099212565,3.0,219.45445,0.721448240693524
1.0,0.099212565,3.0,1024.0,0.722774094849566
1.0,0.099212565,5.0,0.0009765625,0.714064252932177
1.0,0.099212565,5.0,0.004556754,0.715512493625701
1.0,0.099212565,5.0,0.021262344,0.714553799082101
1.0,0.099212565,5.0,0.099212565,0.714696583375829
1.0,0.099212565,5.0,0.46293736,0.716063233044365
1.0,0.099212565,5.0,2.1601195,0.718347781744008
1.0,0.099212565,5.0,10.079369,0.717980622131566
1.0,0.099212565,5.0,47.031506,0.719082100968893
1.0,0.099212565,5.0,219.45445,0.722121366649669
1.0,0.099212565,5.0,1024.0,0.723059663437022
1.0,0.099212565,8.0,0.0009765625,0.718470168281489
1.0,0.099212565,8.0,0.004556754,0.717613462519123
1.0,0.099212565,8.0,0.021262344,0.719836817950026
1.0,0.099212565,8.0,0.099212565,0.719347271800102
1.0,0.099212565,8.0,0.46293736,0.718898521162672
1.0,0.099212565,8.0,2.1601195,0.720203977562468
1.0,0.099212565,8.0,10.079369,0.719959204487506
1.0,0.099212565,8.0,47.031506,0.719388067312596
1.0,0.099212565,8.0,219.45445,0.721060683324834
1.0,0.099212565,8.0,1024.0,0.723610402855686
1.0,0.099212565,13.0,0.0009765625,0.719918408975013
1.0,0.099212565,13.0,0.004556754,0.721570627231005
1.0,0.099212565,13.0,0.021262344,0.720061193268741
1.0,0.099212565,13.0,0.099212565,0.719347271800102
1.0,0.099212565,13.0,0.46293736,0.721835798062213
1.0,0.099212565,13.0,2.1601195,0.722978072412035
1.0,0.099212565,13.0,10.079369,0.724467108618052
1.0,0.099212565,13.0,47.031506,0.725690973992861
1.0,0.099212565,13.0,219.45445,0.723304436511984
1.0,0.099212565,13.0,1024.0,0.725323814380418
1.0,0.099212565,20.0,0.0009765625,0.720163182049974
1.0,0.099212565,20.0,0.004556754,0.721162672106068
1.0,0.099212565,20.0,0.021262344,0.721489036206017
1.0,0.099212565,20.0,0.099212565,0.722508924018358
1.0,0.099212565,20.0,0.46293736,0.722549719530852
1.0,0.099212565,20.0,2.1601195,0.724446710861805
1.0,0.099212565,20.0,10.079369,0.72422233554309
1.0,0.099212565,20.0,47.031506,0.72601733809281
1.0,0.099212565,20.0,219.45445,0.725650178480367
1.0,0.099212565,20.0,1024.0,0.725833758286589
1.0,0.099212565,32.0,0.0009765625,0.723284038755737
1.0,0.099212565,32.0,0.004556754,0.720020397756247
1.0,0.099212565,32.0,0.021262344,0.720305966343702
1.0,0.099212565,32.0,0.099212565,0.720877103518613
1.0,0.099212565,32.0,0.46293736,0.722162162162162
1.0,0.099212565,32.0,2.1601195,0.724018357980622
1.0,0.099212565,32.0,10.079369,0.725548189699133
1.0,0.099212565,32.0,47.031506,0.724773074961754
1.0,0.099212565,32.0,219.45445,0.72607853136155
1.0,0.099212565,32.0,1024.0,0.725242223355431
1.0,0.099212565,50.0,0.0009765625,0.720244773074962
1.0,0.099212565,50.0,0.004556754,0.722141764405915
1.0,0.099212565,50.0,0.021262344,0.720693523712392
1.0,0.099212565,50.0,0.099212565,0.720305966343702
1.0,0.099212565,50.0,0.46293736,0.721652218255992
1.0,0.099212565,50.0,2.1601195,0.72281489036206
1.0,0.099212565,50.0,10.079369,0.726486486486486
1.0,0.099212565,50.0,47.031506,0.724834268230495
1.0,0.099212565,50.0,219.45445,0.725731769505354
1.0,0.099212565,50.0,1024.0,0.725507394186639
1.0,0.21431099,1.0,0.0009765625,0.700397756246813
1.0,0.21431099,1.0,0.004556754,0.700662927078021
1.0,0.21431099,1.0,0.021262344,0.700520142784294
1.0,0.21431099,1.0,0.099212565,0.700601733809281
1.0,0.21431099,1.0,0.46293736,0.700499745028047
1.0,0.21431099,1.0,2.1601195,0.70054054054054
1.0,0.21431099,1.0,10.079369,0.700744518103009
1.0,0.21431099,1.0,47.031506,0.700662927078021
1.0,0.21431099,1.0,219.45445,0.701050484446711
1.0,0.21431099,1.0,1024.0,0.699908210096889
1.0,0.21431099,2.0,0.0009765625,0.716409994900561
1.0,0.21431099,2.0,0.004556754,0.716899541050484
1.0,0.21431099,2.0,0.021262344,0.716675165731769
1.0,0.21431099,2.0,0.099212565,0.716532381438042
1.0,0.21431099,2.0,0.46293736,0.717817440081591
1.0,0.21431099,2.0,2.1601195,0.717980622131565
1.0,0.21431099,2.0,10.079369,0.718001019887812
1.0,0.21431099,2.0,47.031506,0.718837327893932
1.0,0.21431099,2.0,219.45445,0.717817440081591
1.0,0.21431099,2.0,1024.0,0.716348801631821
1.0,0.21431099,3.0,0.0009765625,0.719143294237634
1.0,0.21431099,3.0,0.004556754,0.71859255481897
1.0,0.21431099,3.0,0.021262344,0.718551759306476
1.0,0.21431099,3.0,0.099212565,0.717858235594085
1.0,0.21431099,3.0,0.46293736,0.718878123406425
1.0,0.21431099,3.0,2.1601195,0.718572157062723
1.0,0.21431099,3.0,10.079369,0.720183579806221
1.0,0.21431099,3.0,47.031506,0.719326874043855
1.0,0.21431099,3.0,219.45445,0.721448240693524
1.0,0.21431099,3.0,1024.0,0.722774094849566
1.0,0.21431099,5.0,0.0009765625,0.714064252932177
1.0,0.21431099,5.0,0.004556754,0.715512493625701
1.0,0.21431099,5.0,0.021262344,0.714553799082101
1.0,0.21431099,5.0,0.099212565,0.714696583375829
1.0,0.21431099,5.0,0.46293736,0.716063233044365
1.0,0.21431099,5.0,2.1601195,0.718347781744008
1.0,0.21431099,5.0,10.079369,0.717980622131566
1.0,0.21431099,5.0,47.031506,0.719082100968893
1.0,0.21431099,5.0,219.45445,0.722121366649669
1.0,0.21431099,5.0,1024.0,0.723059663437022
1.0,0.21431099,8.0,0.0009765625,0.718470168281489
1.0,0.21431099,8.0,0.004556754,0.717613462519123
1.0,0.21431099,8.0,0.021262344,0.719836817950026
1.0,0.21431099,8.0,0.099212565,0.719347271800102
1.0,0.21431099,8.0,0.46293736,0.718898521162672
1.0,0.21431099,8.0,2.1601195,0.720203977562468
1.0,0.21431099,8.0,10.079369,0.719959204487506
1.0,0.21431099,8.0,47.031506,0.719388067312596
1.0,0.21431099,8.0,219.45445,0.721060683324834
1.0,0.21431099,8.0,1024.0,0.723610402855686
1.0,0.21431099,13.0,0.0009765625,0.719918408975013
1.0,0.21431099,13.0,0.004556754,0.721570627231005
1.0,0.21431099,13.0,0.021262344,0.720061193268741
1.0,0.21431099,13.0,0.099212565,0.719347271800102
1.0,0.21431099,13.0,0.46293736,0.721835798062213
1.0,0.21431099,13.0,2.1601195,0.722978072412035
1.0,0.21431099,13.0,10.079369,0.724467108618052
1.0,0.21431099,13.0,47.031506,0.725690973992861
1.0,0.21431099,13.0,219.45445,0.723304436511984
1.0,0.21431099,13.0,1024.0,0.725323814380418
1.0,0.21431099,20.0,0.0009765625,0.720163182049974
1.0,0.21431099,20.0,0.004556754,0.721162672106068
1.0,0.21431099,20.0,0.021262344,0.721489036206017
1.0,0.21431099,20.0,0.099212565,0.722508924018358
1.0,0.21431099,20.0,0.46293736,0.722549719530852
1.0,0.21431099,20.0,2.1601195,0.724446710861805
1.0,0.21431099,20.0,10.079369,0.72422233554309
1.0,0.21431099,20.0,47.031506,0.72601733809281
1.0,0.21431099,20.0,219.45445,0.725650178480367
1.0,0.21431099,20.0,1024.0,0.725833758286589
1.0,0.21431099,32.0,0.0009765625,0.723284038755737
1.0,0.21431099,32.0,0.004556754,0.720020397756247
1.0,0.21431099,32.0,0.021262344,0.720305966343702
1.0,0.21431099,32.0,0.099212565,0.720877103518613
1.0,0.21431099,32.0,0.46293736,0.722162162162162
1.0,0.21431099,32.0,2.1601195,0.724018357980622
1.0,0.21431099,32.0,10.079369,0.725548189699133
1.0,0.21431099,32.0,47.031506,0.724773074961754
1.0,0.21431099,32.0,219.45445,0.72607853136155
1.0,0.21431099,32.0,1024.0,0.725242223355431
1.0,0.21431099,50.0,0.0009765625,0.720244773074962
1.0,0.21431099,50.0,0.004556754,0.722141764405915
1.0,0.21431099,50.0,0.021262344,0.720693523712392
1.0,0.21431099,50.0,0.099212565,0.720305966343702
1.0,0.21431099,50.0,0.46293736,0.721652218255992
1.0,0.21431099,50.0,2.1601195,0.72281489036206
1.0,0.21431099,50.0,10.079369,0.726486486486486
1.0,0.21431099,50.0,47.031506,0.724834268230495
1.0,0.21431099,50.0,219.45445,0.725731769505354
1.0,0.21431099,50.0,1024.0,0.725507394186639
1.0,0.46293736,1.0,0.0009765625,0.700397756246813
1.0,0.46293736,1.0,0.004556754,0.700662927078021
1.0,0.46293736,1.0,0.021262344,0.700520142784294
1.0,0.46293736,1.0,0.099212565,0.700601733809281
1.0,0.46293736,1.0,0.46293736,0.700499745028047
1.0,0.46293736,1.0,2.1601195,0.70054054054054
1.0,0.46293736,1.0,10.079369,0.700744518103009
1.0,0.46293736,1.0,47.031506,0.700662927078021
1.0,0.46293736,1.0,219.45445,0.701050484446711
1.0,0.46293736,1.0,1024.0,0.699908210096889
1.0,0.46293736,2.0,0.0009765625,0.716409994900561
1.0,0.46293736,2.0,0.004556754,0.716899541050484
1.0,0.46293736,2.0,0.021262344,0.716675165731769
1.0,0.46293736,2.0,0.099212565,0.716532381438042
1.0,0.46293736,2.0,0.46293736,0.717817440081591
1.0,0.46293736,2.0,2.1601195,0.717980622131565
1.0,0.46293736,2.0,10.079369,0.718001019887812
1.0,0.46293736,2.0,47.031506,0.718837327893932
1.0,0.46293736,2.0,219.45445,0.717817440081591
1.0,0.46293736,2.0,1024.0,0.716348801631821
1.0,0.46293736,3.0,0.0009765625,0.719143294237634
1.0,0.46293736,3.0,0.004556754,0.71859255481897
1.0,0.46293736,3.0,0.021262344,0.718551759306476
1.0,0.46293736,3.0,0.099212565,0.717858235594085
1.0,0.46293736,3.0,0.46293736,0.718878123406425
1.0,0.46293736,3.0,2.1601195,0.718572157062723
1.0,0.46293736,3.0,10.079369,0.720183579806221
1.0,0.46293736,3.0,47.031506,0.719326874043855
1.0,0.46293736,3.0,219.45445,0.721448240693524
1.0,0.46293736,3.0,1024.0,0.722774094849566
1.0,0.46293736,5.0,0.0009765625,0.714064252932177
1.0,0.46293736,5.0,0.004556754,0.715512493625701
1.0,0.46293736,5.0,0.021262344,0.714553799082101
1.0,0.46293736,5.0,0.099212565,0.714696583375829
1.0,0.46293736,5.0,0.46293736,0.716063233044365
1.0,0.46293736,5.0,2.1601195,0.718347781744008
1.0,0.46293736,5.0,10.079369,0.717980622131566
1.0,0.46293736,5.0,47.031506,0.719082100968893
1.0,0.46293736,5.0,219.45445,0.722121366649669
1.0,0.46293736,5.0,1024.0,0.723059663437022
1.0,0.46293736,8.0,0.0009765625,0.718470168281489
1.0,0.46293736,8.0,0.004556754,0.717613462519123
1.0,0.46293736,8.0,0.021262344,0.719836817950026
1.0,0.46293736,8.0,0.099212565,0.719347271800102
1.0,0.46293736,8.0,0.46293736,0.718898521162672
1.0,0.46293736,8.0,2.1601195,0.720203977562468
1.0,0.46293736,8.0,10.079369,0.719959204487506
1.0,0.46293736,8.0,47.031506,0.719388067312596
1.0,0.46293736,8.0,219.45445,0.721060683324834
1.0,0.46293736,8.0,1024.0,0.723610402855686
1.0,0.46293736,13.0,0.0009765625,0.719918408975013
1.0,0.46293736,13.0,0.004556754,0.721570627231005
1.0,0.46293736,13.0,0.021262344,0.720061193268741
1.0,0.46293736,13.0,0.099212565,0.719347271800102
1.0,0.46293736,13.0,0.46293736,0.721835798062213
1.0,0.46293736,13.0,2.1601195,0.722978072412035
1.0,0.46293736,13.0,10.079369,0.724467108618052
1.0,0.46293736,13.0,47.031506,0.725690973992861
1.0,0.46293736,13.0,219.45445,0.723304436511984
1.0,0.46293736,13.0,1024.0,0.725323814380418
1.0,0.46293736,20.0,0.0009765625,0.720163182049974
1.0,0.46293736,20.0,0.004556754,0.721162672106068
1.0,0.46293736,20.0,0.021262344,0.721489036206017
1.0,0.46293736,20.0,0.099212565,0.722508924018358
1.0,0.46293736,20.0,0.46293736,0.722549719530852
1.0,0.46293736,20.0,2.1601195,0.724446710861805
1.0,0.46293736,20.0,10.079369,0.72422233554309
1.0,0.46293736,20.0,47.031506,0.72601733809281
1.0,0.46293736,20.0,219.45445,0.725650178480367
1.0,0.46293736,20.0,1024.0,0.725833758286589
1.0,0.46293736,32.0,0.0009765625,0.723284038755737
1.0,0.46293736,32.0,0.004556754,0.720020397756247
1.0,0.46293736,32.0,0.021262344,0.720305966343702
1.0,0.46293736,32.0,0.099212565,0.720877103518613
1.0,0.46293736,32.0,0.46293736,0.722162162162162
1.0,0.46293736,32.0,2.1601195,0.724018357980622
1.0,0.46293736,32.0,10.079369,0.725548189699133
1.0,0.46293736,32.0,47.031506,0.724773074961754
1.0,0.46293736,32.0,219.45445,0.72607853136155
1.0,0.46293736,32.0,1024.0,0.725242223355431
1.0,0.46293736,50.0,0.0009765625,0.720244773074962
1.0,0.46293736,50.0,0.004556754,0.722141764405915
1.0,0.46293736,50.0,0.021262344,0.720693523712392
1.0,0.46293736,50.0,0.099212565,0.720305966343702
1.0,0.46293736,50.0,0.46293736,0.721652218255992
1.0,0.46293736,50.0,2.1601195,0.72281489036206
1.0,0.46293736,50.0,10.079369,0.726486486486486
1.0,0.46293736,50.0,47.031506,0.724834268230495
1.0,0.46293736,50.0,219.45445,0.725731769505354
1.0,0.46293736,50.0,1024.0,0.725507394186639
1.0,1.0,1.0,0.0009765625,0.700397756246813
1.0,1.0,1.0,0.004556754,0.700662927078021
1.0,1.0,1.0,0.021262344,0.700520142784294
1.0,1.0,1.0,0.099212565,0.700601733809281
1.0,1.0,1.0,0.46293736,0.700499745028047
1.0,1.0,1.0,2.1601195,0.70054054054054
1.0,1.0,1.0,10.079369,0.700744518103009
1.0,1.0,1.0,47.031506,0.700662927078021
1.0,1.0,1.0,219.45445,0.701050484446711
1.0,1.0,1.0,1024.0,0.699908210096889
1.0,1.0,2.0,0.0009765625,0.716409994900561
1.0,1.0,2.0,0.004556754,0.716899541050484
1.0,1.0,2.0,0.021262344,0.716675165731769
1.0,1.0,2.0,0.099212565,0.716532381438042
1.0,1.0,2.0,0.46293736,0.717817440081591
1.0,1.0,2.0,2.1601195,0.717980622131565
1.0,1.0,2.0,10.079369,0.718001019887812
1.0,1.0,2.0,47.031506,0.718837327893932
1.0,1.0,2.0,219.45445,0.717817440081591
1.0,1.0,2.0,1024.0,0.716348801631821
1.0,1.0,3.0,0.0009765625,0.719143294237634
1.0,1.0,3.0,0.004556754,0.71859255481897
1.0,1.0,3.0,0.021262344,0.718551759306476
1.0,1.0,3.0,0.099212565,0.717858235594085
1.0,1.0,3.0,0.46293736,0.718878123406425
1.0,1.0,3.0,2.1601195,0.718572157062723
1.0,1.0,3.0,10.079369,0.720183579806221
1.0,1.0,3.0,47.031506,0.719326874043855
1.0,1.0,3.0,219.45445,0.721448240693524
1.0,1.0,3.0,1024.0,0.722774094849566
1.0,1.0,5.0,0.0009765625,0.714064252932177
1.0,1.0,5.0,0.004556754,0.715512493625701
1.0,1.0,5.0,0.021262344,0.714553799082101
1.0,1.0,5.0,0.099212565,0.714696583375829
1.0,1.0,5.0,0.46293736,0.716063233044365
1.0,1.0,5.0,2.1601195,0.718347781744008
1.0,1.0,5.0,10.079369,0.717980622131566
1.0,1.0,5.0,47.031506,0.719082100968893
1.0,1.0,5.0,219.45445,0.722121366649669
1.0,1.0,5.0,1024.0,0.723059663437022
1.0,1.0,8.0,0.0009765625,0.718470168281489
1.0,1.0,8.0,0.004556754,0.717613462519123
1.0,1.0,8.0,0.021262344,0.719836817950026
1.0,1.0,8.0,0.099212565,0.719347271800102
1.0,1.0,8.0,0.46293736,0.718898521162672
1.0,1.0,8.0,2.1601195,0.720203977562468
1.0,1.0,8.0,10.079369,0.719959204487506
1.0,1.0,8.0,47.031506,0.719388067312596
1.0,1.0,8.0,219.45445,0.721060683324834
1.0,1.0,8.0,1024.0,0.723610402855686
1.0,1.0,13.0,0.0009765625,0.719918408975013
1.0,1.0,13.0,0.004556754,0.721570627231005
1.0,1.0,13.0,0.021262344,0.720061193268741
1.0,1.0,13.0,0.099212565,0.719347271800102
1.0,1.0,13.0,0.46293736,0.721835798062213
1.0,1.0,13.0,2.1601195,0.722978072412035
1.0,1.0,13.0,10.079369,0.724467108618052
1.0,1.0,13.0,47.031506,0.725690973992861
1.0,1.0,13.0,219.45445,0.723304436511984
1.0,1.0,13.0,1024.0,0.725323814380418
1.0,1.0,20.0,0.0009765625,0.720163182049974
1.0,1.0,20.0,0.004556754,0.721162672106068
1.0,1.0,20.0,0.021262344,0.721489036206017
1.0,1.0,20.0,0.099212565,0.722508924018358
1.0,1.0,20.0,0.46293736,0.722549719530852
1.0,1.0,20.0,2.1601195,0.724446710861805
1.0,1.0,20.0,10.079369,0.72422233554309
1.0,1.0,20.0,47.031506,0.72601733809281
1.0,1.0,20.0,219.45445,0.725650178480367
1.0,1.0,20.0,1024.0,0.725833758286589
1.0,1.0,32.0,0.0009765625,0.723284038755737
1.0,1.0,32.0,0.004556754,0.720020397756247
1.0,1.0,32.0,0.021262344,0.720305966343702
1.0,1.0,32.0,0.099212565,0.720877103518613
1.0,1.0,32.0,0.46293736,0.722162162162162
1.0,1.0,32.0,2.1601195,0.724018357980622
1.0,1.0,32.0,10.079369,0.725548189699133
1.0,1.0,32.0,47.031506,0.724773074961754
1.0,1.0,32.0,219.45445,0.72607853136155
1.0,1.0,32.0,1024.0,0.725242223355431
1.0,1.0,50.0,0.0009765625,0.720244773074962
1.0,1.0,50.0,0.004556754,0.722141764405915
1.0,1.0,50.0,0.021262344,0.720693523712392
1.0,1.0,50.0,0.099212565,0.720305966343702
1.0,1.0,50.0,0.46293736,0.721652218255992
1.0,1.0,50.0,2.1601195,0.72281489036206
1.0,1.0,50.0,10.079369,0.726486486486486
1.0,1.0,50.0,47.031506,0.724834268230495
1.0,1.0,50.0,219.45445,0.725731769505354
1.0,1.0,50.0,1024.0,0.725507394186639
